Datetime,close,high,low,open,volume
2026-03-21 00:00:00+00:00,0.01198608335107565,0.011992456391453743,0.011970877647399902,0.011972642503678799,9996
2026-03-21 00:15:00+00:00,0.012013430707156658,0.012013430707156658,0.011989274062216282,0.011989948339760303,1945
2026-03-21 00:30:00+00:00,0.01199448574334383,0.012015723623335361,0.01199448574334383,0.012013683095574379,9185
2026-03-21 00:45:00+00:00,0.012016661465168,0.012016661465168,0.011994745582342148,0.011996116489171982,3055
2026-03-21 01:00:00+00:00,0.01201092079281807,0.012029357254505157,0.011996867135167122,0.012014576233923435,22251
2026-03-21 01:15:00+00:00,0.011994795873761177,0.012010942213237286,0.011985586024820805,0.012010942213237286,1881
2026-03-21 01:30:00+00:00,0.011976448819041252,0.011992075480520725,0.011975720524787903,0.011992075480520725,0
2026-03-21 01:45:00+00:00,0.011969110928475857,0.011974887922406197,0.011969110928475857,0.011971965432167053,0
2026-03-21 02:00:00+00:00,0.011949137784540653,0.01196841150522232,0.01194754894822836,0.01196582242846489,1524
2026-03-21 02:15:00+00:00,0.011980597861111164,0.011980597861111164,0.011947447434067726,0.011948986910283566,203
2026-03-21 02:30:00+00:00,0.012012388557195663,0.012012388557195663,0.011982176452875137,0.011982176452875137,1319
2026-03-21 02:45:00+00:00,0.012045077048242092,0.012050057761371136,0.012011079117655754,0.012011079117655754,23340
2026-03-21 03:00:00+00:00,0.012033501639962196,0.012046707794070244,0.012033501639962196,0.012046707794070244,0
2026-03-21 03:15:00+00:00,0.012019186280667782,0.012033614329993725,0.012014414183795452,0.012033614329993725,0
2026-03-21 03:30:00+00:00,0.01201992854475975,0.012024026364088058,0.012009682133793831,0.01201922819018364,8446
2026-03-21 03:45:00+00:00,0.012019454501569271,0.012021830305457115,0.012016726657748222,0.01202013622969389,0
2026-03-21 04:00:00+00:00,0.01196390949189663,0.012022797018289566,0.01195324957370758,0.012019317597150803,66033
2026-03-21 04:15:00+00:00,0.01196362916380167,0.011969366110861301,0.011959988623857498,0.011962655000388622,1605
2026-03-21 04:30:00+00:00,0.011889468878507614,0.011964901350438595,0.011887888424098492,0.011964901350438595,4167
2026-03-21 04:45:00+00:00,0.01190049760043621,0.011902125552296638,0.011887446977198124,0.011890163645148277,0
2026-03-21 05:00:00+00:00,0.011928432621061802,0.011936894617974758,0.011900381185114384,0.011900381185114384,40932
2026-03-21 05:15:00+00:00,0.011927719227969646,0.011929536238312721,0.011925227008759975,0.011925939470529556,4914
2026-03-21 05:30:00+00:00,0.011933251284062862,0.011933251284062862,0.011921057477593422,0.011923872865736485,0
2026-03-21 05:45:00+00:00,0.011933461762964725,0.011938721872866154,0.011931022629141808,0.011931022629141808,69
2026-03-21 06:00:00+00:00,0.011954396031796932,0.011954396031796932,0.011933510191738605,0.011933608911931515,0
2026-03-21 06:15:00+00:00,0.011977086775004864,0.011984528042376041,0.011955490335822105,0.011955490335822105,3056
2026-03-21 06:30:00+00:00,0.011999952606856823,0.011999976821243763,0.011975232511758804,0.011975727044045925,51440
2026-03-21 06:45:00+00:00,0.01197795756161213,0.011999883688986301,0.01197795756161213,0.011999883688986301,11056
2026-03-21 07:00:00+00:00,0.01196275930851698,0.011978588998317719,0.011961782351136208,0.011978588998317719,262
2026-03-21 07:15:00+00:00,0.011949138715863228,0.01196266058832407,0.011940063908696175,0.01196266058832407,2614
2026-03-21 07:30:00+00:00,0.011940187774598598,0.011949190869927406,0.011932630091905594,0.011949190869927406,0
2026-03-21 07:45:00+00:00,0.011938727460801601,0.011942774057388306,0.011938708834350109,0.011940060183405876,2920
2026-03-21 08:00:00+00:00,0.011982356198132038,0.011982356198132038,0.011938639916479588,0.011938639916479588,7730
2026-03-21 08:15:00+00:00,0.011940926313400269,0.011980103328824043,0.011940926313400269,0.011980103328824043,1515
2026-03-21 08:30:00+00:00,0.011938478797674179,0.011941374279558659,0.011932197958230972,0.011940662749111652,0
2026-03-21 08:45:00+00:00,0.011949005536735058,0.011949480511248112,0.011938313953578472,0.011938313953578472,0
2026-03-21 09:00:00+00:00,0.011981108225882053,0.011986634694039822,0.011948023922741413,0.011949214152991772,0
2026-03-21 09:15:00+00:00,0.011950147338211536,0.011982382275164127,0.011950147338211536,0.011982382275164127,0
2026-03-21 09:30:00+00:00,0.011922079138457775,0.011953362263739109,0.011922079138457775,0.011951903812587261,0
2026-03-21 09:45:00+00:00,0.011919887736439705,0.011922734789550304,0.011912266723811626,0.011922009289264679,11768
2026-03-21 10:00:00+00:00,0.011895230039954185,0.011919863522052765,0.011895230039954185,0.011919863522052765,2688
2026-03-21 10:15:00+00:00,0.011846493929624557,0.011892165057361126,0.011846493929624557,0.011892165057361126,20022
2026-03-21 10:30:00+00:00,0.01188986748456955,0.01188986748456955,0.011847704648971558,0.011847704648971558,8286
2026-03-21 10:45:00+00:00,0.011874430812895298,0.011889297515153885,0.011872775852680206,0.01188741996884346,0
2026-03-21 11:00:00+00:00,0.011862185783684254,0.011876314878463745,0.01185502577573061,0.011875364929437637,2635
2026-03-21 11:15:00+00:00,0.011874280869960785,0.011875434778630733,0.011857371777296066,0.011862143874168396,0
2026-03-21 11:30:00+00:00,0.011875963769853115,0.011877225711941719,0.011855238117277622,0.011865432374179363,24901
2026-03-21 11:45:00+00:00,0.011859574355185032,0.011876359581947327,0.01185782440006733,0.011876359581947327,10449
2026-03-21 12:00:00+00:00,0.011859527789056301,0.011861356906592846,0.011857086792588234,0.011857086792588234,11402
2026-03-21 12:15:00+00:00,0.011838583275675774,0.011859564110636711,0.011838583275675774,0.011859564110636711,13305
2026-03-21 12:30:00+00:00,0.011810356751084328,0.011837033554911613,0.011809627525508404,0.011837033554911613,2250
2026-03-21 12:45:00+00:00,0.01179387979209423,0.01181462686508894,0.011793547309935093,0.011811288073658943,4366
2026-03-21 13:00:00+00:00,0.011784190312027931,0.011797583661973476,0.011784190312027931,0.01179403904825449,20848
2026-03-21 13:15:00+00:00,0.011800664477050304,0.011801441200077534,0.011786576360464096,0.011786576360464096,9745
2026-03-21 13:30:00+00:00,0.011793148703873158,0.011804316192865372,0.011793148703873158,0.011804316192865372,2080
2026-03-21 13:45:00+00:00,0.011801023967564106,0.011802527122199535,0.011782156303524971,0.011793066747486591,0
2026-03-21 14:00:00+00:00,0.011922231875360012,0.011922231875360012,0.011802085675299168,0.011802085675299168,82288
2026-03-21 14:15:00+00:00,0.011887352913618088,0.011937727220356464,0.011887352913618088,0.011926853097975254,4075
2026-03-21 14:30:00+00:00,0.011865809559822083,0.011887326836585999,0.011865794658660889,0.011887326836585999,10489
2026-03-21 14:45:00+00:00,0.011855965480208397,0.011874577961862087,0.011849528178572655,0.011865788139402866,10159
2026-03-21 15:00:00+00:00,0.011898400261998177,0.011903597973287106,0.011850392445921898,0.011856220662593842,0
2026-03-21 15:15:00+00:00,0.011904946528375149,0.011904946528375149,0.011892308481037617,0.011898474767804146,623
2026-03-21 15:30:00+00:00,0.01195303164422512,0.011965353041887283,0.011907321400940418,0.011907321400940418,1894
2026-03-21 15:45:00+00:00,0.011945023201406002,0.011954763904213905,0.01193235907703638,0.011953159235417843,74121
2026-03-21 16:00:00+00:00,0.011918088421225548,0.01195131428539753,0.011918088421225548,0.011945042759180069,24227
2026-03-21 16:15:00+00:00,0.011884929612278938,0.011919280514121056,0.011884929612278938,0.011919280514121056,932
2026-03-21 16:30:00+00:00,0.011871639639139175,0.011888094246387482,0.011871639639139175,0.011886846274137497,1
2026-03-21 16:45:00+00:00,0.011866851709783077,0.011886796914041042,0.011866851709783077,0.011873537674546242,5487
2026-03-21 17:00:00+00:00,0.011858834885060787,0.011867471970617771,0.011854436248540878,0.011863837949931622,0
2026-03-21 17:15:00+00:00,0.011846799403429031,0.011858869343996048,0.011845789849758148,0.011858869343996048,71
2026-03-21 17:30:00+00:00,0.011853428557515144,0.011853428557515144,0.011834464967250824,0.011846622452139854,0
2026-03-21 17:45:00+00:00,0.011853250674903393,0.011856213212013245,0.011846374720335007,0.011850699782371521,0
2026-03-21 18:00:00+00:00,0.011838470585644245,0.011852884665131569,0.011838470585644245,0.011852884665131569,0
2026-03-21 18:15:00+00:00,0.011851091869175434,0.011852752417325974,0.011838516220450401,0.011838516220450401,1437
2026-03-21 18:30:00+00:00,0.011885917745530605,0.011885917745530605,0.011855164542794228,0.011855164542794228,0
2026-03-21 18:45:00+00:00,0.011859498918056488,0.01188590470701456,0.011859498918056488,0.011885566636919975,0
2026-03-21 19:00:00+00:00,0.011862587183713913,0.011865849606692791,0.01184778194874525,0.011859393678605556,0
2026-03-21 19:15:00+00:00,0.01184943225234747,0.011866603046655655,0.01184943225234747,0.011862928047776222,0
2026-03-21 19:30:00+00:00,0.011830843985080719,0.011849463917315006,0.011829606257379055,0.011849463917315006,0
2026-03-21 19:45:00+00:00,0.01186851505190134,0.01186868455260992,0.011828260496258736,0.011828260496258736,19379
2026-03-21 20:00:00+00:00,0.01188452448695898,0.01188737340271473,0.011873597279191017,0.011873597279191017,4078
2026-03-21 20:15:00+00:00,0.011918888427317142,0.011918888427317142,0.011889373883605003,0.011889373883605003,59
2026-03-21 20:30:00+00:00,0.011942061595618725,0.011954408138990402,0.01191505417227745,0.01191649865359068,0
2026-03-21 20:45:00+00:00,0.011967790313065052,0.01198506262153387,0.011960981413722038,0.011972661130130291,38362
2026-03-21 21:00:00+00:00,0.012022027745842934,0.012022027745842934,0.011967942118644714,0.011967942118644714,26192
2026-03-21 21:15:00+00:00,0.012014731764793396,0.012018735520541668,0.011999079026281834,0.012018735520541668,519
2026-03-21 21:30:00+00:00,0.012046805582940578,0.012072949670255184,0.012018796987831593,0.012018796987831593,30728
2026-03-21 21:45:00+00:00,0.012020520865917206,0.01204567588865757,0.012020520865917206,0.01204567588865757,39142
2026-03-21 22:00:00+00:00,0.011936856433749199,0.012020383030176163,0.011936856433749199,0.012020383030176163,24597
2026-03-21 22:15:00+00:00,0.0119300102815032,0.01193640474230051,0.011925127357244492,0.01193640474230051,24014
2026-03-21 22:30:00+00:00,0.011930303648114204,0.011932110413908958,0.011927715502679348,0.011932110413908958,2731
2026-03-21 22:45:00+00:00,0.011925019323825836,0.011929776519536972,0.011914958246052265,0.011929265223443508,13586
2026-03-21 23:00:00+00:00,0.011874500662088394,0.011925901286303997,0.011874500662088394,0.011925100348889828,6599
2026-03-21 23:15:00+00:00,0.011867975816130638,0.011880230158567429,0.011867910623550415,0.011874618008732796,0
2026-03-21 23:30:00+00:00,0.011861458420753479,0.011870370246469975,0.011861458420753479,0.011868084780871868,0
2026-03-21 23:45:00+00:00,0.011488253250718117,0.011861329898238182,0.01146926824003458,0.011861329898238182,481664
2026-03-22 00:00:00+00:00,0.011487425304949284,0.011515465565025806,0.011398538947105408,0.011508869007229805,210714
2026-03-22 00:15:00+00:00,0.01154656894505024,0.011550387367606163,0.011484464630484581,0.011484464630484581,68133
2026-03-22 00:30:00+00:00,0.011577035300433636,0.011597237549722195,0.01155240647494793,0.01155240647494793,53989
2026-03-22 00:45:00+00:00,0.011527654714882374,0.011579145677387714,0.011517572216689587,0.011579145677387714,14631
2026-03-22 01:00:00+00:00,0.011556169018149376,0.011567540466785431,0.011539327912032604,0.011539327912032604,86241
2026-03-22 01:15:00+00:00,0.011533956043422222,0.011563965119421482,0.011533956043422222,0.011558065190911293,27433
2026-03-22 01:30:00+00:00,0.01150114182382822,0.011532878503203392,0.011493322439491749,0.011532878503203392,25077
2026-03-22 01:45:00+00:00,0.011530320160090923,0.011530320160090923,0.011495254933834076,0.011495254933834076,32767
2026-03-22 02:00:00+00:00,0.01155477948486805,0.011566000059247017,0.011542163789272308,0.011542163789272308,21172
2026-03-22 02:15:00+00:00,0.011599740013480186,0.011599740013480186,0.011559480801224709,0.011559853330254555,27711
2026-03-22 02:30:00+00:00,0.011588014662265778,0.011629629880189896,0.011587340384721756,0.011602288112044334,27420
2026-03-22 02:45:00+00:00,0.01160014234483242,0.01160014234483242,0.011578517034649849,0.011592917144298553,4479
2026-03-22 03:00:00+00:00,0.01160400826483965,0.01160400826483965,0.011569979600608349,0.011598275974392891,1969
2026-03-22 03:15:00+00:00,0.011635854840278625,0.011635854840278625,0.011593818664550781,0.011593818664550781,23052
2026-03-22 03:30:00+00:00,0.011646748520433903,0.011672792956233025,0.011637804098427296,0.011637804098427296,13463
2026-03-22 03:45:00+00:00,0.011607227846980095,0.011649388819932938,0.011602520942687988,0.011649388819932938,22423
2026-03-22 04:00:00+00:00,0.011652023531496525,0.011661023832857609,0.01160101592540741,0.01160840317606926,0
2026-03-22 04:15:00+00:00,0.01163413655012846,0.01167193055152893,0.01163413655012846,0.011652335524559021,4172
2026-03-22 04:30:00+00:00,0.011629849672317505,0.011648880317807198,0.011623591184616089,0.01163453422486782,38007
2026-03-22 04:45:00+00:00,0.011642180383205414,0.011650732718408108,0.011630600318312645,0.011630600318312645,3681
2026-03-22 05:00:00+00:00,0.011626837775111198,0.011641976423561573,0.011624139733612537,0.011641976423561573,0
2026-03-22 05:15:00+00:00,0.011600963771343231,0.011629300191998482,0.011594663374125957,0.011621398851275444,45082
2026-03-22 05:30:00+00:00,0.011594443581998348,0.011600368656218052,0.011594420298933983,0.011594978161156178,5556
2026-03-22 05:45:00+00:00,0.011601720936596394,0.011604190804064274,0.011590099893510342,0.011590751819312572,6616
2026-03-22 06:00:00+00:00,0.011581065133213997,0.011601476930081844,0.011574051342904568,0.011601476930081844,10731
2026-03-22 06:15:00+00:00,0.011568243615329266,0.011592074297368526,0.011568243615329266,0.011580770835280418,3216
2026-03-22 06:30:00+00:00,0.011570220813155174,0.011575005017220974,0.011564334854483604,0.011568504385650158,5197
2026-03-22 06:45:00+00:00,0.011588586494326591,0.011592910625040531,0.011567137204110622,0.011567273177206516,1585
2026-03-22 07:00:00+00:00,0.011604612693190575,0.01162450946867466,0.01159463357180357,0.01159463357180357,956
2026-03-22 07:15:00+00:00,0.011603496968746185,0.011605038307607174,0.011600328609347343,0.011605038307607174,4024
2026-03-22 07:30:00+00:00,0.011572247371077538,0.011603872291743755,0.011572247371077538,0.011603872291743755,5774
2026-03-22 07:45:00+00:00,0.011548231355845928,0.011571231298148632,0.011548231355845928,0.011571231298148632,9088
2026-03-22 08:00:00+00:00,0.01151586975902319,0.011539079248905182,0.01151586975902319,0.011538415215909481,25606
2026-03-22 08:15:00+00:00,0.011473058722913265,0.011523440480232239,0.011473058722913265,0.011518902145326138,11273
2026-03-22 08:30:00+00:00,0.011520197615027428,0.011520197615027428,0.011470423080027103,0.011476308107376099,23035
2026-03-22 08:45:00+00:00,0.01152405422180891,0.011540425941348076,0.011517353355884552,0.011527309194207191,14809
2026-03-22 09:00:00+00:00,0.011555755510926247,0.011555755510926247,0.011523328721523285,0.011526557616889477,19599
2026-03-22 09:15:00+00:00,0.011552561074495316,0.011568340472877026,0.011549621820449829,0.011553543619811535,24756
2026-03-22 09:30:00+00:00,0.01155270915478468,0.011555948294699192,0.011551118455827236,0.011555306613445282,13141
2026-03-22 09:45:00+00:00,0.011538142338395119,0.011554084718227386,0.011538142338395119,0.011554084718227386,2935
2026-03-22 10:00:00+00:00,0.011511968448758125,0.011541029438376427,0.011510159820318222,0.011541029438376427,0
2026-03-22 10:15:00+00:00,0.011521932668983936,0.011526360176503658,0.011509682051837444,0.01150983851402998,0
2026-03-22 10:30:00+00:00,0.011532696895301342,0.011532696895301342,0.011521932668983936,0.011522311717271805,3290
2026-03-22 10:45:00+00:00,0.01152244582772255,0.011532420292496681,0.011518008075654507,0.011531726457178593,2738
2026-03-22 11:00:00+00:00,0.011520319618284702,0.011526215821504593,0.011516032740473747,0.011526215821504593,4010
2026-03-22 11:15:00+00:00,0.011490734294056892,0.011516543105244637,0.011490734294056892,0.011513604782521725,39290
2026-03-22 11:30:00+00:00,0.011474410071969032,0.011488597840070724,0.011474410071969032,0.011487782932817936,7754
2026-03-22 11:45:00+00:00,0.011476435698568821,0.011487655341625214,0.011475198902189732,0.011481372639536858,961
2026-03-22 12:00:00+00:00,0.011486011557281017,0.011488701216876507,0.011468250304460526,0.011477812193334103,14509
2026-03-22 12:15:00+00:00,0.011571105569601059,0.011571105569601059,0.011485613882541656,0.011485613882541656,26163
2026-03-22 12:30:00+00:00,0.011562987230718136,0.011584022082388401,0.01156206987798214,0.011568054556846619,9706
2026-03-22 12:45:00+00:00,0.01157267577946186,0.011573506519198418,0.011558475904166698,0.01155997533351183,2715
2026-03-22 13:00:00+00:00,0.011655074544250965,0.011655074544250965,0.011579517275094986,0.011579517275094986,15072
2026-03-22 13:15:00+00:00,0.011638998053967953,0.011667218059301376,0.011633181013166904,0.011658602394163609,25020
2026-03-22 13:30:00+00:00,0.01159248873591423,0.011635564267635345,0.01159248873591423,0.011635564267635345,2097
2026-03-22 13:45:00+00:00,0.011600588448345661,0.011601533740758896,0.011581999249756336,0.011581999249756336,6561
2026-03-22 14:00:00+00:00,0.011584244668483734,0.011600800789892673,0.011564431712031364,0.011600800789892673,0
2026-03-22 14:15:00+00:00,0.011624101549386978,0.01163311954587698,0.011590913869440556,0.011590913869440556,4379
2026-03-22 14:30:00+00:00,0.011597670614719391,0.011624707840383053,0.011597670614719391,0.01162418257445097,0
2026-03-22 14:45:00+00:00,0.011590702459216118,0.011599447578191757,0.011579380370676517,0.011599447578191757,2755
2026-03-22 15:00:00+00:00,0.011674592271447182,0.011681849136948586,0.01159390714019537,0.01159390714019537,20516
2026-03-22 15:15:00+00:00,0.011666272766888142,0.011674891225993633,0.011650355532765388,0.011674891225993633,285
2026-03-22 15:30:00+00:00,0.011585069820284843,0.011664525605738163,0.011585069820284843,0.011664525605738163,27548
2026-03-22 15:45:00+00:00,0.011591654270887375,0.011591654270887375,0.01158496830612421,0.01158559788018465,0
2026-03-22 16:00:00+00:00,0.01160885114222765,0.01160885114222765,0.011597905308008194,0.011597905308008194,0
2026-03-22 16:15:00+00:00,0.011601556092500687,0.011616859585046768,0.011601556092500687,0.011608638800680637,31135
2026-03-22 16:30:00+00:00,0.011540393345057964,0.011599112302064896,0.011540393345057964,0.011599112302064896,39259
2026-03-22 16:45:00+00:00,0.011545209214091301,0.011546865105628967,0.011530636809766293,0.011538943275809288,26757
2026-03-22 17:00:00+00:00,0.011530699208378792,0.011539115570485592,0.01152076292783022,0.011539115570485592,12883
2026-03-22 17:15:00+00:00,0.011495288461446762,0.011536444537341595,0.011495288461446762,0.011530883610248566,35265
2026-03-22 17:30:00+00:00,0.011492018587887287,0.011494390666484833,0.011480814777314663,0.011494390666484833,57542
2026-03-22 17:45:00+00:00,0.011492790654301643,0.011497491039335728,0.011490111239254475,0.011492108926177025,38861
2026-03-22 18:00:00+00:00,0.01146828942000866,0.011491389945149422,0.011449206620454788,0.011491389945149422,60764
2026-03-22 18:15:00+00:00,0.011423836462199688,0.011470206081867218,0.011423836462199688,0.011470206081867218,23764
2026-03-22 18:30:00+00:00,0.011384986340999603,0.011438637971878052,0.011366959661245346,0.011436831206083298,30567
2026-03-22 18:45:00+00:00,0.011391679756343365,0.011391679756343365,0.011380471289157867,0.011384882964193821,53777
2026-03-22 19:00:00+00:00,0.011415745131671429,0.011418153531849384,0.011406026780605316,0.01141347549855709,44994
2026-03-22 19:15:00+00:00,0.011403471231460571,0.011418022215366364,0.011402511969208717,0.011412909254431725,39981
2026-03-22 19:30:00+00:00,0.011445488780736923,0.011448798701167107,0.011398435570299625,0.0114034628495574,46749
2026-03-22 19:45:00+00:00,0.011452044360339642,0.011453902348876,0.011442980729043484,0.011446620337665081,21263
2026-03-22 20:00:00+00:00,0.011456151492893696,0.011456151492893696,0.011437471956014633,0.011443475261330605,33166
2026-03-22 20:15:00+00:00,0.01147614698857069,0.011486475355923176,0.011469547636806965,0.01147090271115303,32904
2026-03-22 20:30:00+00:00,0.011477797292172909,0.011490046046674252,0.011475054547190666,0.01147679053246975,91909
2026-03-22 20:45:00+00:00,0.011415508575737476,0.011464494280517101,0.01141331810504198,0.011462227441370487,0
2026-03-22 21:00:00+00:00,0.01136040035635233,0.011443753726780415,0.011331836692988873,0.011418156325817108,118877
2026-03-22 21:15:00+00:00,0.011245731264352798,0.011354075744748116,0.01121771801263094,0.011354075744748116,147954
2026-03-22 21:30:00+00:00,0.01125168427824974,0.011264262720942497,0.011240613646805286,0.011246677488088608,128374
2026-03-22 21:45:00+00:00,0.01118684932589531,0.01125053595751524,0.01118684932589531,0.01125053595751524,108663
2026-03-22 22:00:00+00:00,0.011262722313404083,0.011262722313404083,0.011199154891073704,0.011199154891073704,38609
2026-03-22 22:15:00+00:00,0.01133409608155489,0.01133409608155489,0.011255091987550259,0.011260886676609516,29200
2026-03-22 22:30:00+00:00,0.011333421804010868,0.011379970237612724,0.011332781985402107,0.011332781985402107,49444
2026-03-22 22:45:00+00:00,0.011342114768922329,0.011348700150847435,0.011320342309772968,0.01132920291274786,19721
2026-03-22 23:00:00+00:00,0.011327320709824562,0.01134131383150816,0.011319517157971859,0.011339764110744,2758
2026-03-22 23:15:00+00:00,0.01129729300737381,0.011346024461090565,0.01129729300737381,0.01133024413138628,30364
2026-03-22 23:30:00+00:00,0.011279752478003502,0.01129847764968872,0.011274093762040138,0.01129847764968872,6703
2026-03-22 23:45:00+00:00,0.0112397950142622,0.011281556449830532,0.011237550526857376,0.011281556449830532,0
2026-03-23 00:00:00+00:00,0.011243942193686962,0.011249666102230549,0.011229000985622406,0.011242258362472057,0
2026-03-23 00:15:00+00:00,0.011240887455642223,0.011245476081967354,0.011219557374715805,0.011245476081967354,957
2026-03-23 00:30:00+00:00,0.011172941885888577,0.01124086044728756,0.011158224195241928,0.01124086044728756,55100
2026-03-23 00:45:00+00:00,0.011250000447034836,0.011255958117544651,0.011176836676895618,0.011176836676895618,5324
2026-03-23 01:00:00+00:00,0.011255796067416668,0.01126384362578392,0.011221911758184433,0.01124752126634121,6748
2026-03-23 01:15:00+00:00,0.011263430118560791,0.011276116594672203,0.011256967671215534,0.011256967671215534,28797
2026-03-23 01:30:00+00:00,0.011250432580709457,0.01126379705965519,0.011250432580709457,0.011263406835496426,5030
2026-03-23 01:45:00+00:00,0.01121162623167038,0.01124984584748745,0.01121162623167038,0.01124984584748745,5924
2026-03-23 02:00:00+00:00,0.01119213830679655,0.011200918816030025,0.01119170244783163,0.011197003535926342,0
2026-03-23 02:15:00+00:00,0.011242497712373734,0.011242497712373734,0.011181396432220936,0.01119045726954937,4149
2026-03-23 02:30:00+00:00,0.01126660406589508,0.011273328214883804,0.011254692450165749,0.011254692450165749,21621
2026-03-23 02:45:00+00:00,0.011238007806241512,0.011263550259172916,0.011228609830141068,0.011263550259172916,28283
2026-03-23 03:00:00+00:00,0.011254262179136276,0.011297731660306454,0.011254262179136276,0.011255052872002125,18180
2026-03-23 03:15:00+00:00,0.011237163096666336,0.01125472690910101,0.011226165108382702,0.01125472690910101,0
2026-03-23 03:30:00+00:00,0.011202276684343815,0.011238264851272106,0.011202276684343815,0.011237186379730701,0
2026-03-23 03:45:00+00:00,0.011201059445738792,0.011205563321709633,0.011200389824807644,0.011205051094293594,65
2026-03-23 04:00:00+00:00,0.01119170244783163,0.011204918846487999,0.011189784854650497,0.011201323010027409,0
2026-03-23 04:15:00+00:00,0.011173492297530174,0.011193341575562954,0.011173492297530174,0.011191622354090214,46682
2026-03-23 04:30:00+00:00,0.011188492178916931,0.011188498698174953,0.011165204457938671,0.011173595674335957,9362
2026-03-23 04:45:00+00:00,0.011236753314733505,0.011236753314733505,0.011190921999514103,0.011190921999514103,12325
2026-03-23 05:00:00+00:00,0.011320681311190128,0.01132978592067957,0.011235788464546204,0.011235788464546204,42748
2026-03-23 05:15:00+00:00,0.011314506642520428,0.011325260624289513,0.011313074268400669,0.011317504569888115,12938
2026-03-23 05:30:00+00:00,0.01127098873257637,0.011315125040709972,0.01126895658671856,0.011315125040709972,23249
2026-03-23 05:45:00+00:00,0.011297292076051235,0.011310926638543606,0.011266878806054592,0.011270505376160145,78121
2026-03-23 06:00:00+00:00,0.011210151016712189,0.01129320077598095,0.011210151016712189,0.01129320077598095,45709
2026-03-23 06:15:00+00:00,0.011211574077606201,0.011211972683668137,0.01118954736739397,0.011206233873963356,10124
2026-03-23 06:30:00+00:00,0.01111459732055664,0.011211791075766087,0.01111459732055664,0.011210947297513485,69767
2026-03-23 06:45:00+00:00,0.011141584254801273,0.011142697185277939,0.011083349585533142,0.011109146289527416,60360
2026-03-23 07:00:00+00:00,0.01113387756049633,0.011143147014081478,0.011116888374090195,0.011141354218125343,35586
2026-03-23 07:15:00+00:00,0.011103306896984577,0.011141777969896793,0.01110271830111742,0.011133569292724133,29806
2026-03-23 07:30:00+00:00,0.01119935605674982,0.01119935605674982,0.011110273189842701,0.011110751889646053,25435
2026-03-23 07:45:00+00:00,0.011179732158780098,0.011208946816623211,0.011179732158780098,0.011199600994586945,7983
2026-03-23 08:00:00+00:00,0.011181648820638657,0.011181648820638657,0.0111716128885746,0.011179697699844837,0
2026-03-23 08:15:00+00:00,0.011185208335518837,0.011193043552339077,0.011178039014339447,0.011183902621269226,5798
2026-03-23 08:30:00+00:00,0.011198563501238823,0.011214744299650192,0.011185172013938427,0.011185172013938427,18124
2026-03-23 08:45:00+00:00,0.011174483224749565,0.011198354884982109,0.011168049648404121,0.011198354884982109,1842
2026-03-23 09:00:00+00:00,0.01114263292402029,0.011175738647580147,0.01114263292402029,0.011174698360264301,0
2026-03-23 09:15:00+00:00,0.011129218153655529,0.011154909618198872,0.011129218153655529,0.011140866205096245,51791
2026-03-23 09:30:00+00:00,0.011115687899291515,0.011127687990665436,0.011079574935138226,0.011127687990665436,32092
2026-03-23 09:45:00+00:00,0.011138527654111385,0.011140773072838783,0.011114843189716339,0.011114843189716339,51011
2026-03-23 10:00:00+00:00,0.011185776442289352,0.01118994690477848,0.011136042885482311,0.011136042885482311,20953
2026-03-23 10:15:00+00:00,0.011125920340418816,0.01118526142090559,0.011125920340418816,0.011183585040271282,56349
2026-03-23 10:30:00+00:00,0.011097838170826435,0.01112507563084364,0.011097495444118977,0.01112507563084364,19297
2026-03-23 10:45:00+00:00,0.011124695651233196,0.011126364581286907,0.011098509654402733,0.011101295240223408,16842
2026-03-23 11:00:00+00:00,0.011585568077862263,0.011585568077862263,0.011121372692286968,0.011121372692286968,591727
2026-03-23 11:15:00+00:00,0.011540859937667847,0.011621520854532719,0.01146509125828743,0.011538400314748287,306343
2026-03-23 11:30:00+00:00,0.011562393978238106,0.011623358353972435,0.011538892984390259,0.011538892984390259,124214
2026-03-23 11:45:00+00:00,0.0114842364564538,0.011589402332901955,0.0114842364564538,0.011568094603717327,88376
2026-03-23 12:00:00+00:00,0.011449100449681282,0.011471456848084927,0.011411909013986588,0.011471456848084927,111285
2026-03-23 12:15:00+00:00,0.011473871767520905,0.011482714675366879,0.011434859596192837,0.011446822434663773,23090
2026-03-23 12:30:00+00:00,0.011498821899294853,0.011498821899294853,0.011437135748565197,0.011437732726335526,48940
2026-03-23 12:45:00+00:00,0.011500312015414238,0.011536912992596626,0.011499923653900623,0.011499923653900623,55585
2026-03-23 13:00:00+00:00,0.011522183194756508,0.0115269860252738,0.01150488294661045,0.01150488294661045,26623
2026-03-23 13:15:00+00:00,0.011506864801049232,0.011523607186973095,0.011504611931741238,0.011521732434630394,11871
2026-03-23 13:30:00+00:00,0.011538520455360413,0.011538520455360413,0.011493843980133533,0.011507687158882618,99922
2026-03-23 13:45:00+00:00,0.01164783351123333,0.01164783351123333,0.011550771072506905,0.011553364805877209,145408
2026-03-23 14:00:00+00:00,0.011697541922330856,0.011738548055291176,0.011647830717265606,0.011647830717265606,76570
2026-03-23 14:15:00+00:00,0.01166540663689375,0.011708538047969341,0.01166540663689375,0.011686493642628193,30886
2026-03-23 14:30:00+00:00,0.011652524583041668,0.011669186875224113,0.011641113087534904,0.011654389090836048,44827
2026-03-23 14:45:00+00:00,0.011658081784844398,0.011658081784844398,0.011635087430477142,0.011651608161628246,19214
2026-03-23 15:00:00+00:00,0.011684172786772251,0.01170323509722948,0.011665722355246544,0.011665722355246544,0
2026-03-23 15:15:00+00:00,0.011583018116652966,0.01168063748627901,0.011583018116652966,0.01168063748627901,9946
2026-03-23 15:30:00+00:00,0.011524603702127934,0.011567428708076477,0.011519054882228374,0.011567428708076477,17135
2026-03-23 15:45:00+00:00,0.011448012664914131,0.011532830074429512,0.01144696306437254,0.011517847888171673,70781
2026-03-23 16:00:00+00:00,0.011443087831139565,0.011456307955086231,0.01144260261207819,0.011447339318692684,33393
2026-03-23 16:15:00+00:00,0.011383157223463058,0.01144266314804554,0.011383157223463058,0.01144266314804554,20073
2026-03-23 16:30:00+00:00,0.011396477930247784,0.011401386000216007,0.011359433643519878,0.011385240592062473,44603
2026-03-23 16:45:00+00:00,0.01141519844532013,0.011428122408688068,0.011405992321670055,0.011405992321670055,13449
2026-03-23 17:00:00+00:00,0.011424983851611614,0.01143061276525259,0.011417130939662457,0.011420581489801407,5034
2026-03-23 17:15:00+00:00,0.011393648572266102,0.011424600146710873,0.011392706073820591,0.011424600146710873,0
2026-03-23 17:30:00+00:00,0.011477573774755001,0.01148239802569151,0.011389395222067833,0.011389395222067833,44636
2026-03-23 17:45:00+00:00,0.011490537784993649,0.011490537784993649,0.011475170962512493,0.011476817540824413,7731
2026-03-23 18:00:00+00:00,0.011477642692625523,0.011525035835802555,0.01147155836224556,0.01148847583681345,8683
2026-03-23 18:15:00+00:00,0.011447456665337086,0.011470966972410679,0.011447456665337086,0.011470966972410679,10129
2026-03-23 18:30:00+00:00,0.011477034538984299,0.011486101895570755,0.011448483914136887,0.011448483914136887,19947
2026-03-23 18:45:00+00:00,0.011493034660816193,0.011498523876070976,0.011483527719974518,0.011483527719974518,0
2026-03-23 19:00:00+00:00,0.011528142727911472,0.011563549749553204,0.011518941260874271,0.011519258841872215,14832
2026-03-23 19:15:00+00:00,0.011552378535270691,0.011552378535270691,0.011525474488735199,0.011528770439326763,0
2026-03-23 19:30:00+00:00,0.011537709273397923,0.011562846601009369,0.011537709273397923,0.011562846601009369,14904
2026-03-23 19:45:00+00:00,0.011521166190505028,0.01154354028403759,0.011521166190505028,0.011542352847754955,1272
2026-03-23 20:00:00+00:00,0.011513001285493374,0.011521125212311745,0.01147865317761898,0.011521125212311745,13556
2026-03-23 20:15:00+00:00,0.011516119353473186,0.011524521745741367,0.011503173038363457,0.011511918157339096,10991
2026-03-23 20:30:00+00:00,0.011564596556127071,0.011564596556127071,0.011514206416904926,0.011515866033732891,2337
2026-03-23 20:45:00+00:00,0.01157550048083067,0.01157550048083067,0.011569663882255554,0.011570524424314499,0
2026-03-23 21:00:00+00:00,0.011581968516111374,0.0115946214646101,0.01157529465854168,0.01157529465854168,0
2026-03-23 21:15:00+00:00,0.011573437601327896,0.011581522412598133,0.011573437601327896,0.011581522412598133,0
2026-03-23 21:30:00+00:00,0.01161171030253172,0.01161171030253172,0.011566787026822567,0.011570509523153305,0
2026-03-23 21:45:00+00:00,0.011592422612011433,0.011612246744334698,0.01158979907631874,0.011611578986048698,0
2026-03-23 22:00:00+00:00,0.011540170758962631,0.011589953675866127,0.01152725424617529,0.011589953675866127,10420
2026-03-23 22:15:00+00:00,0.01154047716408968,0.011545519344508648,0.011539323255419731,0.011542221531271935,0
2026-03-23 22:30:00+00:00,0.01151204388588667,0.011540091596543789,0.01151204388588667,0.011540091596543789,0
2026-03-23 22:45:00+00:00,0.011510242708027363,0.01152309961616993,0.011509059928357601,0.01152256689965725,0
2026-03-23 23:00:00+00:00,0.011477114632725716,0.01151302084326744,0.011477114632725716,0.01151302084326744,1276
2026-03-23 23:15:00+00:00,0.011510243639349937,0.011510557495057583,0.011471634730696678,0.011483182199299335,0
2026-03-23 23:30:00+00:00,0.01154584251344204,0.01154647208750248,0.011508454568684101,0.01151434239000082,38793
2026-03-23 23:45:00+00:00,0.01163807325065136,0.01163807325065136,0.011548615992069244,0.011548615992069244,36827
2026-03-24 00:00:00+00:00,0.011625336483120918,0.011653866618871689,0.011625336483120918,0.01163322851061821,1643
2026-03-24 00:15:00+00:00,0.011571774259209633,0.011621263809502125,0.011571774259209633,0.011620623990893364,29936
2026-03-24 00:30:00+00:00,0.011577313765883446,0.011588314548134804,0.01155405305325985,0.011588314548134804,59236
2026-03-24 00:45:00+00:00,0.011629654094576836,0.011633248999714851,0.01157701201736927,0.01157701201736927,29877
2026-03-24 01:00:00+00:00,0.011602276936173439,0.011629439890384674,0.011594535782933235,0.011629439890384674,0
2026-03-24 01:15:00+00:00,0.011585933156311512,0.01160159520804882,0.011578802019357681,0.01160159520804882,0
2026-03-24 01:30:00+00:00,0.011517458595335484,0.011578717269003391,0.011517458595335484,0.011578717269003391,0
2026-03-24 01:45:00+00:00,0.011518684215843678,0.011518914252519608,0.011495972983539104,0.011514104902744293,39677
2026-03-24 02:00:00+00:00,0.011519636027514935,0.011537638492882252,0.011517870239913464,0.011520536616444588,7036
2026-03-24 02:15:00+00:00,0.011527483351528645,0.011527483351528645,0.011509468778967857,0.011522692628204823,0
2026-03-24 02:30:00+00:00,0.011599537916481495,0.011599537916481495,0.011527749709784985,0.011527749709784985,16072
2026-03-24 02:45:00+00:00,0.011611300520598888,0.011619233526289463,0.011595750227570534,0.011599319986999035,6350
2026-03-24 03:00:00+00:00,0.011607900261878967,0.011611605063080788,0.011589592322707176,0.011611568741500378,11762
2026-03-24 03:15:00+00:00,0.011648919433355331,0.011657561175525188,0.011607632972300053,0.011607632972300053,103334
2026-03-24 03:30:00+00:00,0.01173196267336607,0.01173196267336607,0.011651554144918919,0.011651554144918919,48630
2026-03-24 03:45:00+00:00,0.011727886274456978,0.011737830005586147,0.011715950444340706,0.011729151010513306,16696
2026-03-24 04:00:00+00:00,0.011683468706905842,0.011727686040103436,0.011683468706905842,0.011727686040103436,8727
2026-03-24 04:15:00+00:00,0.01171256136149168,0.01171256136149168,0.011684682220220566,0.011684682220220566,0
2026-03-24 04:30:00+00:00,0.011688909493386745,0.011720020323991776,0.011683829128742218,0.011720020323991776,3098
2026-03-24 04:45:00+00:00,0.011700809001922607,0.011701049283146858,0.011683718301355839,0.011688807979226112,4202
2026-03-24 05:00:00+00:00,0.011635730043053627,0.01170059759169817,0.011633144691586494,0.01170059759169817,1553
2026-03-24 05:15:00+00:00,0.01165811251848936,0.011668028309941292,0.011635137721896172,0.011635567992925644,0
2026-03-24 05:30:00+00:00,0.011676866561174393,0.011676866561174393,0.011652570217847824,0.01165822520852089,235756
2026-03-24 05:45:00+00:00,0.01167413592338562,0.011684696190059185,0.011673574335873127,0.01168078649789095,0
2026-03-24 06:00:00+00:00,0.011653519235551357,0.01167372241616249,0.011651893146336079,0.011673386208713055,0
2026-03-24 06:15:00+00:00,0.01165228895843029,0.011682494543492794,0.011651987209916115,0.011651987209916115,58336
2026-03-24 06:30:00+00:00,0.011613159440457821,0.01165848784148693,0.011606982909142971,0.011654838919639587,753117
2026-03-24 06:45:00+00:00,0.011629312299191952,0.011631861329078674,0.011613141745328903,0.011613141745328903,0
2026-03-24 07:00:00+00:00,0.011703128926455975,0.011710171587765217,0.011628575623035431,0.011629294604063034,5782
2026-03-24 07:15:00+00:00,0.011677603237330914,0.01169737521559,0.011675589717924595,0.01169357169419527,50361
2026-03-24 07:30:00+00:00,0.011651533655822277,0.01168450154364109,0.011651533655822277,0.01168099232017994,791286
2026-03-24 07:45:00+00:00,0.011712864972651005,0.011712864972651005,0.01165264006704092,0.011655228212475777,789739
2026-03-24 08:00:00+00:00,0.01173336524516344,0.011742061004042625,0.011715076863765717,0.011715076863765717,27928
2026-03-24 08:15:00+00:00,0.011699247173964977,0.011735149659216404,0.011699175462126732,0.01173426304012537,20544
2026-03-24 08:30:00+00:00,0.011775634251534939,0.011775634251534939,0.011690541170537472,0.011698106303811073,53290
2026-03-24 08:45:00+00:00,0.01179521158337593,0.011844543740153313,0.011778702028095722,0.011780580505728722,201668
2026-03-24 09:00:00+00:00,0.011752286925911903,0.011793390847742558,0.011752286925911903,0.011788696050643921,5153
2026-03-24 09:15:00+00:00,0.0117469048127532,0.011749686673283577,0.011735738255083561,0.011749686673283577,0
2026-03-24 09:30:00+00:00,0.011759696528315544,0.011767738498747349,0.01174649316817522,0.01174649316817522,0
2026-03-24 09:45:00+00:00,0.0117418821901083,0.011765637435019016,0.011740672402083874,0.011760777793824673,0
2026-03-24 10:00:00+00:00,0.011709935031831264,0.011750764213502407,0.011709935031831264,0.011744347400963306,0
2026-03-24 10:15:00+00:00,0.011625506915152073,0.011727790348231792,0.011625424027442932,0.011709799990057945,0
2026-03-24 10:30:00+00:00,0.011564560234546661,0.011625506915152073,0.01156109943985939,0.011625506915152073,46355
2026-03-24 10:45:00+00:00,0.011567319743335247,0.011567319743335247,0.011551344767212868,0.011560835875570774,108145
2026-03-24 11:00:00+00:00,0.011529091745615005,0.01157455239444971,0.011510146781802177,0.011567492038011551,0
2026-03-24 11:15:00+00:00,0.01153505127876997,0.01153505127876997,0.011482445523142815,0.011514037847518921,0
2026-03-24 11:30:00+00:00,0.01161877065896988,0.011621124111115932,0.011535538360476494,0.011535538360476494,38977
2026-03-24 11:45:00+00:00,0.011553735472261906,0.011617007665336132,0.011549234390258789,0.011617007665336132,9192
2026-03-24 12:00:00+00:00,0.01154226716607809,0.011557651683688164,0.011538400314748287,0.01155390590429306,0
2026-03-24 12:15:00+00:00,0.011529596522450447,0.011547217145562172,0.011516395024955273,0.011541619896888733,0
2026-03-24 12:30:00+00:00,0.011505750939249992,0.011529438197612762,0.0115024009719491,0.011529438197612762,1589
2026-03-24 12:45:00+00:00,0.01147009152919054,0.011503057554364204,0.01147009152919054,0.011503057554364204,13761
2026-03-24 13:00:00+00:00,0.011392067186534405,0.011470338329672813,0.011389769613742828,0.011468993499875069,81901
2026-03-24 13:15:00+00:00,0.011398350819945335,0.011398816481232643,0.011361930519342422,0.011398816481232643,7249
2026-03-24 13:30:00+00:00,0.011391643434762955,0.011418759822845459,0.011391643434762955,0.011398538947105408,0
2026-03-24 13:45:00+00:00,0.011367288418114185,0.011381163261830807,0.011361601762473583,0.011361601762473583,0
2026-03-24 14:00:00+00:00,0.011360861361026764,0.011405105702579021,0.011360861361026764,0.01136956550180912,3289
2026-03-24 14:15:00+00:00,0.011373958550393581,0.011373958550393581,0.011347012594342232,0.011369908228516579,14392
2026-03-24 14:30:00+00:00,0.011336790397763252,0.011393810622394085,0.011336790397763252,0.011393810622394085,743
2026-03-24 14:45:00+00:00,0.011393810622394085,0.011394364759325981,0.011326819658279419,0.011333867907524109,120405
2026-03-24 15:00:00+00:00,0.011378375813364983,0.01139439083635807,0.011378375813364983,0.011382629163563251,2129
2026-03-24 15:15:00+00:00,0.01141235139220953,0.01141235139220953,0.011366033926606178,0.011367468163371086,0
2026-03-24 15:30:00+00:00,0.011428396217525005,0.011428396217525005,0.011382111348211765,0.011402446776628494,60407
2026-03-24 15:45:00+00:00,0.011395915411412716,0.011426416225731373,0.011395915411412716,0.011426416225731373,1524
2026-03-24 16:00:00+00:00,0.011407982558012009,0.011407982558012009,0.01138283684849739,0.011395908892154694,0
2026-03-24 16:15:00+00:00,0.011370554566383362,0.011422247625887394,0.011370554566383362,0.011405028402805328,30001
2026-03-24 16:30:00+00:00,0.011336584575474262,0.01136994268745184,0.011336584575474262,0.01136994268745184,3796
2026-03-24 16:45:00+00:00,0.011393501423299313,0.01139376312494278,0.011348433792591095,0.011348433792591095,18529
2026-03-24 17:00:00+00:00,0.011352499015629292,0.011393888853490353,0.011345756240189075,0.011393888853490353,5174
2026-03-24 17:15:00+00:00,0.011351109482347965,0.01136018242686987,0.011345978826284409,0.011351950466632843,6662
2026-03-24 17:30:00+00:00,0.011363111436367035,0.011367352679371834,0.011334854178130627,0.011346065439283848,0
2026-03-24 17:45:00+00:00,0.011335684917867184,0.011336220428347588,0.01128566823899746,0.01128566823899746,46951
2026-03-24 18:00:00+00:00,0.011360285803675652,0.011360285803675652,0.011339639313519001,0.011344706639647484,0
2026-03-24 18:15:00+00:00,0.011347753927111626,0.011359546333551407,0.011333676986396313,0.011359546333551407,9475
2026-03-24 18:30:00+00:00,0.011374560184776783,0.011392064392566681,0.011359968222677708,0.011359968222677708,4586
2026-03-24 18:45:00+00:00,0.01135083194822073,0.011374867521226406,0.011338356882333755,0.011374867521226406,5835
2026-03-24 19:00:00+00:00,0.011359303258359432,0.011359303258359432,0.011343412101268768,0.011350695043802261,0
2026-03-24 19:15:00+00:00,0.011372391134500504,0.011385180987417698,0.011356477625668049,0.011356477625668049,0
2026-03-24 19:30:00+00:00,0.01134149357676506,0.01136474497616291,0.011339782737195492,0.011363874189555645,15318
2026-03-24 19:45:00+00:00,0.01134585216641426,0.011345879174768925,0.011323952116072178,0.011341533623635769,14115
2026-03-24 20:00:00+00:00,0.011358370073139668,0.011358545161783695,0.011336352676153183,0.011345687322318554,0
2026-03-24 20:15:00+00:00,0.01145994570106268,0.01145994570106268,0.011356774717569351,0.011358835734426975,7615
2026-03-24 20:30:00+00:00,0.01152156013995409,0.011540938168764114,0.011494516395032406,0.011494516395032406,48718
2026-03-24 20:45:00+00:00,0.011499750427901745,0.011521021835505962,0.011493814177811146,0.011510453186929226,31621
2026-03-24 21:00:00+00:00,0.011500384658575058,0.011520711705088615,0.011499261483550072,0.011499261483550072,6283
2026-03-24 21:15:00+00:00,0.0114717623218894,0.011483714915812016,0.011441631242632866,0.011483714915812016,14027
2026-03-24 21:30:00+00:00,0.011518275365233421,0.011518275365233421,0.011472108773887157,0.011472108773887157,24868
2026-03-24 21:45:00+00:00,0.011532346718013287,0.011542988941073418,0.011518923565745354,0.011518923565745354,10249
2026-03-24 22:00:00+00:00,0.011541197076439857,0.01154178287833929,0.01152869500219822,0.011532154865562916,2587
2026-03-24 22:15:00+00:00,0.011539638042449951,0.011549537070095539,0.011532194912433624,0.011539810337126255,21802
2026-03-24 22:30:00+00:00,0.011511261574923992,0.011535541154444218,0.011511261574923992,0.011535541154444218,20965
2026-03-24 22:45:00+00:00,0.011506945826113224,0.011506945826113224,0.011502468027174473,0.011502468027174473,11546
2026-03-24 23:00:00+00:00,0.011519874446094036,0.011526646092534065,0.011486240662634373,0.011497240513563156,22887
2026-03-24 23:15:00+00:00,0.011501254513859749,0.011520140804350376,0.011499741114675999,0.011520140804350376,25021
2026-03-24 23:30:00+00:00,0.011496453545987606,0.011505702510476112,0.011496453545987606,0.01149872224777937,37332
2026-03-24 23:45:00+00:00,0.011475583538413048,0.011489040218293667,0.011475583538413048,0.011489040218293667,0
2026-03-25 00:00:00+00:00,0.011467543430626392,0.011486828327178955,0.011467543430626392,0.011475438252091408,0
2026-03-25 00:15:00+00:00,0.011424732394516468,0.01147106010466814,0.011424561031162739,0.01147106010466814,42300
2026-03-25 00:30:00+00:00,0.011453717015683651,0.011453717015683651,0.011418948881328106,0.011424779891967773,36294
2026-03-25 00:45:00+00:00,0.011467057280242443,0.01149771362543106,0.011452321894466877,0.011452321894466877,30150
2026-03-25 01:00:00+00:00,0.011460158973932266,0.011465372517704964,0.01142980344593525,0.011465372517704964,0
2026-03-25 01:15:00+00:00,0.011447208002209663,0.011461826041340828,0.011446552351117134,0.011457044631242752,211
2026-03-25 01:30:00+00:00,0.011458776891231537,0.011458776891231537,0.011446978896856308,0.011446978896856308,21261
2026-03-25 01:45:00+00:00,0.011460055597126484,0.011463883332908154,0.01145881786942482,0.01145881786942482,0
2026-03-25 02:00:00+00:00,0.011437078937888145,0.01145801693201065,0.011434543877840042,0.01145801693201065,4906
2026-03-25 02:15:00+00:00,0.01143733598291874,0.01144030224531889,0.011434907093644142,0.011439833790063858,7992
2026-03-25 02:30:00+00:00,0.011426477693021297,0.011437698267400265,0.011424445547163486,0.011437698267400265,1469
2026-03-25 02:45:00+00:00,0.011431202292442322,0.011437625624239445,0.011426134034991264,0.011426134034991264,8188
2026-03-25 03:00:00+00:00,0.01140771247446537,0.011432422325015068,0.01140771247446537,0.011431236751377583,11999
2026-03-25 03:15:00+00:00,0.011388744227588177,0.011407538317143917,0.011381728574633598,0.011407538317143917,0
2026-03-25 03:30:00+00:00,0.011410086415708065,0.011416394263505936,0.011388912796974182,0.011388912796974182,0
2026-03-25 03:45:00+00:00,0.011433684267103672,0.011442366056144238,0.011410057544708252,0.011410057544708252,16573
2026-03-25 04:00:00+00:00,0.011407447047531605,0.01143000926822424,0.011403974145650864,0.01143000926822424,21080
2026-03-25 04:15:00+00:00,0.01142861507833004,0.01142861507833004,0.011403465643525124,0.011409031227231026,28023
2026-03-25 04:30:00+00:00,0.01147023867815733,0.01147023867815733,0.011429197154939175,0.011429197154939175,22588
2026-03-25 04:45:00+00:00,0.011508707888424397,0.011510489508509636,0.011478299275040627,0.011478299275040627,18298
2026-03-25 05:00:00+00:00,0.011526498943567276,0.011528363451361656,0.011518159881234169,0.011518159881234169,7351
2026-03-25 05:15:00+00:00,0.0115100322291255,0.011527875438332558,0.011510014533996582,0.01152507308870554,13653
2026-03-25 05:30:00+00:00,0.011513210833072662,0.011515825986862183,0.011509396135807037,0.011510029435157776,1923
2026-03-25 05:45:00+00:00,0.011467620730400085,0.011495615355670452,0.01146751083433628,0.011495615355670452,1909
2026-03-25 06:00:00+00:00,0.011479024775326252,0.01147918775677681,0.011463489383459091,0.01146756112575531,24955
2026-03-25 06:15:00+00:00,0.011585705913603306,0.011596021242439747,0.011482466012239456,0.011482466012239456,1518
2026-03-25 06:30:00+00:00,0.01154149416834116,0.01157810352742672,0.011540733277797699,0.01157810352742672,62571
2026-03-25 06:45:00+00:00,0.011536996811628342,0.011544616892933846,0.011536996811628342,0.01154322549700737,3712
2026-03-25 07:00:00+00:00,0.011550772935152054,0.011554826982319355,0.011524412781000137,0.011527292430400848,42013
2026-03-25 07:15:00+00:00,0.011593073606491089,0.011593073606491089,0.011550419963896275,0.011550419963896275,0
2026-03-25 07:30:00+00:00,0.011597055941820145,0.011597055941820145,0.011587120592594147,0.011593327857553959,27732
2026-03-25 07:45:00+00:00,0.0115242013707757,0.011593883857131004,0.011521903797984123,0.011593883857131004,0
2026-03-25 08:00:00+00:00,0.011570906266570091,0.011573022231459618,0.011523625813424587,0.011523625813424587,29399
2026-03-25 08:15:00+00:00,0.011626717634499073,0.01163699384778738,0.011573771014809608,0.011573771014809608,45764
2026-03-25 08:30:00+00:00,0.011610837653279305,0.011622288264334202,0.011580199934542179,0.011622288264334202,72172
2026-03-25 08:45:00+00:00,0.01157262735068798,0.011611307971179485,0.011572605930268764,0.011611307971179485,0
2026-03-25 09:00:00+00:00,0.011571655981242657,0.011571655981242657,0.011549554765224457,0.011566507630050182,6022
2026-03-25 09:15:00+00:00,0.011575006879866123,0.011591935530304909,0.011574356816709042,0.011574356816709042,3462
2026-03-25 09:30:00+00:00,0.011573673225939274,0.011576960794627666,0.011558610014617443,0.011569619178771973,5843
2026-03-25 09:45:00+00:00,0.011578164994716644,0.011579902842640877,0.011567705310881138,0.011578663252294064,25990
2026-03-25 10:00:00+00:00,0.01157980877906084,0.01157980877906084,0.011568737216293812,0.011573245748877525,6719
2026-03-25 10:15:00+00:00,0.011576911434531212,0.011577745899558067,0.011567319743335247,0.011577745899558067,0
2026-03-25 10:30:00+00:00,0.011572834104299545,0.011579775251448154,0.011572834104299545,0.011575969867408276,0
2026-03-25 10:45:00+00:00,0.011583455838263035,0.011583455838263035,0.011577199213206768,0.011577199213206768,0
2026-03-25 11:00:00+00:00,0.011557667516171932,0.011572595685720444,0.011555667966604233,0.011572595685720444,0
2026-03-25 11:15:00+00:00,0.011563080362975597,0.011563080362975597,0.011552328243851662,0.011557351797819138,0
2026-03-25 11:30:00+00:00,0.011574828065931797,0.01158806961029768,0.011563337408006191,0.011563337408006191,0
2026-03-25 11:45:00+00:00,0.011564195156097412,0.011575124226510525,0.011541211977601051,0.011574333533644676,0
2026-03-25 12:00:00+00:00,0.011635277420282364,0.011635277420282364,0.011583619751036167,0.011583619751036167,15445
2026-03-25 12:15:00+00:00,0.011536593548953533,0.011629379354417324,0.011535866186022758,0.011629379354417324,64829
2026-03-25 12:30:00+00:00,0.011571897193789482,0.011571897193789482,0.011535079218447208,0.011536732316017151,9207
2026-03-25 12:45:00+00:00,0.011604922823607922,0.01160511001944542,0.011553079821169376,0.011566943489015102,0
2026-03-25 13:00:00+00:00,0.011598583310842514,0.0116049163043499,0.011586016975343227,0.0116049163043499,0
2026-03-25 13:15:00+00:00,0.011578261852264404,0.011600004509091377,0.011578261852264404,0.011600004509091377,0
2026-03-25 13:30:00+00:00,0.011579823680222034,0.01159708108752966,0.011569693684577942,0.01157836802303791,4123
2026-03-25 13:45:00+00:00,0.011478319764137268,0.01157703623175621,0.01145468931645155,0.01157703623175621,149340
2026-03-25 14:00:00+00:00,0.011434757150709629,0.011464516632258892,0.011431676335632801,0.011464516632258892,10744
2026-03-25 14:15:00+00:00,0.011414732784032822,0.011455620639026165,0.011413585394620895,0.011437981389462948,13936
2026-03-25 14:30:00+00:00,0.011405318975448608,0.011422954499721527,0.011393831111490726,0.011422954499721527,10255
2026-03-25 14:45:00+00:00,0.0114213228225708,0.011429937556385994,0.011412152089178562,0.011413286440074444,0
2026-03-25 15:00:00+00:00,0.011404179036617279,0.011422206647694111,0.011404179036617279,0.011420496739447117,8078
2026-03-25 15:15:00+00:00,0.011381588876247406,0.011400141753256321,0.011357883922755718,0.011400141753256321,33019
2026-03-25 15:30:00+00:00,0.011374499648809433,0.01139750238507986,0.011374499648809433,0.011390347965061665,0
2026-03-25 15:45:00+00:00,0.011401032097637653,0.011404529213905334,0.011372257024049759,0.011374452151358128,0
2026-03-25 16:00:00+00:00,0.011364619247615337,0.011392652988433838,0.01135890744626522,0.011391875334084034,27793
2026-03-25 16:15:00+00:00,0.011475098319351673,0.011475098319351673,0.011350766755640507,0.011350766755640507,46616
2026-03-25 16:30:00+00:00,0.011520619504153728,0.011527176015079021,0.01146991178393364,0.011474795639514923,83581
2026-03-25 16:45:00+00:00,0.011459877714514732,0.011519047431647778,0.011457749642431736,0.011519047431647778,72182
2026-03-25 17:00:00+00:00,0.011433666571974754,0.01146614644676447,0.011433666571974754,0.011456461623311043,0
2026-03-25 17:15:00+00:00,0.01143941655755043,0.01143941655755043,0.011421159841120243,0.011428458616137505,0
2026-03-25 17:30:00+00:00,0.011451169848442078,0.01146264374256134,0.011441408656537533,0.0114454235881567,4151
2026-03-25 17:45:00+00:00,0.011435546912252903,0.011453075334429741,0.011427920311689377,0.011448993347585201,19359
2026-03-25 18:00:00+00:00,0.011467325501143932,0.011469019576907158,0.011435123160481453,0.011435123160481453,5114
2026-03-25 18:15:00+00:00,0.011475113220512867,0.011477723717689514,0.011467278935015202,0.011467567645013332,396
2026-03-25 18:30:00+00:00,0.011465121060609818,0.011481900699436665,0.011465121060609818,0.011475120671093464,6046
2026-03-25 18:45:00+00:00,0.011466673575341702,0.011479050852358341,0.011457785032689571,0.01146212313324213,16206
2026-03-25 19:00:00+00:00,0.011470013298094273,0.011485481634736061,0.011462891474366188,0.011466283351182938,14410
2026-03-25 19:15:00+00:00,0.011460523121058941,0.011470875702798367,0.011457076296210289,0.011470320634543896,7887
2026-03-25 19:30:00+00:00,0.01150772999972105,0.01150772999972105,0.011460267007350922,0.011460267007350922,63763
2026-03-25 19:45:00+00:00,0.011499738320708275,0.011527679860591888,0.011499738320708275,0.01150786317884922,78442
2026-03-25 20:00:00+00:00,0.011536420322954655,0.011536553502082825,0.011503569781780243,0.01152194943279028,64071
2026-03-25 20:15:00+00:00,0.011494001373648643,0.01153795700520277,0.011492103338241577,0.011533644050359726,0
2026-03-25 20:30:00+00:00,0.011476585641503334,0.011494114995002747,0.011471833102405071,0.011494114995002747,0
2026-03-25 20:45:00+00:00,0.011490782722830772,0.011496949940919876,0.011479266919195652,0.011479266919195652,0
2026-03-25 21:00:00+00:00,0.011492983438074589,0.011492983438074589,0.011478209868073463,0.011491249315440655,4853
2026-03-25 21:15:00+00:00,0.011500732973217964,0.011508970521390438,0.011496499180793762,0.011496499180793762,0
2026-03-25 21:30:00+00:00,0.01150921918451786,0.01150921918451786,0.011494792997837067,0.011499413289129734,1832
2026-03-25 21:45:00+00:00,0.011509176343679428,0.011509545147418976,0.011493897065520287,0.011507195420563221,7116
2026-03-25 22:00:00+00:00,0.011501654982566833,0.011522088199853897,0.011501654982566833,0.011509125120937824,4413
2026-03-25 22:15:00+00:00,0.011543338187038898,0.011545662768185139,0.01150108315050602,0.01150108315050602,4862
2026-03-25 22:30:00+00:00,0.011543960310518742,0.011563473381102085,0.011535104364156723,0.01154326368123293,18929
2026-03-25 22:45:00+00:00,0.011543038301169872,0.011546365916728973,0.011539828032255173,0.011546365916728973,4629
2026-03-25 23:00:00+00:00,0.011580790393054485,0.011583092622458935,0.011543371714651585,0.011543371714651585,0
2026-03-25 23:15:00+00:00,0.011592742055654526,0.011592742055654526,0.011577465571463108,0.011579255573451519,9206
2026-03-25 23:30:00+00:00,0.011584443971514702,0.011600694619119167,0.011584443971514702,0.011594262905418873,0
2026-03-25 23:45:00+00:00,0.011582659557461739,0.011583401821553707,0.011566981673240662,0.011583250015974045,19434
2026-03-26 00:00:00+00:00,0.011570140719413757,0.01158840861171484,0.011570140719413757,0.011577284894883633,0
2026-03-26 00:15:00+00:00,0.011556414887309074,0.011570089496672153,0.011548412963747978,0.011570089496672153,0
2026-03-26 00:30:00+00:00,0.011540320701897144,0.011551954783499241,0.011537646874785423,0.011551954783499241,0
2026-03-26 00:45:00+00:00,0.011534185148775578,0.011556961573660374,0.011534185148775578,0.011542314663529396,1479
2026-03-26 01:00:00+00:00,0.011543354950845242,0.011548618786036968,0.011536418460309505,0.011536418460309505,0
2026-03-26 01:15:00+00:00,0.011537116020917892,0.011542899534106255,0.011527856811881065,0.011542899534106255,2666
2026-03-26 01:30:00+00:00,0.011542784050107002,0.01154946256428957,0.011537138372659683,0.011537138372659683,0
2026-03-26 01:45:00+00:00,0.011528925970196724,0.011542881838977337,0.011525556445121765,0.011542881838977337,0
2026-03-26 02:00:00+00:00,0.011473960243165493,0.011529422365128994,0.011473960243165493,0.011528094299137592,149
2026-03-26 02:15:00+00:00,0.01142563484609127,0.011472109705209732,0.011424528434872627,0.011472109705209732,12901
2026-03-26 02:30:00+00:00,0.011403193697333336,0.011423338204622269,0.01139418687671423,0.011423338204622269,12214
2026-03-26 02:45:00+00:00,0.011411850340664387,0.011411850340664387,0.01139814779162407,0.011400141753256321,21535
2026-03-26 03:00:00+00:00,0.011378830298781395,0.011412179097533226,0.011371973901987076,0.011412179097533226,0
2026-03-26 03:15:00+00:00,0.011317234486341476,0.01138064544647932,0.011317234486341476,0.01137882936745882,11926
2026-03-26 03:30:00+00:00,0.011325957253575325,0.011331645771861076,0.011318052187561989,0.011319521814584732,12239
2026-03-26 03:45:00+00:00,0.0113118477165699,0.011319001205265522,0.011273859068751335,0.011319001205265522,194174
2026-03-26 04:00:00+00:00,0.01126638613641262,0.011311841197311878,0.01126638613641262,0.011311841197311878,0
2026-03-26 04:15:00+00:00,0.011225607246160507,0.01125950738787651,0.01121801882982254,0.01125950738787651,17183
2026-03-26 04:30:00+00:00,0.011213012970983982,0.011242363601922989,0.011213012970983982,0.011229680851101875,12842
2026-03-26 04:45:00+00:00,0.0112010408192873,0.011229511350393295,0.011198651976883411,0.011215298436582088,28676
2026-03-26 05:00:00+00:00,0.011181430891156197,0.011216795071959496,0.011177570559084415,0.011200878769159317,57618
2026-03-26 05:15:00+00:00,0.01122768223285675,0.011249573901295662,0.011183741502463818,0.011183741502463818,28561
2026-03-26 05:30:00+00:00,0.011236090213060379,0.011262621730566025,0.01122946385294199,0.01122946385294199,60906
2026-03-26 05:45:00+00:00,0.011173774488270283,0.011213322170078754,0.011168315075337887,0.011213322170078754,68610
2026-03-26 06:00:00+00:00,0.011194157414138317,0.011198080144822598,0.011179945431649685,0.011179945431649685,3367
2026-03-26 06:15:00+00:00,0.011158404871821404,0.011216855607926846,0.011158404871821404,0.011202854104340076,59049
2026-03-26 06:30:00+00:00,0.01115521602332592,0.011172120459377766,0.01115521602332592,0.011158428154885769,0
2026-03-26 06:45:00+00:00,0.01115662045776844,0.011159949004650116,0.011152415536344051,0.011157563887536526,22812
2026-03-26 07:00:00+00:00,0.011167493648827076,0.011167963035404682,0.01115509681403637,0.011156300082802773,0
2026-03-26 07:15:00+00:00,0.011173433624207973,0.01118441578000784,0.011165203526616096,0.011165203526616096,10158
2026-03-26 07:30:00+00:00,0.011167465709149837,0.011173929087817669,0.011166145093739033,0.011173929087817669,0
2026-03-26 07:45:00+00:00,0.01118080411106348,0.01118088886141777,0.011156473308801651,0.011170728132128716,20464
2026-03-26 08:00:00+00:00,0.011159096844494343,0.011180835776031017,0.011144247837364674,0.011180835776031017,602
2026-03-26 08:15:00+00:00,0.011162142269313335,0.011162142269313335,0.011152309365570545,0.011159096844494343,16561
2026-03-26 08:30:00+00:00,0.011176198720932007,0.011176198720932007,0.011147326789796352,0.011159831658005714,1846
2026-03-26 08:45:00+00:00,0.011185472831130028,0.011201059445738792,0.011172938160598278,0.011172938160598278,12494
2026-03-26 09:00:00+00:00,0.011194711551070213,0.011194711551070213,0.011154485866427422,0.011186232790350914,16722
2026-03-26 09:15:00+00:00,0.011181295849382877,0.011201846413314342,0.011167592369019985,0.011193579994142056,7002
2026-03-26 09:30:00+00:00,0.011074312962591648,0.011185243725776672,0.011056557297706604,0.011180390603840351,168277
2026-03-26 09:45:00+00:00,0.011073567904531956,0.011073567904531956,0.01104895118623972,0.011071870103478432,6181
2026-03-26 10:00:00+00:00,0.011020166799426079,0.011077973991632462,0.011019433848559856,0.011075136251747608,17984
2026-03-26 10:15:00+00:00,0.011056437157094479,0.011056437157094479,0.011020869947969913,0.011020869947969913,43914
2026-03-26 10:30:00+00:00,0.011043369770050049,0.011066487990319729,0.011043209582567215,0.011056140996515751,9533
2026-03-26 10:45:00+00:00,0.01100737415254116,0.011043224483728409,0.01100737415254116,0.011043183505535126,28633
2026-03-26 11:00:00+00:00,0.011021319776773453,0.011021319776773453,0.011003863997757435,0.011005382984876633,38670
2026-03-26 11:15:00+00:00,0.01101855281740427,0.01102321594953537,0.01101370994001627,0.011020135134458542,26000
2026-03-26 11:30:00+00:00,0.011040791869163513,0.011041934601962566,0.011014936491847038,0.01101845595985651,14435
2026-03-26 11:45:00+00:00,0.011042723432183266,0.011049541644752026,0.011040759272873402,0.011040759272873402,8347
2026-03-26 12:00:00+00:00,0.011038584634661674,0.011042069643735886,0.011024986393749714,0.011042069643735886,0
2026-03-26 12:15:00+00:00,0.011096657253801823,0.011096657253801823,0.011039579287171364,0.011039579287171364,8447
2026-03-26 12:30:00+00:00,0.011086585931479931,0.01109989546239376,0.011079003103077412,0.011096366681158543,18335
2026-03-26 12:45:00+00:00,0.011094273999333382,0.011100166477262974,0.011082557961344719,0.011082557961344719,0
2026-03-26 13:00:00+00:00,0.011158653534948826,0.011158653534948826,0.011089631356298923,0.011097687296569347,85075
2026-03-26 13:15:00+00:00,0.01113787293434143,0.011164646595716476,0.01113787293434143,0.011157194152474403,61814
2026-03-26 13:30:00+00:00,0.011129442602396011,0.011152722872793674,0.011113199405372143,0.011128067970275879,66876
2026-03-26 13:45:00+00:00,0.011145002208650112,0.011184792034327984,0.011129808612167835,0.011129808612167835,37722
2026-03-26 14:00:00+00:00,0.011138451285660267,0.011152820661664009,0.011138451285660267,0.011142177507281303,0
2026-03-26 14:15:00+00:00,0.01114965695887804,0.011149921454489231,0.011130856350064278,0.011141571216285229,21189
2026-03-26 14:30:00+00:00,0.011172815226018429,0.011181393638253212,0.011148612014949322,0.011148612014949322,12229
2026-03-26 14:45:00+00:00,0.011164446361362934,0.011180933564901352,0.011141177266836166,0.011175026185810566,9325
2026-03-26 15:00:00+00:00,0.011121326126158237,0.011174919083714485,0.011121043004095554,0.011173966340720654,33591
2026-03-26 15:15:00+00:00,0.011171931400895119,0.011171931400895119,0.011115862056612968,0.011117332614958286,54070
2026-03-26 15:30:00+00:00,0.0111318314447999,0.011167431250214577,0.011128419078886509,0.011163986288011074,27941
2026-03-26 15:45:00+00:00,0.011102299205958843,0.011134042404592037,0.011102299205958843,0.011129587888717651,17183
2026-03-26 16:00:00+00:00,0.011144423857331276,0.011144423857331276,0.011104538105428219,0.011104538105428219,0
2026-03-26 16:15:00+00:00,0.011148027144372463,0.011148027144372463,0.011132439598441124,0.011146550998091698,3615
2026-03-26 16:30:00+00:00,0.011141831986606121,0.011151410639286041,0.01113886758685112,0.011148067191243172,0
2026-03-26 16:45:00+00:00,0.011103859171271324,0.011141478084027767,0.01109888032078743,0.011141478084027767,0
2026-03-26 17:00:00+00:00,0.011114450171589851,0.011118481867015362,0.011105366051197052,0.01110580749809742,15462
2026-03-26 17:15:00+00:00,0.011144029907882214,0.011152002029120922,0.011111948639154434,0.011114805936813354,54401
2026-03-26 17:30:00+00:00,0.011182613670825958,0.011182613670825958,0.011144890449941158,0.011144890449941158,34794
2026-03-26 17:45:00+00:00,0.011128285899758339,0.011179601773619652,0.011127995327115059,0.011179601773619652,0
2026-03-26 18:00:00+00:00,0.011095702648162842,0.01112132053822279,0.011093182489275932,0.011119049042463303,37807
2026-03-26 18:15:00+00:00,0.011049053631722927,0.01110009290277958,0.011046924628317356,0.01110009290277958,28341
2026-03-26 18:30:00+00:00,0.011073954403400421,0.011084566824138165,0.011049619875848293,0.011049619875848293,17567
2026-03-26 18:45:00+00:00,0.01109959464520216,0.011102542281150818,0.011073884554207325,0.011073884554207325,6850
2026-03-26 19:00:00+00:00,0.01106998324394226,0.011099630035459995,0.01106998324394226,0.011098525486886501,2562
2026-03-26 19:15:00+00:00,0.01105300523340702,0.011088845320045948,0.01105300523340702,0.011072121560573578,35559
2026-03-26 19:30:00+00:00,0.011059623211622238,0.011059623211622238,0.011025800369679928,0.011042729951441288,14324
2026-03-26 19:45:00+00:00,0.011037909425795078,0.011064850725233555,0.011029364541172981,0.011064850725233555,8775
2026-03-26 20:00:00+00:00,0.011109935119748116,0.011133676394820213,0.01100325770676136,0.011031214147806168,77292
2026-03-26 20:15:00+00:00,0.011168754659593105,0.011189489625394344,0.011113418266177177,0.011113418266177177,121962
2026-03-26 20:30:00+00:00,0.01117655262351036,0.011179162189364433,0.011171544902026653,0.011171544902026653,64571
2026-03-26 20:45:00+00:00,0.011135960929095745,0.01117999292910099,0.011134219355881214,0.011177154257893562,5212
2026-03-26 21:00:00+00:00,0.011123406700789928,0.011134822852909565,0.011120213195681572,0.011134822852909565,14873
2026-03-26 21:15:00+00:00,0.011192583478987217,0.011192583478987217,0.011130034923553467,0.011130034923553467,27811
2026-03-26 21:30:00+00:00,0.011235066689550877,0.011235358193516731,0.011193198151886463,0.011193198151886463,27847
2026-03-26 21:45:00+00:00,0.011194349266588688,0.011223431676626205,0.011191709898412228,0.011223431676626205,7404
2026-03-26 22:00:00+00:00,0.011181418783962727,0.01119109895080328,0.011181418783962727,0.011189674027264118,1493
2026-03-26 22:15:00+00:00,0.011136398650705814,0.011181391775608063,0.011136398650705814,0.011181391775608063,24010
2026-03-26 22:30:00+00:00,0.011129498481750488,0.011130644008517265,0.011109249666333199,0.01111217588186264,35567
2026-03-26 22:45:00+00:00,0.011139506474137306,0.011142361909151077,0.011129775084555149,0.011132534593343735,0
2026-03-26 23:00:00+00:00,0.011158197186887264,0.011160545982420444,0.011141483671963215,0.011141483671963215,16297
2026-03-26 23:15:00+00:00,0.011131339706480503,0.011160457506775856,0.01112886518239975,0.011158525943756104,10906
2026-03-26 23:30:00+00:00,0.011121402494609356,0.011137488298118114,0.011119174771010876,0.011134246364235878,82078
2026-03-26 23:45:00+00:00,0.01116157416254282,0.01116157416254282,0.011126996949315071,0.011126996949315071,1053
2026-03-27 00:00:00+00:00,0.011226796545088291,0.011226796545088291,0.011161480098962784,0.011161480098962784,9663
2026-03-27 00:15:00+00:00,0.011195934377610683,0.011221503838896751,0.011191326193511486,0.011218479834496975,24465
2026-03-27 00:30:00+00:00,0.011197349987924099,0.011197349987924099,0.01118525117635727,0.011193492449820042,9868
2026-03-27 00:45:00+00:00,0.011217492632567883,0.011217492632567883,0.011191842146217823,0.011191842146217823,13079
2026-03-27 01:00:00+00:00,0.011278905905783176,0.011278905905783176,0.011217637918889523,0.011217637918889523,39650
2026-03-27 01:15:00+00:00,0.011255213990807533,0.011292323470115662,0.011255213990807533,0.011278250254690647,39791
2026-03-27 01:30:00+00:00,0.01124846562743187,0.011254786513745785,0.011242778040468693,0.011254759505391121,16741
2026-03-27 01:45:00+00:00,0.01129141915589571,0.011291474103927612,0.011257249861955643,0.011257249861955643,22544
2026-03-27 02:00:00+00:00,0.011345146223902702,0.011345146223902702,0.011290312744677067,0.011290312744677067,51255
2026-03-27 02:15:00+00:00,0.011296721175312996,0.011346166953444481,0.011295880191028118,0.011346166953444481,45915
2026-03-27 02:30:00+00:00,0.011261329986155033,0.01131253782659769,0.011261329986155033,0.01130041852593422,1770
2026-03-27 02:45:00+00:00,0.011271236464381218,0.011271236464381218,0.011262242682278156,0.011262242682278156,6504
2026-03-27 03:00:00+00:00,0.01129051111638546,0.0113103361800313,0.011278499849140644,0.011278499849140644,43367
2026-03-27 03:15:00+00:00,0.011317630298435688,0.01136060245335102,0.011290289461612701,0.011290289461612701,77806
2026-03-27 03:30:00+00:00,0.011340677738189697,0.011341899633407593,0.01131824217736721,0.01131824217736721,24156
2026-03-27 03:45:00+00:00,0.011368975043296814,0.011368975043296814,0.011335215531289577,0.011340990662574768,10072
2026-03-27 04:00:00+00:00,0.011307264678180218,0.011370918713510036,0.011307264678180218,0.011370918713510036,33688
2026-03-27 04:15:00+00:00,0.011402001604437828,0.011410372331738472,0.011303042061626911,0.011304768733680248,98134
2026-03-27 04:30:00+00:00,0.011393249966204166,0.0113987997174263,0.011380554176867008,0.0113987997174263,4871
2026-03-27 04:45:00+00:00,0.011346503160893917,0.01138849277049303,0.011346503160893917,0.01138849277049303,0
2026-03-27 05:00:00+00:00,0.011347593739628792,0.01135500892996788,0.011326075531542301,0.01134601142257452,0
2026-03-27 05:15:00+00:00,0.011297213844954967,0.011352715082466602,0.011295507661998272,0.011350596323609352,290
2026-03-27 05:30:00+00:00,0.011278119869530201,0.01129540428519249,0.011274139396846294,0.01129540428519249,0
2026-03-27 05:45:00+00:00,0.011269450187683105,0.01127604953944683,0.011269450187683105,0.011272946372628212,0
2026-03-27 06:00:00+00:00,0.011232933029532433,0.011269253678619862,0.011232933029532433,0.011267258785665035,20226
2026-03-27 06:15:00+00:00,0.011215568520128727,0.011231400072574615,0.011215568520128727,0.011231400072574615,0
2026-03-27 06:30:00+00:00,0.011230352334678173,0.011230352334678173,0.01120840385556221,0.011214438825845718,17158
2026-03-27 06:45:00+00:00,0.011274206452071667,0.011278989724814892,0.011227894574403763,0.011227894574403763,3628
2026-03-27 07:00:00+00:00,0.011314785107970238,0.011314785107970238,0.011274396441876888,0.011274396441876888,5569
2026-03-27 07:15:00+00:00,0.011371162720024586,0.011392347514629364,0.011316275224089622,0.011316275224089622,33942
2026-03-27 07:30:00+00:00,0.011378682218492031,0.01137924287468195,0.011370167136192322,0.011370167136192322,45295
2026-03-27 07:45:00+00:00,0.011358375661075115,0.01136966235935688,0.011358090676367283,0.011369539424777031,23625
2026-03-27 08:00:00+00:00,0.01135250087827444,0.011368664912879467,0.011351722292602062,0.011360191740095615,10782
2026-03-27 08:15:00+00:00,0.011264395900070667,0.011342406272888184,0.01125766895711422,0.011342406272888184,13972
2026-03-27 08:30:00+00:00,0.011164982803165913,0.011286875233054161,0.011158945970237255,0.011272905394434929,94963
2026-03-27 08:45:00+00:00,0.011234520003199577,0.011249776929616928,0.011172388680279255,0.011172388680279255,23170
2026-03-27 09:00:00+00:00,0.011167513206601143,0.011232438497245312,0.01116509921848774,0.011232438497245312,29453
2026-03-27 09:15:00+00:00,0.011200251057744026,0.011203105561435223,0.011166010051965714,0.011166010051965714,8404
2026-03-27 09:30:00+00:00,0.011177153326570988,0.011230207048356533,0.01117617730051279,0.011199841275811195,0
2026-03-27 09:45:00+00:00,0.011181943118572235,0.011193483136594296,0.011176644824445248,0.011176644824445248,3508
2026-03-27 10:00:00+00:00,0.011154443956911564,0.011183084920048714,0.011154163628816605,0.011183084920048714,0
2026-03-27 10:15:00+00:00,0.011117086745798588,0.011148660443723202,0.011117086745798588,0.011145094409584999,48391
2026-03-27 10:30:00+00:00,0.01094504352658987,0.011130232363939285,0.010904195718467236,0.011117851361632347,244395
2026-03-27 10:45:00+00:00,0.010847306810319424,0.01094464398920536,0.010840088129043579,0.01094464398920536,107331
2026-03-27 11:00:00+00:00,0.010830308310687542,0.010855021886527538,0.01082068681716919,0.010849637910723686,201392
2026-03-27 11:15:00+00:00,0.010851067490875721,0.010867100208997726,0.010839654132723808,0.010839654132723808,1202
2026-03-27 11:30:00+00:00,0.010823344811797142,0.010840424336493015,0.010820569470524788,0.010840424336493015,39404
2026-03-27 11:45:00+00:00,0.010825254954397678,0.010840882547199726,0.010821360163390636,0.010821360163390636,5873
2026-03-27 12:00:00+00:00,0.010802896693348885,0.0108408872038126,0.01078870054334402,0.0108383409678936,48662
2026-03-27 12:15:00+00:00,0.010756597854197025,0.010799434036016464,0.010756597854197025,0.010798494331538677,24202
2026-03-27 12:30:00+00:00,0.010728568769991398,0.010756953619420528,0.010727758519351482,0.010756953619420528,102552
2026-03-27 12:45:00+00:00,0.010759968310594559,0.010759968310594559,0.010722113773226738,0.010738026350736618,107832
2026-03-27 13:00:00+00:00,0.010768722742795944,0.010769495740532875,0.010755837894976139,0.01075931265950203,310
2026-03-27 13:15:00+00:00,0.010786269791424274,0.010786269791424274,0.01076547335833311,0.010767430067062378,84704
2026-03-27 13:30:00+00:00,0.010767236351966858,0.010789517313241959,0.010729181580245495,0.010786690749228,56179
2026-03-27 13:45:00+00:00,0.010709014721214771,0.010780774988234043,0.010708434507250786,0.010768955573439598,16767
2026-03-27 14:00:00+00:00,0.010789097286760807,0.010789097286760807,0.010712096467614174,0.010712096467614174,23827
2026-03-27 14:15:00+00:00,0.010693865828216076,0.010802827775478363,0.010691147297620773,0.010791963897645473,54287
2026-03-27 14:30:00+00:00,0.01070487592369318,0.010717839933931828,0.010687296278774738,0.010693206451833248,36331
2026-03-27 14:45:00+00:00,0.01071992889046669,0.01071992889046669,0.010695411823689938,0.010710446164011955,26326
2026-03-27 15:00:00+00:00,0.010759465396404266,0.010759465396404266,0.010718452744185925,0.010718452744185925,69925
2026-03-27 15:15:00+00:00,0.010727756656706333,0.010759728029370308,0.010721229016780853,0.010759728029370308,60836
2026-03-27 15:30:00+00:00,0.010746397078037262,0.010782756842672825,0.010735313408076763,0.010735313408076763,93203
2026-03-27 15:45:00+00:00,0.010727186687290668,0.010757205076515675,0.010727186687290668,0.010746984742581844,17767
2026-03-27 16:00:00+00:00,0.0106562664732337,0.010725629515945911,0.010644594207406044,0.010725629515945911,130610
2026-03-27 16:15:00+00:00,0.010667775757610798,0.010679295286536217,0.010655759833753109,0.010655759833753109,24694
2026-03-27 16:30:00+00:00,0.010680175386369228,0.010694282129406929,0.010669305920600891,0.010669305920600891,40016
2026-03-27 16:45:00+00:00,0.010705040767788887,0.010742940939962864,0.010685371235013008,0.010685371235013008,49443
2026-03-27 17:00:00+00:00,0.010690371505916119,0.010690371505916119,0.010655589401721954,0.0106862997636199,29688
2026-03-27 17:15:00+00:00,0.010630227625370026,0.010703541338443756,0.010630227625370026,0.010691347531974316,46745
2026-03-27 17:30:00+00:00,0.010620707646012306,0.010631684213876724,0.010620144195854664,0.010625671595335007,48138
2026-03-27 17:45:00+00:00,0.010613488033413887,0.010620860382914543,0.010608894750475883,0.010620860382914543,7251
2026-03-27 18:00:00+00:00,0.01065072137862444,0.010650991462171078,0.010613273829221725,0.010613273829221725,8569
2026-03-27 18:15:00+00:00,0.010614288970828056,0.010647310875356197,0.010612755082547665,0.010637630708515644,3642
2026-03-27 18:30:00+00:00,0.010636608116328716,0.01063874177634716,0.010613849386572838,0.010613849386572838,4011
2026-03-27 18:45:00+00:00,0.010644225403666496,0.010661207139492035,0.01063270028680563,0.010637031868100166,12064
2026-03-27 19:00:00+00:00,0.010609390214085579,0.010641083121299744,0.010602549649775028,0.010638434439897537,2840
2026-03-27 19:15:00+00:00,0.01065756194293499,0.01065939199179411,0.01061173900961876,0.01061173900961876,4948
2026-03-27 19:30:00+00:00,0.010673671029508114,0.010691864416003227,0.01067318208515644,0.010676852427423,0
2026-03-27 19:45:00+00:00,0.010672499425709248,0.010673879645764828,0.01065272931009531,0.010673879645764828,3130
2026-03-27 20:00:00+00:00,0.010689903981983662,0.010712374933063984,0.010680293664336205,0.010680293664336205,3140
2026-03-27 20:15:00+00:00,0.010649069212377071,0.010685483925044537,0.010649069212377071,0.010685483925044537,0
2026-03-27 20:30:00+00:00,0.010644510388374329,0.01064511388540268,0.010630845092236996,0.010640650987625122,0
2026-03-27 20:45:00+00:00,0.010669481940567493,0.010669481940567493,0.0106423394754529,0.0106423394754529,5972
2026-03-27 21:00:00+00:00,0.010672853328287601,0.010679799132049084,0.010669219307601452,0.010672708041965961,57
2026-03-27 21:15:00+00:00,0.010655355639755726,0.010669564828276634,0.010653089731931686,0.010669564828276634,9508
2026-03-27 21:30:00+00:00,0.010649829171597958,0.01067840214818716,0.010649829171597958,0.010664910078048706,695
2026-03-27 21:45:00+00:00,0.010649499483406544,0.01065677497535944,0.010646487586200237,0.010650042444467545,180
2026-03-27 22:00:00+00:00,0.01060816552489996,0.010648204013705254,0.0106068579480052,0.010648204013705254,827
2026-03-27 22:15:00+00:00,0.010576068423688412,0.010614578612148762,0.010576068423688412,0.010610014200210571,3149
2026-03-27 22:30:00+00:00,0.010556737892329693,0.010576137341558933,0.010554605163633823,0.010576137341558933,0
2026-03-27 22:45:00+00:00,0.01055350061506033,0.010568518191576004,0.01055350061506033,0.010557390749454498,1282
2026-03-27 23:00:00+00:00,0.010432242415845394,0.010552873834967613,0.01042501162737608,0.010552873834967613,55756
2026-03-27 23:15:00+00:00,0.010445200838148594,0.010445200838148594,0.01041529793292284,0.010427369736135006,3385
2026-03-27 23:30:00+00:00,0.010455102659761906,0.010471165180206299,0.010442930273711681,0.010442930273711681,0
2026-03-27 23:45:00+00:00,0.01047364342957735,0.010474889539182186,0.010465236380696297,0.010472853668034077,4137
2026-03-28 00:00:00+00:00,0.010466585867106915,0.010486301966011524,0.010466585867106915,0.01047367975115776,25
2026-03-28 00:15:00+00:00,0.01045292615890503,0.010468852706253529,0.010452143847942352,0.010467927902936935,1159
2026-03-28 00:30:00+00:00,0.010434404015541077,0.010468997992575169,0.010434404015541077,0.01045234128832817,4339
2026-03-28 00:45:00+00:00,0.010377716273069382,0.01042698509991169,0.010372140444815159,0.01042698509991169,69779
2026-03-28 01:00:00+00:00,0.010349639691412449,0.010382778011262417,0.010349639691412449,0.010377605445683002,5105
2026-03-28 01:15:00+00:00,0.010303470306098461,0.01032986119389534,0.010303470306098461,0.01032986119389534,4975
2026-03-28 01:30:00+00:00,0.010283461771905422,0.010310146026313305,0.010267320089042187,0.010310146026313305,30047
2026-03-28 01:45:00+00:00,0.010317693464457989,0.010318193584680557,0.01028346922248602,0.01028346922248602,29376
2026-03-28 02:00:00+00:00,0.010392708703875542,0.010392708703875542,0.01032225415110588,0.01032225415110588,0
2026-03-28 02:15:00+00:00,0.010369640775024891,0.010395661927759647,0.010368449613451958,0.010395139455795288,15453
2026-03-28 02:30:00+00:00,0.010345765389502048,0.01036959420889616,0.010345765389502048,0.01036959420889616,9422
2026-03-28 02:45:00+00:00,0.010369140654802322,0.010369140654802322,0.010347040370106697,0.010347040370106697,5947
2026-03-28 03:00:00+00:00,0.010415640659630299,0.01041586883366108,0.010369076393544674,0.010369076393544674,0
2026-03-28 03:15:00+00:00,0.010428431443870068,0.010430527850985527,0.010417010635137558,0.010417010635137558,0
2026-03-28 03:30:00+00:00,0.010429244488477707,0.010429535992443562,0.010424431413412094,0.01042839977890253,0
2026-03-28 03:45:00+00:00,0.010427807457745075,0.010436780750751495,0.010427807457745075,0.010429205372929573,0
2026-03-28 04:00:00+00:00,0.010403893887996674,0.010428977198898792,0.01040269061923027,0.010427874512970448,0
2026-03-28 04:15:00+00:00,0.010440575890243053,0.010440575890243053,0.010404028929769993,0.010405276902019978,0
2026-03-28 04:30:00+00:00,0.010445659048855305,0.010458863340318203,0.010438601486384869,0.010438601486384869,2101
2026-03-28 04:45:00+00:00,0.010450782254338264,0.010455017909407616,0.010444384068250656,0.010444384068250656,0
2026-03-28 05:00:00+00:00,0.010430678725242615,0.010451516136527061,0.010430678725242615,0.010451516136527061,87
2026-03-28 05:15:00+00:00,0.010473784059286118,0.010473784059286118,0.010430597700178623,0.010430597700178623,0
2026-03-28 05:30:00+00:00,0.010536699555814266,0.010536699555814266,0.01047496497631073,0.01047496497631073,37092
2026-03-28 05:45:00+00:00,0.010529746301472187,0.010538401082158089,0.01052673626691103,0.010538401082158089,15142
2026-03-28 06:00:00+00:00,0.010570988990366459,0.010571856983006,0.010528729297220707,0.010528729297220707,0
2026-03-28 06:15:00+00:00,0.010616273619234562,0.010617416352033615,0.010571303777396679,0.010571303777396679,19329
2026-03-28 06:30:00+00:00,0.010605279356241226,0.010621638037264347,0.01060250774025917,0.010621421970427036,7600
2026-03-28 06:45:00+00:00,0.010625822469592094,0.010631658136844635,0.010600350797176361,0.010605034418404102,1045
2026-03-28 07:00:00+00:00,0.01060783676803112,0.010629897937178612,0.010607797652482986,0.010629008524119854,0
2026-03-28 07:15:00+00:00,0.010597010143101215,0.010612036101520061,0.010593446902930737,0.010612036101520061,0
2026-03-28 07:30:00+00:00,0.010618283413350582,0.010619820095598698,0.010600529611110687,0.010600529611110687,0
2026-03-28 07:45:00+00:00,0.010641640983521938,0.010641640983521938,0.010618286207318306,0.010618286207318306,4487
2026-03-28 08:00:00+00:00,0.010635438375175,0.010642546229064465,0.01063517015427351,0.010642414912581444,4290
2026-03-28 08:15:00+00:00,0.010647597722709179,0.010647597722709179,0.010629585944116116,0.010633901692926884,0
2026-03-28 08:30:00+00:00,0.010632932186126709,0.010661395266652107,0.01063279714435339,0.010647481307387352,2705
2026-03-28 08:45:00+00:00,0.010580121539533138,0.010629578493535519,0.010578863322734833,0.010629578493535519,0
2026-03-28 09:00:00+00:00,0.010544748976826668,0.010580080561339855,0.01054467260837555,0.010580080561339855,0
2026-03-28 09:15:00+00:00,0.010511266067624092,0.01054459623992443,0.010511237196624279,0.01054459623992443,2654
2026-03-28 09:30:00+00:00,0.010471542365849018,0.010509955696761608,0.010469498112797737,0.010509955696761608,2754
2026-03-28 09:45:00+00:00,0.01049082726240158,0.010492511093616486,0.010471433401107788,0.010471622459590435,8192
2026-03-28 10:00:00+00:00,0.010545370168983936,0.010548331774771214,0.010490833781659603,0.010490833781659603,0
2026-03-28 10:15:00+00:00,0.010517824441194534,0.01055432204157114,0.010517824441194534,0.0105493925511837,0
2026-03-28 10:30:00+00:00,0.010517572984099388,0.010517572984099388,0.010494211688637733,0.010517165996134281,0
2026-03-28 10:45:00+00:00,0.010527410544455051,0.010527410544455051,0.01051563210785389,0.010517376475036144,0
2026-03-28 11:00:00+00:00,0.010533193126320839,0.01054427120834589,0.010523294098675251,0.010526224970817566,0
2026-03-28 11:15:00+00:00,0.010529079474508762,0.01053221058100462,0.010519185103476048,0.01053221058100462,0
2026-03-28 11:30:00+00:00,0.010556028224527836,0.010556028224527836,0.010529917664825916,0.010530119761824608,7822
2026-03-28 11:45:00+00:00,0.010558008216321468,0.010561715811491013,0.010555519722402096,0.010561715811491013,927
2026-03-28 12:00:00+00:00,0.010560881346464157,0.010573265142738819,0.010559173300862312,0.010559641756117344,0
2026-03-28 12:15:00+00:00,0.010588216595351696,0.010594253428280354,0.010561109520494938,0.010561109520494938,7481
2026-03-28 12:30:00+00:00,0.010519209317862988,0.010587991215288639,0.010518934577703476,0.010587991215288639,0
2026-03-28 12:45:00+00:00,0.010531901381909847,0.010531901381909847,0.010514956898987293,0.01052053738385439,0
2026-03-28 13:00:00+00:00,0.010566684417426586,0.010566684417426586,0.010530708357691765,0.010530708357691765,398
2026-03-28 13:15:00+00:00,0.01059127226471901,0.010606030933558941,0.010566528886556625,0.010566528886556625,0
2026-03-28 13:30:00+00:00,0.010702786035835743,0.010705319233238697,0.010598622262477875,0.010598622262477875,0
2026-03-28 13:45:00+00:00,0.010669947601854801,0.010708910413086414,0.010668858885765076,0.010708537884056568,0
2026-03-28 14:00:00+00:00,0.010653574019670486,0.010670050047338009,0.010653098113834858,0.010670050047338009,23593
2026-03-28 14:15:00+00:00,0.010622996836900711,0.010636706836521626,0.010612281039357185,0.010636706836521626,0
2026-03-28 14:30:00+00:00,0.01061470340937376,0.010622816160321236,0.010604318231344223,0.010622816160321236,0
2026-03-28 14:45:00+00:00,0.010584700852632523,0.010623280890285969,0.010584700852632523,0.010614885948598385,2417
2026-03-28 15:00:00+00:00,0.010600434616208076,0.010600434616208076,0.010579923167824745,0.010588382370769978,0
2026-03-28 15:15:00+00:00,0.010666617192327976,0.010685226880013943,0.010602626949548721,0.010602626949548721,2209
2026-03-28 15:30:00+00:00,0.01063129585236311,0.010662841610610485,0.01063129585236311,0.010662841610610485,0
2026-03-28 15:45:00+00:00,0.010615936480462551,0.010630848817527294,0.01061267126351595,0.010630848817527294,0
2026-03-28 16:00:00+00:00,0.010604730807244778,0.01061251387000084,0.010596291162073612,0.010611721314489841,0
2026-03-28 16:15:00+00:00,0.01057422999292612,0.010602863505482674,0.01057422999292612,0.010602863505482674,1321
2026-03-28 16:30:00+00:00,0.010541410185396671,0.01057418342679739,0.010541410185396671,0.01057418342679739,2022
2026-03-28 16:45:00+00:00,0.010544045828282833,0.010544045828282833,0.01052818913012743,0.010538820177316666,0
2026-03-28 17:00:00+00:00,0.01056812796741724,0.01057418342679739,0.010546225123107433,0.010546225123107433,0
2026-03-28 17:15:00+00:00,0.010539058595895767,0.0105667719617486,0.010538863018155098,0.010565672069787979,0
2026-03-28 17:30:00+00:00,0.010539742186665535,0.01054115779697895,0.010519576258957386,0.01054115779697895,1903
2026-03-28 17:45:00+00:00,0.010522614233195782,0.01053816918283701,0.01051366701722145,0.01053816918283701,4696
2026-03-28 18:00:00+00:00,0.010519799776375294,0.010527663864195347,0.010518476366996765,0.010522500611841679,0
2026-03-28 18:15:00+00:00,0.010519961826503277,0.010530655272305012,0.01051758136600256,0.010522889904677868,0
2026-03-28 18:30:00+00:00,0.0105246901512146,0.0105246901512146,0.010515427216887474,0.010519986972212791,0
2026-03-28 18:45:00+00:00,0.010539981536567211,0.010546337813138962,0.010524674318730831,0.010524674318730831,0
2026-03-28 19:00:00+00:00,0.010521803982555866,0.010539861395955086,0.010521803982555866,0.010539861395955086,9159
2026-03-28 19:15:00+00:00,0.010519568808376789,0.010519568808376789,0.010504919104278088,0.010519195348024368,8634
2026-03-28 19:30:00+00:00,0.010558095760643482,0.010558095760643482,0.010519455187022686,0.010519455187022686,0
2026-03-28 19:45:00+00:00,0.010553298518061638,0.010555972345173359,0.010547357611358166,0.01055452786386013,1429
2026-03-28 20:00:00+00:00,0.010580185800790787,0.010591885074973106,0.010555729269981384,0.010555729269981384,12684
2026-03-28 20:15:00+00:00,0.010568433441221714,0.01058733370155096,0.010567821562290192,0.010581760667264462,0
2026-03-28 20:30:00+00:00,0.010541711002588272,0.010566901415586472,0.010541711002588272,0.010566901415586472,0
2026-03-28 20:45:00+00:00,0.01054911594837904,0.01054911594837904,0.010540780611336231,0.010541429743170738,1511
2026-03-28 21:00:00+00:00,0.01052049733698368,0.010553133673965931,0.01052049733698368,0.010551041923463345,0
2026-03-28 21:15:00+00:00,0.010507862083613873,0.010520302690565586,0.010506669990718365,0.010520302690565586,0
2026-03-28 21:30:00+00:00,0.010512624867260456,0.010515413247048855,0.010507805272936821,0.010507805272936821,2784
2026-03-28 21:45:00+00:00,0.010497150011360645,0.010515660047531128,0.010497150011360645,0.010511862114071846,20579
2026-03-28 22:00:00+00:00,0.010477844625711441,0.010500544682145119,0.010477844625711441,0.01049629133194685,0
2026-03-28 22:15:00+00:00,0.010541640222072601,0.010542025789618492,0.010474530048668385,0.01047816127538681,14142
2026-03-28 22:30:00+00:00,0.010544940829277039,0.010545967146754265,0.010539180599153042,0.010543610900640488,2434
2026-03-28 22:45:00+00:00,0.01053446251899004,0.010548070073127747,0.01053446251899004,0.010544784367084503,1496
2026-03-28 23:00:00+00:00,0.01048020739108324,0.010542095638811588,0.010479781776666641,0.010534008964896202,0
2026-03-28 23:15:00+00:00,0.010501687414944172,0.01050199382007122,0.010485082864761353,0.010485082864761353,5725
2026-03-28 23:30:00+00:00,0.010491843335330486,0.010504849255084991,0.01049181167036295,0.010501660406589508,0
2026-03-28 23:45:00+00:00,0.010474092327058315,0.010487482883036137,0.010469943284988403,0.010487482883036137,142
2026-03-29 00:00:00+00:00,0.010456808842718601,0.01048070564866066,0.010456576943397522,0.01047416590154171,38802
2026-03-29 00:15:00+00:00,0.010420133359730244,0.01045528706163168,0.010415376164019108,0.01045528706163168,2333
2026-03-29 00:30:00+00:00,0.010432487353682518,0.010441037826240063,0.010422304272651672,0.010422304272651672,21475
2026-03-29 00:45:00+00:00,0.010442115366458893,0.010445107705891132,0.010430320166051388,0.010430470108985901,0
2026-03-29 01:00:00+00:00,0.010458676144480705,0.010458908043801785,0.01044258289039135,0.010443001054227352,5738
2026-03-29 01:15:00+00:00,0.010469944216310978,0.010486219078302383,0.01045868918299675,0.01045868918299675,12750
2026-03-29 01:30:00+00:00,0.01043788343667984,0.010471879504621029,0.01043509878218174,0.010471879504621029,0
2026-03-29 01:45:00+00:00,0.010441571474075317,0.010441571474075317,0.010429639369249344,0.010437552817165852,0
2026-03-29 02:00:00+00:00,0.010430790483951569,0.01044459082186222,0.010427026078104973,0.010443086735904217,0
2026-03-29 02:15:00+00:00,0.010428096167743206,0.010431088507175446,0.010423517785966396,0.010430652648210526,0
2026-03-29 02:30:00+00:00,0.010433027520775795,0.010433227755129337,0.010422538965940475,0.010428182780742645,1950
2026-03-29 02:45:00+00:00,0.010415220633149147,0.010437311604619026,0.010415220633149147,0.010433600284159184,1610
2026-03-29 03:00:00+00:00,0.01039870548993349,0.010414361953735352,0.010398022830486298,0.010414361953735352,10442
2026-03-29 03:15:00+00:00,0.010431032627820969,0.010436124168336391,0.010398399084806442,0.010398399084806442,20357
2026-03-29 03:30:00+00:00,0.010414169169962406,0.010431213304400444,0.010414126329123974,0.010431213304400444,13359
2026-03-29 03:45:00+00:00,0.010421701706945896,0.010421701706945896,0.0104088569059968,0.010414247401058674,2683
2026-03-29 04:00:00+00:00,0.010470717214047909,0.010470841079950333,0.010430063121020794,0.010430063121020794,10889
2026-03-29 04:15:00+00:00,0.010466870851814747,0.010482574813067913,0.010466870851814747,0.01047359686344862,0
2026-03-29 04:30:00+00:00,0.010499254800379276,0.010499254800379276,0.010459781624376774,0.010466796346008778,287
2026-03-29 04:45:00+00:00,0.010526918806135654,0.010526918806135654,0.01049638632684946,0.010499494150280952,2424
2026-03-29 05:00:00+00:00,0.01048392802476883,0.01052055973559618,0.01048392802476883,0.010511868633329868,1684
2026-03-29 05:15:00+00:00,0.010454372502863407,0.010483670979738235,0.010454372502863407,0.010483670979738235,8702
2026-03-29 05:30:00+00:00,0.010461109690368176,0.010461109690368176,0.010446804575622082,0.010454499162733555,0
2026-03-29 05:45:00+00:00,0.010469134896993637,0.010469524189829826,0.010461115278303623,0.010461115278303623,1103
2026-03-29 06:00:00+00:00,0.010456469841301441,0.010472285561263561,0.010454355739057064,0.010469065047800541,0
2026-03-29 06:15:00+00:00,0.010464380495250225,0.010470202192664146,0.010456464253365993,0.010456464253365993,18376
2026-03-29 06:30:00+00:00,0.010480652563273907,0.010484209284186363,0.010464263148605824,0.010464263148605824,23212
2026-03-29 06:45:00+00:00,0.010499943979084492,0.010510414838790894,0.010473889298737049,0.010480526834726334,20315
2026-03-29 07:00:00+00:00,0.01046650018543005,0.010499841533601284,0.010465503670275211,0.010499841533601284,0
2026-03-29 07:15:00+00:00,0.010473953559994698,0.010473953559994698,0.010462561622262001,0.010465778410434723,669
2026-03-29 07:30:00+00:00,0.010468044318258762,0.01049351692199707,0.010468044318258762,0.010474005714058876,6016
2026-03-29 07:45:00+00:00,0.010456055402755737,0.010468617081642151,0.010453326627612114,0.010468131862580776,0
2026-03-29 08:00:00+00:00,0.010434313677251339,0.010451155714690685,0.010434313677251339,0.010451155714690685,0
2026-03-29 08:15:00+00:00,0.010434361174702644,0.010435988195240498,0.01042912807315588,0.01043432392179966,0
2026-03-29 08:30:00+00:00,0.01045049075037241,0.010453098453581333,0.010434064082801342,0.010434064082801342,0
2026-03-29 08:45:00+00:00,0.010454055853188038,0.010454980656504631,0.010450759902596474,0.010450759902596474,0
2026-03-29 09:00:00+00:00,0.01048243883997202,0.010494813323020935,0.01045389473438263,0.010454011149704456,18442
2026-03-29 09:15:00+00:00,0.010472739115357399,0.010497051291167736,0.010472603142261505,0.01048276200890541,53369
2026-03-29 09:30:00+00:00,0.010467886924743652,0.01046794280409813,0.010454688221216202,0.010463367216289043,16373
2026-03-29 09:45:00+00:00,0.010449100285768509,0.010467787273228168,0.010449100285768509,0.010467787273228168,0
2026-03-29 10:00:00+00:00,0.010422495193779469,0.010449077002704144,0.01042237039655447,0.010449077002704144,642
2026-03-29 10:15:00+00:00,0.010373324155807495,0.010423369705677032,0.010373324155807495,0.010423369705677032,35963
2026-03-29 10:30:00+00:00,0.010348161682486534,0.010373558849096298,0.010341390036046505,0.010373558849096298,8190
2026-03-29 10:45:00+00:00,0.010376106016337872,0.010380866937339306,0.010364449582993984,0.010364449582993984,12827
2026-03-29 11:00:00+00:00,0.010415870696306229,0.010416551493108273,0.010369982570409775,0.0103702861815691,6594
2026-03-29 11:15:00+00:00,0.01038530096411705,0.010417244397103786,0.010383493266999722,0.010413390584290028,4440
2026-03-29 11:30:00+00:00,0.010411403141915798,0.010411804541945457,0.010386401787400246,0.010387361980974674,854
2026-03-29 11:45:00+00:00,0.010402233339846134,0.010419163852930069,0.010402233339846134,0.010413375683128834,0
2026-03-29 12:00:00+00:00,0.010370345786213875,0.010409770533442497,0.010370036587119102,0.010409770533442497,270
2026-03-29 12:15:00+00:00,0.010342190973460674,0.010366440750658512,0.010341672226786613,0.010366440750658512,0
2026-03-29 12:30:00+00:00,0.010318252258002758,0.01034250482916832,0.010318252258002758,0.010342240333557129,0
2026-03-29 12:45:00+00:00,0.010337519459426403,0.010337519459426403,0.010291967540979385,0.01030296552926302,37018
2026-03-29 13:00:00+00:00,0.010301457718014717,0.010338145308196545,0.010291187092661858,0.010337421670556068,1428
2026-03-29 13:15:00+00:00,0.010359187610447407,0.010359187610447407,0.010301965288817883,0.010301965288817883,19717
2026-03-29 13:30:00+00:00,0.010388525202870369,0.010391518473625183,0.010356970131397247,0.010356970131397247,1254
2026-03-29 13:45:00+00:00,0.010332108475267887,0.010386197827756405,0.010331718251109123,0.010386197827756405,1539
2026-03-29 14:00:00+00:00,0.010370108298957348,0.010370108298957348,0.010314526036381721,0.010335911065340042,1034
2026-03-29 14:15:00+00:00,0.010345731861889362,0.010364660993218422,0.010345700196921825,0.010363049805164337,0
2026-03-29 14:30:00+00:00,0.010337397456169128,0.010354028083384037,0.010337397456169128,0.010346082039177418,5844
2026-03-29 14:45:00+00:00,0.010342160239815712,0.010342160239815712,0.01033213920891285,0.010338698513805866,15051
2026-03-29 15:00:00+00:00,0.010366435162723064,0.010385303758084774,0.010345322079956532,0.010345322079956532,1764
2026-03-29 15:15:00+00:00,0.010346479713916779,0.010372702963650227,0.01034379843622446,0.010367262177169323,0
2026-03-29 15:30:00+00:00,0.010364538058638573,0.010364538058638573,0.010341070592403412,0.010346797294914722,0
2026-03-29 15:45:00+00:00,0.010371396318078041,0.010373428463935852,0.010359318926930428,0.010364287532866001,767
2026-03-29 16:00:00+00:00,0.010372966527938843,0.010381174273788929,0.010370886884629726,0.01037632767111063,3924
2026-03-29 16:15:00+00:00,0.010414903052151203,0.010419421829283237,0.010370283387601376,0.01037102472037077,4398
2026-03-29 16:30:00+00:00,0.010379122570157051,0.010415018536150455,0.010379094630479813,0.010415018536150455,0
2026-03-29 16:45:00+00:00,0.010366673581302166,0.010378165170550346,0.01036651711910963,0.010378165170550346,0
2026-03-29 17:00:00+00:00,0.010352828539907932,0.010370919480919838,0.010350901633501053,0.010365759953856468,7414
2026-03-29 17:15:00+00:00,0.010304723866283894,0.010351466946303844,0.010297898203134537,0.010351466946303844,11112
2026-03-29 17:30:00+00:00,0.010343574918806553,0.010343574918806553,0.010305104777216911,0.010305104777216911,11495
2026-03-29 17:45:00+00:00,0.010346082970499992,0.010355186648666859,0.010340380482375622,0.010344534181058407,3062
2026-03-29 18:00:00+00:00,0.010326981544494629,0.010348271578550339,0.010319827124476433,0.010346014983952045,443
2026-03-29 18:15:00+00:00,0.010327612981200218,0.010334296151995659,0.010325157083570957,0.010328663513064384,0
2026-03-29 18:30:00+00:00,0.01036858931183815,0.01036858931183815,0.010327289812266827,0.010327289812266827,14906
2026-03-29 18:45:00+00:00,0.010367810726165771,0.010374531149864197,0.010367810726165771,0.010368441231548786,2341
2026-03-29 19:00:00+00:00,0.010337729007005692,0.010365727357566357,0.010337729007005692,0.010363411158323288,0
2026-03-29 19:15:00+00:00,0.010333131067454815,0.010348658077418804,0.010328845120966434,0.010335596278309822,22018
2026-03-29 19:30:00+00:00,0.010319681838154793,0.010334099642932415,0.010318903252482414,0.010333050973713398,5585
2026-03-29 19:45:00+00:00,0.010320489294826984,0.010322663933038712,0.01031823456287384,0.010319625958800316,0
2026-03-29 20:00:00+00:00,0.010349096730351448,0.010351165197789669,0.01031514722853899,0.010320239700376987,0
2026-03-29 20:15:00+00:00,0.01037949975579977,0.01037949975579977,0.010342479683458805,0.010349166579544544,22766
2026-03-29 20:30:00+00:00,0.010373839177191257,0.010392088443040848,0.010369427502155304,0.01037916075438261,11456
2026-03-29 20:45:00+00:00,0.010377100668847561,0.010377283208072186,0.010356239043176174,0.010374220088124275,17069
2026-03-29 21:00:00+00:00,0.010412233881652355,0.010413408279418945,0.010371135547757149,0.010377300903201103,2964
2026-03-29 21:15:00+00:00,0.010403674095869064,0.010412290692329407,0.010403674095869064,0.010412290692329407,13207
2026-03-29 21:30:00+00:00,0.010407407768070698,0.010408940725028515,0.010386993177235126,0.01040401216596365,33621
2026-03-29 21:45:00+00:00,0.01039478462189436,0.010404850356280804,0.010388143360614777,0.010404850356280804,0
2026-03-29 22:00:00+00:00,0.010327868163585663,0.010394640266895294,0.010327868163585663,0.010394640266895294,22931
2026-03-29 22:15:00+00:00,0.010343380272388458,0.010366817936301231,0.010328390635550022,0.010328390635550022,7035
2026-03-29 22:30:00+00:00,0.01024665217846632,0.010345084592700005,0.01024419441819191,0.010344150476157665,46972
2026-03-29 22:45:00+00:00,0.010198185220360756,0.010249262675642967,0.010110828094184399,0.010249262675642967,188306
2026-03-29 23:00:00+00:00,0.010231717489659786,0.010231717489659786,0.010193553753197193,0.010193553753197193,30240
2026-03-29 23:15:00+00:00,0.010215929709374905,0.010242358781397343,0.010215929709374905,0.010233039036393166,14322
2026-03-29 23:30:00+00:00,0.010228492319583893,0.0102323517203331,0.01021614857017994,0.01021614857017994,32040
2026-03-29 23:45:00+00:00,0.01025929395109415,0.010267972014844418,0.010228341445326805,0.010228341445326805,49485
2026-03-30 00:00:00+00:00,0.010286442004144192,0.010286442004144192,0.01025986485183239,0.01025986485183239,2971
2026-03-30 00:15:00+00:00,0.01044935081154108,0.01045314222574234,0.010289691388607025,0.010291342623531818,109897
2026-03-30 00:30:00+00:00,0.010407958179712296,0.010465036146342754,0.010405945591628551,0.010456277057528496,27213
2026-03-30 00:45:00+00:00,0.010393574833869934,0.01040625013411045,0.01038617268204689,0.01040625013411045,4721
2026-03-30 01:00:00+00:00,0.01042965054512024,0.010452400892972946,0.010393805801868439,0.010393805801868439,4818
2026-03-30 01:15:00+00:00,0.010434860363602638,0.010434860363602638,0.010406026616692543,0.01043025404214859,3785
2026-03-30 01:30:00+00:00,0.010441137477755547,0.010449911467730999,0.010435039177536964,0.010435039177536964,20986
2026-03-30 01:45:00+00:00,0.010451486334204674,0.01045969221740961,0.010440219193696976,0.010440219193696976,5884
2026-03-30 02:00:00+00:00,0.010470381006598473,0.010473092086613178,0.010452182963490486,0.010452182963490486,7080
2026-03-30 02:15:00+00:00,0.010460415855050087,0.010476302355527878,0.010456031188368797,0.010474980808794498,11960
2026-03-30 02:30:00+00:00,0.010445110499858856,0.010463815182447433,0.010442772880196571,0.010456954129040241,4708
2026-03-30 02:45:00+00:00,0.010498518124222755,0.010506209917366505,0.010445110499858856,0.010445110499858856,68622
2026-03-30 03:00:00+00:00,0.010446734726428986,0.010498518124222755,0.010446734726428986,0.010498518124222755,3717
2026-03-30 03:15:00+00:00,0.010465007275342941,0.010465042665600777,0.010426906868815422,0.01044604741036892,32251
2026-03-30 03:30:00+00:00,0.010496195405721664,0.010496195405721664,0.010465341620147228,0.010465341620147228,2854
2026-03-30 03:45:00+00:00,0.010505909100174904,0.010513774119317532,0.010495825670659542,0.010495825670659542,8974
2026-03-30 04:00:00+00:00,0.0105657447129488,0.010565787553787231,0.01050565019249916,0.01050565019249916,8842
2026-03-30 04:15:00+00:00,0.01059772353619337,0.01059772353619337,0.010565324686467648,0.010566656477749348,17090
2026-03-30 04:30:00+00:00,0.010558283887803555,0.010610070079565048,0.010557974688708782,0.010595670901238918,48398
2026-03-30 04:45:00+00:00,0.010579402558505535,0.01057974062860012,0.01055849064141512,0.01055849064141512,15159
2026-03-30 05:00:00+00:00,0.0106082484126091,0.0106082484126091,0.0105812456458807,0.0105812456458807,9053
2026-03-30 05:15:00+00:00,0.01056835800409317,0.010610954836010933,0.01056575309485197,0.010607872158288956,20971
2026-03-30 05:30:00+00:00,0.010524186305701733,0.010568005964159966,0.010524186305701733,0.010568005964159966,21991
2026-03-30 05:45:00+00:00,0.010521449148654938,0.010526422411203384,0.010516486130654812,0.010526422411203384,3703
2026-03-30 06:00:00+00:00,0.010450677946209908,0.010532648302614689,0.010445773601531982,0.010523864068090916,252210
2026-03-30 06:15:00+00:00,0.010446097701787949,0.010453262366354465,0.010443787090480328,0.010451664216816425,19248
2026-03-30 06:30:00+00:00,0.010432060807943344,0.010448579676449299,0.010432042181491852,0.010445625521242619,6484
2026-03-30 06:45:00+00:00,0.010450080037117004,0.01046659518033266,0.010434270836412907,0.010441542603075504,0
2026-03-30 07:00:00+00:00,0.010480508208274841,0.010481312870979309,0.01044967956840992,0.01044967956840992,17962
2026-03-30 07:15:00+00:00,0.010451178066432476,0.01047819759696722,0.010451178066432476,0.01047819759696722,8188
2026-03-30 07:30:00+00:00,0.010428451001644135,0.010456983000040054,0.010425281710922718,0.01045377366244793,7609
2026-03-30 07:45:00+00:00,0.010489273816347122,0.010489273816347122,0.010428125970065594,0.010428139008581638,39508
2026-03-30 08:00:00+00:00,0.01051595713943243,0.010524561628699303,0.01048918068408966,0.01048918068408966,20600
2026-03-30 08:15:00+00:00,0.010513887740671635,0.010523988865315914,0.010511301457881927,0.01051616482436657,20707
2026-03-30 08:30:00+00:00,0.010516687296330929,0.010529291816055775,0.010513906367123127,0.010513906367123127,31233
2026-03-30 08:45:00+00:00,0.01047908328473568,0.01051920186728239,0.01047908328473568,0.01051920186728239,11525
2026-03-30 09:00:00+00:00,0.010455984622240067,0.010479039512574673,0.010455984622240067,0.010479039512574673,849
2026-03-30 09:15:00+00:00,0.010423177853226662,0.010458825156092644,0.010423177853226662,0.010455011390149593,10813
2026-03-30 09:30:00+00:00,0.01039544865489006,0.01042892225086689,0.01039544865489006,0.010423487052321434,7836
2026-03-30 09:45:00+00:00,0.010405028238892555,0.010405028238892555,0.010387350805103779,0.010393228381872177,25485
2026-03-30 10:00:00+00:00,0.010382527485489845,0.010404788888990879,0.010379298590123653,0.010404788888990879,524
2026-03-30 10:15:00+00:00,0.010379929095506668,0.010392865166068077,0.010379929095506668,0.010385443456470966,8143
2026-03-30 10:30:00+00:00,0.010387958958745003,0.010387958958745003,0.010354074649512768,0.010379972867667675,10485
2026-03-30 10:45:00+00:00,0.010409173555672169,0.010422712191939354,0.010388216935098171,0.010389219038188457,5042
2026-03-30 11:00:00+00:00,0.010390041396021843,0.010406018234789371,0.010387236252427101,0.010406018234789371,6958
2026-03-30 11:15:00+00:00,0.010438774712383747,0.010454989969730377,0.010391345247626305,0.010391345247626305,94467
2026-03-30 11:30:00+00:00,0.010412951931357384,0.010443031787872314,0.010405437089502811,0.010443031787872314,37993
2026-03-30 11:45:00+00:00,0.01039783377200365,0.010426306165754795,0.01039783377200365,0.010412354953587055,2879
2026-03-30 12:00:00+00:00,0.010419861413538456,0.0104219364002347,0.01039215736091137,0.010397875681519508,3988
2026-03-30 12:15:00+00:00,0.010382229462265968,0.010420529171824455,0.010382229462265968,0.010420529171824455,1789
2026-03-30 12:30:00+00:00,0.010389336384832859,0.010404405184090137,0.010389336384832859,0.01039116457104683,42992
2026-03-30 12:45:00+00:00,0.010392963886260986,0.010392963886260986,0.010384829714894295,0.010389933362603188,43
2026-03-30 13:00:00+00:00,0.010402406565845013,0.01041513029485941,0.010392800904810429,0.010392800904810429,5482
2026-03-30 13:15:00+00:00,0.01043711882084608,0.010437197983264923,0.010402805171906948,0.010402805171906948,16009
2026-03-30 13:30:00+00:00,0.010445043444633484,0.010455538518726826,0.010423467494547367,0.01043680775910616,15306
2026-03-30 13:45:00+00:00,0.010452483780682087,0.010465271770954132,0.0104368282482028,0.010441303253173828,45527
2026-03-30 14:00:00+00:00,0.010460575111210346,0.010473649017512798,0.010448324494063854,0.010454540140926838,11406
2026-03-30 14:15:00+00:00,0.010496994480490685,0.010496994480490685,0.010468521155416965,0.010472019203007221,32418
2026-03-30 14:30:00+00:00,0.010468910448253155,0.010490914806723595,0.010450470261275768,0.010490914806723595,18183
2026-03-30 14:45:00+00:00,0.010478977113962173,0.010481860488653183,0.010453124530613422,0.010463088750839233,29271
2026-03-30 15:00:00+00:00,0.01039263978600502,0.010480603203177452,0.010391362011432648,0.010478943586349487,63822
2026-03-30 15:15:00+00:00,0.010371075011789799,0.010392557829618454,0.010368749499320984,0.010392557829618454,7225
2026-03-30 15:30:00+00:00,0.010425704531371593,0.010433957912027836,0.010371830314397812,0.010371830314397812,5575
2026-03-30 15:45:00+00:00,0.010415545664727688,0.010429531335830688,0.010412652976810932,0.010414235293865204,10062
2026-03-30 16:00:00+00:00,0.010443907231092453,0.010449483059346676,0.010419417172670364,0.01042039506137371,1512
2026-03-30 16:15:00+00:00,0.01041434332728386,0.010446381755173206,0.010413783602416515,0.010446381755173206,2776
2026-03-30 16:30:00+00:00,0.010398843325674534,0.010422969236969948,0.010396779514849186,0.010413967072963715,3265
2026-03-30 16:45:00+00:00,0.010374770499765873,0.010399109683930874,0.010369471274316311,0.010399109683930874,11975
2026-03-30 17:00:00+00:00,0.010387145914137363,0.010401216335594654,0.010378552600741386,0.010378552600741386,26062
2026-03-30 17:15:00+00:00,0.010308142751455307,0.010389283299446106,0.010307514108717442,0.010389283299446106,24402
2026-03-30 17:30:00+00:00,0.01027880422770977,0.01030812505632639,0.01027880422770977,0.010305628180503845,44784
2026-03-30 17:45:00+00:00,0.010288996621966362,0.01030510850250721,0.010284713469445705,0.010284713469445705,36050
2026-03-30 18:00:00+00:00,0.010252154432237148,0.010297036729753017,0.010252154432237148,0.010289493948221207,4911
2026-03-30 18:15:00+00:00,0.010229749605059624,0.010259944945573807,0.010225257836282253,0.010252298787236214,14804
2026-03-30 18:30:00+00:00,0.01024431362748146,0.01024839747697115,0.010231233201920986,0.010231233201920986,7298
2026-03-30 18:45:00+00:00,0.010210149921476841,0.010248644277453423,0.010210149921476841,0.010247183963656425,52015
2026-03-30 19:00:00+00:00,0.010145173408091068,0.010200215503573418,0.010145173408091068,0.010200215503573418,84118
2026-03-30 19:15:00+00:00,0.010152606293559074,0.010152606293559074,0.010141100734472275,0.010146555490791798,17774
2026-03-30 19:30:00+00:00,0.010114658623933792,0.010158577002584934,0.010114658623933792,0.01015540398657322,18866
2026-03-30 19:45:00+00:00,0.010193907655775547,0.010193907655775547,0.010114332661032677,0.010115019045770168,27300
2026-03-30 20:00:00+00:00,0.01018390990793705,0.010208134539425373,0.01018390990793705,0.010194641537964344,5746
2026-03-30 20:15:00+00:00,0.0102017717435956,0.010202688165009022,0.010180051438510418,0.010184135288000107,3889
2026-03-30 20:30:00+00:00,0.010176985524594784,0.01020179782062769,0.010174600407481194,0.01020179782062769,0
2026-03-30 20:45:00+00:00,0.010180090554058552,0.010188700631260872,0.01016805786639452,0.010177253745496273,1590
2026-03-30 21:00:00+00:00,0.010247561149299145,0.010247561149299145,0.0101796705275774,0.0101796705275774,59870
2026-03-30 21:15:00+00:00,0.010270350612699986,0.010270508006215096,0.010248284786939621,0.010248863138258457,0
2026-03-30 21:30:00+00:00,0.010259299539029598,0.010270616970956326,0.010251476429402828,0.010270616970956326,0
2026-03-30 21:45:00+00:00,0.010246966034173965,0.010265788063406944,0.010246281512081623,0.010264035314321518,734
2026-03-30 22:00:00+00:00,0.01022416539490223,0.010246261022984982,0.01022416539490223,0.010246261022984982,0
2026-03-30 22:15:00+00:00,0.010241934098303318,0.01024243887513876,0.010227869264781475,0.010228064842522144,1367
2026-03-30 22:30:00+00:00,0.010226349346339703,0.010236095637083054,0.010221187956631184,0.010236095637083054,0
2026-03-30 22:45:00+00:00,0.010203191079199314,0.010229243896901608,0.010199245996773243,0.010229243896901608,0
2026-03-30 23:00:00+00:00,0.010126970708370209,0.010203304700553417,0.010119732469320297,0.010203304700553417,0
2026-03-30 23:15:00+00:00,0.010168918408453465,0.010168918408453465,0.010124382562935352,0.010124382562935352,0
2026-03-30 23:30:00+00:00,0.010192896239459515,0.010192896239459515,0.010168890468776226,0.010168890468776226,1009
2026-03-30 23:45:00+00:00,0.010200797580182552,0.010203501209616661,0.0101900864392519,0.01019313558936119,69602
2026-03-31 00:00:00+00:00,0.010216634720563889,0.010219571180641651,0.010207101702690125,0.010207828134298325,5058
2026-03-31 00:15:00+00:00,0.010232464410364628,0.010232464410364628,0.010210121050477028,0.010218771174550056,0
2026-03-31 00:30:00+00:00,0.010240276344120502,0.010243263095617294,0.010225535370409489,0.010232425294816494,0
2026-03-31 00:45:00+00:00,0.010234922170639038,0.010276311077177525,0.010234512388706207,0.010270931757986546,21373
2026-03-31 01:00:00+00:00,0.010240740142762661,0.010252865962684155,0.01023357454687357,0.010234854184091091,0
2026-03-31 01:15:00+00:00,0.010312153957784176,0.01032240316271782,0.01024096179753542,0.01024096179753542,53595
2026-03-31 01:30:00+00:00,0.010351445525884628,0.010367810726165771,0.010317844338715076,0.010317844338715076,61182
2026-03-31 01:45:00+00:00,0.010333296842873096,0.010351012460887432,0.010321615263819695,0.010350802913308144,6379
2026-03-31 02:00:00+00:00,0.010332166217267513,0.010340706445276737,0.010331263765692711,0.010332133620977402,2103
2026-03-31 02:15:00+00:00,0.010353132151067257,0.010355648584663868,0.010332236997783184,0.010332236997783184,2203
2026-03-31 02:30:00+00:00,0.010357411578297615,0.010358046740293503,0.010348807089030743,0.01035425253212452,13125
2026-03-31 02:45:00+00:00,0.010372724384069443,0.01037460658699274,0.010357900522649288,0.010357900522649288,0
2026-03-31 03:00:00+00:00,0.010371456854045391,0.01037544570863247,0.010356327518820763,0.01037544570863247,0
2026-03-31 03:15:00+00:00,0.010358789004385471,0.010371827520430088,0.010358789004385471,0.010371827520430088,0
2026-03-31 03:30:00+00:00,0.010343540459871292,0.010363231413066387,0.010341072455048561,0.010361313819885254,13763
2026-03-31 03:45:00+00:00,0.010359711945056915,0.010361899621784687,0.01034575141966343,0.01034575141966343,5512
2026-03-31 04:00:00+00:00,0.010337664745748043,0.010361931286752224,0.010337664745748043,0.01035976130515337,4669
2026-03-31 04:15:00+00:00,0.01031484268605709,0.010338773019611835,0.01031396072357893,0.010333893820643425,1808
2026-03-31 04:30:00+00:00,0.01029112283140421,0.01031436212360859,0.010287090204656124,0.01031436212360859,0
2026-03-31 04:45:00+00:00,0.010243660770356655,0.010296800173819065,0.010237964801490307,0.010291384533047676,37283
2026-03-31 05:00:00+00:00,0.010217836126685143,0.010243484750390053,0.010217836126685143,0.010243484750390053,2884
2026-03-31 05:15:00+00:00,0.010234864428639412,0.010234864428639412,0.010210852138698101,0.01021749246865511,0
2026-03-31 05:30:00+00:00,0.010248630307614803,0.010251003317534924,0.010234878398478031,0.010234878398478031,1171
2026-03-31 05:45:00+00:00,0.010254436172544956,0.010257731191813946,0.010245461016893387,0.010245569981634617,4148
2026-03-31 06:00:00+00:00,0.010216298513114452,0.010257739573717117,0.010216298513114452,0.010257739573717117,94170
2026-03-31 06:15:00+00:00,0.010196863673627377,0.010218633338809013,0.010196604765951633,0.010218633338809013,237
2026-03-31 06:30:00+00:00,0.010189036838710308,0.010209962725639343,0.010187753476202488,0.01019632164388895,59263
2026-03-31 06:45:00+00:00,0.010191557928919792,0.010195358656346798,0.01018570363521576,0.010189050808548927,1741
2026-03-31 07:00:00+00:00,0.010190839879214764,0.010212583467364311,0.010190817527472973,0.01019639614969492,8561
2026-03-31 07:15:00+00:00,0.010164239443838596,0.010194805450737476,0.0101540582254529,0.010194805450737476,10602
2026-03-31 07:30:00+00:00,0.010163245722651482,0.010174023918807507,0.010152892209589481,0.010165687650442123,15604
2026-03-31 07:45:00+00:00,0.010167444124817848,0.010171255096793175,0.01016306784003973,0.01016306784003973,0
2026-03-31 08:00:00+00:00,0.010136355645954609,0.010172090493142605,0.010127007029950619,0.010167697444558144,11708
2026-03-31 08:15:00+00:00,0.010156422853469849,0.01015913300216198,0.01013563945889473,0.010136345401406288,0
2026-03-31 08:30:00+00:00,0.010109170340001583,0.010156425647437572,0.01010849978774786,0.010156325064599514,1150
2026-03-31 08:45:00+00:00,0.010131029412150383,0.010139454156160355,0.01010914146900177,0.01010914146900177,8727
2026-03-31 09:00:00+00:00,0.01011596992611885,0.010132845491170883,0.01011596992611885,0.010132845491170883,1897
2026-03-31 09:15:00+00:00,0.010078919120132923,0.010118570178747177,0.010078592225909233,0.01011605653911829,19773
2026-03-31 09:30:00+00:00,0.010069224052131176,0.010078524239361286,0.01004700269550085,0.010078524239361286,40949
2026-03-31 09:45:00+00:00,0.010079894214868546,0.010091293603181839,0.010070666670799255,0.010070666670799255,67100
2026-03-31 10:00:00+00:00,0.010126739740371704,0.010131989605724812,0.010080374777317047,0.010080374777317047,33219
2026-03-31 10:15:00+00:00,0.010140666738152504,0.010144759900867939,0.010126632638275623,0.010126632638275623,1482
2026-03-31 10:30:00+00:00,0.010120654478669167,0.01014223974198103,0.010120654478669167,0.010140431113541126,16896
2026-03-31 10:45:00+00:00,0.010101896710693836,0.010120836086571217,0.010101896710693836,0.010120836086571217,3234
2026-03-31 11:00:00+00:00,0.010062516666948795,0.01010189764201641,0.010057556442916393,0.01010189764201641,101526
2026-03-31 11:15:00+00:00,0.010008971206843853,0.010062320157885551,0.010007076896727085,0.010062320157885551,193233
2026-03-31 11:30:00+00:00,0.01003372110426426,0.01003372110426426,0.010007084347307682,0.010010485537350178,0
2026-03-31 11:45:00+00:00,0.010068991221487522,0.010068991221487522,0.010037394240498543,0.010037394240498543,25774
2026-03-31 12:00:00+00:00,0.010122912004590034,0.010122912004590034,0.01007265318185091,0.01007265318185091,54491
2026-03-31 12:15:00+00:00,0.010160116478800774,0.010161451064050198,0.010121856816112995,0.010121856816112995,81188
2026-03-31 12:30:00+00:00,0.010168190114200115,0.010173188522458076,0.0101602328941226,0.0101602328941226,2302
2026-03-31 12:45:00+00:00,0.010220510885119438,0.010220510885119438,0.010161676444113255,0.010168862529098988,158449
2026-03-31 13:00:00+00:00,0.010236107744276524,0.010236107744276524,0.010205497965216637,0.010217211209237576,35043
2026-03-31 13:15:00+00:00,0.01022437121719122,0.010239017195999622,0.010217207483947277,0.010236005298793316,0
2026-03-31 13:30:00+00:00,0.010230829007923603,0.010231032967567444,0.010219946503639221,0.010224295780062675,10294
2026-03-31 13:45:00+00:00,0.010222750715911388,0.010227246209979057,0.010216816328465939,0.010223186574876308,0
2026-03-31 14:00:00+00:00,0.010206776671111584,0.01021947618573904,0.010198306292295456,0.010215060785412788,4669
2026-03-31 14:15:00+00:00,0.010212577879428864,0.010236159898340702,0.01021092664450407,0.01021092664450407,10325
2026-03-31 14:30:00+00:00,0.010224017314612865,0.01025349460542202,0.010224017314612865,0.01025349460542202,10779
2026-03-31 14:45:00+00:00,0.010160231962800026,0.01022608857601881,0.01015474833548069,0.01022608857601881,16088
2026-03-31 15:00:00+00:00,0.010209660977125168,0.010209660977125168,0.010160829871892929,0.010160829871892929,0
2026-03-31 15:15:00+00:00,0.010183850303292274,0.010212482884526253,0.010183850303292274,0.010212482884526253,12623
2026-03-31 15:30:00+00:00,0.010132859461009502,0.010182134807109833,0.010129472240805626,0.010182134807109833,11481
2026-03-31 15:45:00+00:00,0.010086292400956154,0.010130384005606174,0.010086292400956154,0.010130384005606174,17967
2026-03-31 16:00:00+00:00,0.010114000178873539,0.010124563239514828,0.010084797628223896,0.010086623020470142,8550
2026-03-31 16:15:00+00:00,0.010114561766386032,0.010135247372090816,0.010106643661856651,0.010114654898643494,11127
2026-03-31 16:30:00+00:00,0.010177810676395893,0.010187261737883091,0.010099967010319233,0.010114536620676517,49644
2026-03-31 16:45:00+00:00,0.010138274170458317,0.01018429547548294,0.010137083940207958,0.010170976631343365,61559
2026-03-31 17:00:00+00:00,0.010176271200180054,0.010176271200180054,0.010137354023754597,0.010137354023754597,35335
2026-03-31 17:15:00+00:00,0.01022355817258358,0.010248788632452488,0.01019523199647665,0.01019523199647665,77956
2026-03-31 17:30:00+00:00,0.010174586437642574,0.010222519747912884,0.01017440389841795,0.010222519747912884,0
2026-03-31 17:45:00+00:00,0.010195947252213955,0.010200442746281624,0.010175826959311962,0.010178150609135628,35380
2026-03-31 18:00:00+00:00,0.010274807922542095,0.010280624963343143,0.010199769400060177,0.010199769400060177,29010
2026-03-31 18:15:00+00:00,0.010259483009576797,0.010282938368618488,0.010255209170281887,0.010272283107042313,17770
2026-03-31 18:30:00+00:00,0.010258720256388187,0.0102736447006464,0.010258720256388187,0.010258729569613934,11380
2026-03-31 18:45:00+00:00,0.01022870372980833,0.010257244110107422,0.010223699733614922,0.010256610810756683,8971
2026-03-31 19:00:00+00:00,0.010247459635138512,0.010248812846839428,0.010231275111436844,0.010231275111436844,0
2026-03-31 19:15:00+00:00,0.01025399286299944,0.01025399286299944,0.010243719443678856,0.010247387923300266,0
2026-03-31 19:30:00+00:00,0.010233626700937748,0.010259321890771389,0.010233626700937748,0.010259321890771389,9791
2026-03-31 19:45:00+00:00,0.010227575898170471,0.010233020409941673,0.010223999619483948,0.010233020409941673,3781
2026-03-31 20:00:00+00:00,0.010262091644108295,0.010262091644108295,0.010227427817881107,0.010227427817881107,16100
2026-03-31 20:15:00+00:00,0.010282388888299465,0.010285737924277782,0.010262314230203629,0.010262314230203629,17901
2026-03-31 20:30:00+00:00,0.010274003259837627,0.010282451286911964,0.010266745463013649,0.010282451286911964,8395
2026-03-31 20:45:00+00:00,0.01028116513043642,0.01028116513043642,0.01026687491685152,0.01026687491685152,18288
2026-03-31 21:00:00+00:00,0.0102527542039752,0.010283627547323704,0.0102527542039752,0.010281003080308437,0
2026-03-31 21:15:00+00:00,0.010248012840747833,0.010256616398692131,0.010246231220662594,0.010251745581626892,2606
2026-03-31 21:30:00+00:00,0.010232679545879364,0.010254677385091782,0.010232679545879364,0.01024820376187563,573
2026-03-31 21:45:00+00:00,0.010259783826768398,0.010264933109283447,0.010229499079287052,0.010233879089355469,27002
2026-03-31 22:00:00+00:00,0.010219461284577847,0.01025216095149517,0.010219461284577847,0.010246116667985916,39189
2026-03-31 22:15:00+00:00,0.01023165788501501,0.01023165788501501,0.01021429244428873,0.01022189948707819,7329
2026-03-31 22:30:00+00:00,0.01023898459970951,0.01023898459970951,0.01021947804838419,0.010238630697131157,10296
2026-03-31 22:45:00+00:00,0.010287999175488949,0.010287999175488949,0.01023881509900093,0.01023881509900093,17899
2026-03-31 23:00:00+00:00,0.010285016149282455,0.01029148232191801,0.010279107838869095,0.010288139805197716,0
2026-03-31 23:15:00+00:00,0.010286403819918633,0.01030223723500967,0.010284285061061382,0.0102869663387537,11277
2026-03-31 23:30:00+00:00,0.010290871374309063,0.010295777581632137,0.010284422896802425,0.010286119766533375,1621
2026-03-31 23:45:00+00:00,0.010274968110024929,0.01029087696224451,0.01027329545468092,0.01029087696224451,0
2026-04-01 00:00:00+00:00,0.01031193882226944,0.010314520448446274,0.010280906222760677,0.01028972677886486,4061
2026-04-01 00:15:00+00:00,0.010328413918614388,0.01034455094486475,0.01031604316085577,0.010317310690879822,19623
2026-04-01 00:30:00+00:00,0.010323600843548775,0.01033846940845251,0.010320778004825115,0.010328269563615322,0
2026-04-01 00:45:00+00:00,0.010335709899663925,0.010335709899663925,0.010322241112589836,0.010324645787477493,0
2026-04-01 01:00:00+00:00,0.010317066684365273,0.010336318984627724,0.010316723957657814,0.010336318984627724,14988
2026-04-01 01:15:00+00:00,0.010285287164151669,0.010322367772459984,0.010285287164151669,0.010319774970412254,0
2026-04-01 01:30:00+00:00,0.010251847095787525,0.010283581912517548,0.010248100385069847,0.010283581912517548,0
2026-04-01 01:45:00+00:00,0.01023188978433609,0.01025552861392498,0.010231873951852322,0.01025425549596548,0
2026-04-01 02:00:00+00:00,0.010210586711764336,0.010231675580143929,0.010207860730588436,0.010231675580143929,5262
2026-04-01 02:15:00+00:00,0.010192804038524628,0.010217864997684956,0.010189465247094631,0.01021108590066433,91586
2026-04-01 02:30:00+00:00,0.010209307074546814,0.010209307074546814,0.010189435444772243,0.010189435444772243,40876
2026-04-01 02:45:00+00:00,0.010211083106696606,0.010215319693088531,0.010201933793723583,0.010201933793723583,10432
2026-04-01 03:00:00+00:00,0.010241284035146236,0.010241284035146236,0.010211189277470112,0.010211189277470112,4135
2026-04-01 03:15:00+00:00,0.0102084344252944,0.010242738761007786,0.010208362713456154,0.010241353884339333,0
2026-04-01 03:30:00+00:00,0.010206553153693676,0.01020694151520729,0.010198705829679966,0.010204306803643703,0
2026-04-01 03:45:00+00:00,0.010236585512757301,0.010238938964903355,0.010206402279436588,0.010206402279436588,7294
2026-04-01 04:00:00+00:00,0.010207902640104294,0.01023930311203003,0.010197268798947334,0.010236529633402824,13973
2026-04-01 04:15:00+00:00,0.010207055136561394,0.010216758586466312,0.010207055136561394,0.010208948515355587,3780
2026-04-01 04:30:00+00:00,0.010211740620434284,0.010211740620434284,0.01019263919442892,0.010195848532021046,13008
2026-04-01 04:45:00+00:00,0.01021510548889637,0.01022918801754713,0.010207967832684517,0.010210973210632801,5864
2026-04-01 05:00:00+00:00,0.010205719619989395,0.010214129462838173,0.010199882090091705,0.010214129462838173,5183
2026-04-01 05:15:00+00:00,0.010272764600813389,0.010272907093167305,0.010208971798419952,0.010208971798419952,11170
2026-04-01 05:30:00+00:00,0.010273314081132412,0.010278021916747093,0.010267939418554306,0.010267939418554306,9990
2026-04-01 05:45:00+00:00,0.010304946452379227,0.010308724828064442,0.010273111052811146,0.010273111052811146,17241
2026-04-01 06:00:00+00:00,0.010306382551789284,0.010306382551789284,0.010283894836902618,0.010305628180503845,0
2026-04-01 06:15:00+00:00,0.01032148115336895,0.010326702147722244,0.010316530242562294,0.010316530242562294,17275
2026-04-01 06:30:00+00:00,0.010326880030333996,0.010333472862839699,0.010321506299078465,0.010321506299078465,2286
2026-04-01 06:45:00+00:00,0.010381297208368778,0.010381297208368778,0.010330027900636196,0.0103311100974679,34094
2026-04-01 07:00:00+00:00,0.010376493446528912,0.010392160154879093,0.010376491583883762,0.010392160154879093,19499
2026-04-01 07:15:00+00:00,0.01038876548409462,0.01038876548409462,0.010352760553359985,0.010376544669270515,12048
2026-04-01 07:30:00+00:00,0.010442241095006466,0.0104533601552248,0.01041431911289692,0.01041431911289692,38842
2026-04-01 07:45:00+00:00,0.010438978672027588,0.010442146100103855,0.01042988896369934,0.010442146100103855,41055
2026-04-01 08:00:00+00:00,0.010526243597269058,0.010526243597269058,0.010446799919009209,0.010446799919009209,25088
2026-04-01 08:15:00+00:00,0.0104866623878479,0.01052172388881445,0.0104866623878479,0.01052172388881445,21846
2026-04-01 08:30:00+00:00,0.010488461703062057,0.010488461703062057,0.010475660674273968,0.010486602783203125,29967
2026-04-01 08:45:00+00:00,0.01045581977814436,0.010483085177838802,0.010455254465341568,0.010483085177838802,16694
2026-04-01 09:00:00+00:00,0.010428185574710369,0.010455554351210594,0.010428185574710369,0.010455554351210594,2463
2026-04-01 09:15:00+00:00,0.010402612388134003,0.010425361804664135,0.01039805170148611,0.010425361804664135,1356
2026-04-01 09:30:00+00:00,0.010415510274469852,0.010454622097313404,0.01040192786604166,0.01040192786604166,4425
2026-04-01 09:45:00+00:00,0.010423870757222176,0.010423870757222176,0.010415425524115562,0.010415640659630299,0
2026-04-01 10:00:00+00:00,0.010444004088640213,0.010449566878378391,0.01042232196778059,0.010423936881124973,165
2026-04-01 10:15:00+00:00,0.010461544618010521,0.010461544618010521,0.010448056273162365,0.010449890978634357,620
2026-04-01 10:30:00+00:00,0.010438984259963036,0.010454175062477589,0.010438837110996246,0.010450919158756733,10541
2026-04-01 10:45:00+00:00,0.010433061979711056,0.010439097881317139,0.010432654060423374,0.010439097881317139,6606
2026-04-01 11:00:00+00:00,0.010427456349134445,0.010441974736750126,0.010426857508718967,0.010432859882712364,0
2026-04-01 11:15:00+00:00,0.010433423332870007,0.0104456078261137,0.010428514331579208,0.010436498560011387,0
2026-04-01 11:30:00+00:00,0.010435781441628933,0.010437630116939545,0.010430960915982723,0.010430960915982723,284
2026-04-01 11:45:00+00:00,0.010507202707231045,0.010507202707231045,0.01044368650764227,0.01044368650764227,4765
2026-04-01 12:00:00+00:00,0.010496225208044052,0.01051876787096262,0.010496225208044052,0.010509158484637737,2169
2026-04-01 12:15:00+00:00,0.010493810288608074,0.010499389842152596,0.010482406243681908,0.01049525011330843,26916
2026-04-01 12:30:00+00:00,0.010452274233102798,0.010494108311831951,0.010444064624607563,0.01049351692199707,51525
2026-04-01 12:45:00+00:00,0.010472745634615421,0.010505945421755314,0.010450956411659718,0.010450956411659718,96303
2026-04-01 13:00:00+00:00,0.010470612905919552,0.010470612905919552,0.010459000244736671,0.010470540262758732,6144
2026-04-01 13:15:00+00:00,0.010526702739298344,0.010526702739298344,0.010471499525010586,0.010471499525010586,18751
2026-04-01 13:30:00+00:00,0.010471750050783157,0.01052706129848957,0.010471750050783157,0.010526473633944988,4879
2026-04-01 13:45:00+00:00,0.010463505983352661,0.010464373044669628,0.010439667850732803,0.010441022925078869,799
2026-04-01 14:00:00+00:00,0.010457894764840603,0.010464728809893131,0.01044792216271162,0.01046335231512785,0
2026-04-01 14:15:00+00:00,0.010455378331243992,0.01046735979616642,0.010450959205627441,0.010460224002599716,5579
2026-04-01 14:30:00+00:00,0.010448774322867393,0.010459397919476032,0.01042498555034399,0.010455206967890263,8170
2026-04-01 14:45:00+00:00,0.010435499250888824,0.010460377670824528,0.010434426367282867,0.010448804125189781,0
2026-04-01 15:00:00+00:00,0.010433079674839973,0.010452445596456528,0.010433079674839973,0.010436471551656723,0
2026-04-01 15:15:00+00:00,0.010424286127090454,0.01042994111776352,0.010422591120004654,0.01042994111776352,15783
2026-04-01 15:30:00+00:00,0.010396935045719147,0.010424315929412842,0.010396677069365978,0.010424315929412842,30604
2026-04-01 15:45:00+00:00,0.010418928228318691,0.010418928228318691,0.010397872887551785,0.010397872887551785,0
2026-04-01 16:00:00+00:00,0.010524440556764603,0.010548027232289314,0.010486895218491554,0.010486895218491554,444505
2026-04-01 16:15:00+00:00,0.010530238039791584,0.010541192255914211,0.01050178986042738,0.010514926165342331,142970
2026-04-01 16:30:00+00:00,0.010539432987570763,0.01054880116134882,0.01052908506244421,0.01052908506244421,0
2026-04-01 16:45:00+00:00,0.010497350245714188,0.010530947707593441,0.010491921566426754,0.010530947707593441,0
2026-04-01 17:00:00+00:00,0.010515972971916199,0.010533366352319717,0.010501055978238583,0.010501055978238583,11225
2026-04-01 17:15:00+00:00,0.010530409403145313,0.010530409403145313,0.010494153946638107,0.010516202077269554,50440
2026-04-01 17:30:00+00:00,0.010505912825465202,0.010530071333050728,0.010505912825465202,0.010528326965868473,12549
2026-04-01 17:45:00+00:00,0.010475940071046352,0.010518576949834824,0.010475940071046352,0.010506199672818184,35179
2026-04-01 18:00:00+00:00,0.010424257256090641,0.010477710515260696,0.010405763052403927,0.010477710515260696,12569
2026-04-01 18:15:00+00:00,0.010372067801654339,0.010424721986055374,0.010369227267801762,0.010423828847706318,113244
2026-04-01 18:30:00+00:00,0.010358533822000027,0.010375073179602623,0.010357934981584549,0.010375073179602623,6970
2026-04-01 18:45:00+00:00,0.010317787528038025,0.01033797487616539,0.010314935818314552,0.01033797487616539,23703
2026-04-01 19:00:00+00:00,0.010318556800484657,0.010323748923838139,0.010313945822417736,0.010323078371584415,12693
2026-04-01 19:15:00+00:00,0.010363034904003143,0.010363034904003143,0.010318622924387455,0.010318622924387455,37411
2026-04-01 19:30:00+00:00,0.01040083821862936,0.010406666435301304,0.010365236550569534,0.010365236550569534,7534
2026-04-01 19:45:00+00:00,0.010400678031146526,0.010404182597994804,0.010397776961326599,0.010400918312370777,22792
2026-04-01 20:00:00+00:00,0.010389129631221294,0.010401641950011253,0.01037625689059496,0.010400865226984024,25866
2026-04-01 20:15:00+00:00,0.010387299582362175,0.010403336025774479,0.010376835241913795,0.010390223935246468,2339
2026-04-01 20:30:00+00:00,0.010360296815633774,0.010387017391622066,0.010359625332057476,0.010386430658400059,12562
2026-04-01 20:45:00+00:00,0.010366898961365223,0.0103732505813241,0.010363184846937656,0.010363317094743252,0
2026-04-01 21:00:00+00:00,0.010391637682914734,0.010391637682914734,0.010360632091760635,0.010366546921432018,16374
2026-04-01 21:15:00+00:00,0.01036872249096632,0.010385129600763321,0.010368489660322666,0.010385129600763321,6125
2026-04-01 21:30:00+00:00,0.0103602958843112,0.010388621129095554,0.01036003977060318,0.010368332266807556,27019
2026-04-01 21:45:00+00:00,0.010356306098401546,0.010364715941250324,0.01034973282366991,0.010360118001699448,9402
2026-04-01 22:00:00+00:00,0.010348983108997345,0.010380411520600319,0.010345850139856339,0.010360853746533394,0
2026-04-01 22:15:00+00:00,0.010332760401070118,0.010333625599741936,0.01030946895480156,0.010333625599741936,8844
2026-04-01 22:30:00+00:00,0.010341103188693523,0.010341103188693523,0.010328426025807858,0.01033280324190855,15875
2026-04-01 22:45:00+00:00,0.010318099521100521,0.010338705033063889,0.010316367261111736,0.01033632829785347,0
2026-04-01 23:00:00+00:00,0.010300268419086933,0.010317708365619183,0.010300268419086933,0.010314247570931911,1038
2026-04-01 23:15:00+00:00,0.010279584676027298,0.010296499356627464,0.010272802785038948,0.010296499356627464,7040
2026-04-01 23:30:00+00:00,0.010270727798342705,0.01028555165976286,0.010270727798342705,0.010278305970132351,5159
2026-04-01 23:45:00+00:00,0.010263971984386444,0.01026985701173544,0.01026317197829485,0.01026985701173544,3380
2026-04-02 00:00:00+00:00,0.010299546644091606,0.010299546644091606,0.010268856771290302,0.010268856771290302,0
2026-04-02 00:15:00+00:00,0.010327599942684174,0.010332278907299042,0.010297965258359909,0.010297965258359909,3646
2026-04-02 00:30:00+00:00,0.010379370301961899,0.010379370301961899,0.010326297022402287,0.01032723393291235,27317
2026-04-02 00:45:00+00:00,0.010389258153736591,0.010389832779765129,0.010379668325185776,0.010379668325185776,3116
2026-04-02 01:00:00+00:00,0.010359974578022957,0.01039295457303524,0.010319909080862999,0.010388875380158424,72433
2026-04-02 01:15:00+00:00,0.010255851782858372,0.010360603220760822,0.01024624239653349,0.010360603220760822,116342
2026-04-02 01:30:00+00:00,0.010263323783874512,0.010263323783874512,0.010233646258711815,0.010257761925458908,61764
2026-04-02 01:45:00+00:00,0.010247787460684776,0.010261043906211853,0.010238556191325188,0.010261043906211853,14973
2026-04-02 02:00:00+00:00,0.010213448666036129,0.010257244110107422,0.010213448666036129,0.010248370468616486,96255
2026-04-02 02:15:00+00:00,0.010142579674720764,0.010206170380115509,0.010135576128959656,0.010206170380115509,70839
2026-04-02 02:30:00+00:00,0.010118748061358929,0.010146846994757652,0.010110242292284966,0.01014227420091629,6720
2026-04-02 02:45:00+00:00,0.010020789690315723,0.010090881958603859,0.010020789690315723,0.010090881958603859,174935
2026-04-02 03:00:00+00:00,0.009973996318876743,0.01002739928662777,0.009948048740625381,0.01002739928662777,259988
2026-04-02 03:15:00+00:00,0.010041352361440659,0.010041352361440659,0.009965755045413971,0.009965755045413971,88659
2026-04-02 03:30:00+00:00,0.009992611594498158,0.010041546076536179,0.009992611594498158,0.010041546076536179,29345
2026-04-02 03:45:00+00:00,0.00997997634112835,0.009980425238609314,0.009956848807632923,0.009980425238609314,18253
2026-04-02 04:00:00+00:00,0.009955952875316143,0.009970068000257015,0.009948999620974064,0.009970068000257015,0
2026-04-02 04:15:00+00:00,0.009984384290874004,0.009985984303057194,0.009957478381693363,0.009957478381693363,7234
2026-04-02 04:30:00+00:00,0.009958754293620586,0.009987634606659412,0.009958675131201744,0.009987634606659412,52039
2026-04-02 04:45:00+00:00,0.00997078511863947,0.00997078511863947,0.009956957772374153,0.009957567788660526,13970
2026-04-02 05:00:00+00:00,0.009962346404790878,0.0099877854809165,0.009956935420632362,0.0099877854809165,46108
2026-04-02 05:15:00+00:00,0.009969716891646385,0.009977119043469429,0.009967935271561146,0.009967935271561146,0
2026-04-02 05:30:00+00:00,0.009988009929656982,0.009988009929656982,0.009965425357222557,0.009969224222004414,12828
2026-04-02 05:45:00+00:00,0.010047000832855701,0.010047000832855701,0.009988459758460522,0.009988459758460522,17220
2026-04-02 06:00:00+00:00,0.010061183013021946,0.010061183013021946,0.01003421749919653,0.010046971961855888,4304
2026-04-02 06:15:00+00:00,0.01006785687059164,0.010110433213412762,0.010066218674182892,0.010066218674182892,40994
2026-04-02 06:30:00+00:00,0.010050502605736256,0.010064888745546341,0.01004501897841692,0.010064888745546341,1563
2026-04-02 06:45:00+00:00,0.010069034993648529,0.010069034993648529,0.010048042982816696,0.010048042982816696,0
2026-04-02 07:00:00+00:00,0.010064177215099335,0.01007232815027237,0.010064177215099335,0.01006891205906868,0
2026-04-02 07:15:00+00:00,0.010025049559772015,0.010061358101665974,0.010024812072515488,0.010061358101665974,0
2026-04-02 07:30:00+00:00,0.010028391145169735,0.010032777674496174,0.010020218789577484,0.010025981813669205,0
2026-04-02 07:45:00+00:00,0.010063164867460728,0.010063164867460728,0.010031504556536674,0.010031504556536674,0
2026-04-02 08:00:00+00:00,0.010049212723970413,0.01006136741489172,0.010049212723970413,0.01006021723151207,0
2026-04-02 08:15:00+00:00,0.00999772921204567,0.010049119591712952,0.009994716383516788,0.010049119591712952,47056
2026-04-02 08:30:00+00:00,0.009958092123270035,0.009999165311455727,0.00995574053376913,0.009999165311455727,0
2026-04-02 08:45:00+00:00,0.009968326427042484,0.009974846616387367,0.009954439476132393,0.009954439476132393,8713
2026-04-02 09:00:00+00:00,0.009950699284672737,0.009963571093976498,0.009947835467755795,0.009963571093976498,7422
2026-04-02 09:15:00+00:00,0.009940199553966522,0.009951463900506496,0.009923350997269154,0.009943308308720589,30522
2026-04-02 09:30:00+00:00,0.009902892634272575,0.009942425414919853,0.009902892634272575,0.009940093383193016,19472
2026-04-02 09:45:00+00:00,0.00991212110966444,0.00991212110966444,0.009898586198687553,0.009909483604133129,28816
2026-04-02 10:00:00+00:00,0.009886669926345348,0.009913275018334389,0.009883862920105457,0.009908288717269897,23758
2026-04-02 10:15:00+00:00,0.009944391436874866,0.009944391436874866,0.009886419400572777,0.009886419400572777,53911
2026-04-02 10:30:00+00:00,0.009926293045282364,0.009946389123797417,0.00992125365883112,0.009928654879331589,23806
2026-04-02 10:45:00+00:00,0.00997733511030674,0.00997733511030674,0.009924625046551228,0.009924625046551228,31959
2026-04-02 11:00:00+00:00,0.010022569447755814,0.010022569447755814,0.009973793290555477,0.009973793290555477,18044
2026-04-02 11:15:00+00:00,0.010045500472187996,0.010058167390525341,0.010014287196099758,0.010014696978032589,22311
2026-04-02 11:30:00+00:00,0.010047083720564842,0.010047083720564842,0.010033367201685905,0.010043894872069359,21342
2026-04-02 11:45:00+00:00,0.010017896071076393,0.010047194547951221,0.010017896071076393,0.010047194547951221,27234
2026-04-02 12:00:00+00:00,0.009998430497944355,0.010010465048253536,0.009998430497944355,0.010009639896452427,0
2026-04-02 12:15:00+00:00,0.00999701488763094,0.0100026186555624,0.009992849081754684,0.009998401626944542,0
2026-04-02 12:30:00+00:00,0.009999692440032959,0.009999856352806091,0.009990476071834564,0.009997190907597542,0
2026-04-02 12:45:00+00:00,0.009901846759021282,0.010025056079030037,0.009901624172925949,0.010005348362028599,250707
2026-04-02 13:00:00+00:00,0.00974109023809433,0.009903036057949066,0.00974109023809433,0.009903036057949066,332479
2026-04-02 13:15:00+00:00,0.00980341900140047,0.00980341900140047,0.009753194637596607,0.009753194637596607,41629
2026-04-02 13:30:00+00:00,0.009771453216671944,0.009806406684219837,0.009758907370269299,0.009806406684219837,27913
2026-04-02 13:45:00+00:00,0.009796486236155033,0.009798824787139893,0.009771148674190044,0.009771148674190044,49144
2026-04-02 14:00:00+00:00,0.009813937358558178,0.009813937358558178,0.00977755431085825,0.00979709718376398,23519
2026-04-02 14:15:00+00:00,0.009830370545387268,0.009841258637607098,0.009807005524635315,0.009807005524635315,30181
2026-04-02 14:30:00+00:00,0.009874723851680756,0.009881834499537945,0.009824042208492756,0.009830392897129059,72575
2026-04-02 14:45:00+00:00,0.009848697111010551,0.009901806712150574,0.00983059499412775,0.00987422838807106,173158
2026-04-02 15:00:00+00:00,0.009842284955084324,0.009849367663264275,0.009836048819124699,0.009848305024206638,14530
2026-04-02 15:15:00+00:00,0.009776120074093342,0.009830468334257603,0.009765587747097015,0.009830468334257603,28833
2026-04-02 15:30:00+00:00,0.00977135170251131,0.009786637499928474,0.009766279719769955,0.009771817363798618,27452
2026-04-02 15:45:00+00:00,0.009765963070094585,0.009786955080926418,0.009765055030584335,0.009778434410691261,48758
2026-04-02 16:00:00+00:00,0.009777744300663471,0.009777744300663471,0.009758190251886845,0.00976632721722126,3261
2026-04-02 16:15:00+00:00,0.009723195806145668,0.009776704013347626,0.009723195806145668,0.009774856269359589,60490
2026-04-02 16:30:00+00:00,0.0098243597894907,0.009824479930102825,0.009729505516588688,0.009729505516588688,40788
2026-04-02 16:45:00+00:00,0.009808522649109364,0.009824246168136597,0.00980277918279171,0.009824246168136597,17488
2026-04-02 17:00:00+00:00,0.009771809913218021,0.00980895571410656,0.009765858761966228,0.00980895571410656,0
2026-04-02 17:15:00+00:00,0.0098723154515028,0.009879977442324162,0.00977756641805172,0.00977756641805172,128458
2026-04-02 17:30:00+00:00,0.009816239587962627,0.009874709881842136,0.009814808145165443,0.00987263210117817,156130
2026-04-02 17:45:00+00:00,0.009772720746695995,0.009820176288485527,0.009770332835614681,0.009816494770348072,14413
2026-04-02 18:00:00+00:00,0.009780687279999256,0.009791173972189426,0.009770163334906101,0.009771564975380898,0
2026-04-02 18:15:00+00:00,0.009788384661078453,0.00979797076433897,0.009780350141227245,0.009780350141227245,8388
2026-04-02 18:30:00+00:00,0.009813079610466957,0.009813250042498112,0.009783530607819557,0.009788626804947853,7087
2026-04-02 18:45:00+00:00,0.009860980324447155,0.00986117497086525,0.009813669137656689,0.009813669137656689,5185
2026-04-02 19:00:00+00:00,0.009857209399342537,0.009859500452876091,0.009841050021350384,0.009857652708888054,0
2026-04-02 19:15:00+00:00,0.009855643846094608,0.00985685084015131,0.009851004928350449,0.009856109507381916,0
2026-04-02 19:30:00+00:00,0.009823499247431755,0.009852533228695393,0.009820565581321716,0.009852533228695393,69
2026-04-02 19:45:00+00:00,0.009827865287661552,0.009827865287661552,0.009818616323173046,0.009822430089116096,0
2026-04-02 20:00:00+00:00,0.009803218767046928,0.009828545153141022,0.009802721440792084,0.009826728142797947,19570
2026-04-02 20:15:00+00:00,0.009848765097558498,0.009848765097558498,0.009800118394196033,0.009800118394196033,39897
2026-04-02 20:30:00+00:00,0.009912475012242794,0.009912475012242794,0.009855072945356369,0.009855072945356369,41701
2026-04-02 20:45:00+00:00,0.009917262941598892,0.009917262941598892,0.009901920333504677,0.009911522269248962,14426
2026-04-02 21:00:00+00:00,0.009867887943983078,0.009911528788506985,0.009867887943983078,0.009911528788506985,2574
2026-04-02 21:15:00+00:00,0.009868691675364971,0.00987077597528696,0.009863575920462608,0.009868075139820576,3711
2026-04-02 21:30:00+00:00,0.009846935048699379,0.009868400171399117,0.009846935048699379,0.009868400171399117,582
2026-04-02 21:45:00+00:00,0.009835801087319851,0.00984116643667221,0.009829092770814896,0.00984116643667221,2257
2026-04-02 22:00:00+00:00,0.009847366251051426,0.00985012948513031,0.00983212050050497,0.009833931922912598,1790
2026-04-02 22:15:00+00:00,0.009853756986558437,0.00985908042639494,0.009842807427048683,0.009847386740148067,4726
2026-04-02 22:30:00+00:00,0.009906843304634094,0.009906843304634094,0.009853441268205643,0.009853441268205643,377
2026-04-02 22:45:00+00:00,0.00992986373603344,0.009941061958670616,0.009907932952046394,0.009908384643495083,33647
2026-04-02 23:00:00+00:00,0.009916811250150204,0.009922685101628304,0.009903693571686745,0.009916648268699646,8692
2026-04-02 23:15:00+00:00,0.009921238757669926,0.009932375513017178,0.009916928596794605,0.009916928596794605,4686
2026-04-02 23:30:00+00:00,0.009912329725921154,0.009921076707541943,0.00991036742925644,0.009921076707541943,2307
2026-04-02 23:45:00+00:00,0.009877595119178295,0.009912573732435703,0.00987341906875372,0.009912573732435703,18567
2026-04-03 00:00:00+00:00,0.009871908463537693,0.009899910539388657,0.009871908463537693,0.00987758208066225,18000
2026-04-03 00:15:00+00:00,0.009870334528386593,0.00987089890986681,0.009861595928668976,0.00987089890986681,4466
2026-04-03 00:30:00+00:00,0.009874754585325718,0.009874754585325718,0.009853620082139969,0.0098645631223917,2200
2026-04-03 00:45:00+00:00,0.009906776249408722,0.009906776249408722,0.009876148775219917,0.009876148775219917,6896
2026-04-03 01:00:00+00:00,0.009977680630981922,0.009977680630981922,0.009906873106956482,0.009906873106956482,2812
2026-04-03 01:15:00+00:00,0.010009495541453362,0.010009495541453362,0.009984790347516537,0.009984790347516537,0
2026-04-03 01:30:00+00:00,0.009992038831114769,0.010017589665949345,0.009992038831114769,0.010008387267589569,0
2026-04-03 01:45:00+00:00,0.00998484343290329,0.01000205148011446,0.00994819961488247,0.009992117062211037,36685
2026-04-03 02:00:00+00:00,0.009981921873986721,0.0099857859313488,0.009969213046133518,0.0099857859313488,0
2026-04-03 02:15:00+00:00,0.010051935911178589,0.010055537335574627,0.00997585617005825,0.00997585617005825,0
2026-04-03 02:30:00+00:00,0.009976688772439957,0.010037119500339031,0.009976688772439957,0.010037119500339031,415
2026-04-03 02:45:00+00:00,0.010003372095525265,0.010003372095525265,0.009973142296075821,0.009976337663829327,6822
2026-04-03 03:00:00+00:00,0.01001313142478466,0.010023840703070164,0.009999374859035015,0.010001490823924541,0
2026-04-03 03:15:00+00:00,0.010011757723987103,0.010023992508649826,0.010007609613239765,0.010013669729232788,0
2026-04-03 03:30:00+00:00,0.009997346438467503,0.010012499988079071,0.009989515878260136,0.010012499988079071,0
2026-04-03 03:45:00+00:00,0.01001207809895277,0.010017302818596363,0.009997822344303131,0.009998166002333164,1840
2026-04-03 04:00:00+00:00,0.009989878162741661,0.01001577265560627,0.00997761357575655,0.01001201942563057,0
2026-04-03 04:15:00+00:00,0.009955351240932941,0.009989106096327305,0.009955351240932941,0.009989106096327305,0
2026-04-03 04:30:00+00:00,0.009952886030077934,0.009960005059838295,0.009952209889888763,0.009956973604857922,0
2026-04-03 04:45:00+00:00,0.009985500015318394,0.009987780824303627,0.009952541440725327,0.009952541440725327,3452
2026-04-03 05:00:00+00:00,0.009979038499295712,0.009984204545617104,0.009967228397727013,0.009984204545617104,0
2026-04-03 05:15:00+00:00,0.009964846074581146,0.009978676214814186,0.009959721006453037,0.009978676214814186,23944
2026-04-03 05:30:00+00:00,0.010038773529231548,0.010044221766293049,0.009969882667064667,0.009969882667064667,40889
2026-04-03 05:45:00+00:00,0.010010682046413422,0.010031596757471561,0.010010682046413422,0.010031596757471561,21881
2026-04-03 06:00:00+00:00,0.009959558956325054,0.010008006356656551,0.009959558956325054,0.010008006356656551,13276
2026-04-03 06:15:00+00:00,0.009973977692425251,0.009973977692425251,0.009959828108549118,0.009959828108549118,0
2026-04-03 06:30:00+00:00,0.009999576956033707,0.010002272203564644,0.009969783946871758,0.009971307590603828,12594
2026-04-03 06:45:00+00:00,0.010001089423894882,0.010005242191255093,0.01000025775283575,0.010001981630921364,3085
2026-04-03 07:00:00+00:00,0.010002466849982738,0.010012727230787277,0.010002466849982738,0.01000348012894392,3460
2026-04-03 07:15:00+00:00,0.009991605766117573,0.010002566501498222,0.009982597082853317,0.010002566501498222,12292
2026-04-03 07:30:00+00:00,0.010010297410190105,0.010019169189035892,0.00998795498162508,0.009989097714424133,5252
2026-04-03 07:45:00+00:00,0.010018544271588326,0.010018591769039631,0.010011153295636177,0.010012094862759113,4110
2026-04-03 08:00:00+00:00,0.0100626889616251,0.010063894093036652,0.010013245977461338,0.010018212720751762,15024
2026-04-03 08:15:00+00:00,0.010045931674540043,0.010066725313663483,0.010040686465799809,0.010066725313663483,0
2026-04-03 08:30:00+00:00,0.01002390868961811,0.010060461238026619,0.01002390868961811,0.01004545483738184,9595
2026-04-03 08:45:00+00:00,0.01003997027873993,0.01003997027873993,0.010024604387581348,0.010024604387581348,1319
2026-04-03 09:00:00+00:00,0.010054249316453934,0.010054249316453934,0.010033835656940937,0.01003995817154646,18047
2026-04-03 09:15:00+00:00,0.010048025287687778,0.010080782696604729,0.010048025287687778,0.010060829110443592,23272
2026-04-03 09:30:00+00:00,0.010038156062364578,0.010045560076832771,0.010035241022706032,0.010045560076832771,0
2026-04-03 09:45:00+00:00,0.01001795195043087,0.010053398087620735,0.010017862543463707,0.010043598711490631,11873
2026-04-03 10:00:00+00:00,0.01001471932977438,0.010024622082710266,0.010013730265200138,0.0100208455696702,0
2026-04-03 10:15:00+00:00,0.010003039613366127,0.010021544061601162,0.010003039613366127,0.010015628300607204,0
2026-04-03 10:30:00+00:00,0.009970775805413723,0.009998706169426441,0.009961068630218506,0.009998706169426441,13900
2026-04-03 10:45:00+00:00,0.00998059194535017,0.00998059194535017,0.009972256608307362,0.00997342448681593,5999
2026-04-03 11:00:00+00:00,0.009980225004255772,0.009993928484618664,0.009980225004255772,0.009981419891119003,1485
2026-04-03 11:15:00+00:00,0.009991549886763096,0.009991549886763096,0.009970426559448242,0.009985407814383507,0
2026-04-03 11:30:00+00:00,0.010011467151343822,0.010013910941779613,0.009989045560359955,0.009989045560359955,10800
2026-04-03 11:45:00+00:00,0.0100389514118433,0.0100389514118433,0.010008960962295532,0.010011201724410057,2062
2026-04-03 12:00:00+00:00,0.010056987404823303,0.010056987404823303,0.010037882253527641,0.010037882253527641,2753
2026-04-03 12:15:00+00:00,0.010050356388092041,0.010056529194116592,0.010034134611487389,0.010056529194116592,8814
2026-04-03 12:30:00+00:00,0.010054602287709713,0.010093235410749912,0.010054602287709713,0.010093235410749912,125297
2026-04-03 12:45:00+00:00,0.010028216056525707,0.010052715428173542,0.01001278217881918,0.010052715428173542,0
2026-04-03 13:00:00+00:00,0.00997035950422287,0.010028179734945297,0.009966828860342503,0.010028179734945297,0
2026-04-03 13:15:00+00:00,0.00996898952871561,0.009974428452551365,0.009965428151190281,0.009970219805836678,0
2026-04-03 13:30:00+00:00,0.00993021298199892,0.009981157258152962,0.00992602575570345,0.009968714788556099,6369
2026-04-03 13:45:00+00:00,0.00995744951069355,0.009957721456885338,0.00992622971534729,0.009930510073900223,12321
2026-04-03 14:00:00+00:00,0.009973124600946903,0.009973124600946903,0.009956900961697102,0.009960169903934002,0
2026-04-03 14:15:00+00:00,0.010021951980888844,0.010022534988820553,0.009971829131245613,0.009972645901143551,12128
2026-04-03 14:30:00+00:00,0.00998049695044756,0.01002426166087389,0.009977927431464195,0.01002185232937336,2658
2026-04-03 14:45:00+00:00,0.010009704157710075,0.010012471117079258,0.009979350492358208,0.009979350492358208,0
2026-04-03 15:00:00+00:00,0.00999355036765337,0.010016214102506638,0.00999355036765337,0.01000971533358097,9887
2026-04-03 15:15:00+00:00,0.00996630359441042,0.009992250241339207,0.009966211393475533,0.009992250241339207,4753
2026-04-03 15:30:00+00:00,0.009934522211551666,0.009967239573597908,0.009934118948876858,0.009965864010155201,0
2026-04-03 15:45:00+00:00,0.009907815605401993,0.009932664223015308,0.009907815605401993,0.009932296350598335,6608
2026-04-03 16:00:00+00:00,0.009906822815537453,0.009914008900523186,0.009897725656628609,0.009905189275741577,10074
2026-04-03 16:15:00+00:00,0.009928413666784763,0.009931676089763641,0.009907146915793419,0.009907146915793419,10177
2026-04-03 16:30:00+00:00,0.00991792231798172,0.009930073283612728,0.009914254769682884,0.009928498417139053,0
2026-04-03 16:45:00+00:00,0.009960032999515533,0.009960116818547249,0.009920770302414894,0.009920770302414894,15440
2026-04-03 17:00:00+00:00,0.009956972673535347,0.009960354305803776,0.009956097230315208,0.009959901683032513,959
2026-04-03 17:15:00+00:00,0.009946552105247974,0.009956658817827702,0.00993842538446188,0.009956658817827702,0
2026-04-03 17:30:00+00:00,0.00997091643512249,0.00997260119765997,0.009947609156370163,0.009947609156370163,0
2026-04-03 17:45:00+00:00,0.009965622797608376,0.009971603751182556,0.009958175010979176,0.009971193969249725,0
2026-04-03 18:00:00+00:00,0.009991231374442577,0.009991487488150597,0.009967001155018806,0.009967132471501827,6787
2026-04-03 18:15:00+00:00,0.010028417222201824,0.010033195838332176,0.009994665160775185,0.009994665160775185,13191
2026-04-03 18:30:00+00:00,0.010017511434853077,0.010028463788330555,0.010009534657001495,0.010028463788330555,3817
2026-04-03 18:45:00+00:00,0.010017190128564835,0.010023754090070724,0.010017190128564835,0.010019643232226372,200
2026-04-03 19:00:00+00:00,0.010026670061051846,0.010026670061051846,0.010003366507589817,0.01001717895269394,39369
2026-04-03 19:15:00+00:00,0.010119729675352573,0.010121317580342293,0.01002696342766285,0.01002696342766285,58661
2026-04-03 19:30:00+00:00,0.010057979263365269,0.010119420476257801,0.010057979263365269,0.010119420476257801,8724
2026-04-03 19:45:00+00:00,0.01007791981101036,0.010083097033202648,0.010058660991489887,0.010058660991489887,5898
2026-04-03 20:00:00+00:00,0.010083064436912537,0.010083064436912537,0.010060309432446957,0.010075869038701057,0
2026-04-03 20:15:00+00:00,0.010070656426250935,0.010094025172293186,0.010070443153381348,0.010083344765007496,0
2026-04-03 20:30:00+00:00,0.010069102048873901,0.010077379643917084,0.010065250098705292,0.01007053628563881,7784
2026-04-03 20:45:00+00:00,0.010023938491940498,0.010068937204778194,0.010023488663136959,0.010068937204778194,124110
2026-04-03 21:00:00+00:00,0.010020666755735874,0.010024100542068481,0.010011861100792885,0.010024100542068481,39712
2026-04-03 21:15:00+00:00,0.009979409165680408,0.010025445371866226,0.009977675043046474,0.01001970749348402,24146
2026-04-03 21:30:00+00:00,0.009977023117244244,0.009996721521019936,0.009975493885576725,0.009979373775422573,24074
2026-04-03 21:45:00+00:00,0.00997481681406498,0.009984456934034824,0.00997481681406498,0.009976712986826897,6976
2026-04-03 22:00:00+00:00,0.00999477133154869,0.01000209990888834,0.009976432658731937,0.009976432658731937,4718
2026-04-03 22:15:00+00:00,0.009993873536586761,0.009993873536586761,0.009982779622077942,0.009992524981498718,5544
2026-04-03 22:30:00+00:00,0.009963694959878922,0.0100000174716115,0.009963694959878922,0.009996634908020496,5920
2026-04-03 22:45:00+00:00,0.009963350370526314,0.009963542222976685,0.009954859502613544,0.009963542222976685,9377
2026-04-03 23:00:00+00:00,0.00994686596095562,0.009963048622012138,0.00994686596095562,0.009963048622012138,0
2026-04-03 23:15:00+00:00,0.00994475744664669,0.009951500222086906,0.009944173507392406,0.009947055019438267,4147
2026-04-03 23:30:00+00:00,0.009964969009160995,0.009964969009160995,0.009943515993654728,0.009944711811840534,14138
2026-04-03 23:45:00+00:00,0.009996266104280949,0.009996497072279453,0.009965261444449425,0.009965261444449425,5379
2026-04-04 00:00:00+00:00,0.009955129586160183,0.010000848211348057,0.009955033659934998,0.009996471926569939,65239
2026-04-04 00:15:00+00:00,0.009912791661918163,0.009950729086995125,0.0098975645378232,0.009950729086995125,58502
2026-04-04 00:30:00+00:00,0.009924829006195068,0.009929902851581573,0.009910586290061474,0.009910586290061474,34115
2026-04-04 00:45:00+00:00,0.009904186241328716,0.009930114261806011,0.009903947822749615,0.009924965910613537,84477
2026-04-04 01:00:00+00:00,0.009932075627148151,0.009932075627148151,0.009907204657793045,0.009907204657793045,1233
2026-04-04 01:15:00+00:00,0.00992630422115326,0.009930807165801525,0.009924126788973808,0.009929252788424492,15144
2026-04-04 01:30:00+00:00,0.009914823807775974,0.009926234371960163,0.009910947643220425,0.009926234371960163,885
2026-04-04 01:45:00+00:00,0.009915976785123348,0.009916108101606369,0.009910321794450283,0.009915844537317753,0
2026-04-04 02:00:00+00:00,0.009914033114910126,0.009935600683093071,0.009913782589137554,0.009918637573719025,842
2026-04-04 02:15:00+00:00,0.009904143400490284,0.009914291091263294,0.009904143400490284,0.009914291091263294,0
2026-04-04 02:30:00+00:00,0.009870519861578941,0.009898325428366661,0.009870502166450024,0.009898325428366661,68118
2026-04-04 02:45:00+00:00,0.009870029985904694,0.009874137118458748,0.009852037765085697,0.009863248094916344,45819
2026-04-04 03:00:00+00:00,0.009901979006826878,0.009902304969727993,0.009871860034763813,0.009873137809336185,0
2026-04-04 03:15:00+00:00,0.009895450435578823,0.009903511963784695,0.00988952349871397,0.00990315992385149,858
2026-04-04 03:30:00+00:00,0.009894545190036297,0.009901725687086582,0.009894395247101784,0.00989519339054823,0
2026-04-04 03:45:00+00:00,0.00990715716034174,0.00991132203489542,0.00990169309079647,0.00990169309079647,0
2026-04-04 04:00:00+00:00,0.009881044737994671,0.009902218356728554,0.009876123629510403,0.00990190077573061,0
2026-04-04 04:15:00+00:00,0.009883050806820393,0.009883050806820393,0.009876351803541183,0.009881443344056606,0
2026-04-04 04:30:00+00:00,0.009888486936688423,0.009895266965031624,0.009883912280201912,0.009883912280201912,0
2026-04-04 04:45:00+00:00,0.00988866575062275,0.009891444817185402,0.00988788716495037,0.009889788925647736,0
2026-04-04 05:00:00+00:00,0.009860081598162651,0.00988873653113842,0.009860081598162651,0.00988873653113842,896
2026-04-04 05:15:00+00:00,0.009856490418314934,0.009859620593488216,0.009854844771325588,0.009859620593488216,0
2026-04-04 05:30:00+00:00,0.009867922402918339,0.009870086796581745,0.009855721145868301,0.009855721145868301,4314
2026-04-04 05:45:00+00:00,0.009867798537015915,0.009876593016088009,0.009865387342870235,0.009865526109933853,781
2026-04-04 06:00:00+00:00,0.009883042424917221,0.009883042424917221,0.009867829270660877,0.009867829270660877,0
2026-04-04 06:15:00+00:00,0.00989319384098053,0.009899710305035114,0.009887734428048134,0.009887734428048134,7129
2026-04-04 06:30:00+00:00,0.009926055558025837,0.009926055558025837,0.009888856671750546,0.009893401525914669,0
2026-04-04 06:45:00+00:00,0.009945974685251713,0.00994695071130991,0.009925797581672668,0.009925797581672668,3848
2026-04-04 07:00:00+00:00,0.00994140561670065,0.009946010075509548,0.00994042307138443,0.009946010075509548,4289
2026-04-04 07:15:00+00:00,0.009943370707333088,0.009951101616024971,0.00993660930544138,0.009940313175320625,5334
2026-04-04 07:30:00+00:00,0.009913252666592598,0.00994564313441515,0.00991322286427021,0.009943711571395397,4934
2026-04-04 07:45:00+00:00,0.009902526624500751,0.009913272224366665,0.009902526624500751,0.009913272224366665,0
2026-04-04 08:00:00+00:00,0.00988338515162468,0.009898831136524677,0.00988338515162468,0.009898831136524677,0
2026-04-04 08:15:00+00:00,0.009886262007057667,0.00989463645964861,0.009883575141429901,0.009883575141429901,0
2026-04-04 08:30:00+00:00,0.009857956320047379,0.009886272251605988,0.009857956320047379,0.009886272251605988,682
2026-04-04 08:45:00+00:00,0.00984178576618433,0.009858004748821259,0.009837419725954533,0.009858004748821259,12071
2026-04-04 09:00:00+00:00,0.00985013972967863,0.009855798445641994,0.00983886606991291,0.00983886606991291,0
2026-04-04 09:15:00+00:00,0.009863661602139473,0.009863661602139473,0.00984136015176773,0.009850331582129002,0
2026-04-04 09:30:00+00:00,0.009877912700176239,0.009883846156299114,0.009862133301794529,0.009862133301794529,9731
2026-04-04 09:45:00+00:00,0.009857332333922386,0.009884785860776901,0.009857055731117725,0.009879807010293007,80157
2026-04-04 10:00:00+00:00,0.00983844418078661,0.009863626211881638,0.00983844418078661,0.009857477620244026,57512
2026-04-04 10:15:00+00:00,0.009835696779191494,0.00984291173517704,0.00983371026813984,0.009837480261921883,5601
2026-04-04 10:30:00+00:00,0.009850160218775272,0.009850160218775272,0.009828834794461727,0.009835653938353062,18298
2026-04-04 10:45:00+00:00,0.009855170734226704,0.009862578473985195,0.009850112721323967,0.009850112721323967,4545
2026-04-04 11:00:00+00:00,0.009873978793621063,0.009874429553747177,0.009855291806161404,0.009855291806161404,0
2026-04-04 11:15:00+00:00,0.0098662618547678,0.00987515039741993,0.0098662618547678,0.009873437695205212,1514
2026-04-04 11:30:00+00:00,0.009877626784145832,0.009877626784145832,0.009868819266557693,0.009868819266557693,3475
2026-04-04 11:45:00+00:00,0.009899809956550598,0.009899829514324665,0.009881907142698765,0.009884045459330082,8742
2026-04-04 12:00:00+00:00,0.009896211326122284,0.009908451698720455,0.009895388968288898,0.009899480268359184,0
2026-04-04 12:15:00+00:00,0.009900804609060287,0.009900804609060287,0.009889845736324787,0.0098956860601902,1763
2026-04-04 12:30:00+00:00,0.0099018644541502,0.009904428385198116,0.009884003549814224,0.009900693781673908,6732
2026-04-04 12:45:00+00:00,0.009883943945169449,0.009903335012495518,0.00988279189914465,0.009903335012495518,46067
2026-04-04 13:00:00+00:00,0.009871072135865688,0.00988390576094389,0.009871072135865688,0.00988390576094389,0
2026-04-04 13:15:00+00:00,0.009880652651190758,0.009883597493171692,0.009876515716314316,0.009876515716314316,0
2026-04-04 13:30:00+00:00,0.009863338433206081,0.009880047291517258,0.009863338433206081,0.009880047291517258,9155
2026-04-04 13:45:00+00:00,0.009844283573329449,0.00986066646873951,0.009841129183769226,0.00986066646873951,8903
2026-04-04 14:00:00+00:00,0.009785023517906666,0.009840545244514942,0.009785023517906666,0.009840545244514942,97286
2026-04-04 14:15:00+00:00,0.009814552962779999,0.009814873337745667,0.00979048665612936,0.00979048665612936,8496
2026-04-04 14:30:00+00:00,0.00981077179312706,0.009828882291913033,0.00980324111878872,0.009817542508244514,20905
2026-04-04 14:45:00+00:00,0.009875633753836155,0.009881491772830486,0.009814247488975525,0.009814247488975525,71098
2026-04-04 15:00:00+00:00,0.009904781356453896,0.009907503612339497,0.009876004420220852,0.009876004420220852,33386
2026-04-04 15:15:00+00:00,0.009938307106494904,0.009955132380127907,0.009905100800096989,0.009905100800096989,158180
2026-04-04 15:30:00+00:00,0.009985998272895813,0.009986129589378834,0.009937986731529236,0.009937986731529236,25249
2026-04-04 15:45:00+00:00,0.010015696287155151,0.010015696287155151,0.009982440620660782,0.009985494427382946,89190
2026-04-04 16:00:00+00:00,0.009946629405021667,0.010026353411376476,0.009946629405021667,0.010016411542892456,72024
2026-04-04 16:15:00+00:00,0.009928159415721893,0.00994692463427782,0.009926010854542255,0.00994692463427782,9122
2026-04-04 16:30:00+00:00,0.00988782662898302,0.00992804579436779,0.009875718504190445,0.009927798993885517,95889
2026-04-04 16:45:00+00:00,0.009889598935842514,0.009903255850076675,0.009888802655041218,0.009888802655041218,33680
2026-04-04 17:00:00+00:00,0.009882613085210323,0.0098890271037817,0.009870839305222034,0.0098890271037817,20894
2026-04-04 17:15:00+00:00,0.00998394563794136,0.00999931339174509,0.009889502078294754,0.009889502078294754,200687
2026-04-04 17:30:00+00:00,0.009959978982806206,0.009984633885324001,0.009959978982806206,0.009983636438846588,11751
2026-04-04 17:45:00+00:00,0.009939471259713173,0.009963957592844963,0.009939471259713173,0.009959788993000984,27374
2026-04-04 18:00:00+00:00,0.00996842235326767,0.009971407242119312,0.009939153678715229,0.009939371608197689,8285
2026-04-04 18:15:00+00:00,0.009960862807929516,0.009968426078557968,0.009960862807929516,0.009968426078557968,0
2026-04-04 18:30:00+00:00,0.009928286075592041,0.009961048141121864,0.009928286075592041,0.009961048141121864,148
2026-04-04 18:45:00+00:00,0.009929049760103226,0.00993100181221962,0.009925664402544498,0.009925664402544498,21703
2026-04-04 19:00:00+00:00,0.009953648783266544,0.009960563853383064,0.00992897991091013,0.00992897991091013,4294
2026-04-04 19:15:00+00:00,0.009980986826121807,0.009983692318201065,0.009959401562809944,0.009959401562809944,112743
2026-04-04 19:30:00+00:00,0.009949300438165665,0.009983313269913197,0.009947488084435463,0.009983313269913197,54210
2026-04-04 19:45:00+00:00,0.00993929710239172,0.009951538406312466,0.009937968105077744,0.009951538406312466,11862
2026-04-04 20:00:00+00:00,0.00992050115019083,0.009939185343682766,0.00991346500813961,0.009939185343682766,2855
2026-04-04 20:15:00+00:00,0.009907589294016361,0.009922626428306103,0.009904896840453148,0.00992058776319027,568
2026-04-04 20:30:00+00:00,0.00990490522235632,0.009908929467201233,0.00990490522235632,0.009907620958983898,0
2026-04-04 20:45:00+00:00,0.009979264810681343,0.009983744472265244,0.00990492943674326,0.00990492943674326,161894
2026-04-04 21:00:00+00:00,0.009945984929800034,0.010019746609032154,0.009945984929800034,0.009986146353185177,113517
2026-04-04 21:15:00+00:00,0.009956843219697475,0.009961159899830818,0.009940508753061295,0.009941266849637032,125251
2026-04-04 21:30:00+00:00,0.009947704151272774,0.009956559166312218,0.0099418880417943,0.009956559166312218,0
2026-04-04 21:45:00+00:00,0.009955736808478832,0.009959944523870945,0.009949757717549801,0.009949757717549801,0
2026-04-04 22:00:00+00:00,0.009963378310203552,0.009963378310203552,0.009951965883374214,0.009955722838640213,0
2026-04-04 22:15:00+00:00,0.009987855330109596,0.009996320120990276,0.009963282383978367,0.009963282383978367,16862
2026-04-04 22:30:00+00:00,0.00998463574796915,0.009993568062782288,0.00998215563595295,0.009990098886191845,0
2026-04-04 22:45:00+00:00,0.009979703463613987,0.009992211125791073,0.00997960101813078,0.009985838085412979,1888
2026-04-04 23:00:00+00:00,0.009979643858969212,0.009987583383917809,0.009979404509067535,0.009979404509067535,12077
2026-04-04 23:15:00+00:00,0.009988106787204742,0.00999065488576889,0.009979994036257267,0.009983819909393787,7408
2026-04-04 23:30:00+00:00,0.00997601542621851,0.009988388046622276,0.009974952787160873,0.009988388046622276,0
2026-04-04 23:45:00+00:00,0.009983268566429615,0.009983296506106853,0.009971892461180687,0.009976961649954319,4269
2026-04-05 00:00:00+00:00,0.009985582903027534,0.009989181533455849,0.009983349591493607,0.009983349591493607,0
2026-04-05 00:15:00+00:00,0.009948606602847576,0.009985526092350483,0.009948606602847576,0.009985526092350483,0
2026-04-05 00:30:00+00:00,0.009936987422406673,0.00994622241705656,0.009936190210282803,0.00994622241705656,858
2026-04-05 00:45:00+00:00,0.009928727522492409,0.009941996075212955,0.009928727522492409,0.009939408861100674,0
2026-04-05 01:00:00+00:00,0.009902214631438255,0.009934362024068832,0.009896747767925262,0.009928875602781773,7428
2026-04-05 01:15:00+00:00,0.009894115850329399,0.009901045821607113,0.009890612214803696,0.00989948958158493,2858
2026-04-05 01:30:00+00:00,0.009868770837783813,0.009891178458929062,0.00986643135547638,0.009891178458929062,8273
2026-04-05 01:45:00+00:00,0.009873581118881702,0.009875746443867683,0.009866428561508656,0.009866428561508656,8510
2026-04-05 02:00:00+00:00,0.009872393682599068,0.009873698465526104,0.009866135194897652,0.009873539209365845,605
2026-04-05 02:15:00+00:00,0.00987520907074213,0.009875650517642498,0.009863194078207016,0.009867237880825996,10121
2026-04-05 02:30:00+00:00,0.009848321788012981,0.009875199757516384,0.009848321788012981,0.009875199757516384,531
2026-04-05 02:45:00+00:00,0.009818005375564098,0.009847614914178848,0.009815597906708717,0.009847614914178848,2333
2026-04-05 03:00:00+00:00,0.009830978699028492,0.009830978699028492,0.009822250343859196,0.009822250343859196,2382
2026-04-05 03:15:00+00:00,0.009833000600337982,0.009833627380430698,0.00982695259153843,0.009830382652580738,8853
2026-04-05 03:30:00+00:00,0.00980366300791502,0.009832965210080147,0.00980366300791502,0.009832965210080147,3794
2026-04-05 03:45:00+00:00,0.009812400676310062,0.009813427925109863,0.009802466258406639,0.009803562425076962,6398
2026-04-05 04:00:00+00:00,0.009825031273066998,0.009825031273066998,0.009811914525926113,0.00981252733618021,16133
2026-04-05 04:15:00+00:00,0.009837886318564415,0.009837886318564415,0.009822600521147251,0.009822600521147251,9654
2026-04-05 04:30:00+00:00,0.009825238026678562,0.009835416451096535,0.009819610975682735,0.009835416451096535,10381
2026-04-05 04:45:00+00:00,0.009818821214139462,0.00983367394655943,0.009818713180720806,0.009829605929553509,5414
2026-04-05 05:00:00+00:00,0.009769362397491932,0.009818682447075844,0.009769362397491932,0.009818682447075844,103240
2026-04-05 05:15:00+00:00,0.009754464030265808,0.009767629206180573,0.009752036072313786,0.009767629206180573,16081
2026-04-05 05:30:00+00:00,0.009740322828292847,0.009755823761224747,0.009739757515490055,0.00975575391203165,5032
2026-04-05 05:45:00+00:00,0.00966546218842268,0.009740428999066353,0.00966191291809082,0.009740428999066353,80930
2026-04-05 06:00:00+00:00,0.009658312425017357,0.009684066288173199,0.009658312425017357,0.009668031707406044,27504
2026-04-05 06:15:00+00:00,0.009621822275221348,0.009642299264669418,0.009599188342690468,0.009642299264669418,91708
2026-04-05 06:30:00+00:00,0.009638945572078228,0.009652428328990936,0.009624522179365158,0.009624522179365158,14205
2026-04-05 06:45:00+00:00,0.009575651958584785,0.009640145115554333,0.009573888033628464,0.009639092721045017,125103
2026-04-05 07:00:00+00:00,0.009535713121294975,0.009587404318153858,0.009522676467895508,0.00957512203603983,162281
2026-04-05 07:15:00+00:00,0.009522696025669575,0.00954200979322195,0.009522696025669575,0.009535678662359715,112213
2026-04-05 07:30:00+00:00,0.00948292762041092,0.009521089494228363,0.009477277286350727,0.009519875980913639,44912
2026-04-05 07:45:00+00:00,0.009495269507169724,0.009497255086898804,0.00947777833789587,0.00947777833789587,22766
2026-04-05 08:00:00+00:00,0.009517374448478222,0.009528029710054398,0.009493003599345684,0.009495223872363567,20440
2026-04-05 08:15:00+00:00,0.009536691941320896,0.009543005377054214,0.009518924169242382,0.009518924169242382,17548
2026-04-05 08:30:00+00:00,0.009495078586041927,0.009536613710224628,0.009495078586041927,0.009536613710224628,28033
2026-04-05 08:45:00+00:00,0.009494488127529621,0.009498713538050652,0.009482206776738167,0.009498713538050652,24461
2026-04-05 09:00:00+00:00,0.009514586068689823,0.009527871385216713,0.009495865553617477,0.009496978484094143,48978
2026-04-05 09:15:00+00:00,0.009508457966148853,0.009508457966148853,0.009495208971202374,0.009508351795375347,14971
2026-04-05 09:30:00+00:00,0.009488578885793686,0.009508779272437096,0.009481381624937057,0.009508069604635239,5845
2026-04-05 09:45:00+00:00,0.009509618394076824,0.00951167568564415,0.009487648494541645,0.009488568641245365,0
2026-04-05 10:00:00+00:00,0.009492986835539341,0.009510836564004421,0.009492856450378895,0.009509663097560406,2469
2026-04-05 10:15:00+00:00,0.009477064944803715,0.009492979384958744,0.009460690431296825,0.009492979384958744,28013
2026-04-05 10:30:00+00:00,0.009483435191214085,0.009486285969614983,0.009471297264099121,0.009477613493800163,8238
2026-04-05 10:45:00+00:00,0.009452254511415958,0.00948434416204691,0.009439907036721706,0.00948434416204691,32130
2026-04-05 11:00:00+00:00,0.009461254812777042,0.009462435729801655,0.009441240690648556,0.009449338540434837,29671
2026-04-05 11:15:00+00:00,0.00944434106349945,0.009463942609727383,0.00944434106349945,0.00946106482297182,21259
2026-04-05 11:30:00+00:00,0.009470449760556221,0.009476862847805023,0.00944424793124199,0.00944424793124199,22609
2026-04-05 11:45:00+00:00,0.009468069300055504,0.00947808101773262,0.00946149043738842,0.009473232552409172,64667
2026-04-05 12:00:00+00:00,0.0094596017152071,0.009478012099862099,0.009457254782319069,0.009468980133533478,48692
2026-04-05 12:15:00+00:00,0.009441104717552662,0.009456870146095753,0.009437485598027706,0.009456870146095753,17702
2026-04-05 12:30:00+00:00,0.009426548145711422,0.00944144744426012,0.009426548145711422,0.009441258385777473,22076
2026-04-05 12:45:00+00:00,0.009398477151989937,0.009428635239601135,0.009376178495585918,0.009428635239601135,63793
2026-04-05 13:00:00+00:00,0.009442630223929882,0.009442630223929882,0.00939961802214384,0.009401356801390648,23835
2026-04-05 13:15:00+00:00,0.009463055990636349,0.009471701458096504,0.009441514499485493,0.009441514499485493,30635
2026-04-05 13:30:00+00:00,0.0094781294465065,0.009479611180722713,0.009443385526537895,0.009464595466852188,4595
2026-04-05 13:45:00+00:00,0.009509177878499031,0.009509177878499031,0.009480941109359264,0.009481505490839481,10546
2026-04-05 14:00:00+00:00,0.009536845609545708,0.009543183259665966,0.009507390670478344,0.009507390670478344,8165
2026-04-05 14:15:00+00:00,0.009520458988845348,0.009536969475448132,0.009504918940365314,0.009536969475448132,7181
2026-04-05 14:30:00+00:00,0.009518745355308056,0.009529253467917442,0.009516935795545578,0.009520471096038818,2799
2026-04-05 14:45:00+00:00,0.009516339749097824,0.009519579820334911,0.009515208192169666,0.009519579820334911,0
2026-04-05 15:00:00+00:00,0.00946185551583767,0.009512361139059067,0.00945371761918068,0.009512361139059067,0
2026-04-05 15:15:00+00:00,0.00947287306189537,0.00947287306189537,0.00943440105766058,0.009459003806114197,0
2026-04-05 15:30:00+00:00,0.009472149424254894,0.009517930448055267,0.009467311203479767,0.009467311203479767,0
2026-04-05 15:45:00+00:00,0.009468769654631615,0.00947671476751566,0.00946483202278614,0.009471317753195763,0
2026-04-05 16:00:00+00:00,0.00943040382117033,0.009447029791772366,0.009426762349903584,0.009447029791772366,0
2026-04-05 16:15:00+00:00,0.009422735311090946,0.009430401027202606,0.009422735311090946,0.009429296478629112,24144
2026-04-05 16:30:00+00:00,0.009445694275200367,0.009448138065636158,0.009422661736607552,0.009422661736607552,0
2026-04-05 16:45:00+00:00,0.009425544179975986,0.009446521289646626,0.009425544179975986,0.009443593211472034,1394
2026-04-05 17:00:00+00:00,0.009414502419531345,0.00942656584084034,0.009410061873495579,0.009422864764928818,6392
2026-04-05 17:15:00+00:00,0.009412874467670918,0.009414932690560818,0.009408041834831238,0.009414932690560818,0
2026-04-05 17:30:00+00:00,0.009425527416169643,0.009442910552024841,0.009421027265489101,0.009426825679838657,123
2026-04-05 17:45:00+00:00,0.009462920017540455,0.009462920017540455,0.009430836886167526,0.009430836886167526,1727
2026-04-05 18:00:00+00:00,0.009509685449302197,0.009518724866211414,0.009463843889534473,0.009463843889534473,8173
2026-04-05 18:15:00+00:00,0.009501240216195583,0.00951025728136301,0.009494790807366371,0.00951025728136301,23821
2026-04-05 18:30:00+00:00,0.009462904185056686,0.009486449882388115,0.009460510686039925,0.009483588859438896,107418
2026-04-05 18:45:00+00:00,0.009447519667446613,0.009468716569244862,0.009445404633879662,0.009463132359087467,4690
2026-04-05 19:00:00+00:00,0.009432462975382805,0.009449898265302181,0.009432462975382805,0.009447763673961163,0
2026-04-05 19:15:00+00:00,0.009450878947973251,0.009457399137318134,0.009430495090782642,0.009433288127183914,0
2026-04-05 19:30:00+00:00,0.009322761557996273,0.009441005066037178,0.009322761557996273,0.009439974091947079,53149
2026-04-05 19:45:00+00:00,0.009371351450681686,0.009373065084218979,0.009337149560451508,0.009347910061478615,36666
2026-04-05 20:00:00+00:00,0.009383252821862698,0.009391712956130505,0.009378274902701378,0.009378274902701378,0
2026-04-05 20:15:00+00:00,0.009389781393110752,0.009389781393110752,0.00938117504119873,0.00938117504119873,9422
2026-04-05 20:30:00+00:00,0.009391332976520061,0.009391332976520061,0.009375592693686485,0.009389234706759453,68524
2026-04-05 20:45:00+00:00,0.00939976517111063,0.009401370771229267,0.00938850175589323,0.00938850175589323,0
2026-04-05 21:00:00+00:00,0.009384806267917156,0.009401291608810425,0.009380101226270199,0.009399794973433018,5963
2026-04-05 21:15:00+00:00,0.009338801726698875,0.009385978803038597,0.009338390082120895,0.009385978803038597,2999
2026-04-05 21:30:00+00:00,0.00932653620839119,0.009338541887700558,0.00932653620839119,0.009338541887700558,5935
2026-04-05 21:45:00+00:00,0.009356919676065445,0.009362407959997654,0.009316752664744854,0.009318501688539982,43641
2026-04-05 22:00:00+00:00,0.009351657703518867,0.009358947165310383,0.009347931481897831,0.009354078210890293,35205
2026-04-05 22:15:00+00:00,0.00933669600635767,0.00936055090278387,0.009329152293503284,0.009352738037705421,12869
2026-04-05 22:30:00+00:00,0.009383407421410084,0.009383407421410084,0.00934094563126564,0.00934094563126564,40486
2026-04-05 22:45:00+00:00,0.009430991485714912,0.009437031112611294,0.009397629648447037,0.009397629648447037,29900
2026-04-05 23:00:00+00:00,0.00940385740250349,0.009433949366211891,0.009401543065905571,0.009425906464457512,148420
2026-04-05 23:15:00+00:00,0.009399143978953362,0.009431139566004276,0.009399048052728176,0.009411055594682693,92425
2026-04-05 23:30:00+00:00,0.009449686855077744,0.009454772807657719,0.009405774995684624,0.009405774995684624,64900
2026-04-05 23:45:00+00:00,0.009435124695301056,0.00945653859525919,0.009435124695301056,0.009450113400816917,20615
2026-04-06 00:00:00+00:00,0.009486622177064419,0.009497650898993015,0.009437109343707561,0.009437109343707561,38289
2026-04-06 00:15:00+00:00,0.009487763047218323,0.00948991347104311,0.009480123408138752,0.009483561851084232,21970
2026-04-06 00:30:00+00:00,0.009515336714684963,0.009515375830233097,0.009487428702414036,0.009487428702414036,32977
2026-04-06 00:45:00+00:00,0.009538416750729084,0.009538792073726654,0.00951521284878254,0.00951521284878254,21646
2026-04-06 01:00:00+00:00,0.009489616379141808,0.009538557380437851,0.009489616379141808,0.009538378566503525,436
2026-04-06 01:15:00+00:00,0.009452518075704575,0.009486636146903038,0.009436721913516521,0.009486636146903038,11234
2026-04-06 01:30:00+00:00,0.009451881982386112,0.00947403721511364,0.009451847523450851,0.009465275332331657,3845
2026-04-06 01:45:00+00:00,0.00943596288561821,0.009451894089579582,0.00943157821893692,0.009451894089579582,3980
2026-04-06 02:00:00+00:00,0.009489104151725769,0.009489104151725769,0.009426837787032127,0.009432777762413025,40013
2026-04-06 02:15:00+00:00,0.009514485485851765,0.009542159736156464,0.009489152580499649,0.009489152580499649,16013
2026-04-06 02:30:00+00:00,0.009526446461677551,0.009539419785141945,0.009516382589936256,0.009516382589936256,48507
2026-04-06 02:45:00+00:00,0.009576261043548584,0.009576261043548584,0.009531013667583466,0.009531013667583466,8527
2026-04-06 03:00:00+00:00,0.009552947245538235,0.009575799107551575,0.009552947245538235,0.009568965062499046,1138
2026-04-06 03:15:00+00:00,0.009545771405100822,0.009552447125315666,0.009522804990410805,0.009552447125315666,50460
2026-04-06 03:30:00+00:00,0.00953973364084959,0.009572175331413746,0.009538725949823856,0.009551860392093658,24165
2026-04-06 03:45:00+00:00,0.009557376615703106,0.009557376615703106,0.009535906836390495,0.00953796785324812,6994
2026-04-06 04:00:00+00:00,0.00955251045525074,0.009569985792040825,0.009545539505779743,0.009557578712701797,7465
2026-04-06 04:15:00+00:00,0.009552540257573128,0.00955613236874342,0.009543159045279026,0.009552514180541039,2024
2026-04-06 04:30:00+00:00,0.009658330120146275,0.009658330120146275,0.009552618488669395,0.009552618488669395,39156
2026-04-06 04:45:00+00:00,0.009607838466763496,0.00965817179530859,0.009607838466763496,0.00965817179530859,20520
2026-04-06 05:00:00+00:00,0.009558837860822678,0.009606766514480114,0.009558837860822678,0.009606766514480114,0
2026-04-06 05:15:00+00:00,0.009548842906951904,0.00956038013100624,0.009538715705275536,0.0095483073964715,21716
2026-04-06 05:30:00+00:00,0.009564025327563286,0.009566801600158215,0.00954520795494318,0.009545782580971718,23631
2026-04-06 05:45:00+00:00,0.009556887671351433,0.00956494826823473,0.009553203359246254,0.009563765488564968,0
2026-04-06 06:00:00+00:00,0.009559818543493748,0.00956216361373663,0.009541976265609264,0.009556805714964867,44490
2026-04-06 06:15:00+00:00,0.009526285342872143,0.009556412696838379,0.009523240849375725,0.009556412696838379,0
2026-04-06 06:30:00+00:00,0.009498035535216331,0.009525910951197147,0.00949067808687687,0.009525910951197147,25518
2026-04-06 06:45:00+00:00,0.009522220119833946,0.009522450156509876,0.009492265991866589,0.009492265991866589,9250
2026-04-06 07:00:00+00:00,0.009453296661376953,0.009525980800390244,0.009453296661376953,0.009524772875010967,0
2026-04-06 07:15:00+00:00,0.009472214616835117,0.009475969709455967,0.009447521530091763,0.00945321936160326,0
2026-04-06 07:30:00+00:00,0.009453452192246914,0.009469298645853996,0.009442644193768501,0.009466828778386116,53899
2026-04-06 07:45:00+00:00,0.009487180039286613,0.009487180039286613,0.009449378587305546,0.009449378587305546,18480
2026-04-06 08:00:00+00:00,0.009459754452109337,0.009484045207500458,0.009459095075726509,0.009481876157224178,53195
2026-04-06 08:15:00+00:00,0.009476362727582455,0.009476365521550179,0.009453044272959232,0.009453044272959232,34361
2026-04-06 08:30:00+00:00,0.009496133774518967,0.009497112594544888,0.009475384838879108,0.009478884749114513,4060
2026-04-06 08:45:00+00:00,0.009482682682573795,0.009525015018880367,0.009482143446803093,0.009505917318165302,66420
2026-04-06 09:00:00+00:00,0.009521804749965668,0.009521804749965668,0.009471219033002853,0.00948270782828331,15337
2026-04-06 09:15:00+00:00,0.009611892513930798,0.009620464406907558,0.009519634768366814,0.009519634768366814,128158
2026-04-06 09:30:00+00:00,0.009647538885474205,0.009651344269514084,0.00961258914321661,0.00961258914321661,53877
2026-04-06 09:45:00+00:00,0.009666561149060726,0.009666642174124718,0.009644742123782635,0.009644742123782635,32718
2026-04-06 10:00:00+00:00,0.009690766222774982,0.009693100117146969,0.009666217491030693,0.009666725061833858,12367
2026-04-06 10:15:00+00:00,0.009732368402183056,0.009736237116158009,0.009683999232947826,0.009687596000730991,162657
2026-04-06 10:30:00+00:00,0.009759950451552868,0.009760243818163872,0.009731382131576538,0.009731382131576538,28666
2026-04-06 10:45:00+00:00,0.009714276529848576,0.00975742470473051,0.009711746126413345,0.00975742470473051,58529
2026-04-06 11:00:00+00:00,0.009753558784723282,0.00975626241415739,0.00971442274749279,0.00971442274749279,13561
2026-04-06 11:15:00+00:00,0.009726518765091896,0.009753711521625519,0.009726518765091896,0.009753711521625519,21192
2026-04-06 11:30:00+00:00,0.009710948914289474,0.009726552292704582,0.009710797108709812,0.009726457297801971,10755
2026-04-06 11:45:00+00:00,0.00972589012235403,0.00972589012235403,0.009707402437925339,0.009710251353681087,5334
2026-04-06 12:00:00+00:00,0.009684528224170208,0.009725929237902164,0.009668705053627491,0.009725776500999928,1882
2026-04-06 12:15:00+00:00,0.009706282988190651,0.009747153148055077,0.009684697724878788,0.009684697724878788,33011
2026-04-06 12:30:00+00:00,0.009671522304415703,0.009709455072879791,0.009670809842646122,0.009709455072879791,23496
2026-04-06 12:45:00+00:00,0.009671390056610107,0.009672741405665874,0.009661982767283916,0.009668796323239803,0
2026-04-06 13:00:00+00:00,0.009678339585661888,0.00968912523239851,0.009670667350292206,0.009671519510447979,6415
2026-04-06 13:15:00+00:00,0.009678464382886887,0.009682046249508858,0.009670412167906761,0.009674407541751862,2439
2026-04-06 13:30:00+00:00,0.009645400568842888,0.009685593657195568,0.009645400568842888,0.009675173088908195,26930
2026-04-06 13:45:00+00:00,0.0097097372636199,0.009713090024888515,0.009648800827562809,0.009648800827562809,14543
2026-04-06 14:00:00+00:00,0.009681513532996178,0.009738298133015633,0.009681244380772114,0.009709667414426804,0
2026-04-06 14:15:00+00:00,0.00971955992281437,0.009720963425934315,0.009689688682556152,0.009689688682556152,19818
2026-04-06 14:30:00+00:00,0.009652518667280674,0.00971261877566576,0.009652518667280674,0.00971261877566576,56202
2026-04-06 14:45:00+00:00,0.00969772133976221,0.009698811918497086,0.009642405435442924,0.009653166867792606,45320
2026-04-06 15:00:00+00:00,0.009714114479720592,0.009714114479720592,0.009694159030914307,0.009694159030914307,22172
2026-04-06 15:15:00+00:00,0.00978590827435255,0.00978590827435255,0.00970696471631527,0.009710832498967648,42688
2026-04-06 15:30:00+00:00,0.00979007687419653,0.009809844195842743,0.009786318987607956,0.009786318987607956,7860
2026-04-06 15:45:00+00:00,0.009790516458451748,0.009797107428312302,0.009787986055016518,0.009790578857064247,0
2026-04-06 16:00:00+00:00,0.009695593267679214,0.009790727868676186,0.009695593267679214,0.009790727868676186,11750
2026-04-06 16:15:00+00:00,0.00967707484960556,0.009691927582025528,0.009660542011260986,0.009691927582025528,0
2026-04-06 16:30:00+00:00,0.00972368847578764,0.009730264544487,0.009683879092335701,0.009683879092335701,9958
2026-04-06 16:45:00+00:00,0.00974577758461237,0.009768866002559662,0.009721620008349419,0.009721620008349419,30086
2026-04-06 17:00:00+00:00,0.009786620736122131,0.009786620736122131,0.009744384326040745,0.00974596943706274,122387
2026-04-06 17:15:00+00:00,0.009825860150158405,0.009825860150158405,0.009765909984707832,0.009776468388736248,15843
2026-04-06 17:30:00+00:00,0.009819164872169495,0.009868118911981583,0.009819164872169495,0.009831871837377548,73707
2026-04-06 17:45:00+00:00,0.009873448871076107,0.009873448871076107,0.009814468212425709,0.009820106439292431,3845
2026-04-06 18:00:00+00:00,0.00984074268490076,0.009880000725388527,0.009837153367698193,0.00986388884484768,21322
2026-04-06 18:15:00+00:00,0.009849360212683678,0.009860974736511707,0.009840779937803745,0.009840779937803745,0
2026-04-06 18:30:00+00:00,0.009810592979192734,0.009859012439846992,0.009810497984290123,0.009848028421401978,0
2026-04-06 18:45:00+00:00,0.009826933033764362,0.009830701164901257,0.009806462563574314,0.00981643795967102,0
2026-04-06 19:00:00+00:00,0.009789778850972652,0.009830223396420479,0.00978731270879507,0.009830223396420479,3164
2026-04-06 19:15:00+00:00,0.009787796065211296,0.009793496690690517,0.009782708249986172,0.009790080599486828,4884
2026-04-06 19:30:00+00:00,0.009771970100700855,0.00979138258844614,0.00976806040853262,0.00978764146566391,4051
2026-04-06 19:45:00+00:00,0.009734965860843658,0.009765775874257088,0.009734965860843658,0.009765775874257088,0
2026-04-06 20:00:00+00:00,0.009735056199133396,0.009742709808051586,0.009735056199133396,0.009742038324475288,0
2026-04-06 20:15:00+00:00,0.00972814206033945,0.009739975444972515,0.009725301526486874,0.009734599851071835,26432
2026-04-06 20:30:00+00:00,0.00970762874931097,0.009731894358992577,0.00970762874931097,0.009728950448334217,0
2026-04-06 20:45:00+00:00,0.009726684540510178,0.009731329046189785,0.009710929356515408,0.009710929356515408,1686
2026-04-06 21:00:00+00:00,0.00977061502635479,0.00977061502635479,0.009724095463752747,0.009724095463752747,0
2026-04-06 21:15:00+00:00,0.009801006875932217,0.009804971516132355,0.00977046974003315,0.00977046974003315,2399
2026-04-06 21:30:00+00:00,0.009795457124710083,0.009800922125577927,0.009787444025278091,0.009800922125577927,20366
2026-04-06 21:45:00+00:00,0.009765533730387688,0.009784123860299587,0.00976506993174553,0.009784123860299587,0
2026-04-06 22:00:00+00:00,0.00974681880325079,0.009765498340129852,0.00974681880325079,0.009765498340129852,0
2026-04-06 22:15:00+00:00,0.009749158285558224,0.00975259579718113,0.00974899623543024,0.009752127341926098,0
2026-04-06 22:30:00+00:00,0.009679234586656094,0.009747880510985851,0.009679234586656094,0.009747880510985851,19951
2026-04-06 22:45:00+00:00,0.009625354781746864,0.009678399190306664,0.009625354781746864,0.009678399190306664,15781
2026-04-06 23:00:00+00:00,0.00956240389496088,0.009614216163754463,0.009527443908154964,0.009614216163754463,9690
2026-04-06 23:15:00+00:00,0.009561043232679367,0.009562915191054344,0.009540949948132038,0.009558807127177715,0
2026-04-06 23:30:00+00:00,0.009569969028234482,0.009570024907588959,0.009549143724143505,0.009560303762555122,0
2026-04-06 23:45:00+00:00,0.009593306109309196,0.009598350152373314,0.009584745392203331,0.009584954008460045,0
2026-04-07 00:00:00+00:00,0.009591453708708286,0.009600747376680374,0.009578938595950603,0.009589907713234425,0
2026-04-07 00:15:00+00:00,0.009580536745488644,0.009590556845068932,0.009580536745488644,0.009590313769876957,0
2026-04-07 00:30:00+00:00,0.00955565832555294,0.00958441011607647,0.00955298263579607,0.009580354206264019,5813
2026-04-07 00:45:00+00:00,0.009572991169989109,0.009578832425177097,0.009553675539791584,0.009553675539791584,1335
2026-04-07 01:00:00+00:00,0.009543318301439285,0.009573807008564472,0.009543318301439285,0.009573807008564472,0
2026-04-07 01:15:00+00:00,0.009565279819071293,0.009565338492393494,0.009534556418657303,0.009534556418657303,14220
2026-04-07 01:30:00+00:00,0.009548621252179146,0.00956802535802126,0.009537477977573872,0.009565231390297413,1024
2026-04-07 01:45:00+00:00,0.009570145979523659,0.00957856047898531,0.009549333713948727,0.009549333713948727,5061
2026-04-07 02:00:00+00:00,0.00952487625181675,0.009570184163749218,0.009518379345536232,0.009570184163749218,1719
2026-04-07 02:15:00+00:00,0.009563619270920753,0.009563619270920753,0.009524968452751637,0.009524968452751637,0
2026-04-07 02:30:00+00:00,0.009518631733953953,0.009560763835906982,0.00951622985303402,0.009560763835906982,0
2026-04-07 02:45:00+00:00,0.009487910196185112,0.009518465027213097,0.009487536735832691,0.009518465027213097,13176
2026-04-07 03:00:00+00:00,0.009512464515864849,0.009512464515864849,0.009489665739238262,0.009490939788520336,0
2026-04-07 03:15:00+00:00,0.00952213630080223,0.00952230766415596,0.00950902421027422,0.009512783959507942,2869
2026-04-07 03:30:00+00:00,0.00953377690166235,0.00953377690166235,0.009520387277007103,0.009522298350930214,3018
2026-04-07 03:45:00+00:00,0.009552665054798126,0.009552665054798126,0.009533786214888096,0.009533786214888096,998
2026-04-07 04:00:00+00:00,0.009567937813699245,0.009567937813699245,0.00955238938331604,0.00955238938331604,3994
2026-04-07 04:15:00+00:00,0.009593861177563667,0.009602283127605915,0.009561941027641296,0.009567415341734886,40955
2026-04-07 04:30:00+00:00,0.009590926580131054,0.009611210785806179,0.009590926580131054,0.009596279822289944,23025
2026-04-07 04:45:00+00:00,0.009584014303982258,0.009591164067387581,0.009578884579241276,0.009591164067387581,2299
2026-04-07 05:00:00+00:00,0.009632940404117107,0.009632940404117107,0.009578493423759937,0.009580940008163452,16227
2026-04-07 05:15:00+00:00,0.009638204239308834,0.00964880920946598,0.0096329590305686,0.0096329590305686,0
2026-04-07 05:30:00+00:00,0.009580712765455246,0.009631494991481304,0.009569750167429447,0.009631494991481304,1519
2026-04-07 05:45:00+00:00,0.009559271857142448,0.009584316052496433,0.009559271857142448,0.009581495076417923,3383
2026-04-07 06:00:00+00:00,0.00950547493994236,0.009557039476931095,0.00950547493994236,0.009557039476931095,3307
2026-04-07 06:15:00+00:00,0.009499717503786087,0.009505112655460835,0.009458651766180992,0.009505112655460835,23593
2026-04-07 06:30:00+00:00,0.009509329684078693,0.009519467130303383,0.009502825327217579,0.009502825327217579,4549
2026-04-07 06:45:00+00:00,0.009582255966961384,0.009585624560713768,0.009515304118394852,0.009515304118394852,522
2026-04-07 07:00:00+00:00,0.009607975371181965,0.009607975371181965,0.009582309052348137,0.009582309052348137,1969
2026-04-07 07:15:00+00:00,0.009601622819900513,0.009607377462089062,0.009592716582119465,0.009602431207895279,0
2026-04-07 07:30:00+00:00,0.009613646194338799,0.00961386226117611,0.009593465365469456,0.009601179510354996,4186
2026-04-07 07:45:00+00:00,0.009610859677195549,0.009623680263757706,0.009610400535166264,0.009610400535166264,0
2026-04-07 08:00:00+00:00,0.009611889719963074,0.009614438749849796,0.009599299170076847,0.009599299170076847,5255
2026-04-07 08:15:00+00:00,0.009588681161403656,0.009631635621190071,0.009588681161403656,0.009611997753381729,3896
2026-04-07 08:30:00+00:00,0.009605450555682182,0.009610885754227638,0.009588725864887238,0.009588725864887238,8707
2026-04-07 08:45:00+00:00,0.009581408463418484,0.009610463865101337,0.009581408463418484,0.009605450555682182,0
2026-04-07 09:00:00+00:00,0.00959235243499279,0.00959235243499279,0.009561517275869846,0.009561517275869846,24603
2026-04-07 09:15:00+00:00,0.009590418078005314,0.009596561081707478,0.00958218052983284,0.00959249772131443,0
2026-04-07 09:30:00+00:00,0.009606432169675827,0.009611379355192184,0.009589157067239285,0.009591193869709969,10185
2026-04-07 09:45:00+00:00,0.009631223045289516,0.009631223045289516,0.009605258703231812,0.009606276638805866,0
2026-04-07 10:00:00+00:00,0.009603516198694706,0.009625361301004887,0.00959871243685484,0.009625361301004887,40096
2026-04-07 10:15:00+00:00,0.009562553837895393,0.009602140635251999,0.009558849968016148,0.009602140635251999,0
2026-04-07 10:30:00+00:00,0.009552980773150921,0.00956658460199833,0.009550632908940315,0.009562439285218716,0
2026-04-07 10:45:00+00:00,0.009523728862404823,0.009553332813084126,0.009523728862404823,0.009553332813084126,4323
2026-04-07 11:00:00+00:00,0.009525527246296406,0.009525527246296406,0.00950619950890541,0.009523425251245499,4862
2026-04-07 11:15:00+00:00,0.009500345215201378,0.00952242873609066,0.00949852354824543,0.00952242873609066,0
2026-04-07 11:30:00+00:00,0.009479588828980923,0.009499668143689632,0.009471237659454346,0.009499668143689632,0
2026-04-07 11:45:00+00:00,0.009473392739892006,0.009487701579928398,0.009470857679843903,0.009480279870331287,0
2026-04-07 12:00:00+00:00,0.009438327513635159,0.009480138309299946,0.00943230465054512,0.009473329409956932,28141
2026-04-07 12:15:00+00:00,0.009458051063120365,0.009458051063120365,0.00943802297115326,0.00943995825946331,0
2026-04-07 12:30:00+00:00,0.009463708847761154,0.009465133771300316,0.00945649016648531,0.009459792636334896,0
2026-04-07 12:45:00+00:00,0.009465438313782215,0.009465438313782215,0.009441491216421127,0.009455076418817043,98716
2026-04-07 13:00:00+00:00,0.00952907931059599,0.00952907931059599,0.009463075548410416,0.009463075548410416,43119
2026-04-07 13:15:00+00:00,0.009510747157037258,0.00953102856874466,0.009510574862360954,0.009529073722660542,0
2026-04-07 13:30:00+00:00,0.009473896585404873,0.009509594179689884,0.009473896585404873,0.009509594179689884,1489
2026-04-07 13:45:00+00:00,0.009477524086833,0.009479845874011517,0.00947339367121458,0.00947339367121458,0
2026-04-07 14:00:00+00:00,0.00944312009960413,0.009476822800934315,0.00944312009960413,0.009476822800934315,27105
2026-04-07 14:15:00+00:00,0.009467380121350288,0.009469169192016125,0.009427626617252827,0.009440511465072632,4110
2026-04-07 14:30:00+00:00,0.009444032795727253,0.00947194080799818,0.009444032795727253,0.009470261633396149,0
2026-04-07 14:45:00+00:00,0.009412094950675964,0.009441838599741459,0.009412094950675964,0.009441838599741459,6005
2026-04-07 15:00:00+00:00,0.009392598643898964,0.009410146623849869,0.009367118589580059,0.009410146623849869,10491
2026-04-07 15:15:00+00:00,0.009441442787647247,0.009441442787647247,0.00939272716641426,0.00939272716641426,18954
2026-04-07 15:30:00+00:00,0.009442859329283237,0.00945553183555603,0.009440549649298191,0.009441462345421314,386
2026-04-07 15:45:00+00:00,0.009473283775150776,0.009473283775150776,0.0094408318400383,0.009442507289350033,11188
2026-04-07 16:00:00+00:00,0.009523824788630009,0.009536170400679111,0.009474683552980423,0.00947468914091587,29784
2026-04-07 16:15:00+00:00,0.00951844360679388,0.00952374842017889,0.009509474970400333,0.00952374842017889,1827
2026-04-07 16:30:00+00:00,0.009504436515271664,0.009518553502857685,0.009503509849309921,0.009518280625343323,14254
2026-04-07 16:45:00+00:00,0.00950475875288248,0.0095047727227211,0.009501061402261257,0.009504320099949837,4122
2026-04-07 17:00:00+00:00,0.009558555670082569,0.009559704922139645,0.009505036287009716,0.009505036287009716,7066
2026-04-07 17:15:00+00:00,0.00954317208379507,0.009572640061378479,0.009543020278215408,0.009565788321197033,4232
2026-04-07 17:30:00+00:00,0.009624687023460865,0.009624687023460865,0.00954271387308836,0.00954271387308836,5625
2026-04-07 17:45:00+00:00,0.009623691439628601,0.009636329486966133,0.009623691439628601,0.009624571539461613,18568
2026-04-07 18:00:00+00:00,0.009626402519643307,0.009632731787860394,0.009623152203857899,0.009623152203857899,0
2026-04-07 18:15:00+00:00,0.009630248881876469,0.009630309417843819,0.009624284692108631,0.009624292142689228,1507
2026-04-07 18:30:00+00:00,0.009624053724110126,0.009639154188334942,0.009624053724110126,0.00963029358536005,11533
2026-04-07 18:45:00+00:00,0.009570538066327572,0.0096214534714818,0.009570182301104069,0.0096214534714818,54206
2026-04-07 19:00:00+00:00,0.009606312029063702,0.009606312029063702,0.009573335759341717,0.009573335759341717,4464
2026-04-07 19:15:00+00:00,0.009620987810194492,0.009630102664232254,0.009608789347112179,0.009608789347112179,1025
2026-04-07 19:30:00+00:00,0.00959655549377203,0.009621409699320793,0.00959655549377203,0.009621246717870235,14294
2026-04-07 19:45:00+00:00,0.00963661354035139,0.00963661354035139,0.009582490660250187,0.009582490660250187,54777
2026-04-07 20:00:00+00:00,0.00970333069562912,0.009707062505185604,0.009634661488234997,0.009634661488234997,37850
2026-04-07 20:15:00+00:00,0.00970541499555111,0.00971096009016037,0.00970401056110859,0.009705043397843838,29849
2026-04-07 20:30:00+00:00,0.00970003567636013,0.00972750224173069,0.00970003567636013,0.009710866957902908,45858
2026-04-07 20:45:00+00:00,0.009688010439276695,0.009707444347441196,0.009688010439276695,0.009707444347441196,7477
2026-04-07 21:00:00+00:00,0.00983523204922676,0.00983523204922676,0.009703248739242554,0.009703248739242554,42527
2026-04-07 21:15:00+00:00,0.009779801592230797,0.009850824251770973,0.009779801592230797,0.0098393140360713,62420
2026-04-07 21:30:00+00:00,0.009844187647104263,0.009844456799328327,0.009779608808457851,0.009779608808457851,20515
2026-04-07 21:45:00+00:00,0.009938669390976429,0.009938669390976429,0.009841889142990112,0.009841889142990112,58382
2026-04-07 22:00:00+00:00,0.00996041763573885,0.00996041763573885,0.009922556579113007,0.009938056580722332,61905
2026-04-07 22:15:00+00:00,0.010020262561738491,0.010020262561738491,0.009948919527232647,0.009948919527232647,136242
2026-04-07 22:30:00+00:00,0.010013566352427006,0.010075555182993412,0.010013566352427006,0.010040569119155407,121326
2026-04-07 22:45:00+00:00,0.010103484615683556,0.010103484615683556,0.010020495392382145,0.010020495392382145,7135
2026-04-07 23:00:00+00:00,0.01016920991241932,0.01017499715089798,0.010110382921993732,0.010110382921993732,45400
2026-04-07 23:15:00+00:00,0.010173941031098366,0.010173941031098366,0.010139109566807747,0.010164798237383366,91597
2026-04-07 23:30:00+00:00,0.01006876491010189,0.010189700871706009,0.01006876491010189,0.010179504752159119,232154
2026-04-07 23:45:00+00:00,0.01008464116603136,0.010133344680070877,0.010077600367367268,0.010077600367367268,231593
2026-04-08 00:00:00+00:00,0.01004122942686081,0.010090907104313374,0.01004122942686081,0.01008572056889534,15430
2026-04-08 00:15:00+00:00,0.010024543851613998,0.010052815079689026,0.010024543851613998,0.010048535652458668,24986
2026-04-08 00:30:00+00:00,0.010006722994148731,0.010028300806879997,0.00999392382800579,0.010028300806879997,16953
2026-04-08 00:45:00+00:00,0.009990968741476536,0.010003668256103992,0.009987634606659412,0.010003668256103992,32525
2026-04-08 01:00:00+00:00,0.009960685856640339,0.00999132264405489,0.009960685856640339,0.00999132264405489,14498
2026-04-08 01:15:00+00:00,0.009982774034142494,0.009988575242459774,0.009968510828912258,0.009969625622034073,36290
2026-04-08 01:30:00+00:00,0.010004419833421707,0.010004419833421707,0.00997005682438612,0.009982693940401077,581
2026-04-08 01:45:00+00:00,0.010003462433815002,0.010004301555454731,0.009996898472309113,0.010004301555454731,0
2026-04-08 02:00:00+00:00,0.010067004710435867,0.0100714061409235,0.01000637374818325,0.01000637374818325,28566
2026-04-08 02:15:00+00:00,0.01005252543836832,0.010080317035317421,0.010036595165729523,0.010066702030599117,22370
2026-04-08 02:30:00+00:00,0.010014734230935574,0.010048890486359596,0.010014005936682224,0.010048890486359596,10565
2026-04-08 02:45:00+00:00,0.0100218141451478,0.010027211159467697,0.010006810538470745,0.010007137432694435,2909
2026-04-08 03:00:00+00:00,0.010066825896501541,0.010067066177725792,0.010024284943938255,0.010024284943938255,39587
2026-04-08 03:15:00+00:00,0.01007542572915554,0.01007542572915554,0.010062587447464466,0.010066156275570393,22275
2026-04-08 03:30:00+00:00,0.010076284408569336,0.010090261697769165,0.010076284408569336,0.010078339837491512,52388
2026-04-08 03:45:00+00:00,0.01006066333502531,0.010076404549181461,0.010058362036943436,0.010076404549181461,1053
2026-04-08 04:00:00+00:00,0.01004075352102518,0.010058123618364334,0.01004075352102518,0.010058123618364334,10102
2026-04-08 04:15:00+00:00,0.010054966434836388,0.010062156245112419,0.01004080381244421,0.01004080381244421,14863
2026-04-08 04:30:00+00:00,0.01006220281124115,0.010062314569950104,0.010051867924630642,0.010058224201202393,6265
2026-04-08 04:45:00+00:00,0.010088816285133362,0.010088816285133362,0.010061447508633137,0.010061629116535187,4392
2026-04-08 05:00:00+00:00,0.01010155025869608,0.010101555846631527,0.010089142248034477,0.010089196264743805,6843
2026-04-08 05:15:00+00:00,0.0101013770326972,0.010101650841534138,0.01008740533143282,0.010099031962454319,6254
2026-04-08 05:30:00+00:00,0.010135417804121971,0.010135417804121971,0.010101503692567348,0.010101503692567348,10251
2026-04-08 05:45:00+00:00,0.01013330277055502,0.010135388001799583,0.010119744576513767,0.010135388001799583,3084
2026-04-08 06:00:00+00:00,0.01012622844427824,0.01013533491641283,0.01011009979993105,0.010133105330169201,10649
2026-04-08 06:15:00+00:00,0.010183055885136127,0.010183055885136127,0.010125669650733471,0.010125669650733471,25776
2026-04-08 06:30:00+00:00,0.010178555734455585,0.01018294133245945,0.01017607282847166,0.010182913392782211,17674
2026-04-08 06:45:00+00:00,0.010132034309208393,0.010175041854381561,0.010132034309208393,0.010175041854381561,898
2026-04-08 07:00:00+00:00,0.01015978679060936,0.01015978679060936,0.010123614221811295,0.010123614221811295,12676
2026-04-08 07:15:00+00:00,0.01021045632660389,0.010215173475444317,0.010159687139093876,0.010159687139093876,51693
2026-04-08 07:30:00+00:00,0.01027675811201334,0.01027675811201334,0.010204620659351349,0.010209758765995502,14367
2026-04-08 07:45:00+00:00,0.010234151966869831,0.01029924675822258,0.010234151966869831,0.010277045890688896,79002
2026-04-08 08:00:00+00:00,0.010272334329783916,0.01028223056346178,0.010232415981590748,0.010232415981590748,41389
2026-04-08 08:15:00+00:00,0.010243293829262257,0.010268357582390308,0.010241584852337837,0.010268357582390308,12342
2026-04-08 08:30:00+00:00,0.010255338624119759,0.010261816903948784,0.010243212804198265,0.010243212804198265,707
2026-04-08 08:45:00+00:00,0.010252145119011402,0.010266374796628952,0.010252145119011402,0.010266374796628952,14835
2026-04-08 09:00:00+00:00,0.010246423073112965,0.010257535614073277,0.010246423073112965,0.010257535614073277,3796
2026-04-08 09:15:00+00:00,0.010224053636193275,0.01024402491748333,0.010224053636193275,0.01024402491748333,3264
2026-04-08 09:30:00+00:00,0.010189157910645008,0.010214762762188911,0.010188838467001915,0.010207472369074821,13536
2026-04-08 09:45:00+00:00,0.010197743773460388,0.010197743773460388,0.010186330415308475,0.010189243592321873,5235
2026-04-08 10:00:00+00:00,0.010196913965046406,0.01020838413387537,0.010196913965046406,0.010197827592492104,0
2026-04-08 10:15:00+00:00,0.010204716585576534,0.010212352499365807,0.010196618735790253,0.010196618735790253,12929
2026-04-08 10:30:00+00:00,0.010130281560122967,0.010199438780546188,0.010130281560122967,0.010199012234807014,66076
2026-04-08 10:45:00+00:00,0.010131881572306156,0.01013901736587286,0.010131881572306156,0.010133324190974236,11166
2026-04-08 11:00:00+00:00,0.010115116834640503,0.01012610737234354,0.010111606679856777,0.01012610737234354,1111
2026-04-08 11:15:00+00:00,0.010103651322424412,0.010127498768270016,0.010103651322424412,0.010115230455994606,5795
2026-04-08 11:30:00+00:00,0.010091215372085571,0.010106591507792473,0.01006350852549076,0.010106591507792473,36704
2026-04-08 11:45:00+00:00,0.010159622877836227,0.01017647422850132,0.010096272453665733,0.010096272453665733,34471
2026-04-08 12:00:00+00:00,0.010149606503546238,0.010159453377127647,0.010147280059754848,0.010159453377127647,62175
2026-04-08 12:15:00+00:00,0.01012939028441906,0.010151966474950314,0.01012939028441906,0.010151801630854607,47532
2026-04-08 12:30:00+00:00,0.0101554486900568,0.010161983780562878,0.01012829877436161,0.010130946524441242,13982
2026-04-08 12:45:00+00:00,0.010132272727787495,0.010148100554943085,0.010130459442734718,0.010148100554943085,6607
2026-04-08 13:00:00+00:00,0.01013494934886694,0.010158278048038483,0.010127885267138481,0.01013228390365839,117745
2026-04-08 13:15:00+00:00,0.010128859430551529,0.010143374092876911,0.010117446072399616,0.010131588205695152,30927
2026-04-08 13:30:00+00:00,0.010104067623615265,0.010141988284885883,0.010104067623615265,0.010141988284885883,7166
2026-04-08 13:45:00+00:00,0.010114189237356186,0.010132864117622375,0.010096129961311817,0.010096129961311817,41422
2026-04-08 14:00:00+00:00,0.010089215822517872,0.010110187344253063,0.010086947120726109,0.010110187344253063,68774
2026-04-08 14:15:00+00:00,0.010103898122906685,0.010126296430826187,0.010090108960866928,0.010090108960866928,21980
2026-04-08 14:30:00+00:00,0.010020334273576736,0.010101177729666233,0.010020334273576736,0.010101177729666233,20034
2026-04-08 14:45:00+00:00,0.009966741316020489,0.010012992657721043,0.00996239110827446,0.010012992657721043,30097
2026-04-08 15:00:00+00:00,0.00997721403837204,0.009988144040107727,0.009970372542738914,0.009972118772566319,71
2026-04-08 15:15:00+00:00,0.010012399405241013,0.01001692283898592,0.009972003288567066,0.009977047331631184,9590
2026-04-08 15:30:00+00:00,0.01000157929956913,0.010005130432546139,0.009987623430788517,0.010002849623560905,25205
2026-04-08 15:45:00+00:00,0.010008374229073524,0.010011257603764534,0.009998945519328117,0.009999414905905724,1295
2026-04-08 16:00:00+00:00,0.010032684542238712,0.010032684542238712,0.010009052231907845,0.010011273436248302,0
2026-04-08 16:15:00+00:00,0.010031113401055336,0.01003262773156166,0.01001816801726818,0.01003262773156166,653
2026-04-08 16:30:00+00:00,0.010027369484305382,0.010030284523963928,0.010025938041508198,0.010030284523963928,7054
2026-04-08 16:45:00+00:00,0.010049366392195225,0.010053216479718685,0.010023158974945545,0.010023158974945545,5306
2026-04-08 17:00:00+00:00,0.010071764700114727,0.010072078555822372,0.01004552561789751,0.010049342177808285,5236
2026-04-08 17:15:00+00:00,0.010023316368460655,0.010075800120830536,0.010023185983300209,0.010073930956423283,2363
2026-04-08 17:30:00+00:00,0.009985269978642464,0.010017044842243195,0.009984500706195831,0.0100160026922822,14678
2026-04-08 17:45:00+00:00,0.010006698779761791,0.01000717282295227,0.0099872425198555,0.009988192468881607,2020
2026-04-08 18:00:00+00:00,0.009985402226448059,0.010007640346884727,0.009981715120375156,0.010007640346884727,9183
2026-04-08 18:15:00+00:00,0.00994100607931614,0.009982925839722157,0.009936409071087837,0.00998095516115427,19374
2026-04-08 18:30:00+00:00,0.00987345352768898,0.009938898496329784,0.00987345352768898,0.009934257715940475,80686
2026-04-08 18:45:00+00:00,0.009863381274044514,0.009882367216050625,0.00986308604478836,0.009864521212875843,2221
2026-04-08 19:00:00+00:00,0.009832307696342468,0.009853823110461235,0.009831497445702553,0.009853823110461235,27588
2026-04-08 19:15:00+00:00,0.009849092923104763,0.009849092923104763,0.009826679714024067,0.009826679714024067,96126
2026-04-08 19:30:00+00:00,0.009895007126033306,0.009898492135107517,0.009849661029875278,0.009849661029875278,72299
2026-04-08 19:45:00+00:00,0.009891464374959469,0.009913611225783825,0.009891464374959469,0.009897444397211075,20389
2026-04-08 20:00:00+00:00,0.00990930013358593,0.00991007685661316,0.00989510491490364,0.00989510491490364,0
2026-04-08 20:15:00+00:00,0.009901897981762886,0.009908589534461498,0.009899085387587547,0.009907475672662258,0
2026-04-08 20:30:00+00:00,0.009897120296955109,0.00990393664687872,0.009895721450448036,0.009902250953018665,0
2026-04-08 20:45:00+00:00,0.0098933856934309,0.009897013194859028,0.009886703453958035,0.009897013194859028,424
2026-04-08 21:00:00+00:00,0.009924218989908695,0.009924218989908695,0.00988674908876419,0.009892171248793602,0
2026-04-08 21:15:00+00:00,0.009966103360056877,0.009966103360056877,0.00992424227297306,0.00992424227297306,0
2026-04-08 21:30:00+00:00,0.009959721937775612,0.00996086560189724,0.00995298009365797,0.009959669783711433,1424
2026-04-08 21:45:00+00:00,0.009962834417819977,0.00996559951454401,0.009957327507436275,0.009962375275790691,0
2026-04-08 22:00:00+00:00,0.00994226336479187,0.009955517947673798,0.00994226336479187,0.0099540576338768,0
2026-04-08 22:15:00+00:00,0.00991096068173647,0.009943000972270966,0.009909471496939659,0.009943000972270966,0
2026-04-08 22:30:00+00:00,0.009910629130899906,0.00992361269891262,0.009898013435304165,0.009911242872476578,0
2026-04-08 22:45:00+00:00,0.009892855770885944,0.009910078719258308,0.009890991263091564,0.009909627959132195,0
2026-04-08 23:00:00+00:00,0.009860338643193245,0.009879274293780327,0.009840765967965126,0.009879274293780327,19672
2026-04-08 23:15:00+00:00,0.009831656701862812,0.009876132942736149,0.009831656701862812,0.00985912885516882,11714
2026-04-08 23:30:00+00:00,0.009783273562788963,0.009821024723351002,0.009783267043530941,0.009821024723351002,73574
2026-04-08 23:45:00+00:00,0.00977114774286747,0.009780068881809711,0.009763656184077263,0.009780068881809711,80
2026-04-09 00:00:00+00:00,0.009754639118909836,0.009772123768925667,0.009751666337251663,0.009772120043635368,0
2026-04-09 00:15:00+00:00,0.009748254902660847,0.009755647741258144,0.009748254902660847,0.009754943661391735,49523
2026-04-09 00:30:00+00:00,0.009673630818724632,0.009740459732711315,0.009673630818724632,0.009740459732711315,0
2026-04-09 00:45:00+00:00,0.009730435907840729,0.009730435907840729,0.009674079716205597,0.009674079716205597,0
2026-04-09 01:00:00+00:00,0.009725308045744896,0.009741225279867649,0.009713459759950638,0.009726841002702713,0
2026-04-09 01:15:00+00:00,0.00972195528447628,0.009730027988553047,0.009716840460896492,0.009730027988553047,0
2026-04-09 01:30:00+00:00,0.009725691750645638,0.009738527238368988,0.009709462523460388,0.009719599969685078,5390
2026-04-09 01:45:00+00:00,0.00974559411406517,0.00974559411406517,0.009714965708553791,0.009725173003971577,11301
2026-04-09 02:00:00+00:00,0.009784364141523838,0.009784567169845104,0.009751737117767334,0.009751737117767334,3843
2026-04-09 02:15:00+00:00,0.009817981161177158,0.009817981161177158,0.009783966466784477,0.009785647504031658,2106
2026-04-09 02:30:00+00:00,0.009827456437051296,0.009835786186158657,0.009823761880397797,0.009827811270952225,44457
2026-04-09 02:45:00+00:00,0.009837785735726357,0.009841482155025005,0.009828051552176476,0.009828051552176476,3706
2026-04-09 03:00:00+00:00,0.00980103574693203,0.009842094033956528,0.00980103574693203,0.009837067686021328,0
2026-04-09 03:15:00+00:00,0.009812499396502972,0.009815097786486149,0.00980386696755886,0.00980386696755886,0
2026-04-09 03:30:00+00:00,0.009795066900551319,0.009811603464186192,0.009795066900551319,0.009811603464186192,0
2026-04-09 03:45:00+00:00,0.009835982695221901,0.009835982695221901,0.009789494797587395,0.009794998914003372,21325
2026-04-09 04:00:00+00:00,0.00977038312703371,0.00983299221843481,0.00977038312703371,0.00983299221843481,4358
2026-04-09 04:15:00+00:00,0.00976909976452589,0.009773965924978256,0.009746840223670006,0.009773965924978256,9922
2026-04-09 04:30:00+00:00,0.00981940608471632,0.00981940608471632,0.009768888354301453,0.009768888354301453,4981
2026-04-09 04:45:00+00:00,0.009800311177968979,0.009819700382649899,0.009800311177968979,0.009819700382649899,13350
2026-04-09 05:00:00+00:00,0.009780103340744972,0.00980452261865139,0.009776297956705093,0.00980452261865139,61856
2026-04-09 05:15:00+00:00,0.009774855338037014,0.009779814630746841,0.009768687188625336,0.009779814630746841,19209
2026-04-09 05:30:00+00:00,0.00979524664580822,0.00979524664580822,0.009775609709322453,0.009775609709322453,1942
2026-04-09 05:45:00+00:00,0.009752864018082619,0.009787718765437603,0.009752864018082619,0.009787718765437603,5309
2026-04-09 06:00:00+00:00,0.009772209450602531,0.009772209450602531,0.009752591140568256,0.009752591140568256,6307
2026-04-09 06:15:00+00:00,0.00978429801762104,0.00978429801762104,0.009773020632565022,0.009773284196853638,0
2026-04-09 06:30:00+00:00,0.009808659553527832,0.009812100790441036,0.009782467037439346,0.009782467037439346,15060
2026-04-09 06:45:00+00:00,0.009812233038246632,0.009812233038246632,0.00980533566325903,0.00980883277952671,507
2026-04-09 07:00:00+00:00,0.009858274832367897,0.009861351922154427,0.009812263771891594,0.009812263771891594,5573
2026-04-09 07:15:00+00:00,0.009836507961153984,0.009871366433799267,0.009836507961153984,0.009871366433799267,3202
2026-04-09 07:30:00+00:00,0.009831718169152737,0.009835361503064632,0.00982936192303896,0.00982936192303896,0
2026-04-09 07:45:00+00:00,0.009819318540394306,0.009824606589972973,0.009813539683818817,0.009824606589972973,0
2026-04-09 08:00:00+00:00,0.009861024096608162,0.009861024096608162,0.009804879315197468,0.009804879315197468,4188
2026-04-09 08:15:00+00:00,0.009834918193519115,0.009858406148850918,0.009834918193519115,0.009858406148850918,0
2026-04-09 08:30:00+00:00,0.009843477979302406,0.009846603497862816,0.009833792224526405,0.009833792224526405,0
2026-04-09 08:45:00+00:00,0.009853712283074856,0.009854495525360107,0.009843540377914906,0.00984739139676094,12761
2026-04-09 09:00:00+00:00,0.009852045215666294,0.009856161661446095,0.00983121246099472,0.009856161661446095,5581
2026-04-09 09:15:00+00:00,0.009885154664516449,0.0098902378231287,0.00985797494649887,0.00985797494649887,17911
2026-04-09 09:30:00+00:00,0.00988942664116621,0.009892795234918594,0.009873802773654461,0.009882188402116299,31816
2026-04-09 09:45:00+00:00,0.009899431839585304,0.009902396239340305,0.00988838542252779,0.009897425770759583,33835
2026-04-09 10:00:00+00:00,0.00984373688697815,0.0098987752571702,0.00984373688697815,0.0098987752571702,10792
2026-04-09 10:15:00+00:00,0.009859751909971237,0.009861733764410019,0.009842519648373127,0.009843461215496063,50
2026-04-09 10:30:00+00:00,0.009839966893196106,0.009854826144874096,0.009836728684604168,0.009854826144874096,0
2026-04-09 10:45:00+00:00,0.009846865199506283,0.009849795140326023,0.009842166677117348,0.009843242354691029,0
2026-04-09 11:00:00+00:00,0.009814598597586155,0.009850568138062954,0.009814598597586155,0.009850568138062954,7957
2026-04-09 11:15:00+00:00,0.009795675985515118,0.009817501530051231,0.009792228229343891,0.009817501530051231,6219
2026-04-09 11:30:00+00:00,0.009785234928131104,0.00979480892419815,0.009776957333087921,0.009792200289666653,55476
2026-04-09 11:45:00+00:00,0.009795358404517174,0.009795358404517174,0.009787088260054588,0.009787088260054588,0
2026-04-09 12:00:00+00:00,0.009777652099728584,0.009795425459742546,0.009776697494089603,0.009795425459742546,0
2026-04-09 12:15:00+00:00,0.009781846776604652,0.009781846776604652,0.009761997498571873,0.009777888655662537,0
2026-04-09 12:30:00+00:00,0.009773765690624714,0.009782354347407818,0.009765260852873325,0.009782354347407818,3405
2026-04-09 12:45:00+00:00,0.009774917736649513,0.00978117436170578,0.009771835058927536,0.009773751720786095,0
2026-04-09 13:00:00+00:00,0.009766840375959873,0.009779833257198334,0.009766750037670135,0.00977498572319746,0
2026-04-09 13:15:00+00:00,0.009777918457984924,0.009779381565749645,0.00976342149078846,0.00976660754531622,0
2026-04-09 13:30:00+00:00,0.009776519611477852,0.009784200228750706,0.009764600545167923,0.00977682787925005,22434
2026-04-09 13:45:00+00:00,0.009786362759768963,0.009790320880711079,0.009774317964911461,0.009774317964911461,17322
2026-04-09 14:00:00+00:00,0.009823455475270748,0.00982368178665638,0.009798246435821056,0.009798246435821056,0
2026-04-09 14:15:00+00:00,0.00979915913194418,0.009826441295444965,0.00979915913194418,0.009817582555115223,0
2026-04-09 14:30:00+00:00,0.009809017181396484,0.009809017181396484,0.009794017300009727,0.009800848551094532,0
2026-04-09 14:45:00+00:00,0.009865658357739449,0.009869012981653214,0.00980830006301403,0.00980830006301403,4245
2026-04-09 15:00:00+00:00,0.009857668541371822,0.009861296974122524,0.009846027009189129,0.009861296974122524,0
2026-04-09 15:15:00+00:00,0.009905739687383175,0.009919931180775166,0.009865634143352509,0.009865634143352509,13861
2026-04-09 15:30:00+00:00,0.009976278059184551,0.009976278059184551,0.00989893451333046,0.009906151331961155,107116
2026-04-09 15:45:00+00:00,0.009996548295021057,0.010001594200730324,0.009970222599804401,0.009970222599804401,46800
2026-04-09 16:00:00+00:00,0.009983018971979618,0.009983018971979618,0.009932154789566994,0.009938293136656284,344581
2026-04-09 16:15:00+00:00,0.009989563375711441,0.010008379817008972,0.009980861097574234,0.009980861097574234,76661
2026-04-09 16:30:00+00:00,0.009915906935930252,0.009986557066440582,0.009915557689964771,0.009986557066440582,49728
2026-04-09 16:45:00+00:00,0.00993148423731327,0.009933555498719215,0.009912977926433086,0.009915738366544247,23489
2026-04-09 17:00:00+00:00,0.009993691928684711,0.009998499415814877,0.009942896664142609,0.009942896664142609,17908
2026-04-09 17:15:00+00:00,0.009994695894420147,0.01001807115972042,0.009994695894420147,0.010009887628257275,31424
2026-04-09 17:30:00+00:00,0.010019922628998756,0.010019922628998756,0.009971545077860355,0.009997885674238205,0
2026-04-09 17:45:00+00:00,0.010015388950705528,0.01004275493323803,0.010015388950705528,0.010021691210567951,17423
2026-04-09 18:00:00+00:00,0.0099760377779603,0.010019493289291859,0.00997600145637989,0.010019493289291859,10798
2026-04-09 18:15:00+00:00,0.00999046303331852,0.00999046303331852,0.009973498992621899,0.009976798668503761,75
2026-04-09 18:30:00+00:00,0.010002528317272663,0.010008410550653934,0.009990237653255463,0.009990237653255463,10030
2026-04-09 18:45:00+00:00,0.010007230564951897,0.010013419203460217,0.010003204457461834,0.010003204457461834,388
2026-04-09 19:00:00+00:00,0.010188605636358261,0.010188605636358261,0.010005870833992958,0.01000757422298193,136491
2026-04-09 19:15:00+00:00,0.010142427869141102,0.010203034617006779,0.010124433785676956,0.010190295986831188,137789
2026-04-09 19:30:00+00:00,0.010126619599759579,0.010163224302232265,0.010120861232280731,0.010148136876523495,0
2026-04-09 19:45:00+00:00,0.010136955417692661,0.010161839425563812,0.010127461515367031,0.010127461515367031,5568
2026-04-09 20:00:00+00:00,0.010228777304291725,0.010229379869997501,0.010137101635336876,0.010137101635336876,85206
2026-04-09 20:15:00+00:00,0.010223300196230412,0.010229313746094704,0.010206319391727448,0.01021593902260065,82691
2026-04-09 20:30:00+00:00,0.010159580036997795,0.010217715054750443,0.010159580036997795,0.010217715054750443,32308
2026-04-09 20:45:00+00:00,0.010158801451325417,0.01015892531722784,0.010135547257959843,0.01015594694763422,57135
2026-04-09 21:00:00+00:00,0.010245973244309425,0.010259944014251232,0.010171378031373024,0.010171686299145222,126243
2026-04-09 21:15:00+00:00,0.010249391198158264,0.010252362117171288,0.010243567638099194,0.0102462787181139,6538
2026-04-09 21:30:00+00:00,0.010215429589152336,0.010249795392155647,0.010199778713285923,0.010249795392155647,7868
2026-04-09 21:45:00+00:00,0.010156824253499508,0.010202175006270409,0.010156824253499508,0.010199946351349354,62016
2026-04-09 22:00:00+00:00,0.010226601734757423,0.010226601734757423,0.010153032839298248,0.01015497837215662,36544
2026-04-09 22:15:00+00:00,0.010255194269120693,0.010262626223266125,0.010230823419988155,0.010230823419988155,81776
2026-04-09 22:30:00+00:00,0.010295690037310123,0.010311800986528397,0.010246401652693748,0.010248814709484577,83670
2026-04-09 22:45:00+00:00,0.010253815911710262,0.010295955464243889,0.010251541621983051,0.010295955464243889,5181
2026-04-09 23:00:00+00:00,0.010206826962530613,0.010247750207781792,0.010201486758887768,0.010247750207781792,10377
2026-04-09 23:15:00+00:00,0.010157164186239243,0.010208453051745892,0.010157164186239243,0.010208453051745892,20476
2026-04-09 23:30:00+00:00,0.010121740400791168,0.010159185156226158,0.010110510513186455,0.010159185156226158,0
2026-04-09 23:45:00+00:00,0.010090131312608719,0.010120639577507973,0.010089985094964504,0.010120639577507973,9619
2026-04-10 00:00:00+00:00,0.010080940090119839,0.010107442736625671,0.010079529136419296,0.010093018412590027,61507
2026-04-10 00:15:00+00:00,0.010073409415781498,0.010088457725942135,0.010071846656501293,0.010085572488605976,8785
2026-04-10 00:30:00+00:00,0.010141229256987572,0.010141229256987572,0.010083765722811222,0.010083765722811222,11870
2026-04-10 00:45:00+00:00,0.01015818677842617,0.01017112098634243,0.010157172568142414,0.010157172568142414,41295
2026-04-10 01:00:00+00:00,0.01021960936486721,0.01021960936486721,0.010147451423108578,0.010157913900911808,43801
2026-04-10 01:15:00+00:00,0.010226171463727951,0.01026450376957655,0.010220044292509556,0.010220044292509556,62188
2026-04-10 01:30:00+00:00,0.010291116312146187,0.010326121933758259,0.010235104709863663,0.010235104709863663,121290
2026-04-10 01:45:00+00:00,0.010289954952895641,0.010319286957383156,0.010289833880960941,0.010292320512235165,20911
2026-04-10 02:00:00+00:00,0.010285775177180767,0.010296943597495556,0.010285775177180767,0.010286925360560417,18786
2026-04-10 02:15:00+00:00,0.010295780375599861,0.01030315924435854,0.01023965422064066,0.01027508731931448,31746
2026-04-10 02:30:00+00:00,0.010388263501226902,0.010390972718596458,0.010287192650139332,0.010287192650139332,6663
2026-04-10 02:45:00+00:00,0.010348217561841011,0.010409044101834297,0.010339337401092052,0.010409044101834297,64888
2026-04-10 03:00:00+00:00,0.010490728542208672,0.010510189458727837,0.010350188240408897,0.010350188240408897,234894
2026-04-10 03:15:00+00:00,0.010352329351007938,0.010482239536941051,0.010352329351007938,0.010482239536941051,101687
2026-04-10 03:30:00+00:00,0.01053005363792181,0.010553148575127125,0.010345205664634705,0.010353891178965569,223376
2026-04-10 03:45:00+00:00,0.010573554784059525,0.010588540695607662,0.010522158816456795,0.010522158816456795,220727
2026-04-10 04:00:00+00:00,0.01058738399296999,0.010597257874906063,0.010548379272222519,0.010568751022219658,126365
2026-04-10 04:15:00+00:00,0.010577738285064697,0.010632808320224285,0.01056967955082655,0.010587294586002827,146809
2026-04-10 04:30:00+00:00,0.010466203093528748,0.010578624904155731,0.010466203093528748,0.010578624904155731,82298
2026-04-10 04:45:00+00:00,0.010508576408028603,0.010508576408028603,0.010450269095599651,0.010463353246450424,58487
2026-04-10 05:00:00+00:00,0.010425611399114132,0.010509884916245937,0.010424086824059486,0.01050672959536314,45961
2026-04-10 05:15:00+00:00,0.010415438562631607,0.010436237789690495,0.01040486991405487,0.010418802499771118,3909
2026-04-10 05:30:00+00:00,0.010461131110787392,0.010461131110787392,0.010381290689110756,0.0103882672265172,97640
2026-04-10 05:45:00+00:00,0.010468763299286366,0.010487088933587074,0.010461390018463135,0.010461390018463135,33068
2026-04-10 06:00:00+00:00,0.010436969809234142,0.01051067654043436,0.010436108335852623,0.01047880295664072,74752
2026-04-10 06:15:00+00:00,0.0104281697422266,0.010437879711389542,0.01041953731328249,0.010437879711389542,15900
2026-04-10 06:30:00+00:00,0.010483485646545887,0.010488326661288738,0.010433546267449856,0.010433546267449856,26983
2026-04-10 06:45:00+00:00,0.010417389683425426,0.01048342790454626,0.010417389683425426,0.010483239777386189,55884
2026-04-10 07:00:00+00:00,0.010360770858824253,0.010411004535853863,0.010360311716794968,0.010411004535853863,5327
2026-04-10 07:15:00+00:00,0.01039140485227108,0.01039140485227108,0.010360831394791603,0.01036528404802084,36610
2026-04-10 07:30:00+00:00,0.010409893468022346,0.010417972691357136,0.010378050617873669,0.010383132845163345,64345
2026-04-10 07:45:00+00:00,0.010378955863416195,0.010435606352984905,0.010378955863416195,0.010421132668852806,33438
2026-04-10 08:00:00+00:00,0.010378040373325348,0.01040687970817089,0.010374527424573898,0.010374813340604305,24870
2026-04-10 08:15:00+00:00,0.010364233516156673,0.010364233516156673,0.010351985692977905,0.010360448621213436,18852
2026-04-10 08:30:00+00:00,0.010488243773579597,0.010493145324289799,0.010358944535255432,0.01036441046744585,178325
2026-04-10 08:45:00+00:00,0.010440793819725513,0.010482782498002052,0.010440793819725513,0.010482782498002052,36997
2026-04-10 09:00:00+00:00,0.010482133366167545,0.010485010221600533,0.010446999222040176,0.010446999222040176,15195
2026-04-10 09:15:00+00:00,0.010550146922469139,0.010552587918937206,0.010482155717909336,0.010482155717909336,75589
2026-04-10 09:30:00+00:00,0.010613550432026386,0.010618944652378559,0.010526890866458416,0.010554668493568897,170555
2026-04-10 09:45:00+00:00,0.010624714195728302,0.010636637918651104,0.010596045292913914,0.010621347464621067,99343
2026-04-10 10:00:00+00:00,0.010561725124716759,0.010646090842783451,0.010560033842921257,0.010635195299983025,153962
2026-04-10 10:15:00+00:00,0.010587500408291817,0.01060161180794239,0.010559774935245514,0.010559774935245514,180658
2026-04-10 10:30:00+00:00,0.010610572062432766,0.010610982775688171,0.010579667054116726,0.010579667054116726,38194
2026-04-10 10:45:00+00:00,0.010515192523598671,0.010602637194097042,0.010515173897147179,0.010602637194097042,43625
2026-04-10 11:00:00+00:00,0.010467533022165298,0.010530276224017143,0.010467533022165298,0.01051683072000742,40978
2026-04-10 11:15:00+00:00,0.010423685424029827,0.010461393743753433,0.010410611517727375,0.010461393743753433,40557
2026-04-10 11:30:00+00:00,0.010474340058863163,0.010478355921804905,0.010431592352688313,0.010431592352688313,10576
2026-04-10 11:45:00+00:00,0.010487252846360207,0.010487252846360207,0.010454987175762653,0.010463699698448181,35788
2026-04-10 12:00:00+00:00,0.010520899668335915,0.010530924424529076,0.01049245335161686,0.01049245335161686,67881
2026-04-10 12:15:00+00:00,0.010485406033694744,0.010557924397289753,0.010485406033694744,0.010524597018957138,110911
2026-04-10 12:30:00+00:00,0.010457961820065975,0.010483944788575172,0.01044901367276907,0.010479066520929337,175125
2026-04-10 12:45:00+00:00,0.010569735430181026,0.010570503771305084,0.010458516888320446,0.010458516888320446,119787
2026-04-10 13:00:00+00:00,0.0106034642085433,0.010609954595565796,0.010549698956310749,0.010555457323789597,60721
2026-04-10 13:15:00+00:00,0.010580736212432384,0.010607019998133183,0.010565930977463722,0.010607019998133183,80211
2026-04-10 13:30:00+00:00,0.010607026517391205,0.010659702122211456,0.010574965737760067,0.010574965737760067,237757
2026-04-10 13:45:00+00:00,0.010602553375065327,0.010629374533891678,0.010595974512398243,0.010625266470015049,37598
2026-04-10 14:00:00+00:00,0.010534434579312801,0.010604052804410458,0.010534428060054779,0.010602490045130253,23291
2026-04-10 14:15:00+00:00,0.01052899844944477,0.010538981296122074,0.01049527432769537,0.010531595908105373,58842
2026-04-10 14:30:00+00:00,0.010550979524850845,0.010550979524850845,0.010516882874071598,0.010523298755288124,47959
2026-04-10 14:45:00+00:00,0.010602832771837711,0.010606333613395691,0.010550926439464092,0.010550926439464092,18544
2026-04-10 15:00:00+00:00,0.010617506690323353,0.010622464120388031,0.010593719780445099,0.01061317790299654,55706
2026-04-10 15:15:00+00:00,0.010567350313067436,0.010620170272886753,0.010567350313067436,0.010615245439112186,8318
2026-04-10 15:30:00+00:00,0.010535897687077522,0.010572314262390137,0.010535897687077522,0.010565538890659809,7539
2026-04-10 15:45:00+00:00,0.010526222176849842,0.010553112253546715,0.010526222176849842,0.010536560788750648,12292
2026-04-10 16:00:00+00:00,0.010613539256155491,0.010613539256155491,0.010525020770728588,0.010525020770728588,66844
2026-04-10 16:15:00+00:00,0.010695336386561394,0.010735902935266495,0.010614080354571342,0.010614080354571342,153750
2026-04-10 16:30:00+00:00,0.010618675500154495,0.01069289818406105,0.010609133169054985,0.01069289818406105,27608
2026-04-10 16:45:00+00:00,0.010571232065558434,0.01061959657818079,0.010571232065558434,0.010616193525493145,72896
2026-04-10 17:00:00+00:00,0.010562848299741745,0.010574295185506344,0.010562848299741745,0.010574295185506344,1364
2026-04-10 17:15:00+00:00,0.010497277602553368,0.010562988929450512,0.010497277602553368,0.010562988929450512,58004
2026-04-10 17:30:00+00:00,0.010417685844004154,0.010491572320461273,0.010417685844004154,0.010491572320461273,90965
2026-04-10 17:45:00+00:00,0.010508997365832329,0.010508997365832329,0.010418280959129333,0.010418280959129333,56471
2026-04-10 18:00:00+00:00,0.010498966090381145,0.01051231287419796,0.01049674954265356,0.010504378005862236,22831
2026-04-10 18:15:00+00:00,0.010547079145908356,0.010547079145908356,0.010497953742742538,0.010497953742742538,65095
2026-04-10 18:30:00+00:00,0.010605456307530403,0.01060827262699604,0.01054704561829567,0.01054704561829567,6842
2026-04-10 18:45:00+00:00,0.010604789480566978,0.010606401599943638,0.010585946962237358,0.010603604838252068,31309
2026-04-10 19:00:00+00:00,0.010609491728246212,0.010611957870423794,0.010603810660541058,0.010611957870423794,0
2026-04-10 19:15:00+00:00,0.010588448494672775,0.010607616044580936,0.010573090985417366,0.010606752708554268,0
2026-04-10 19:30:00+00:00,0.010585903190076351,0.010585915297269821,0.010564918629825115,0.010574444197118282,240
2026-04-10 19:45:00+00:00,0.010574022307991982,0.010596116073429585,0.010574022307991982,0.010586941614747047,35758
2026-04-10 20:00:00+00:00,0.010579019784927368,0.010583766736090183,0.010576368309557438,0.010576396249234676,0
2026-04-10 20:15:00+00:00,0.010561012662947178,0.010578814893960953,0.010554168373346329,0.010578814893960953,0
2026-04-10 20:30:00+00:00,0.010525527410209179,0.0105608394369483,0.010523809120059013,0.0105608394369483,19434
2026-04-10 20:45:00+00:00,0.01055135577917099,0.010556623339653015,0.010526307858526707,0.010526307858526707,0
2026-04-10 21:00:00+00:00,0.010534082539379597,0.010570048354566097,0.010534082539379597,0.010551423765718937,0
2026-04-10 21:15:00+00:00,0.010509230196475983,0.0105225695297122,0.010497807525098324,0.010520366951823235,14341
2026-04-10 21:30:00+00:00,0.010478513315320015,0.010522729717195034,0.01047493051737547,0.010512251406908035,59491
2026-04-10 21:45:00+00:00,0.0104939891025424,0.0104939891025424,0.010460210964083672,0.010466462932527065,70751
2026-04-10 22:00:00+00:00,0.010496453382074833,0.010507206432521343,0.010491146706044674,0.01050299871712923,0
2026-04-10 22:15:00+00:00,0.010432437062263489,0.010496610775589943,0.01042892038822174,0.010496610775589943,8829
2026-04-10 22:30:00+00:00,0.010401112958788872,0.010432739742100239,0.01040084008127451,0.01043188851326704,12516
2026-04-10 22:45:00+00:00,0.010427923873066902,0.010427923873066902,0.010400684550404549,0.010400684550404549,0
2026-04-10 23:00:00+00:00,0.010425960645079613,0.01043087337166071,0.010424076579511166,0.010427700355648994,0
2026-04-10 23:15:00+00:00,0.010435579344630241,0.010436327196657658,0.01041838712990284,0.010430020280182362,11055
2026-04-10 23:30:00+00:00,0.010515207424759865,0.010520704090595245,0.010439866222441196,0.010439866222441196,56671
2026-04-10 23:45:00+00:00,0.010504748672246933,0.010532727465033531,0.010504748672246933,0.01051477063447237,16685
2026-04-11 00:00:00+00:00,0.01047100592404604,0.010514281690120697,0.010458854027092457,0.010505229234695435,0
2026-04-11 00:15:00+00:00,0.010508601553738117,0.010508601553738117,0.010470045730471611,0.010470045730471611,12286
2026-04-11 00:30:00+00:00,0.010496188886463642,0.010550451464951038,0.010496188886463642,0.010513007640838623,15602
2026-04-11 00:45:00+00:00,0.010487806983292103,0.010496134869754314,0.010474146343767643,0.010496134869754314,0
2026-04-11 01:00:00+00:00,0.010456935502588749,0.01048464048653841,0.010456935502588749,0.01048464048653841,6161
2026-04-11 01:15:00+00:00,0.010405915789306164,0.010453185066580772,0.010405151173472404,0.010453185066580772,0
2026-04-11 01:30:00+00:00,0.010446750558912754,0.01044753659516573,0.0104086734354496,0.0104086734354496,12037
2026-04-11 01:45:00+00:00,0.010486610233783722,0.010487793013453484,0.010448485612869263,0.010448485612869263,33066
2026-04-11 02:00:00+00:00,0.01047252956777811,0.010486085899174213,0.010469943284988403,0.010486085899174213,13793
2026-04-11 02:15:00+00:00,0.0104520870372653,0.01047426462173462,0.0104520870372653,0.01047426462173462,3046
2026-04-11 02:30:00+00:00,0.010430751368403435,0.010452031157910824,0.010430751368403435,0.010450449772179127,0
2026-04-11 02:45:00+00:00,0.010412685573101044,0.010426335036754608,0.01040530763566494,0.010426335036754608,0
2026-04-11 03:00:00+00:00,0.010432128794491291,0.010444353334605694,0.010412921197712421,0.010412921197712421,0
2026-04-11 03:15:00+00:00,0.010465108789503574,0.010468131862580776,0.010432000271975994,0.010432000271975994,0
2026-04-11 03:30:00+00:00,0.01042463444173336,0.010462637059390545,0.01042463444173336,0.010462637059390545,0
2026-04-11 03:45:00+00:00,0.010375906713306904,0.010427305474877357,0.010375906713306904,0.010427025146782398,0
2026-04-11 04:00:00+00:00,0.010457935743033886,0.010473408736288548,0.010371499694883823,0.010376428253948689,0
2026-04-11 04:15:00+00:00,0.01043821219354868,0.010458212345838547,0.010435303673148155,0.010458212345838547,0
2026-04-11 04:30:00+00:00,0.01050188671797514,0.010510684922337532,0.010436308570206165,0.010436308570206165,0
2026-04-11 04:45:00+00:00,0.010478978976607323,0.010501852259039879,0.010468898341059685,0.010501852259039879,0
2026-04-11 05:00:00+00:00,0.010419068858027458,0.010477414354681969,0.010419068858027458,0.010477414354681969,0
2026-04-11 05:15:00+00:00,0.010565686970949173,0.010565686970949173,0.010397914797067642,0.010418315418064594,132769
2026-04-11 05:30:00+00:00,0.010582244023680687,0.010612689889967442,0.010549074970185757,0.010549074970185757,327918
2026-04-11 05:45:00+00:00,0.010670777410268784,0.010670777410268784,0.010586774908006191,0.010586774908006191,121935
2026-04-11 06:00:00+00:00,0.010662171989679337,0.01069556176662445,0.010662171989679337,0.010687315836548805,38990
2026-04-11 06:15:00+00:00,0.010633284226059914,0.010659344494342804,0.010626695118844509,0.010659344494342804,102904
2026-04-11 06:30:00+00:00,0.010628683492541313,0.010683219879865646,0.010628683492541313,0.01066614966839552,68299
2026-04-11 06:45:00+00:00,0.010619337670505047,0.010628578253090382,0.010598087683320045,0.010626789182424545,23328
2026-04-11 07:00:00+00:00,0.010689083486795425,0.010689083486795425,0.010620168410241604,0.010620168410241604,93699
2026-04-11 07:15:00+00:00,0.010730047710239887,0.010737039148807526,0.010687819682061672,0.010687819682061672,67949
2026-04-11 07:30:00+00:00,0.010741239413619041,0.010741239413619041,0.010719201527535915,0.010732272639870644,115534
2026-04-11 07:45:00+00:00,0.010750265792012215,0.010762277990579605,0.010742726735770702,0.010746634565293789,123472
2026-04-11 08:00:00+00:00,0.010907291434705257,0.010918237268924713,0.010762173682451248,0.010762173682451248,483341
2026-04-11 08:15:00+00:00,0.01088055782020092,0.010926241986453533,0.01088055782020092,0.010909412056207657,283991
2026-04-11 08:30:00+00:00,0.010956636629998684,0.010960409417748451,0.010880575515329838,0.010880575515329838,0
2026-04-11 08:45:00+00:00,0.010935045778751373,0.010954983532428741,0.010928013361990452,0.010954983532428741,70418
2026-04-11 09:00:00+00:00,0.011014634743332863,0.011014634743332863,0.010945221409201622,0.010945221409201622,302331
2026-04-11 09:15:00+00:00,0.011133595369756222,0.011138876900076866,0.011016062460839748,0.011016062460839748,641277
2026-04-11 09:30:00+00:00,0.011127328500151634,0.011140518821775913,0.011113259941339493,0.011132994666695595,202876
2026-04-11 09:45:00+00:00,0.011304124258458614,0.011305834166705608,0.011131612583994865,0.011131612583994865,172544
2026-04-11 10:00:00+00:00,0.011186658404767513,0.011312323622405529,0.011186658404767513,0.011304972693324089,56944
2026-04-11 10:15:00+00:00,0.011299308389425278,0.011299308389425278,0.01118621975183487,0.011192349717020988,79759
2026-04-11 10:30:00+00:00,0.011118501424789429,0.01129186525940895,0.011118501424789429,0.011286385357379913,401372
2026-04-11 10:45:00+00:00,0.011204639449715614,0.011206841096282005,0.011129054240882397,0.011131072416901588,87308
2026-04-11 11:00:00+00:00,0.01112610474228859,0.011280186474323273,0.01112610474228859,0.011220389045774937,368628
2026-04-11 11:15:00+00:00,0.011205509305000305,0.011205509305000305,0.01112719438970089,0.01112719438970089,143604
2026-04-11 11:30:00+00:00,0.011157478205859661,0.011233215220272541,0.011135178618133068,0.011214163154363632,66962
2026-04-11 11:45:00+00:00,0.011253208853304386,0.011263084597885609,0.011168691329658031,0.011168691329658031,89028
2026-04-11 12:00:00+00:00,0.011356363072991371,0.011356363072991371,0.01124498713761568,0.011251443065702915,201201
2026-04-11 12:15:00+00:00,0.01115367840975523,0.011448360979557037,0.01115367840975523,0.011363006196916103,1390291
2026-04-11 12:30:00+00:00,0.011076470836997032,0.01117004919797182,0.011076470836997032,0.011161290109157562,114775
2026-04-11 12:45:00+00:00,0.011020040139555931,0.011081763543188572,0.011006939224898815,0.011081763543188572,540637
2026-04-11 13:00:00+00:00,0.0110622588545084,0.011097501963376999,0.010989559814333916,0.011018265038728714,202439
2026-04-11 13:15:00+00:00,0.010972104966640472,0.011028464883565903,0.010958995670080185,0.011028464883565903,92804
2026-04-11 13:30:00+00:00,0.011092633940279484,0.011092633940279484,0.010937363840639591,0.010951387695968151,87407
2026-04-11 13:45:00+00:00,0.011185286566615105,0.011185286566615105,0.011089161038398743,0.011089161038398743,40768
2026-04-11 14:00:00+00:00,0.011224552989006042,0.011247376911342144,0.011199582368135452,0.011199582368135452,94925
2026-04-11 14:15:00+00:00,0.011169583536684513,0.011222523637115955,0.011169583536684513,0.011211380362510681,75152
2026-04-11 14:30:00+00:00,0.011156676337122917,0.01119338721036911,0.011156676337122917,0.011173978447914124,61195
2026-04-11 14:45:00+00:00,0.011233008466660976,0.01124537829309702,0.011159243062138557,0.011159243062138557,105055
2026-04-11 15:00:00+00:00,0.011244216933846474,0.011266271583735943,0.011219643987715244,0.011226688511669636,6956
2026-04-11 15:15:00+00:00,0.011312196031212807,0.011333734728395939,0.011242011561989784,0.011242011561989784,51793
2026-04-11 15:30:00+00:00,0.011270132847130299,0.011314661242067814,0.011270132847130299,0.011310894042253494,103035
2026-04-11 15:45:00+00:00,0.011312607675790787,0.011332630179822445,0.011272803880274296,0.011274019256234169,219371
2026-04-11 16:00:00+00:00,0.01115657389163971,0.011238259263336658,0.011152688413858414,0.011238259263336658,8157
2026-04-11 16:15:00+00:00,0.011214562691748142,0.01121458038687706,0.011144190095365047,0.011153282597661018,0
2026-04-11 16:30:00+00:00,0.011200660839676857,0.01122788805514574,0.011194259859621525,0.011214478872716427,36735
2026-04-11 16:45:00+00:00,0.011203096248209476,0.011203903704881668,0.011178175918757915,0.011193271726369858,7155
2026-04-11 17:00:00+00:00,0.011214534752070904,0.011220620013773441,0.011203210800886154,0.011203210800886154,8817
2026-04-11 17:15:00+00:00,0.011194854974746704,0.011216615326702595,0.011175033636391163,0.011214010417461395,21904
2026-04-11 17:30:00+00:00,0.011218327097594738,0.011218327097594738,0.011178216896951199,0.011193346232175827,25965
2026-04-11 17:45:00+00:00,0.011686357669532299,0.011686671525239944,0.011217628605663776,0.011217628605663776,1864964
2026-04-11 18:00:00+00:00,0.011712562292814255,0.011713365092873573,0.011599375866353512,0.011693168431520462,700753
2026-04-11 18:15:00+00:00,0.011690512299537659,0.011714497581124306,0.011639820411801338,0.011714497581124306,369115
2026-04-11 18:30:00+00:00,0.011538512073457241,0.01171526312828064,0.011538512073457241,0.01170309167355299,290232
2026-04-11 18:45:00+00:00,0.011570410802960396,0.011574178002774715,0.01151281874626875,0.01151281874626875,188464
2026-04-11 19:00:00+00:00,0.011444888077676296,0.01156783290207386,0.011444888077676296,0.01156783290207386,56076
2026-04-11 19:15:00+00:00,0.011477387510240078,0.0114780617877841,0.01141438726335764,0.011444094590842724,123040
2026-04-11 19:30:00+00:00,0.011491135694086552,0.01152169518172741,0.011470602825284004,0.011477945372462273,78906
2026-04-11 19:45:00+00:00,0.01137363351881504,0.011490828357636929,0.01136291678994894,0.011490828357636929,206444
2026-04-11 20:00:00+00:00,0.011273507960140705,0.011374078691005707,0.01126827672123909,0.011368515901267529,203024
2026-04-11 20:15:00+00:00,0.011394141241908073,0.011394141241908073,0.011265292763710022,0.011275879107415676,177990
2026-04-11 20:30:00+00:00,0.011388802900910378,0.011395758017897606,0.011314155533909798,0.011395758017897606,82702
2026-04-11 20:45:00+00:00,0.011369172483682632,0.01144330482929945,0.01136432122439146,0.0113948630169034,179730
2026-04-11 21:00:00+00:00,0.011486704461276531,0.011498351581394672,0.01140204444527626,0.01140204444527626,177700
2026-04-11 21:15:00+00:00,0.01153964176774025,0.011549515649676323,0.011486279778182507,0.011487690731883049,144308
2026-04-11 21:30:00+00:00,0.01145385205745697,0.011543495580554008,0.011443416588008404,0.011543495580554008,33522
2026-04-11 21:45:00+00:00,0.011434370651841164,0.011456171050667763,0.0114305904135108,0.011449364945292473,31422
2026-04-11 22:00:00+00:00,0.011411397717893124,0.01143501978367567,0.011409043334424496,0.011429384350776672,14416
2026-04-11 22:15:00+00:00,0.011418902315199375,0.011424367316067219,0.011405966244637966,0.011405966244637966,0
2026-04-11 22:30:00+00:00,0.01145200990140438,0.01145200990140438,0.011410363018512726,0.011417881585657597,40156
2026-04-11 22:45:00+00:00,0.011411501094698906,0.011470924131572247,0.011411501094698906,0.011457116343080997,14676
2026-04-11 23:00:00+00:00,0.011336958967149258,0.011418118141591549,0.011323775164783001,0.01141184102743864,33988
2026-04-11 23:15:00+00:00,0.011426304467022419,0.011443334631621838,0.011334873735904694,0.011334873735904694,50924
2026-04-11 23:30:00+00:00,0.011423773132264614,0.01142951287329197,0.011417845264077187,0.011428939178586006,29500
2026-04-11 23:45:00+00:00,0.011483029462397099,0.011483029462397099,0.011422529816627502,0.011422529816627502,24042
2026-04-12 00:00:00+00:00,0.011460019275546074,0.011498406529426575,0.011438429355621338,0.011480244807898998,83408
2026-04-12 00:15:00+00:00,0.011454697698354721,0.011484086513519287,0.011452455073595047,0.011460056528449059,45762
2026-04-12 00:30:00+00:00,0.011414935812354088,0.011474239639937878,0.0113908089697361,0.011453451588749886,2762
2026-04-12 00:45:00+00:00,0.011415267363190651,0.011415529064834118,0.011387908831238747,0.011415529064834118,12260
2026-04-12 01:00:00+00:00,0.011378749273717403,0.011439609341323376,0.011378749273717403,0.011414874345064163,17552
2026-04-12 01:15:00+00:00,0.011348502710461617,0.011416802182793617,0.011348502710461617,0.011370465159416199,273546
2026-04-12 01:30:00+00:00,0.010948057286441326,0.011356515809893608,0.010948057286441326,0.011356515809893608,560112
2026-04-12 01:45:00+00:00,0.010859132744371891,0.010960191488265991,0.010859132744371891,0.010960191488265991,448746
2026-04-12 02:00:00+00:00,0.010785720311105251,0.01085966732352972,0.010778702795505524,0.01085966732352972,62972
2026-04-12 02:15:00+00:00,0.010782096534967422,0.010820466093719006,0.010777042247354984,0.010791962966322899,111488
2026-04-12 02:30:00+00:00,0.010835286229848862,0.010835286229848862,0.010786907747387886,0.010786907747387886,71598
2026-04-12 02:45:00+00:00,0.01084761880338192,0.01085617020726204,0.01084761880338192,0.010855578817427158,34392
2026-04-12 03:00:00+00:00,0.010852094739675522,0.01085464283823967,0.010839696042239666,0.010849198326468468,35968
2026-04-12 03:15:00+00:00,0.010801557451486588,0.010848102159798145,0.010800396092236042,0.010848102159798145,45018
2026-04-12 03:30:00+00:00,0.010806247591972351,0.01080880593508482,0.010791863314807415,0.010803679004311562,83880
2026-04-12 03:45:00+00:00,0.01082613319158554,0.010846917517483234,0.01081102341413498,0.01081102341413498,29956
2026-04-12 04:00:00+00:00,0.010848511010408401,0.010856691747903824,0.010796261951327324,0.01081602182239294,55694
2026-04-12 04:15:00+00:00,0.010848396457731724,0.010850021615624428,0.010795196518301964,0.010849001817405224,29158
2026-04-12 04:30:00+00:00,0.010888738557696342,0.010888738557696342,0.01084835547953844,0.01084835547953844,28970
2026-04-12 04:45:00+00:00,0.010849677957594395,0.010916301049292088,0.010844212025403976,0.010886789299547672,127782
2026-04-12 05:00:00+00:00,0.010842472314834595,0.010849904268980026,0.010833033360540867,0.010849904268980026,16032
2026-04-12 05:15:00+00:00,0.010870442725718021,0.010873943567276001,0.01082601211965084,0.010846658609807491,29476
2026-04-12 05:30:00+00:00,0.01089639961719513,0.01089639961719513,0.010881558060646057,0.010887888260185719,1200
2026-04-12 05:45:00+00:00,0.010917042382061481,0.010917042382061481,0.010895808227360249,0.01089784037321806,7376
2026-04-12 06:00:00+00:00,0.01100529357790947,0.011005759239196777,0.010910510085523129,0.010918163694441319,46980
2026-04-12 06:15:00+00:00,0.010975309647619724,0.01100777368992567,0.010975309647619724,0.01100777368992567,61990
2026-04-12 06:30:00+00:00,0.010888127610087395,0.010974647477269173,0.01088467426598072,0.010974647477269173,0
2026-04-12 06:45:00+00:00,0.010863780044019222,0.010891742072999477,0.010862135328352451,0.010882806032896042,0
2026-04-12 07:00:00+00:00,0.010774988681077957,0.010862207040190697,0.010772597044706345,0.010862075723707676,0
2026-04-12 07:15:00+00:00,0.0108563844114542,0.0108563844114542,0.010771134868264198,0.010774084366858006,0
2026-04-12 07:30:00+00:00,0.010902258567512035,0.010902258567512035,0.010854112915694714,0.010854112915694714,129974
2026-04-12 07:45:00+00:00,0.01095842756330967,0.010967545211315155,0.010947945527732372,0.01094963401556015,0
2026-04-12 08:00:00+00:00,0.010984817519783974,0.010984817519783974,0.010946054942905903,0.01095597818493843,0
2026-04-12 08:15:00+00:00,0.01104144286364317,0.01104144286364317,0.010984247550368309,0.010984247550368309,0
2026-04-12 08:30:00+00:00,0.010992594063282013,0.01105161476880312,0.010992594063282013,0.01104393508285284,0
2026-04-12 08:45:00+00:00,0.010992699302732944,0.011002438142895699,0.010989365167915821,0.01099106390029192,5052
2026-04-12 09:00:00+00:00,0.010966932401061058,0.010992560535669327,0.010957378894090652,0.010992560535669327,0
2026-04-12 09:15:00+00:00,0.011027738451957703,0.011037674732506275,0.010971520096063614,0.010977987200021744,0
2026-04-12 09:30:00+00:00,0.010999297723174095,0.01102724764496088,0.01098431646823883,0.01102724764496088,0
2026-04-12 09:45:00+00:00,0.010972002521157265,0.01100728940218687,0.010972002521157265,0.010996744967997074,0
2026-04-12 10:00:00+00:00,0.011001753620803356,0.011001753620803356,0.010953537188470364,0.010973150841891766,0
2026-04-12 10:15:00+00:00,0.011019966565072536,0.011033507995307446,0.011017953976988792,0.011017953976988792,0
2026-04-12 10:30:00+00:00,0.010986115783452988,0.01101978775113821,0.010979706421494484,0.01101978775113821,0
2026-04-12 10:45:00+00:00,0.010963386856019497,0.01100925263017416,0.010963386856019497,0.010991676710546017,0
2026-04-12 11:00:00+00:00,0.010961530730128288,0.0109634380787611,0.0109047656878829,0.0109634380787611,0
2026-04-12 11:15:00+00:00,0.011082977056503296,0.011082977056503296,0.01098001841455698,0.01098001841455698,3187
2026-04-12 11:30:00+00:00,0.011021368205547333,0.011085395701229572,0.011000864207744598,0.011082159355282784,0
2026-04-12 11:45:00+00:00,0.011004287749528885,0.011019177734851837,0.010996654629707336,0.011017601937055588,0
2026-04-12 12:00:00+00:00,0.01096164621412754,0.01100281160324812,0.010948681272566319,0.011002197861671448,0
2026-04-12 12:15:00+00:00,0.010949176736176014,0.010974968783557415,0.01094666775316,0.010967348702251911,0
2026-04-12 12:30:00+00:00,0.010947094298899174,0.010953678749501705,0.010910525918006897,0.010953678749501705,0
2026-04-12 12:45:00+00:00,0.010899906978011131,0.010955914855003357,0.010899906978011131,0.010946236550807953,0
2026-04-12 13:00:00+00:00,0.010880205780267715,0.01089174672961235,0.010855835862457752,0.01089174672961235,0
2026-04-12 13:15:00+00:00,0.01080650370568037,0.010881955735385418,0.010791895911097527,0.01087755337357521,84992
2026-04-12 13:30:00+00:00,0.010722256265580654,0.010810171253979206,0.010713989846408367,0.010808119550347328,90964
2026-04-12 13:45:00+00:00,0.010686991736292839,0.01073049008846283,0.010680622421205044,0.010719915851950645,0
2026-04-12 14:00:00+00:00,0.0107120955362916,0.010718652978539467,0.010680954903364182,0.010680954903364182,22183
2026-04-12 14:15:00+00:00,0.0107544781640172,0.01075525488704443,0.010713410563766956,0.010713410563766956,0
2026-04-12 14:30:00+00:00,0.01076979748904705,0.010771638713777065,0.010755922645330429,0.010755922645330429,0
2026-04-12 14:45:00+00:00,0.010723385028541088,0.010769495740532875,0.010723097249865532,0.010769495740532875,72431
2026-04-12 15:00:00+00:00,0.01073874719440937,0.01074304524809122,0.01071487832814455,0.010723458603024483,2635
2026-04-12 15:15:00+00:00,0.010684036649763584,0.010722688399255276,0.010671844705939293,0.010722688399255276,30283
2026-04-12 15:30:00+00:00,0.010719829238951206,0.010729222558438778,0.010681100189685822,0.010686214081943035,17230
2026-04-12 15:45:00+00:00,0.010702889412641525,0.010706278495490551,0.010694284923374653,0.010694284923374653,0
2026-04-12 16:00:00+00:00,0.010684670880436897,0.010723703540861607,0.010679474100470543,0.01070062629878521,0
2026-04-12 16:15:00+00:00,0.010679628700017929,0.01070031151175499,0.01067204587161541,0.01070031151175499,0
2026-04-12 16:30:00+00:00,0.010659400373697281,0.010679719038307667,0.010643089190125465,0.010676848702132702,6704
2026-04-12 16:45:00+00:00,0.010700210928916931,0.010700210928916931,0.010659173130989075,0.010659215040504932,6575
2026-04-12 17:00:00+00:00,0.010723890736699104,0.010732918977737427,0.010699013248085976,0.010699013248085976,0
2026-04-12 17:15:00+00:00,0.010725545696914196,0.010725588537752628,0.010712305083870888,0.01072339154779911,0
2026-04-12 17:30:00+00:00,0.0107726464048028,0.0107726464048028,0.010725941509008408,0.010725941509008408,11742
2026-04-12 17:45:00+00:00,0.010835612192749977,0.010835612192749977,0.010775837115943432,0.010775837115943432,0
2026-04-12 18:00:00+00:00,0.010799730196595192,0.010837030597031116,0.010799730196595192,0.010836634784936905,0
2026-04-12 18:15:00+00:00,0.010779494419693947,0.01079106517136097,0.01077677309513092,0.01079106517136097,0
2026-04-12 18:30:00+00:00,0.010732254013419151,0.010773018933832645,0.010731770657002926,0.010773018933832645,0
2026-04-12 18:45:00+00:00,0.010717155411839485,0.010725770145654678,0.01071707159280777,0.010725770145654678,0
2026-04-12 19:00:00+00:00,0.010756343603134155,0.010756343603134155,0.010707274079322815,0.010712677612900734,0
2026-04-12 19:15:00+00:00,0.010793076828122139,0.010793076828122139,0.01075858622789383,0.01075858622789383,12970
2026-04-12 19:30:00+00:00,0.010827186517417431,0.010834239423274994,0.01080064382404089,0.01080064382404089,7819
2026-04-12 19:45:00+00:00,0.010827623307704926,0.010830862447619438,0.010820085182785988,0.010829046368598938,1852
2026-04-12 20:00:00+00:00,0.010845285840332508,0.010845285840332508,0.010831429623067379,0.010832468047738075,0
2026-04-12 20:15:00+00:00,0.01083471067249775,0.010839746333658695,0.010823763906955719,0.010827098041772842,8482
2026-04-12 20:30:00+00:00,0.010840526781976223,0.010840526781976223,0.01082589291036129,0.0108310142531991,0
2026-04-12 20:45:00+00:00,0.010869883000850677,0.010869883000850677,0.010842505842447281,0.010852709412574768,64195
2026-04-12 21:00:00+00:00,0.010835496708750725,0.010869022458791733,0.010835496708750725,0.010868032462894917,56800
2026-04-12 21:15:00+00:00,0.010821674950420856,0.01085031870752573,0.010821674950420856,0.010840049013495445,0
2026-04-12 21:30:00+00:00,0.010711103677749634,0.010812737978994846,0.010711103677749634,0.010812737978994846,1396
2026-04-12 21:45:00+00:00,0.010680755600333214,0.010712060146033764,0.010680709034204483,0.010712060146033764,7982
2026-04-12 22:00:00+00:00,0.010605772957205772,0.010688913986086845,0.01059232372790575,0.010688913986086845,108486
2026-04-12 22:15:00+00:00,0.010594407096505165,0.010613854043185711,0.010592000558972359,0.010613854043185711,50874
2026-04-12 22:30:00+00:00,0.010597906075417995,0.010597906075417995,0.010577197186648846,0.010594765655696392,1546
2026-04-12 22:45:00+00:00,0.010604417882859707,0.010612382553517818,0.010597585700452328,0.010597585700452328,0
2026-04-12 23:00:00+00:00,0.010606901720166206,0.010606901720166206,0.010598253458738327,0.01060472335666418,0
2026-04-12 23:15:00+00:00,0.010583322495222092,0.010608257725834846,0.010574436746537685,0.010608257725834846,0
2026-04-12 23:30:00+00:00,0.01053706742823124,0.010595068335533142,0.010533355176448822,0.010586033575236797,19291
2026-04-12 23:45:00+00:00,0.01052727922797203,0.010577397421002388,0.01052727922797203,0.010542322881519794,74242
2026-04-13 00:00:00+00:00,0.01060502603650093,0.01060502603650093,0.010524989105761051,0.010527377016842365,35696
2026-04-13 00:15:00+00:00,0.01067034900188446,0.01067034900188446,0.010610325261950493,0.010610325261950493,11647
2026-04-13 00:30:00+00:00,0.0106938062235713,0.010706349276006222,0.010669187642633915,0.010669187642633915,10692
2026-04-13 00:45:00+00:00,0.010706542059779167,0.010716247372329235,0.010700025595724583,0.010700025595724583,2455
2026-04-13 01:00:00+00:00,0.010740993544459343,0.010744549334049225,0.010705885477364063,0.010705885477364063,10882
2026-04-13 01:15:00+00:00,0.010760427452623844,0.010760427452623844,0.01073770597577095,0.01073770597577095,0
2026-04-13 01:30:00+00:00,0.010769198648631573,0.010770074091851711,0.010749207809567451,0.010764840058982372,0
2026-04-13 01:45:00+00:00,0.010756945237517357,0.010770072229206562,0.010755779221653938,0.010770072229206562,0
2026-04-13 02:00:00+00:00,0.010701357387006283,0.010756676085293293,0.010701357387006283,0.010756676085293293,0
2026-04-13 02:15:00+00:00,0.010703868232667446,0.01070475298911333,0.010681419633328915,0.01069311611354351,0
2026-04-13 02:30:00+00:00,0.010669096373021603,0.010697634890675545,0.010669096373021603,0.010697634890675545,0
2026-04-13 02:45:00+00:00,0.010651404038071632,0.010661746375262737,0.0106479087844491,0.010653257369995117,0
2026-04-13 03:00:00+00:00,0.010623786598443985,0.010650872252881527,0.010623786598443985,0.010650872252881527,3190
2026-04-13 03:15:00+00:00,0.01067053060978651,0.01067053060978651,0.010625326074659824,0.010625326074659824,0
2026-04-13 03:30:00+00:00,0.010677126236259937,0.010677126236259937,0.010661439970135689,0.010670472867786884,0
2026-04-13 03:45:00+00:00,0.010708112269639969,0.010708112269639969,0.010677027516067028,0.010677027516067028,0
2026-04-13 04:00:00+00:00,0.010685318149626255,0.010712968185544014,0.010685207322239876,0.010712968185544014,0
2026-04-13 04:15:00+00:00,0.010686387307941914,0.010687912814319134,0.010678261518478394,0.010687912814319134,0
2026-04-13 04:30:00+00:00,0.010705304332077503,0.010705380700528622,0.010683462955057621,0.010683462955057621,0
2026-04-13 04:45:00+00:00,0.010658844374120235,0.010703206062316895,0.010655893944203854,0.010703206062316895,0
2026-04-13 05:00:00+00:00,0.010588503442704678,0.010657788254320621,0.010580540634691715,0.010657788254320621,0
2026-04-13 05:15:00+00:00,0.010565288364887238,0.010586395859718323,0.010565288364887238,0.010586395859718323,0
2026-04-13 05:30:00+00:00,0.01051449403166771,0.01055844034999609,0.010510211810469627,0.01055844034999609,46653
2026-04-13 05:45:00+00:00,0.01055185031145811,0.01055185031145811,0.010521194897592068,0.010521194897592068,0
2026-04-13 06:00:00+00:00,0.01070971880108118,0.01070971880108118,0.010550766251981258,0.010550766251981258,97688
2026-04-13 06:15:00+00:00,0.010652769356966019,0.010722396895289421,0.010650993324816227,0.010710726492106915,1647
2026-04-13 06:30:00+00:00,0.010640999302268028,0.010668175294995308,0.010640999302268028,0.010656632483005524,4476
2026-04-13 06:45:00+00:00,0.010607535019516945,0.010641021654009819,0.010607535019516945,0.010641021654009819,0
2026-04-13 07:00:00+00:00,0.010567061603069305,0.01061571016907692,0.010567061603069305,0.01061217486858368,0
2026-04-13 07:15:00+00:00,0.010530362837016582,0.01057263370603323,0.010526986792683601,0.01057263370603323,10488
2026-04-13 07:30:00+00:00,0.01050619501620531,0.010539129376411438,0.010506002232432365,0.010530222207307816,11822
2026-04-13 07:45:00+00:00,0.010483605787158012,0.01050448976457119,0.010483605787158012,0.01050448976457119,0
2026-04-13 08:00:00+00:00,0.010493651032447815,0.010493651032447815,0.01045183278620243,0.010480747558176517,4041
2026-04-13 08:15:00+00:00,0.01053036842495203,0.010530519299209118,0.010504002682864666,0.010504002682864666,0
2026-04-13 08:30:00+00:00,0.010506612248718739,0.010531801730394363,0.010506612248718739,0.01052902638912201,13943
2026-04-13 08:45:00+00:00,0.010478397831320763,0.010507469065487385,0.010478397831320763,0.010507469065487385,4868
2026-04-13 09:00:00+00:00,0.01052738819271326,0.010543793439865112,0.010478397831320763,0.010478397831320763,22841
2026-04-13 09:15:00+00:00,0.010529087856411934,0.010529087856411934,0.010517150163650513,0.010527681559324265,0
2026-04-13 09:30:00+00:00,0.010573741048574448,0.010573741048574448,0.010529536753892899,0.010529536753892899,21722
2026-04-13 09:45:00+00:00,0.010586031712591648,0.010586203075945377,0.010573143139481544,0.010573143139481544,5299
2026-04-13 10:00:00+00:00,0.010584411211311817,0.010591806843876839,0.010577509179711342,0.010581151582300663,542
2026-04-13 10:15:00+00:00,0.010564637370407581,0.010589533485472202,0.010564637370407581,0.010589533485472202,13177
2026-04-13 10:30:00+00:00,0.010513894259929657,0.010567611083388329,0.010513894259929657,0.010563354007899761,41934
2026-04-13 10:45:00+00:00,0.010536914691329002,0.010536914691329002,0.01049406360834837,0.01050480268895626,16976
2026-04-13 11:00:00+00:00,0.010557114146649837,0.010559266433119774,0.01053678523749113,0.01053678523749113,0
2026-04-13 11:15:00+00:00,0.010513849556446075,0.01055330689996481,0.010513849556446075,0.01055330689996481,13774
2026-04-13 11:30:00+00:00,0.01054988894611597,0.01054988894611597,0.010513825342059135,0.010514764115214348,15815
2026-04-13 11:45:00+00:00,0.010532521642744541,0.010547746904194355,0.010531238280236721,0.010547746904194355,5834
2026-04-13 12:00:00+00:00,0.010535916313529015,0.010535916313529015,0.010517990216612816,0.010521874763071537,0
2026-04-13 12:15:00+00:00,0.01044528465718031,0.010530684143304825,0.01044528465718031,0.010530684143304825,18104
2026-04-13 12:30:00+00:00,0.01040993444621563,0.010438291355967522,0.01040889322757721,0.010438291355967522,37853
2026-04-13 12:45:00+00:00,0.010495917871594429,0.010495917871594429,0.010423215106129646,0.010423215106129646,14753
2026-04-13 13:00:00+00:00,0.010531739331781864,0.010544491931796074,0.01049553882330656,0.010496190749108791,5167
2026-04-13 13:15:00+00:00,0.010579543188214302,0.010579543188214302,0.010531775653362274,0.010531775653362274,0
2026-04-13 13:30:00+00:00,0.01053975522518158,0.010587732307612896,0.01053975522518158,0.010587732307612896,0
2026-04-13 13:45:00+00:00,0.010627771727740765,0.010627771727740765,0.010533703491091728,0.010533703491091728,33349
2026-04-13 14:00:00+00:00,0.010582630522549152,0.010648272931575775,0.010582630522549152,0.010639980435371399,0
2026-04-13 14:15:00+00:00,0.010628007352352142,0.01064855046570301,0.010585276409983635,0.010585276409983635,45548
2026-04-13 14:30:00+00:00,0.010670163668692112,0.010681698098778725,0.010628906078636646,0.010628906078636646,0
2026-04-13 14:45:00+00:00,0.010690967552363873,0.010690967552363873,0.010646060109138489,0.01067014317959547,35360
2026-04-13 15:00:00+00:00,0.010644088499248028,0.010702233761548996,0.010644088499248028,0.010693421587347984,0
2026-04-13 15:15:00+00:00,0.010625111870467663,0.010644975118339062,0.010625111870467663,0.010640397667884827,5995
2026-04-13 15:30:00+00:00,0.010584485717117786,0.010626002214848995,0.010576734319329262,0.010626002214848995,0
2026-04-13 15:45:00+00:00,0.010652516968548298,0.010652516968548298,0.010589956305921078,0.010589956305921078,3447
2026-04-13 16:00:00+00:00,0.010656461119651794,0.010656461119651794,0.010639159940183163,0.01065082661807537,4942
2026-04-13 16:15:00+00:00,0.010732708498835564,0.010732708498835564,0.010655157268047333,0.010656624101102352,39268
2026-04-13 16:30:00+00:00,0.010771961882710457,0.010783230885863304,0.010771961882710457,0.010782515630126,50312
2026-04-13 16:45:00+00:00,0.010772410780191422,0.010779128409922123,0.010767396539449692,0.010778233408927917,17578
2026-04-13 17:00:00+00:00,0.010717802681028843,0.010769331827759743,0.01071313675493002,0.010769331827759743,47452
2026-04-13 17:15:00+00:00,0.010671702213585377,0.010718013159930706,0.010653194971382618,0.010718013159930706,67129
2026-04-13 17:30:00+00:00,0.010713169351220131,0.010749442502856255,0.010708581656217575,0.010708581656217575,70246
2026-04-13 17:45:00+00:00,0.010668249800801277,0.010711848735809326,0.01066717691719532,0.010711848735809326,18693
2026-04-13 18:00:00+00:00,0.010642294771969318,0.010671191848814487,0.01064050942659378,0.010669991374015808,8242
2026-04-13 18:15:00+00:00,0.010580407455563545,0.010646378621459007,0.010580001398921013,0.010642343200743198,3415
2026-04-13 18:30:00+00:00,0.010602478869259357,0.01060523558408022,0.010568443685770035,0.010580834932625294,35532
2026-04-13 18:45:00+00:00,0.010600545443594456,0.010605107992887497,0.01058076974004507,0.01060224138200283,8760
2026-04-13 19:00:00+00:00,0.010600573383271694,0.01060809101909399,0.010598323307931423,0.010600130073726177,0
2026-04-13 19:15:00+00:00,0.010648722760379314,0.010649401694536209,0.010604909621179104,0.010604909621179104,20282
2026-04-13 19:30:00+00:00,0.010726530104875565,0.010726530104875565,0.010644746012985706,0.010648432187736034,13050
2026-04-13 19:45:00+00:00,0.010726829059422016,0.010750476270914078,0.010723243467509747,0.010723243467509747,2804
2026-04-13 20:00:00+00:00,0.01069604977965355,0.010726905427873135,0.010655214078724384,0.010726905427873135,21287
2026-04-13 20:15:00+00:00,0.010662307031452656,0.010680358856916428,0.010662307031452656,0.01066561322659254,5800
2026-04-13 20:30:00+00:00,0.0106971999630332,0.0106971999630332,0.010638617910444736,0.010663923807442188,4340
2026-04-13 20:45:00+00:00,0.0106800002977252,0.01070933323353529,0.0106800002977252,0.01070933323353529,0
2026-04-13 21:00:00+00:00,0.010660000145435333,0.01066999975591898,0.010639999993145466,0.01066999975591898,0
2026-04-13 21:15:00+00:00,0.010780000127851963,0.010780000127851963,0.010769999586045742,0.010769999586045742,1001
2026-04-13 21:30:00+00:00,0.01080000028014183,0.01080000028014183,0.01078999973833561,0.01078999973833561,0
2026-04-13 21:45:00+00:00,0.010879999957978725,0.010879999957978725,0.01080000028014183,0.01080000028014183,19278
2026-04-13 22:00:00+00:00,0.01095999963581562,0.01095999963581562,0.010889999568462372,0.010889999568462372,0
2026-04-13 22:15:00+00:00,0.010990000329911709,0.010990000329911709,0.010929999873042107,0.01095999963581562,8403
2026-04-13 22:30:00+00:00,0.011049999855458736,0.011060000397264957,0.010970000177621841,0.010970000177621841,41072
2026-04-13 22:45:00+00:00,0.011049999855458736,0.011060000397264957,0.011009999550879002,0.011009999550879002,58848
2026-04-13 23:00:00+00:00,0.010979999788105488,0.011020000092685223,0.010979999788105488,0.011009999550879002,39287
2026-04-13 23:15:00+00:00,0.011060000397264957,0.011060000397264957,0.010979999788105488,0.011009999550879002,50661
2026-04-13 23:30:00+00:00,0.010990000329911709,0.01104000024497509,0.010990000329911709,0.011020000092685223,20106
2026-04-13 23:45:00+00:00,0.010990000329911709,0.011009999550879002,0.010990000329911709,0.010999999940395355,0
2026-04-14 00:00:00+00:00,0.010999999940395355,0.011009999550879002,0.010979999788105488,0.010999999940395355,0
2026-04-14 00:15:00+00:00,0.01095999963581562,0.010970000177621841,0.010940000414848328,0.010970000177621841,25907
2026-04-14 00:30:00+00:00,0.01090999972075224,0.01095999963581562,0.01090999972075224,0.01095999963581562,0
2026-04-14 00:45:00+00:00,0.010870000347495079,0.01090999972075224,0.010870000347495079,0.01090999972075224,509
2026-04-14 01:00:00+00:00,0.010859999805688858,0.010870000347495079,0.01083999965339899,0.010870000347495079,20849
2026-04-14 01:15:00+00:00,0.010889999568462372,0.01092000026255846,0.010870000347495079,0.010870000347495079,38685
2026-04-14 01:30:00+00:00,0.010950000025331974,0.010970000177621841,0.010889999568462372,0.010889999568462372,0
2026-04-14 01:45:00+00:00,0.010950000025331974,0.01095999963581562,0.010950000025331974,0.010950000025331974,22561
2026-04-14 02:00:00+00:00,0.010999999940395355,0.010999999940395355,0.010979999788105488,0.010979999788105488,18412
2026-04-14 02:15:00+00:00,0.010940000414848328,0.010950000025331974,0.010940000414848328,0.010950000025331974,0
2026-04-14 02:30:00+00:00,0.01090999972075224,0.010940000414848328,0.01090999972075224,0.010940000414848328,1634
2026-04-14 02:45:00+00:00,0.010879999957978725,0.01090999972075224,0.010879999957978725,0.01090999972075224,4769
2026-04-14 03:00:00+00:00,0.01090999972075224,0.01090999972075224,0.010870000347495079,0.010879999957978725,2939
2026-04-14 03:15:00+00:00,0.010900000110268593,0.010900000110268593,0.010889999568462372,0.010889999568462372,662
2026-04-14 03:30:00+00:00,0.010859999805688858,0.010879999957978725,0.010859999805688858,0.010879999957978725,5929
2026-04-14 03:45:00+00:00,0.010859999805688858,0.010859999805688858,0.010859999805688858,0.010859999805688858,6187
2026-04-14 04:00:00+00:00,0.01080000028014183,0.010850000195205212,0.01078999973833561,0.010830000042915344,27487
2026-04-14 04:15:00+00:00,0.010780000127851963,0.01078999973833561,0.010769999586045742,0.010769999586045742,20496
2026-04-14 04:30:00+00:00,0.010820000432431698,0.010820000432431698,0.01080000028014183,0.01080000028014183,14146
2026-04-14 04:45:00+00:00,0.010759999975562096,0.010780000127851963,0.010730000212788582,0.010780000127851963,49131
2026-04-14 05:00:00+00:00,0.01071999967098236,0.01071999967098236,0.01071999967098236,0.01071999967098236,0
2026-04-14 05:15:00+00:00,0.010739999823272228,0.010739999823272228,0.010730000212788582,0.010730000212788582,7746
2026-04-14 05:30:00+00:00,0.010730000212788582,0.01075000036507845,0.010730000212788582,0.01075000036507845,0
2026-04-14 05:45:00+00:00,0.01071999967098236,0.010730000212788582,0.010689999908208847,0.010730000212788582,24509
2026-04-14 06:00:00+00:00,0.010739999823272228,0.010769999586045742,0.010739999823272228,0.010739999823272228,5295
2026-04-14 06:15:00+00:00,0.01080000028014183,0.01080000028014183,0.010739999823272228,0.010739999823272228,0
2026-04-14 06:30:00+00:00,0.010780000127851963,0.010780000127851963,0.010780000127851963,0.010780000127851963,0
2026-04-14 06:45:00+00:00,0.010769999586045742,0.010780000127851963,0.01075000036507845,0.01075000036507845,0
2026-04-14 07:00:00+00:00,0.01075000036507845,0.01075000036507845,0.01075000036507845,0.01075000036507845,4298
2026-04-14 07:15:00+00:00,0.01071999967098236,0.010759999975562096,0.01071999967098236,0.010759999975562096,10201
2026-04-14 07:30:00+00:00,0.010710000060498714,0.01071999967098236,0.010700000450015068,0.01071999967098236,29980
2026-04-14 07:45:00+00:00,0.010710000060498714,0.010780000127851963,0.010710000060498714,0.010739999823272228,17101
2026-04-14 08:00:00+00:00,0.010689999908208847,0.010700000450015068,0.010689999908208847,0.010700000450015068,0
2026-04-14 08:15:00+00:00,0.010710000060498714,0.01071999967098236,0.010700000450015068,0.01071999967098236,863
2026-04-14 08:30:00+00:00,0.010730000212788582,0.010730000212788582,0.010730000212788582,0.010730000212788582,0
2026-04-14 08:45:00+00:00,0.010739999823272228,0.010759999975562096,0.010739999823272228,0.010759999975562096,0
2026-04-14 09:00:00+00:00,0.010739999823272228,0.010739999823272228,0.010739999823272228,0.010739999823272228,0
2026-04-14 09:15:00+00:00,0.010759999975562096,0.010759999975562096,0.010759999975562096,0.010759999975562096,0
2026-04-14 09:30:00+00:00,0.010780000127851963,0.01080000028014183,0.010780000127851963,0.010780000127851963,36637
2026-04-14 10:00:00+00:00,0.010780000127851963,0.010780000127851963,0.010780000127851963,0.010780000127851963,427
2026-04-14 10:30:00+00:00,0.010700000450015068,0.010700000450015068,0.010700000450015068,0.010700000450015068,3798
2026-04-14 10:45:00+00:00,0.01071999967098236,0.01071999967098236,0.01071999967098236,0.01071999967098236,0
2026-04-14 11:00:00+00:00,0.010660000145435333,0.010660000145435333,0.010660000145435333,0.010660000145435333,0
2026-04-14 11:15:00+00:00,0.01066999975591898,0.01066999975591898,0.010660000145435333,0.01066999975591898,0
2026-04-14 11:30:00+00:00,0.0106800002977252,0.0106800002977252,0.010660000145435333,0.010660000145435333,0
2026-04-14 11:45:00+00:00,0.0106800002977252,0.010689999908208847,0.010639999993145466,0.010639999993145466,3478
2026-04-14 12:00:00+00:00,0.010619999840855598,0.010619999840855598,0.010619999840855598,0.010619999840855598,0
2026-04-14 12:15:00+00:00,0.01066999975591898,0.010710000060498714,0.01066999975591898,0.010700000450015068,91695
2026-04-14 12:30:00+00:00,0.010689999908208847,0.010730000212788582,0.010689999908208847,0.01071999967098236,5355
2026-04-14 13:00:00+00:00,0.010780000127851963,0.01078999973833561,0.010769999586045742,0.010769999586045742,0
2026-04-14 13:15:00+00:00,0.010700000450015068,0.01075000036507845,0.010700000450015068,0.01075000036507845,0
2026-04-14 13:30:00+00:00,0.010700000450015068,0.010700000450015068,0.010700000450015068,0.010700000450015068,0
2026-04-14 13:45:00+00:00,0.010769999586045742,0.010769999586045742,0.010700000450015068,0.010710000060498714,1677
2026-04-14 14:00:00+00:00,0.010700000450015068,0.010759999975562096,0.0106800002977252,0.010759999975562096,17317
2026-04-14 14:15:00+00:00,0.010710000060498714,0.010710000060498714,0.0106800002977252,0.0106800002977252,0
2026-04-14 14:30:00+00:00,0.010700000450015068,0.01075000036507845,0.010689999908208847,0.01075000036507845,11428
2026-04-14 14:45:00+00:00,0.01066999975591898,0.010700000450015068,0.01066999975591898,0.010689999908208847,0
2026-04-14 15:00:00+00:00,0.01063000038266182,0.01066999975591898,0.01063000038266182,0.01066999975591898,0
2026-04-14 15:15:00+00:00,0.010619999840855598,0.010660000145435333,0.010619999840855598,0.01063000038266182,51943
2026-04-14 15:30:00+00:00,0.0106800002977252,0.010700000450015068,0.01066999975591898,0.01066999975591898,39676
2026-04-14 15:45:00+00:00,0.010700000450015068,0.010700000450015068,0.010660000145435333,0.01066999975591898,50062
2026-04-14 16:00:00+00:00,0.01066999975591898,0.010689999908208847,0.01066999975591898,0.010689999908208847,7197
2026-04-14 16:15:00+00:00,0.010660000145435333,0.0106800002977252,0.010660000145435333,0.01066999975591898,0
2026-04-14 16:30:00+00:00,0.010689999908208847,0.010689999908208847,0.0106800002977252,0.0106800002977252,0
2026-04-14 16:45:00+00:00,0.010619999840855598,0.010710000060498714,0.010619999840855598,0.010710000060498714,25225
2026-04-14 17:00:00+00:00,0.01066999975591898,0.01066999975591898,0.010649999603629112,0.010660000145435333,35525
2026-04-14 17:15:00+00:00,0.010649999603629112,0.010660000145435333,0.010639999993145466,0.010639999993145466,0
2026-04-14 17:30:00+00:00,0.010590000078082085,0.010649999603629112,0.010569999925792217,0.010639999993145466,21093
2026-04-14 17:45:00+00:00,0.010610000230371952,0.010610000230371952,0.010590000078082085,0.010590000078082085,0
2026-04-14 18:00:00+00:00,0.010610000230371952,0.01063000038266182,0.010610000230371952,0.01063000038266182,0
2026-04-14 18:15:00+00:00,0.010540000163018703,0.01056000031530857,0.010540000163018703,0.01056000031530857,0
2026-04-14 18:30:00+00:00,0.01056000031530857,0.01056000031530857,0.01054999977350235,0.01054999977350235,0
2026-04-14 18:45:00+00:00,0.010449999943375587,0.010490000247955322,0.010449999943375587,0.010490000247955322,43430
2026-04-14 19:00:00+00:00,0.010490000247955322,0.010499999858438969,0.010479999706149101,0.010479999706149101,7796
2026-04-14 19:15:00+00:00,0.010379999876022339,0.010520000010728836,0.010379999876022339,0.010520000010728836,15498
2026-04-14 19:30:00+00:00,0.01042999979108572,0.010440000332891941,0.010400000028312206,0.010440000332891941,50711
2026-04-14 19:45:00+00:00,0.010459999553859234,0.010459999553859234,0.010459999553859234,0.010459999553859234,0
2026-04-14 20:00:00+00:00,0.010449999943375587,0.010479999706149101,0.010449999943375587,0.010470000095665455,84
2026-04-14 20:15:00+00:00,0.010420000180602074,0.010459999553859234,0.010400000028312206,0.010449999943375587,47
2026-04-14 20:30:00+00:00,0.010359999723732471,0.010420000180602074,0.010359999723732471,0.010420000180602074,13215
2026-04-14 20:45:00+00:00,0.010320000350475311,0.010359999723732471,0.010320000350475311,0.010359999723732471,0
2026-04-14 21:00:00+00:00,0.010370000265538692,0.010370000265538692,0.010339999571442604,0.010339999571442604,11993
2026-04-14 21:15:00+00:00,0.010350000113248825,0.010379999876022339,0.010350000113248825,0.010379999876022339,0
2026-04-14 21:30:00+00:00,0.010329999960958958,0.010350000113248825,0.010329999960958958,0.010350000113248825,0
2026-04-14 21:45:00+00:00,0.01030999980866909,0.010329999960958958,0.010259999893605709,0.010329999960958958,1164
2026-04-14 22:15:00+00:00,0.010350000113248825,0.010350000113248825,0.010350000113248825,0.010350000113248825,0
2026-04-14 22:30:00+00:00,0.010329999960958958,0.010350000113248825,0.010329999960958958,0.010339999571442604,0
2026-04-14 22:45:00+00:00,0.010350000113248825,0.010350000113248825,0.010329999960958958,0.010339999571442604,0
2026-04-14 23:00:00+00:00,0.010370000265538692,0.010379999876022339,0.010329999960958958,0.010329999960958958,3173
2026-04-14 23:15:00+00:00,0.010379999876022339,0.010400000028312206,0.010379999876022339,0.010400000028312206,5061
2026-04-14 23:30:00+00:00,0.010409999638795853,0.010409999638795853,0.010409999638795853,0.010409999638795853,0
2026-04-14 23:45:00+00:00,0.010420000180602074,0.010420000180602074,0.010400000028312206,0.010409999638795853,18026
2026-04-15 00:00:00+00:00,0.010440000332891941,0.010459999553859234,0.010440000332891941,0.010459999553859234,7198
2026-04-15 00:15:00+00:00,0.010400000028312206,0.010400000028312206,0.010359999723732471,0.01039000041782856,27486
2026-04-15 00:30:00+00:00,0.010420000180602074,0.010420000180602074,0.01039000041782856,0.010409999638795853,3864
2026-04-15 00:45:00+00:00,0.010370000265538692,0.010420000180602074,0.010370000265538692,0.010420000180602074,1607
2026-04-15 01:00:00+00:00,0.010420000180602074,0.010420000180602074,0.010359999723732471,0.010359999723732471,0
2026-04-15 01:15:00+00:00,0.010440000332891941,0.010440000332891941,0.010420000180602074,0.01042999979108572,117
2026-04-15 01:30:00+00:00,0.010529999621212482,0.010540000163018703,0.010459999553859234,0.010459999553859234,17510
2026-04-15 01:45:00+00:00,0.010499999858438969,0.01051000040024519,0.010499999858438969,0.01051000040024519,6368
2026-04-15 02:00:00+00:00,0.010520000010728836,0.010540000163018703,0.010499999858438969,0.010499999858438969,12897
2026-04-15 02:15:00+00:00,0.010499999858438969,0.010529999621212482,0.010499999858438969,0.010529999621212482,2531
2026-04-15 02:30:00+00:00,0.010479999706149101,0.010499999858438969,0.010459999553859234,0.010499999858438969,3685
2026-04-15 02:45:00+00:00,0.010499999858438969,0.010499999858438969,0.010490000247955322,0.010490000247955322,0
2026-04-15 03:00:00+00:00,0.01051000040024519,0.010529999621212482,0.01051000040024519,0.010520000010728836,3725
2026-04-15 03:15:00+00:00,0.010579999536275864,0.010579999536275864,0.01054999977350235,0.01054999977350235,13346
2026-04-15 03:30:00+00:00,0.01054999977350235,0.01054999977350235,0.01054999977350235,0.01054999977350235,24147
2026-04-15 03:45:00+00:00,0.010540000163018703,0.01056000031530857,0.010540000163018703,0.01056000031530857,13856
2026-04-15 04:00:00+00:00,0.010540000163018703,0.010540000163018703,0.010540000163018703,0.010540000163018703,0
2026-04-15 04:15:00+00:00,0.010540000163018703,0.01054999977350235,0.010540000163018703,0.01054999977350235,0
2026-04-15 04:30:00+00:00,0.010540000163018703,0.010540000163018703,0.010540000163018703,0.010540000163018703,0
2026-04-15 04:45:00+00:00,0.01056000031530857,0.01056000031530857,0.01056000031530857,0.01056000031530857,0
2026-04-15 05:00:00+00:00,0.010579999536275864,0.010599999688565731,0.010579999536275864,0.010590000078082085,16323
2026-04-15 05:30:00+00:00,0.01056000031530857,0.01056000031530857,0.01054999977350235,0.01054999977350235,22727
2026-04-15 05:45:00+00:00,0.010540000163018703,0.010540000163018703,0.010540000163018703,0.010540000163018703,6587
2026-04-15 06:00:00+00:00,0.010540000163018703,0.010540000163018703,0.010540000163018703,0.010540000163018703,0
2026-04-15 06:15:00+00:00,0.010490000247955322,0.010490000247955322,0.010490000247955322,0.010490000247955322,1563
2026-04-15 06:30:00+00:00,0.01051000040024519,0.01051000040024519,0.010499999858438969,0.010499999858438969,0
2026-04-15 06:45:00+00:00,0.010490000247955322,0.01056000031530857,0.010490000247955322,0.01056000031530857,45634
2026-04-15 07:00:00+00:00,0.01054999977350235,0.01054999977350235,0.01054999977350235,0.01054999977350235,83153
2026-04-15 07:15:00+00:00,0.01051000040024519,0.010569999925792217,0.01051000040024519,0.010569999925792217,11258
2026-04-15 07:30:00+00:00,0.010520000010728836,0.010520000010728836,0.01051000040024519,0.010520000010728836,2356
2026-04-15 07:45:00+00:00,0.010479999706149101,0.010529999621212482,0.010479999706149101,0.010499999858438969,54878
2026-04-15 08:15:00+00:00,0.010590000078082085,0.010599999688565731,0.01054999977350235,0.01054999977350235,22952
2026-04-15 08:30:00+00:00,0.010660000145435333,0.010660000145435333,0.010619999840855598,0.01063000038266182,23730
2026-04-15 08:45:00+00:00,0.010610000230371952,0.010619999840855598,0.010599999688565731,0.010610000230371952,1999
2026-04-15 09:30:00+00:00,0.010529999621212482,0.010529999621212482,0.010529999621212482,0.010529999621212482,0
2026-04-15 09:45:00+00:00,0.01054999977350235,0.01054999977350235,0.01054999977350235,0.01054999977350235,0
2026-04-15 10:00:00+00:00,0.01056000031530857,0.010579999536275864,0.01056000031530857,0.010569999925792217,11219
2026-04-15 10:15:00+00:00,0.010520000010728836,0.010520000010728836,0.010520000010728836,0.010520000010728836,6936
2026-04-15 10:30:00+00:00,0.010540000163018703,0.010540000163018703,0.010499999858438969,0.010499999858438969,22141
2026-04-15 10:45:00+00:00,0.01051000040024519,0.01054999977350235,0.01051000040024519,0.01054999977350235,14637
2026-04-15 11:00:00+00:00,0.010490000247955322,0.01051000040024519,0.010490000247955322,0.010499999858438969,5524
2026-04-15 11:15:00+00:00,0.010529999621212482,0.010529999621212482,0.010520000010728836,0.010520000010728836,51097
2026-04-15 11:30:00+00:00,0.010599999688565731,0.010599999688565731,0.010540000163018703,0.01054999977350235,23490
2026-04-15 11:45:00+00:00,0.010599999688565731,0.010599999688565731,0.010599999688565731,0.010599999688565731,19322
2026-04-15 12:00:00+00:00,0.01054999977350235,0.010579999536275864,0.010540000163018703,0.010579999536275864,16468
2026-04-15 12:15:00+00:00,0.010569999925792217,0.010579999536275864,0.01056000031530857,0.01056000031530857,0
2026-04-15 12:30:00+00:00,0.01063000038266182,0.01063000038266182,0.01063000038266182,0.01063000038266182,0
2026-04-15 12:45:00+00:00,0.0106800002977252,0.0106800002977252,0.0106800002977252,0.0106800002977252,0
2026-04-15 13:00:00+00:00,0.010689999908208847,0.010689999908208847,0.010689999908208847,0.010689999908208847,28809
2026-04-15 13:15:00+00:00,0.010689999908208847,0.010689999908208847,0.010689999908208847,0.010689999908208847,15774
2026-04-15 13:30:00+00:00,0.010610000230371952,0.010649999603629112,0.010610000230371952,0.010649999603629112,16780
2026-04-15 13:45:00+00:00,0.010610000230371952,0.010610000230371952,0.010610000230371952,0.010610000230371952,0
2026-04-15 14:00:00+00:00,0.010639999993145466,0.010639999993145466,0.010610000230371952,0.010610000230371952,0
2026-04-15 14:15:00+00:00,0.010689999908208847,0.010689999908208847,0.010689999908208847,0.010689999908208847,0
2026-04-15 14:45:00+00:00,0.010769999586045742,0.010769999586045742,0.010700000450015068,0.010700000450015068,8253
2026-04-15 15:00:00+00:00,0.010710000060498714,0.010710000060498714,0.010710000060498714,0.010710000060498714,4899
2026-04-15 15:15:00+00:00,0.01071999967098236,0.01071999967098236,0.01071999967098236,0.01071999967098236,0
2026-04-15 15:30:00+00:00,0.010610000230371952,0.010610000230371952,0.010610000230371952,0.010610000230371952,0
2026-04-15 15:45:00+00:00,0.010619999840855598,0.01063000038266182,0.010619999840855598,0.01063000038266182,0
2026-04-15 16:00:00+00:00,0.010610000230371952,0.010610000230371952,0.010579999536275864,0.010579999536275864,13685
2026-04-15 16:15:00+00:00,0.01066999975591898,0.01066999975591898,0.01063000038266182,0.01063000038266182,17238
2026-04-15 16:30:00+00:00,0.010660000145435333,0.010660000145435333,0.010599999688565731,0.010639999993145466,32895
2026-04-15 16:45:00+00:00,0.010700000450015068,0.010700000450015068,0.01066999975591898,0.01066999975591898,10461
2026-04-15 17:00:00+00:00,0.010689999908208847,0.010710000060498714,0.010689999908208847,0.010700000450015068,0
2026-04-15 17:15:00+00:00,0.010660000145435333,0.010660000145435333,0.010660000145435333,0.010660000145435333,0
2026-04-15 17:30:00+00:00,0.010610000230371952,0.010649999603629112,0.010610000230371952,0.010649999603629112,0
2026-04-15 17:45:00+00:00,0.01063000038266182,0.010649999603629112,0.01063000038266182,0.010649999603629112,0
2026-04-15 18:00:00+00:00,0.010569999925792217,0.01063000038266182,0.010569999925792217,0.01063000038266182,14011
2026-04-15 18:15:00+00:00,0.010579999536275864,0.010599999688565731,0.010579999536275864,0.010599999688565731,108804
2026-04-15 18:30:00+00:00,0.01054999977350235,0.010579999536275864,0.01054999977350235,0.010579999536275864,0
2026-04-15 18:45:00+00:00,0.010590000078082085,0.010590000078082085,0.01054999977350235,0.01054999977350235,0
2026-04-15 19:00:00+00:00,0.010599999688565731,0.010599999688565731,0.010579999536275864,0.010599999688565731,11637
2026-04-15 19:15:00+00:00,0.010579999536275864,0.010590000078082085,0.010579999536275864,0.010590000078082085,4590
2026-04-15 19:30:00+00:00,0.010689999908208847,0.010689999908208847,0.01063000038266182,0.01063000038266182,76441
2026-04-15 19:45:00+00:00,0.0106800002977252,0.010730000212788582,0.0106800002977252,0.010689999908208847,66894
2026-04-15 20:00:00+00:00,0.010689999908208847,0.010689999908208847,0.01066999975591898,0.0106800002977252,28739
2026-04-15 20:15:00+00:00,0.01066999975591898,0.01066999975591898,0.010639999993145466,0.010649999603629112,18390
2026-04-15 20:30:00+00:00,0.010700000450015068,0.010700000450015068,0.0106800002977252,0.0106800002977252,14844
2026-04-15 20:45:00+00:00,0.010769999586045742,0.010769999586045742,0.010769999586045742,0.010769999586045742,1541
2026-04-15 21:00:00+00:00,0.010759999975562096,0.010769999586045742,0.010710000060498714,0.010710000060498714,26979
2026-04-15 21:15:00+00:00,0.010710000060498714,0.010730000212788582,0.010710000060498714,0.010730000212788582,0
2026-04-15 21:30:00+00:00,0.010769999586045742,0.010769999586045742,0.010769999586045742,0.010769999586045742,6890
2026-04-15 21:45:00+00:00,0.010769999586045742,0.010780000127851963,0.010769999586045742,0.010780000127851963,0
2026-04-15 22:00:00+00:00,0.010820000432431698,0.010830000042915344,0.010820000432431698,0.010820000432431698,7071
2026-04-15 22:15:00+00:00,0.010780000127851963,0.010809999890625477,0.010769999586045742,0.010809999890625477,572
2026-04-15 22:45:00+00:00,0.010769999586045742,0.010769999586045742,0.010759999975562096,0.010759999975562096,0
2026-04-15 23:00:00+00:00,0.010700000450015068,0.010739999823272228,0.010700000450015068,0.010739999823272228,4148
2026-04-15 23:15:00+00:00,0.01066999975591898,0.01066999975591898,0.01066999975591898,0.01066999975591898,0
2026-04-15 23:30:00+00:00,0.0106800002977252,0.0106800002977252,0.0106800002977252,0.0106800002977252,0
2026-04-15 23:45:00+00:00,0.01066999975591898,0.01066999975591898,0.010660000145435333,0.01066999975591898,15444
2026-04-16 00:00:00+00:00,0.010619999840855598,0.010649999603629112,0.010619999840855598,0.010649999603629112,1263
2026-04-16 00:15:00+00:00,0.01063000038266182,0.010639999993145466,0.010610000230371952,0.010639999993145466,0
2026-04-16 00:30:00+00:00,0.010649999603629112,0.01066999975591898,0.010639999993145466,0.01066999975591898,3987
2026-04-16 00:45:00+00:00,0.010639999993145466,0.010660000145435333,0.010639999993145466,0.010660000145435333,4894
2026-04-16 01:00:00+00:00,0.01063000038266182,0.01063000038266182,0.01063000038266182,0.01063000038266182,0
2026-04-16 01:45:00+00:00,0.01071999967098236,0.01071999967098236,0.01071999967098236,0.01071999967098236,0
2026-04-16 02:00:00+00:00,0.010769999586045742,0.010769999586045742,0.010689999908208847,0.010689999908208847,0
2026-04-16 02:15:00+00:00,0.01071999967098236,0.01075000036507845,0.010710000060498714,0.01075000036507845,23502
2026-04-16 02:30:00+00:00,0.01080000028014183,0.01080000028014183,0.010780000127851963,0.010780000127851963,8555
2026-04-16 02:45:00+00:00,0.0106800002977252,0.010730000212788582,0.0106800002977252,0.010730000212788582,12614
2026-04-16 03:00:00+00:00,0.0106800002977252,0.010710000060498714,0.0106800002977252,0.010710000060498714,39485
2026-04-16 03:15:00+00:00,0.010780000127851963,0.010780000127851963,0.01071999967098236,0.01071999967098236,33324
2026-04-16 03:30:00+00:00,0.01078999973833561,0.01078999973833561,0.01078999973833561,0.01078999973833561,0
2026-04-16 03:45:00+00:00,0.010809999890625477,0.010809999890625477,0.010759999975562096,0.010759999975562096,51440
2026-04-16 04:00:00+00:00,0.010809999890625477,0.010809999890625477,0.010780000127851963,0.01080000028014183,38397
2026-04-16 04:15:00+00:00,0.010859999805688858,0.010859999805688858,0.010759999975562096,0.01080000028014183,107893
2026-04-16 04:30:00+00:00,0.010870000347495079,0.010889999568462372,0.010870000347495079,0.010870000347495079,128394
2026-04-16 04:45:00+00:00,0.010889999568462372,0.010889999568462372,0.010859999805688858,0.010859999805688858,12511
2026-04-16 05:00:00+00:00,0.010830000042915344,0.010859999805688858,0.010830000042915344,0.010859999805688858,9807
2026-04-16 05:15:00+00:00,0.010850000195205212,0.010879999957978725,0.010850000195205212,0.010879999957978725,0
2026-04-16 05:30:00+00:00,0.01083999965339899,0.01090999972075224,0.010830000042915344,0.010830000042915344,133075
2026-04-16 05:45:00+00:00,0.010879999957978725,0.010879999957978725,0.010870000347495079,0.010870000347495079,31094
2026-04-16 06:00:00+00:00,0.011409999802708626,0.011429999954998493,0.010889999568462372,0.010889999568462372,1054607
2026-04-16 06:15:00+00:00,0.011370000429451466,0.011470000259578228,0.011309999972581863,0.011429999954998493,393811
2026-04-16 06:30:00+00:00,0.01140000019222498,0.011420000344514847,0.011380000039935112,0.011380000039935112,569817
2026-04-16 06:45:00+00:00,0.011370000429451466,0.011479999870061874,0.011370000429451466,0.011409999802708626,203215
2026-04-16 07:00:00+00:00,0.011459999717772007,0.011459999717772007,0.011339999735355377,0.011350000277161598,143586
2026-04-16 07:15:00+00:00,0.011479999870061874,0.011479999870061874,0.011429999954998493,0.011459999717772007,78671
2026-04-16 07:30:00+00:00,0.01145000010728836,0.011470000259578228,0.011409999802708626,0.011429999954998493,208916
2026-04-16 07:45:00+00:00,0.011429999954998493,0.01152000017464161,0.011389999650418758,0.011429999954998493,100331
2026-04-16 08:00:00+00:00,0.011409999802708626,0.011459999717772007,0.011370000429451466,0.01145000010728836,370361
2026-04-16 08:15:00+00:00,0.011490000411868095,0.011500000022351742,0.011409999802708626,0.011409999802708626,313533
2026-04-16 08:30:00+00:00,0.011500000022351742,0.011549999937415123,0.011420000344514847,0.011500000022351742,380742
2026-04-16 08:45:00+00:00,0.011409999802708626,0.011509999632835388,0.011409999802708626,0.011509999632835388,172741
2026-04-16 09:00:00+00:00,0.01143999956548214,0.01143999956548214,0.01143999956548214,0.01143999956548214,23552
2026-04-16 09:15:00+00:00,0.011380000039935112,0.011429999954998493,0.011380000039935112,0.011420000344514847,18611
2026-04-16 09:30:00+00:00,0.011420000344514847,0.011420000344514847,0.011359999887645245,0.011359999887645245,143612
2026-04-16 09:45:00+00:00,0.01140000019222498,0.011420000344514847,0.011380000039935112,0.011420000344514847,219030
2026-04-16 10:00:00+00:00,0.011339999735355377,0.011370000429451466,0.01131999958306551,0.011370000429451466,10356
2026-04-16 10:15:00+00:00,0.011359999887645245,0.011370000429451466,0.01131999958306551,0.011370000429451466,123024
2026-04-16 10:30:00+00:00,0.011309999972581863,0.01140000019222498,0.011309999972581863,0.011380000039935112,521763
2026-04-16 10:45:00+00:00,0.011350000277161598,0.011420000344514847,0.011309999972581863,0.011309999972581863,550250
2026-04-16 11:00:00+00:00,0.011389999650418758,0.01143999956548214,0.011350000277161598,0.011350000277161598,310586
2026-04-16 11:15:00+00:00,0.011339999735355377,0.01140000019222498,0.011289999820291996,0.011359999887645245,603681
2026-04-16 11:30:00+00:00,0.011309999972581863,0.011359999887645245,0.011269999668002129,0.011350000277161598,144357
2026-04-16 11:45:00+00:00,0.01145000010728836,0.01145000010728836,0.01131999958306551,0.01131999958306551,130166
2026-04-16 12:00:00+00:00,0.01152000017464161,0.01152000017464161,0.011420000344514847,0.01145000010728836,441226
2026-04-16 12:15:00+00:00,0.011529999785125256,0.011549999937415123,0.01143999956548214,0.011490000411868095,419766
2026-04-16 12:30:00+00:00,0.011409999802708626,0.011629999615252018,0.011359999887645245,0.011529999785125256,402747
2026-04-16 12:45:00+00:00,0.01128000020980835,0.011420000344514847,0.011219999752938747,0.011389999650418758,813540
2026-04-16 13:00:00+00:00,0.011359999887645245,0.011420000344514847,0.01131999958306551,0.01131999958306551,193051
2026-04-16 13:15:00+00:00,0.01140000019222498,0.011429999954998493,0.011370000429451466,0.011370000429451466,237332
2026-04-16 13:30:00+00:00,0.011339999735355377,0.011479999870061874,0.01131999958306551,0.011429999954998493,104083
2026-04-16 13:45:00+00:00,0.011269999668002129,0.011389999650418758,0.011210000142455101,0.011350000277161598,605756
2026-04-16 14:00:00+00:00,0.011260000057518482,0.011289999820291996,0.011210000142455101,0.011250000447034836,229535
2026-04-16 14:15:00+00:00,0.011219999752938747,0.011289999820291996,0.01116000022739172,0.011289999820291996,207624
2026-04-16 14:30:00+00:00,0.011300000362098217,0.011309999972581863,0.011250000447034836,0.011250000447034836,67952
2026-04-16 14:45:00+00:00,0.01133000012487173,0.011339999735355377,0.011300000362098217,0.011300000362098217,45397
2026-04-16 15:00:00+00:00,0.01143999956548214,0.011459999717772007,0.01133000012487173,0.01133000012487173,30923
2026-04-16 15:15:00+00:00,0.011549999937415123,0.011579999700188637,0.011470000259578228,0.011490000411868095,358376
2026-04-16 15:30:00+00:00,0.011830000206828117,0.011859999969601631,0.011529999785125256,0.01155999954789877,702507
2026-04-16 15:45:00+00:00,0.011830000206828117,0.011909999884665012,0.01181000005453825,0.011830000206828117,204815
2026-04-16 16:00:00+00:00,0.011869999580085278,0.011880000121891499,0.011739999987185001,0.011739999987185001,325873
2026-04-16 16:15:00+00:00,0.011780000291764736,0.011970000341534615,0.011780000291764736,0.011880000121891499,268702
2026-04-16 16:30:00+00:00,0.011710000224411488,0.011769999749958515,0.011660000309348106,0.011739999987185001,138237
2026-04-16 16:45:00+00:00,0.011739999987185001,0.011760000139474869,0.011669999919831753,0.011719999834895134,109829
2026-04-16 17:00:00+00:00,0.011800000444054604,0.011839999817311764,0.011789999902248383,0.011789999902248383,67933
2026-04-16 17:15:00+00:00,0.011869999580085278,0.011869999580085278,0.011830000206828117,0.011830000206828117,48926
2026-04-16 17:30:00+00:00,0.011970000341534615,0.011970000341534615,0.01193000003695488,0.011939999647438526,74338
2026-04-16 17:45:00+00:00,0.012020000256597996,0.012070000171661377,0.011979999952018261,0.011979999952018261,200440
2026-04-16 18:00:00+00:00,0.011889999732375145,0.012009999714791775,0.011869999580085278,0.012009999714791775,88664
2026-04-16 18:15:00+00:00,0.011909999884665012,0.011939999647438526,0.011869999580085278,0.011909999884665012,41366
2026-04-16 18:30:00+00:00,0.012040000408887863,0.012070000171661377,0.01193000003695488,0.01193000003695488,142870
2026-04-16 18:45:00+00:00,0.011889999732375145,0.012029999867081642,0.011880000121891499,0.012029999867081642,81248
2026-04-16 19:00:00+00:00,0.012029999867081642,0.012059999629855156,0.011909999884665012,0.011909999884665012,133704
2026-04-16 19:15:00+00:00,0.011869999580085278,0.012000000104308128,0.011859999969601631,0.012000000104308128,342916
2026-04-16 19:30:00+00:00,0.011920000426471233,0.011920000426471233,0.011839999817311764,0.011880000121891499,50312
2026-04-16 19:45:00+00:00,0.011989999562501907,0.011989999562501907,0.01193000003695488,0.01193000003695488,37674
2026-04-16 20:00:00+00:00,0.011869999580085278,0.011979999952018261,0.011869999580085278,0.011979999952018261,30050
2026-04-16 20:15:00+00:00,0.011830000206828117,0.011830000206828117,0.011780000291764736,0.011819999665021896,162238
2026-04-16 20:30:00+00:00,0.011830000206828117,0.011830000206828117,0.011789999902248383,0.011789999902248383,12732
2026-04-16 20:45:00+00:00,0.011780000291764736,0.011800000444054604,0.011769999749958515,0.011800000444054604,49098
2026-04-16 21:00:00+00:00,0.011789999902248383,0.011800000444054604,0.011789999902248383,0.011800000444054604,2436
2026-04-16 21:15:00+00:00,0.01169000007212162,0.011719999834895134,0.011649999767541885,0.011719999834895134,123672
2026-04-16 21:30:00+00:00,0.01181000005453825,0.01181000005453825,0.011760000139474869,0.011760000139474869,58784
2026-04-16 21:45:00+00:00,0.011859999969601631,0.011859999969601631,0.011800000444054604,0.011800000444054604,47758
2026-04-16 22:00:00+00:00,0.011900000274181366,0.011920000426471233,0.011869999580085278,0.011869999580085278,20988
2026-04-16 22:15:00+00:00,0.011850000359117985,0.011850000359117985,0.011830000206828117,0.011830000206828117,7014
2026-04-16 22:30:00+00:00,0.011819999665021896,0.011819999665021896,0.01181000005453825,0.01181000005453825,21654
2026-04-16 22:45:00+00:00,0.011769999749958515,0.011800000444054604,0.011760000139474869,0.011760000139474869,58184
2026-04-16 23:00:00+00:00,0.011730000376701355,0.011739999987185001,0.011680000461637974,0.011699999682605267,139310
2026-04-16 23:15:00+00:00,0.011760000139474869,0.011769999749958515,0.01169000007212162,0.011710000224411488,138138
2026-04-16 23:30:00+00:00,0.011760000139474869,0.011769999749958515,0.011730000376701355,0.011760000139474869,30670
2026-04-16 23:45:00+00:00,0.011719999834895134,0.011769999749958515,0.011719999834895134,0.011769999749958515,1916
2026-04-17 00:00:00+00:00,0.011749999597668648,0.011769999749958515,0.011710000224411488,0.011760000139474869,98412
2026-04-17 00:15:00+00:00,0.011789999902248383,0.011789999902248383,0.011730000376701355,0.011730000376701355,116526
2026-04-17 00:30:00+00:00,0.011859999969601631,0.011869999580085278,0.011800000444054604,0.01181000005453825,55768
2026-04-17 00:45:00+00:00,0.011880000121891499,0.011939999647438526,0.011880000121891499,0.011880000121891499,83166
2026-04-17 01:00:00+00:00,0.011900000274181366,0.01193000003695488,0.011859999969601631,0.011859999969601631,38770
2026-04-17 01:15:00+00:00,0.011880000121891499,0.011939999647438526,0.011869999580085278,0.011939999647438526,36680
2026-04-17 01:30:00+00:00,0.011889999732375145,0.01193000003695488,0.011850000359117985,0.011889999732375145,44396
2026-04-17 01:45:00+00:00,0.011909999884665012,0.011959999799728394,0.011900000274181366,0.011900000274181366,49950
2026-04-17 02:00:00+00:00,0.011889999732375145,0.011909999884665012,0.011839999817311764,0.011909999884665012,37266
2026-04-17 02:15:00+00:00,0.011780000291764736,0.011819999665021896,0.011769999749958515,0.011819999665021896,27594
2026-04-17 02:30:00+00:00,0.011819999665021896,0.011839999817311764,0.011769999749958515,0.011769999749958515,66288
2026-04-17 02:45:00+00:00,0.011880000121891499,0.011880000121891499,0.011850000359117985,0.011850000359117985,0
2026-04-17 03:00:00+00:00,0.011869999580085278,0.011889999732375145,0.011850000359117985,0.011889999732375145,19280
2026-04-17 03:15:00+00:00,0.01181000005453825,0.011830000206828117,0.01181000005453825,0.011819999665021896,29372
2026-04-17 03:30:00+00:00,0.011830000206828117,0.011880000121891499,0.011819999665021896,0.011819999665021896,30254
2026-04-17 03:45:00+00:00,0.011819999665021896,0.011850000359117985,0.011819999665021896,0.011850000359117985,2698
2026-04-17 04:00:00+00:00,0.011819999665021896,0.011880000121891499,0.011800000444054604,0.011880000121891499,53370
2026-04-17 04:15:00+00:00,0.011839999817311764,0.011859999969601631,0.011800000444054604,0.011800000444054604,0
2026-04-17 04:30:00+00:00,0.011880000121891499,0.01193000003695488,0.011869999580085278,0.011880000121891499,22576
2026-04-17 04:45:00+00:00,0.01181000005453825,0.011850000359117985,0.011800000444054604,0.011850000359117985,2086
2026-04-17 05:00:00+00:00,0.011629999615252018,0.011789999902248383,0.011620000004768372,0.011789999902248383,11026
2026-04-17 05:15:00+00:00,0.011660000309348106,0.011660000309348106,0.011649999767541885,0.011660000309348106,9578
2026-04-17 05:30:00+00:00,0.01169000007212162,0.01169000007212162,0.01169000007212162,0.01169000007212162,0
2026-04-17 05:45:00+00:00,0.011640000157058239,0.011649999767541885,0.011640000157058239,0.011649999767541885,3076
2026-04-17 06:00:00+00:00,0.011649999767541885,0.011649999767541885,0.011649999767541885,0.011649999767541885,0
2026-04-17 06:15:00+00:00,0.011660000309348106,0.011660000309348106,0.011629999615252018,0.011629999615252018,0
2026-04-17 06:30:00+00:00,0.011649999767541885,0.011669999919831753,0.011649999767541885,0.011669999919831753,0
2026-04-17 06:45:00+00:00,0.011699999682605267,0.011699999682605267,0.011699999682605267,0.011699999682605267,0
2026-04-17 07:00:00+00:00,0.011760000139474869,0.011760000139474869,0.011730000376701355,0.011730000376701355,0
2026-04-17 07:15:00+00:00,0.011680000461637974,0.011680000461637974,0.011680000461637974,0.011680000461637974,0
2026-04-17 07:30:00+00:00,0.011780000291764736,0.011780000291764736,0.011760000139474869,0.011760000139474869,0
2026-04-17 07:45:00+00:00,0.011760000139474869,0.011760000139474869,0.011760000139474869,0.011760000139474869,0
2026-04-17 08:00:00+00:00,0.011749999597668648,0.011749999597668648,0.011739999987185001,0.011739999987185001,0
2026-04-17 08:15:00+00:00,0.011739999987185001,0.011739999987185001,0.011739999987185001,0.011739999987185001,0
2026-04-17 08:30:00+00:00,0.011730000376701355,0.011730000376701355,0.011699999682605267,0.011699999682605267,0
2026-04-17 08:45:00+00:00,0.011780000291764736,0.011780000291764736,0.011749999597668648,0.011749999597668648,0
2026-04-17 09:00:00+00:00,0.011719999834895134,0.011730000376701355,0.01169000007212162,0.01169000007212162,839
2026-04-17 09:15:00+00:00,0.011769999749958515,0.011769999749958515,0.011710000224411488,0.011749999597668648,35120
2026-04-17 09:30:00+00:00,0.011739999987185001,0.011739999987185001,0.011710000224411488,0.011710000224411488,44159
2026-04-17 09:45:00+00:00,0.011780000291764736,0.011780000291764736,0.011769999749958515,0.011769999749958515,10794
2026-04-17 10:00:00+00:00,0.011719999834895134,0.011769999749958515,0.011699999682605267,0.011769999749958515,5030
2026-04-17 10:15:00+00:00,0.011669999919831753,0.011749999597668648,0.011669999919831753,0.011749999597668648,0
2026-04-17 10:30:00+00:00,0.011629999615252018,0.011669999919831753,0.011610000394284725,0.011629999615252018,24247
2026-04-17 11:00:00+00:00,0.01169000007212162,0.011699999682605267,0.01169000007212162,0.01169000007212162,0
2026-04-17 11:15:00+00:00,0.011839999817311764,0.011839999817311764,0.011710000224411488,0.011710000224411488,0
2026-04-17 11:30:00+00:00,0.011819999665021896,0.011880000121891499,0.01181000005453825,0.011859999969601631,0
2026-04-17 11:45:00+00:00,0.011789999902248383,0.011789999902248383,0.011780000291764736,0.011780000291764736,0
2026-04-17 12:00:00+00:00,0.011780000291764736,0.011789999902248383,0.011749999597668648,0.011760000139474869,0
2026-04-17 12:15:00+00:00,0.011780000291764736,0.011830000206828117,0.011780000291764736,0.011800000444054604,0
2026-04-17 12:30:00+00:00,0.011839999817311764,0.011839999817311764,0.011760000139474869,0.011800000444054604,0
2026-04-17 12:45:00+00:00,0.011769999749958515,0.011769999749958515,0.011739999987185001,0.011739999987185001,0
2026-04-17 13:00:00+00:00,0.011889999732375145,0.011889999732375145,0.011780000291764736,0.011780000291764736,0
2026-04-17 13:15:00+00:00,0.011889999732375145,0.01193000003695488,0.011889999732375145,0.011920000426471233,0
2026-04-17 13:30:00+00:00,0.011959999799728394,0.011959999799728394,0.011900000274181366,0.011920000426471233,0
2026-04-17 13:45:00+00:00,0.012040000408887863,0.012040000408887863,0.011970000341534615,0.011970000341534615,0
2026-04-17 14:00:00+00:00,0.011989999562501907,0.01205000001937151,0.011970000341534615,0.01205000001937151,14722
2026-04-17 14:15:00+00:00,0.012000000104308128,0.012009999714791775,0.012000000104308128,0.012000000104308128,0
2026-04-17 14:30:00+00:00,0.012009999714791775,0.012020000256597996,0.012000000104308128,0.012000000104308128,0
2026-04-17 14:45:00+00:00,0.011900000274181366,0.011959999799728394,0.011900000274181366,0.011950000189244747,30233
2026-04-17 15:00:00+00:00,0.011900000274181366,0.011900000274181366,0.011850000359117985,0.011869999580085278,14002
2026-04-17 15:15:00+00:00,0.011909999884665012,0.011920000426471233,0.011900000274181366,0.011900000274181366,0
2026-04-17 15:30:00+00:00,0.011859999969601631,0.011909999884665012,0.011859999969601631,0.011909999884665012,0
2026-04-17 15:45:00+00:00,0.011859999969601631,0.011880000121891499,0.011859999969601631,0.011859999969601631,0
2026-04-17 16:00:00+00:00,0.011920000426471233,0.012020000256597996,0.011909999884665012,0.011909999884665012,0
2026-04-17 16:15:00+00:00,0.011900000274181366,0.011900000274181366,0.011880000121891499,0.011889999732375145,3458
2026-04-17 16:30:00+00:00,0.012000000104308128,0.012009999714791775,0.011959999799728394,0.011959999799728394,0
2026-04-17 16:45:00+00:00,0.012059999629855156,0.012140000239014626,0.012029999867081642,0.012029999867081642,9578
2026-04-17 17:00:00+00:00,0.01217000000178814,0.01217000000178814,0.012109999544918537,0.012109999544918537,44793
2026-04-17 17:15:00+00:00,0.012090000323951244,0.012179999612271786,0.012029999867081642,0.012179999612271786,57693
2026-04-17 17:30:00+00:00,0.012120000086724758,0.01217000000178814,0.012090000323951244,0.01209999993443489,52893
2026-04-17 17:45:00+00:00,0.012029999867081642,0.012129999697208405,0.012029999867081642,0.012109999544918537,0
2026-04-17 18:00:00+00:00,0.011909999884665012,0.012020000256597996,0.011909999884665012,0.012020000256597996,0
2026-04-17 18:15:00+00:00,0.011989999562501907,0.011989999562501907,0.011939999647438526,0.011939999647438526,12799
2026-04-17 18:30:00+00:00,0.012070000171661377,0.012070000171661377,0.012020000256597996,0.012020000256597996,0
2026-04-17 18:45:00+00:00,0.01205000001937151,0.01209999993443489,0.012040000408887863,0.01209999993443489,0
2026-04-17 19:00:00+00:00,0.012000000104308128,0.012000000104308128,0.012000000104308128,0.012000000104308128,0
2026-04-17 19:15:00+00:00,0.012079999782145023,0.012079999782145023,0.012029999867081642,0.012029999867081642,0
2026-04-17 19:30:00+00:00,0.012029999867081642,0.012029999867081642,0.012029999867081642,0.012029999867081642,0
2026-04-17 19:45:00+00:00,0.012029999867081642,0.012029999867081642,0.012029999867081642,0.012029999867081642,0
2026-04-17 20:00:00+00:00,0.011970000341534615,0.011970000341534615,0.011959999799728394,0.011970000341534615,0
2026-04-17 20:15:00+00:00,0.011959999799728394,0.011959999799728394,0.01193000003695488,0.011950000189244747,0
2026-04-17 20:30:00+00:00,0.011909999884665012,0.01193000003695488,0.011900000274181366,0.01193000003695488,2785
2026-04-17 20:45:00+00:00,0.011939999647438526,0.011939999647438526,0.011920000426471233,0.011920000426471233,0
2026-04-17 21:00:00+00:00,0.01193000003695488,0.01193000003695488,0.01193000003695488,0.01193000003695488,0
2026-04-17 21:15:00+00:00,0.011979999952018261,0.011989999562501907,0.011979999952018261,0.011979999952018261,0
2026-04-17 21:30:00+00:00,0.011979999952018261,0.012000000104308128,0.011959999799728394,0.011979999952018261,0
2026-04-17 21:45:00+00:00,0.012009999714791775,0.012020000256597996,0.012009999714791775,0.012020000256597996,1253
2026-04-17 22:00:00+00:00,0.011989999562501907,0.012020000256597996,0.011979999952018261,0.011979999952018261,0
2026-04-17 22:15:00+00:00,0.012000000104308128,0.012000000104308128,0.011989999562501907,0.011989999562501907,0
2026-04-17 22:30:00+00:00,0.011989999562501907,0.011989999562501907,0.011979999952018261,0.011979999952018261,0
2026-04-17 23:00:00+00:00,0.011959999799728394,0.011959999799728394,0.011959999799728394,0.011959999799728394,0
2026-04-17 23:15:00+00:00,0.01193000003695488,0.011959999799728394,0.011909999884665012,0.011959999799728394,0
2026-04-17 23:30:00+00:00,0.011959999799728394,0.011970000341534615,0.011939999647438526,0.011939999647438526,0
2026-04-17 23:45:00+00:00,0.011970000341534615,0.011970000341534615,0.011970000341534615,0.011970000341534615,343
2026-04-18 00:00:00+00:00,0.011939999647438526,0.011989999562501907,0.011939999647438526,0.011979999952018261,0
2026-04-18 00:15:00+00:00,0.011939999647438526,0.011950000189244747,0.01193000003695488,0.01193000003695488,0
2026-04-18 00:30:00+00:00,0.011830000206828117,0.011839999817311764,0.011800000444054604,0.011830000206828117,74389
2026-04-18 00:45:00+00:00,0.011869999580085278,0.011900000274181366,0.011819999665021896,0.011819999665021896,2525
2026-04-18 01:00:00+00:00,0.011950000189244747,0.011950000189244747,0.011869999580085278,0.011880000121891499,0
2026-04-18 01:15:00+00:00,0.011909999884665012,0.01193000003695488,0.011909999884665012,0.01193000003695488,16576
2026-04-18 01:30:00+00:00,0.011819999665021896,0.011819999665021896,0.011819999665021896,0.011819999665021896,0
2026-04-18 01:45:00+00:00,0.011789999902248383,0.011839999817311764,0.011789999902248383,0.011819999665021896,0
2026-04-18 02:00:00+00:00,0.011739999987185001,0.011780000291764736,0.011739999987185001,0.011780000291764736,2429
2026-04-18 02:15:00+00:00,0.011739999987185001,0.011749999597668648,0.011739999987185001,0.011739999987185001,0
2026-04-18 02:30:00+00:00,0.011780000291764736,0.011800000444054604,0.011749999597668648,0.011749999597668648,0
2026-04-18 02:45:00+00:00,0.011760000139474869,0.011780000291764736,0.011739999987185001,0.011780000291764736,34257
2026-04-18 03:00:00+00:00,0.011800000444054604,0.011800000444054604,0.011710000224411488,0.011719999834895134,0
2026-04-18 03:15:00+00:00,0.011780000291764736,0.011830000206828117,0.011769999749958515,0.011830000206828117,4775
2026-04-18 03:30:00+00:00,0.011880000121891499,0.011909999884665012,0.011819999665021896,0.011819999665021896,8914
2026-04-18 03:45:00+00:00,0.011789999902248383,0.011869999580085278,0.011789999902248383,0.011869999580085278,257983
2026-04-18 04:00:00+00:00,0.011800000444054604,0.011850000359117985,0.011769999749958515,0.01181000005453825,0
2026-04-18 04:15:00+00:00,0.011760000139474869,0.011789999902248383,0.011760000139474869,0.011789999902248383,0
2026-04-18 04:30:00+00:00,0.011760000139474869,0.011760000139474869,0.011730000376701355,0.011730000376701355,6125
2026-04-18 04:45:00+00:00,0.011749999597668648,0.011749999597668648,0.011749999597668648,0.011749999597668648,4584
2026-04-18 05:00:00+00:00,0.011789999902248383,0.011789999902248383,0.011789999902248383,0.011789999902248383,0
2026-04-18 05:15:00+00:00,0.011789999902248383,0.011789999902248383,0.011789999902248383,0.011789999902248383,0
2026-04-18 05:30:00+00:00,0.011800000444054604,0.011800000444054604,0.011780000291764736,0.011789999902248383,0
2026-04-18 05:45:00+00:00,0.011789999902248383,0.011800000444054604,0.011789999902248383,0.011800000444054604,0
2026-04-18 06:00:00+00:00,0.011819999665021896,0.011819999665021896,0.011800000444054604,0.011800000444054604,8573
2026-04-18 06:15:00+00:00,0.011789999902248383,0.011789999902248383,0.011789999902248383,0.011789999902248383,6785
2026-04-18 06:30:00+00:00,0.011780000291764736,0.011780000291764736,0.011769999749958515,0.011769999749958515,0
2026-04-18 06:45:00+00:00,0.011839999817311764,0.011839999817311764,0.011839999817311764,0.011839999817311764,0
2026-04-18 07:00:00+00:00,0.011880000121891499,0.011880000121891499,0.011850000359117985,0.011850000359117985,414
2026-04-18 07:15:00+00:00,0.011900000274181366,0.011920000426471233,0.011900000274181366,0.011920000426471233,0
2026-04-18 07:30:00+00:00,0.011859999969601631,0.011900000274181366,0.011859999969601631,0.011900000274181366,0
2026-04-18 07:45:00+00:00,0.011869999580085278,0.011880000121891499,0.011859999969601631,0.011880000121891499,3834
2026-04-18 08:00:00+00:00,0.01181000005453825,0.011850000359117985,0.01181000005453825,0.011850000359117985,0
2026-04-18 08:15:00+00:00,0.011749999597668648,0.011830000206828117,0.011749999597668648,0.011789999902248383,52705
2026-04-18 08:30:00+00:00,0.011719999834895134,0.011749999597668648,0.011660000309348106,0.011730000376701355,23524
2026-04-18 08:45:00+00:00,0.011760000139474869,0.011769999749958515,0.011760000139474869,0.011769999749958515,14475
2026-04-18 09:00:00+00:00,0.01169000007212162,0.011739999987185001,0.011640000157058239,0.011739999987185001,7899
2026-04-18 09:15:00+00:00,0.011680000461637974,0.011680000461637974,0.011629999615252018,0.011660000309348106,15419
2026-04-18 09:30:00+00:00,0.011710000224411488,0.011710000224411488,0.011710000224411488,0.011710000224411488,0
2026-04-18 10:00:00+00:00,0.011620000004768372,0.011660000309348106,0.011500000022351742,0.011620000004768372,104686
2026-04-18 10:15:00+00:00,0.011620000004768372,0.011620000004768372,0.011590000241994858,0.011590000241994858,164080
2026-04-18 10:30:00+00:00,0.011540000326931477,0.011590000241994858,0.011529999785125256,0.011590000241994858,179796
2026-04-18 10:45:00+00:00,0.01152000017464161,0.011549999937415123,0.01152000017464161,0.011549999937415123,0
2026-04-18 11:00:00+00:00,0.011459999717772007,0.011529999785125256,0.011459999717772007,0.011529999785125256,38187
2026-04-18 11:15:00+00:00,0.011470000259578228,0.01152000017464161,0.011470000259578228,0.011490000411868095,145816
2026-04-18 11:30:00+00:00,0.01140000019222498,0.011479999870061874,0.01140000019222498,0.011479999870061874,0
2026-04-18 11:45:00+00:00,0.011500000022351742,0.011500000022351742,0.011409999802708626,0.011409999802708626,15767
2026-04-18 12:00:00+00:00,0.011500000022351742,0.011540000326931477,0.011500000022351742,0.011529999785125256,7715
2026-04-18 12:15:00+00:00,0.011500000022351742,0.011529999785125256,0.011500000022351742,0.011509999632835388,0
2026-04-18 12:30:00+00:00,0.011459999717772007,0.01152000017464161,0.01143999956548214,0.011500000022351742,0
2026-04-18 12:45:00+00:00,0.011549999937415123,0.011549999937415123,0.011470000259578228,0.011470000259578228,0
2026-04-18 13:00:00+00:00,0.011549999937415123,0.011549999937415123,0.011549999937415123,0.011549999937415123,0
2026-04-18 13:15:00+00:00,0.011490000411868095,0.011549999937415123,0.011490000411868095,0.011509999632835388,0
2026-04-18 13:30:00+00:00,0.011479999870061874,0.011490000411868095,0.011479999870061874,0.011490000411868095,0
2026-04-18 13:45:00+00:00,0.011610000394284725,0.011669999919831753,0.011579999700188637,0.011579999700188637,31315
2026-04-18 14:00:00+00:00,0.011579999700188637,0.011599999852478504,0.011579999700188637,0.011599999852478504,4142
2026-04-18 14:30:00+00:00,0.01155999954789877,0.01155999954789877,0.011549999937415123,0.01155999954789877,3816
2026-04-18 14:45:00+00:00,0.011549999937415123,0.01157000008970499,0.011549999937415123,0.01157000008970499,0
2026-04-18 15:00:00+00:00,0.011540000326931477,0.011549999937415123,0.011540000326931477,0.011549999937415123,0
2026-04-18 15:15:00+00:00,0.011540000326931477,0.01157000008970499,0.011540000326931477,0.01157000008970499,0
2026-04-18 15:30:00+00:00,0.011540000326931477,0.01157000008970499,0.011540000326931477,0.011549999937415123,0
2026-04-18 15:45:00+00:00,0.011540000326931477,0.01155999954789877,0.011509999632835388,0.01155999954789877,15372
2026-04-18 16:00:00+00:00,0.011470000259578228,0.011490000411868095,0.011470000259578228,0.011490000411868095,8400
2026-04-18 16:15:00+00:00,0.011490000411868095,0.011549999937415123,0.01143999956548214,0.011459999717772007,37744
2026-04-18 16:45:00+00:00,0.011420000344514847,0.01143999956548214,0.011420000344514847,0.01143999956548214,20427
2026-04-18 17:00:00+00:00,0.01131999958306551,0.011420000344514847,0.01131999958306551,0.011420000344514847,47455
2026-04-18 17:15:00+00:00,0.011350000277161598,0.011350000277161598,0.01133000012487173,0.011339999735355377,40383
2026-04-18 17:30:00+00:00,0.011380000039935112,0.011380000039935112,0.011380000039935112,0.011380000039935112,0
2026-04-18 17:45:00+00:00,0.011370000429451466,0.011380000039935112,0.011370000429451466,0.011380000039935112,0
2026-04-18 18:00:00+00:00,0.011339999735355377,0.011359999887645245,0.011339999735355377,0.011359999887645245,0
2026-04-18 18:15:00+00:00,0.011250000447034836,0.011300000362098217,0.011219999752938747,0.011300000362098217,0
2026-04-18 18:30:00+00:00,0.011140000075101852,0.011219999752938747,0.011130000464618206,0.011210000142455101,57250
2026-04-18 18:45:00+00:00,0.011169999837875366,0.011210000142455101,0.011119999922811985,0.011189999990165234,42084
2026-04-18 19:00:00+00:00,0.011210000142455101,0.011219999752938747,0.011180000379681587,0.011180000379681587,5731
2026-04-18 19:15:00+00:00,0.011189999990165234,0.011230000294744968,0.011189999990165234,0.011230000294744968,0
2026-04-18 19:30:00+00:00,0.011169999837875366,0.011189999990165234,0.011169999837875366,0.011189999990165234,0
2026-04-18 19:45:00+00:00,0.011210000142455101,0.011210000142455101,0.011169999837875366,0.011169999837875366,0
2026-04-18 20:00:00+00:00,0.011189999990165234,0.011189999990165234,0.01116000022739172,0.011180000379681587,297
2026-04-18 20:15:00+00:00,0.011239999905228615,0.011239999905228615,0.01119999960064888,0.01119999960064888,0
2026-04-18 20:30:00+00:00,0.011260000057518482,0.011260000057518482,0.011230000294744968,0.011239999905228615,0
2026-04-18 20:45:00+00:00,0.011250000447034836,0.01133000012487173,0.011250000447034836,0.01128000020980835,4271
2026-04-18 21:00:00+00:00,0.011230000294744968,0.011260000057518482,0.011230000294744968,0.011260000057518482,5202
2026-04-18 21:30:00+00:00,0.011180000379681587,0.011189999990165234,0.011180000379681587,0.011189999990165234,0
2026-04-18 21:45:00+00:00,0.011210000142455101,0.011210000142455101,0.011210000142455101,0.011210000142455101,0
2026-04-18 22:00:00+00:00,0.011269999668002129,0.011269999668002129,0.011239999905228615,0.011239999905228615,0
2026-04-18 22:15:00+00:00,0.011230000294744968,0.011230000294744968,0.011230000294744968,0.011230000294744968,0
2026-04-18 22:30:00+00:00,0.011239999905228615,0.011250000447034836,0.011239999905228615,0.011250000447034836,0
2026-04-18 22:45:00+00:00,0.011260000057518482,0.011260000057518482,0.011260000057518482,0.011260000057518482,0
2026-04-18 23:00:00+00:00,0.011239999905228615,0.011239999905228615,0.011219999752938747,0.011239999905228615,42131
2026-04-18 23:15:00+00:00,0.011149999685585499,0.011210000142455101,0.011140000075101852,0.011210000142455101,0
2026-04-18 23:45:00+00:00,0.011099999770522118,0.01116000022739172,0.011070000007748604,0.01116000022739172,17789
2026-04-19 00:00:00+00:00,0.011070000007748604,0.011090000160038471,0.011060000397264957,0.011090000160038471,2973
2026-04-19 00:15:00+00:00,0.010990000329911709,0.011070000007748604,0.010990000329911709,0.011070000007748604,0
2026-04-19 00:30:00+00:00,0.01090999972075224,0.010950000025331974,0.01090999972075224,0.010950000025331974,34792
2026-04-19 00:45:00+00:00,0.011020000092685223,0.011020000092685223,0.01092000026255846,0.01092000026255846,51718
2026-04-19 01:00:00+00:00,0.010990000329911709,0.011029999703168869,0.010990000329911709,0.011029999703168869,16264
2026-04-19 01:15:00+00:00,0.01092000026255846,0.01092000026255846,0.01090999972075224,0.01090999972075224,0
2026-04-19 01:30:00+00:00,0.01092000026255846,0.010940000414848328,0.01092000026255846,0.01092000026255846,30781
2026-04-19 01:45:00+00:00,0.010990000329911709,0.010990000329911709,0.010950000025331974,0.010950000025331974,1396
2026-04-19 02:00:00+00:00,0.010990000329911709,0.010990000329911709,0.010990000329911709,0.010990000329911709,0
2026-04-19 02:15:00+00:00,0.010859999805688858,0.010950000025331974,0.010859999805688858,0.010950000025331974,0
2026-04-19 02:30:00+00:00,0.010850000195205212,0.010850000195205212,0.01083999965339899,0.010850000195205212,5928
2026-04-19 02:45:00+00:00,0.010870000347495079,0.010870000347495079,0.01083999965339899,0.010870000347495079,10280
2026-04-19 03:00:00+00:00,0.010940000414848328,0.010940000414848328,0.010830000042915344,0.010850000195205212,8236
2026-04-19 03:30:00+00:00,0.010929999873042107,0.010929999873042107,0.010929999873042107,0.010929999873042107,2391
2026-04-19 03:45:00+00:00,0.01090999972075224,0.01090999972075224,0.01090999972075224,0.01090999972075224,0
2026-04-19 04:00:00+00:00,0.010950000025331974,0.010950000025331974,0.010950000025331974,0.010950000025331974,0
2026-04-19 04:15:00+00:00,0.010889999568462372,0.010889999568462372,0.010889999568462372,0.010889999568462372,0
2026-04-19 04:30:00+00:00,0.010879999957978725,0.010889999568462372,0.010879999957978725,0.010889999568462372,0
2026-04-19 04:45:00+00:00,0.010870000347495079,0.010870000347495079,0.010870000347495079,0.010870000347495079,1076
2026-04-19 05:00:00+00:00,0.010870000347495079,0.010889999568462372,0.010870000347495079,0.010889999568462372,0
2026-04-19 05:15:00+00:00,0.010889999568462372,0.010889999568462372,0.010889999568462372,0.010889999568462372,5094
2026-04-19 05:30:00+00:00,0.010929999873042107,0.010929999873042107,0.010929999873042107,0.010929999873042107,7583
2026-04-19 05:45:00+00:00,0.010889999568462372,0.010889999568462372,0.010889999568462372,0.010889999568462372,0
2026-04-19 06:00:00+00:00,0.010870000347495079,0.010870000347495079,0.010859999805688858,0.010859999805688858,9521
2026-04-19 06:15:00+00:00,0.01095999963581562,0.01095999963581562,0.010879999957978725,0.010879999957978725,3103
2026-04-19 06:30:00+00:00,0.010990000329911709,0.010990000329911709,0.010990000329911709,0.010990000329911709,0
2026-04-19 06:45:00+00:00,0.010999999940395355,0.010999999940395355,0.010990000329911709,0.010990000329911709,851
2026-04-19 07:00:00+00:00,0.010979999788105488,0.010979999788105488,0.010979999788105488,0.010979999788105488,0
2026-04-19 07:15:00+00:00,0.010979999788105488,0.010979999788105488,0.01095999963581562,0.010970000177621841,17180
2026-04-19 07:30:00+00:00,0.011020000092685223,0.011020000092685223,0.010979999788105488,0.010979999788105488,11924
2026-04-19 07:45:00+00:00,0.010970000177621841,0.010990000329911709,0.010970000177621841,0.010990000329911709,29872
2026-04-19 08:00:00+00:00,0.010979999788105488,0.010979999788105488,0.010979999788105488,0.010979999788105488,0
2026-04-19 08:15:00+00:00,0.010979999788105488,0.010990000329911709,0.010970000177621841,0.010970000177621841,0
2026-04-19 08:30:00+00:00,0.010990000329911709,0.010990000329911709,0.010990000329911709,0.010990000329911709,0
2026-04-19 08:45:00+00:00,0.010970000177621841,0.010970000177621841,0.010950000025331974,0.010950000025331974,0
2026-04-19 09:00:00+00:00,0.010990000329911709,0.010990000329911709,0.010950000025331974,0.010950000025331974,0
2026-04-19 09:15:00+00:00,0.010929999873042107,0.010929999873042107,0.010929999873042107,0.010929999873042107,0
2026-04-19 09:30:00+00:00,0.010940000414848328,0.010940000414848328,0.01092000026255846,0.010929999873042107,11467
2026-04-19 09:45:00+00:00,0.010970000177621841,0.010970000177621841,0.010950000025331974,0.010950000025331974,3571
2026-04-19 10:00:00+00:00,0.010970000177621841,0.010970000177621841,0.01092000026255846,0.010940000414848328,0
2026-04-19 10:15:00+00:00,0.010950000025331974,0.010950000025331974,0.010950000025331974,0.010950000025331974,0
2026-04-19 10:30:00+00:00,0.010940000414848328,0.010950000025331974,0.010940000414848328,0.010950000025331974,0
2026-04-19 10:45:00+00:00,0.01095999963581562,0.01095999963581562,0.010950000025331974,0.010950000025331974,3200
2026-04-19 11:00:00+00:00,0.011060000397264957,0.011060000397264957,0.010970000177621841,0.010970000177621841,0
2026-04-19 11:15:00+00:00,0.01107999961823225,0.01107999961823225,0.011049999855458736,0.011049999855458736,164780
2026-04-19 11:30:00+00:00,0.01116000022739172,0.01116000022739172,0.01107999961823225,0.01107999961823225,16560
2026-04-19 11:45:00+00:00,0.011149999685585499,0.01119999960064888,0.011149999685585499,0.01119999960064888,17204
2026-04-19 12:00:00+00:00,0.011140000075101852,0.01116000022739172,0.011119999922811985,0.01116000022739172,40897
2026-04-19 12:15:00+00:00,0.011149999685585499,0.011180000379681587,0.011140000075101852,0.011140000075101852,36782
2026-04-19 12:30:00+00:00,0.011180000379681587,0.011230000294744968,0.011140000075101852,0.011140000075101852,0
2026-04-19 12:45:00+00:00,0.011309999972581863,0.011309999972581863,0.011210000142455101,0.011210000142455101,67386
2026-04-19 13:00:00+00:00,0.011289999820291996,0.011300000362098217,0.011289999820291996,0.011289999820291996,50635
2026-04-19 13:15:00+00:00,0.011269999668002129,0.01128000020980835,0.011260000057518482,0.01128000020980835,42299
2026-04-19 13:30:00+00:00,0.011289999820291996,0.011289999820291996,0.011289999820291996,0.011289999820291996,0
2026-04-19 13:45:00+00:00,0.011269999668002129,0.011269999668002129,0.011269999668002129,0.011269999668002129,6097
2026-04-19 14:00:00+00:00,0.011210000142455101,0.011210000142455101,0.011180000379681587,0.011189999990165234,17071
2026-04-19 14:15:00+00:00,0.011219999752938747,0.011230000294744968,0.011219999752938747,0.011230000294744968,1233
2026-04-19 14:30:00+00:00,0.011250000447034836,0.011250000447034836,0.011189999990165234,0.01119999960064888,6646
2026-04-19 14:45:00+00:00,0.011250000447034836,0.01128000020980835,0.011239999905228615,0.011260000057518482,1538
2026-04-19 15:00:00+00:00,0.011239999905228615,0.011260000057518482,0.011239999905228615,0.011250000447034836,0
2026-04-19 15:15:00+00:00,0.011239999905228615,0.011260000057518482,0.011239999905228615,0.011260000057518482,0
2026-04-19 15:30:00+00:00,0.01128000020980835,0.01128000020980835,0.011180000379681587,0.011219999752938747,31307
2026-04-19 15:45:00+00:00,0.011289999820291996,0.011300000362098217,0.011260000057518482,0.011300000362098217,11522
2026-04-19 16:00:00+00:00,0.01133000012487173,0.011370000429451466,0.011289999820291996,0.01131999958306551,3349
2026-04-19 16:15:00+00:00,0.01133000012487173,0.01133000012487173,0.01133000012487173,0.01133000012487173,0
2026-04-19 16:30:00+00:00,0.01128000020980835,0.01128000020980835,0.011250000447034836,0.011250000447034836,0
2026-04-19 16:45:00+00:00,0.011250000447034836,0.01128000020980835,0.011250000447034836,0.01128000020980835,26256
2026-04-19 17:00:00+00:00,0.011219999752938747,0.011230000294744968,0.011219999752938747,0.011230000294744968,0
2026-04-19 17:30:00+00:00,0.01107999961823225,0.011119999922811985,0.01104000024497509,0.011119999922811985,23479
2026-04-19 17:45:00+00:00,0.011070000007748604,0.011110000312328339,0.011060000397264957,0.011099999770522118,50471
2026-04-19 18:00:00+00:00,0.01107999961823225,0.011099999770522118,0.011060000397264957,0.01107999961823225,30940
2026-04-19 18:15:00+00:00,0.011090000160038471,0.011110000312328339,0.011070000007748604,0.011090000160038471,21773
2026-04-19 18:30:00+00:00,0.011110000312328339,0.011130000464618206,0.011099999770522118,0.011110000312328339,0
2026-04-19 18:45:00+00:00,0.011119999922811985,0.011119999922811985,0.011090000160038471,0.011110000312328339,0
2026-04-19 19:00:00+00:00,0.01116000022739172,0.01116000022739172,0.011130000464618206,0.011140000075101852,1395
2026-04-19 19:15:00+00:00,0.011149999685585499,0.011189999990165234,0.011149999685585499,0.011169999837875366,25984
2026-04-19 19:30:00+00:00,0.01116000022739172,0.01116000022739172,0.011130000464618206,0.011149999685585499,26242
2026-04-19 19:45:00+00:00,0.011119999922811985,0.011119999922811985,0.011110000312328339,0.011110000312328339,15572
2026-04-19 20:00:00+00:00,0.011110000312328339,0.011119999922811985,0.01107999961823225,0.011110000312328339,32803
2026-04-19 20:15:00+00:00,0.011099999770522118,0.011110000312328339,0.011060000397264957,0.011110000312328339,30012
2026-04-19 20:30:00+00:00,0.011119999922811985,0.011149999685585499,0.011099999770522118,0.011099999770522118,10074
2026-04-19 20:45:00+00:00,0.011140000075101852,0.011149999685585499,0.011119999922811985,0.011119999922811985,0
2026-04-19 21:00:00+00:00,0.011119999922811985,0.011119999922811985,0.011119999922811985,0.011119999922811985,0
2026-04-19 21:15:00+00:00,0.011119999922811985,0.011119999922811985,0.011099999770522118,0.011119999922811985,132
2026-04-19 21:30:00+00:00,0.01116000022739172,0.01116000022739172,0.011110000312328339,0.011110000312328339,14796
2026-04-19 21:45:00+00:00,0.011049999855458736,0.011140000075101852,0.011049999855458736,0.011140000075101852,17774
2026-04-19 22:00:00+00:00,0.01095999963581562,0.011020000092685223,0.01095999963581562,0.011020000092685223,28958
2026-04-19 22:15:00+00:00,0.010879999957978725,0.010940000414848328,0.010820000432431698,0.010940000414848328,78409
2026-04-19 22:30:00+00:00,0.010929999873042107,0.010929999873042107,0.01090999972075224,0.01092000026255846,36857
2026-04-19 22:45:00+00:00,0.010900000110268593,0.010900000110268593,0.010889999568462372,0.010889999568462372,6945
2026-04-19 23:00:00+00:00,0.010820000432431698,0.010820000432431698,0.010769999586045742,0.010809999890625477,7876
2026-04-19 23:15:00+00:00,0.01080000028014183,0.010850000195205212,0.01080000028014183,0.010850000195205212,15727
2026-04-19 23:30:00+00:00,0.010830000042915344,0.010830000042915344,0.010830000042915344,0.010830000042915344,0
2026-04-19 23:45:00+00:00,0.010850000195205212,0.010850000195205212,0.010850000195205212,0.010850000195205212,13767
2026-04-20 00:00:00+00:00,0.010859999805688858,0.010859999805688858,0.010859999805688858,0.010859999805688858,0
2026-04-20 00:15:00+00:00,0.010940000414848328,0.010940000414848328,0.010900000110268593,0.01092000026255846,0
2026-04-20 00:30:00+00:00,0.010940000414848328,0.010999999940395355,0.010940000414848328,0.010999999940395355,17524
2026-04-20 00:45:00+00:00,0.011009999550879002,0.011060000397264957,0.010940000414848328,0.010970000177621841,0
2026-04-20 01:00:00+00:00,0.010999999940395355,0.010999999940395355,0.010999999940395355,0.010999999940395355,46304
2026-04-20 01:15:00+00:00,0.010990000329911709,0.010990000329911709,0.01095999963581562,0.010990000329911709,8948
2026-04-20 01:30:00+00:00,0.010979999788105488,0.010979999788105488,0.010979999788105488,0.010979999788105488,0
2026-04-20 01:45:00+00:00,0.010999999940395355,0.010999999940395355,0.010999999940395355,0.010999999940395355,0
2026-04-20 02:00:00+00:00,0.010940000414848328,0.01095999963581562,0.010940000414848328,0.01095999963581562,11824
2026-04-20 02:15:00+00:00,0.010970000177621841,0.010970000177621841,0.010950000025331974,0.010950000025331974,5997
2026-04-20 02:45:00+00:00,0.01104000024497509,0.01104000024497509,0.01104000024497509,0.01104000024497509,5898
2026-04-20 03:00:00+00:00,0.011070000007748604,0.011070000007748604,0.011020000092685223,0.011020000092685223,0
2026-04-20 03:15:00+00:00,0.011049999855458736,0.011049999855458736,0.011049999855458736,0.011049999855458736,0
2026-04-20 03:30:00+00:00,0.01107999961823225,0.01107999961823225,0.01107999961823225,0.01107999961823225,0
2026-04-20 03:45:00+00:00,0.011070000007748604,0.011070000007748604,0.011070000007748604,0.011070000007748604,245
2026-04-20 04:00:00+00:00,0.011020000092685223,0.01107999961823225,0.011020000092685223,0.01107999961823225,3009
2026-04-20 04:15:00+00:00,0.010990000329911709,0.010990000329911709,0.010979999788105488,0.010990000329911709,0
2026-04-20 04:30:00+00:00,0.01090999972075224,0.011009999550879002,0.01090999972075224,0.011009999550879002,15266
2026-04-20 05:00:00+00:00,0.010889999568462372,0.010940000414848328,0.010889999568462372,0.010940000414848328,92768
2026-04-20 05:15:00+00:00,0.010830000042915344,0.010850000195205212,0.010830000042915344,0.010850000195205212,17128
2026-04-20 05:30:00+00:00,0.010809999890625477,0.010820000432431698,0.010809999890625477,0.010820000432431698,2478
2026-04-20 06:15:00+00:00,0.010820000432431698,0.010820000432431698,0.010820000432431698,0.010820000432431698,0
2026-04-20 06:30:00+00:00,0.010879999957978725,0.010879999957978725,0.01083999965339899,0.01083999965339899,3413
2026-04-20 06:45:00+00:00,0.010859999805688858,0.010859999805688858,0.010820000432431698,0.010850000195205212,14261
2026-04-20 07:00:00+00:00,0.010970000177621841,0.010970000177621841,0.01090999972075224,0.01090999972075224,17891
2026-04-20 07:15:00+00:00,0.01104000024497509,0.01104000024497509,0.010940000414848328,0.010940000414848328,4098
2026-04-20 07:30:00+00:00,0.010940000414848328,0.011020000092685223,0.010889999568462372,0.011020000092685223,51817
2026-04-20 07:45:00+00:00,0.010879999957978725,0.010940000414848328,0.010879999957978725,0.010940000414848328,31744
2026-04-20 08:00:00+00:00,0.01090999972075224,0.01090999972075224,0.010889999568462372,0.010889999568462372,9119
2026-04-20 08:15:00+00:00,0.010940000414848328,0.01095999963581562,0.010940000414848328,0.010950000025331974,24806
2026-04-20 08:30:00+00:00,0.010979999788105488,0.010979999788105488,0.010979999788105488,0.010979999788105488,11027
2026-04-20 08:45:00+00:00,0.01092000026255846,0.01092000026255846,0.01092000026255846,0.01092000026255846,3157
2026-04-20 09:00:00+00:00,0.010929999873042107,0.010929999873042107,0.010929999873042107,0.010929999873042107,3974
2026-04-20 09:15:00+00:00,0.010950000025331974,0.010970000177621841,0.010950000025331974,0.010970000177621841,22962
2026-04-20 09:30:00+00:00,0.010990000329911709,0.010990000329911709,0.010929999873042107,0.010929999873042107,0
2026-04-20 09:45:00+00:00,0.010950000025331974,0.010979999788105488,0.010950000025331974,0.010979999788105488,28704
2026-04-20 10:00:00+00:00,0.011110000312328339,0.011130000464618206,0.01095999963581562,0.01095999963581562,191589
2026-04-20 10:15:00+00:00,0.011060000397264957,0.011099999770522118,0.011060000397264957,0.011099999770522118,192913
2026-04-20 10:30:00+00:00,0.01104000024497509,0.011070000007748604,0.01104000024497509,0.011070000007748604,9332
2026-04-20 10:45:00+00:00,0.011020000092685223,0.01107999961823225,0.011020000092685223,0.01107999961823225,8433
2026-04-20 11:00:00+00:00,0.011020000092685223,0.01104000024497509,0.011009999550879002,0.011009999550879002,5297
2026-04-20 11:15:00+00:00,0.011020000092685223,0.011020000092685223,0.011020000092685223,0.011020000092685223,0
2026-04-20 11:30:00+00:00,0.011020000092685223,0.01104000024497509,0.011020000092685223,0.01104000024497509,0
2026-04-20 12:00:00+00:00,0.011009999550879002,0.011009999550879002,0.011009999550879002,0.011009999550879002,0
2026-04-20 12:15:00+00:00,0.011070000007748604,0.011090000160038471,0.011060000397264957,0.011060000397264957,0
2026-04-20 12:30:00+00:00,0.011099999770522118,0.011099999770522118,0.01104000024497509,0.011060000397264957,0
2026-04-20 12:45:00+00:00,0.011090000160038471,0.011140000075101852,0.011090000160038471,0.011130000464618206,36168
2026-04-20 13:00:00+00:00,0.011110000312328339,0.011110000312328339,0.01107999961823225,0.01107999961823225,0
2026-04-20 13:15:00+00:00,0.011090000160038471,0.011099999770522118,0.01107999961823225,0.011099999770522118,1908
2026-04-20 13:30:00+00:00,0.01116000022739172,0.01116000022739172,0.01107999961823225,0.011119999922811985,3689
2026-04-20 13:45:00+00:00,0.011119999922811985,0.011119999922811985,0.011119999922811985,0.011119999922811985,13907
2026-04-20 14:00:00+00:00,0.011110000312328339,0.011110000312328339,0.011110000312328339,0.011110000312328339,0
2026-04-20 14:15:00+00:00,0.01116000022739172,0.01116000022739172,0.011099999770522118,0.011119999922811985,23195
2026-04-20 14:30:00+00:00,0.011099999770522118,0.011099999770522118,0.011099999770522118,0.011099999770522118,17786
2026-04-20 14:45:00+00:00,0.010990000329911709,0.011099999770522118,0.010990000329911709,0.011099999770522118,36745
2026-04-20 15:00:00+00:00,0.010990000329911709,0.010990000329911709,0.010979999788105488,0.010979999788105488,58630
2026-04-20 15:15:00+00:00,0.011009999550879002,0.011029999703168869,0.01095999963581562,0.01095999963581562,30068
2026-04-20 15:30:00+00:00,0.010929999873042107,0.010990000329911709,0.01092000026255846,0.010990000329911709,34483
2026-04-20 15:45:00+00:00,0.010970000177621841,0.010970000177621841,0.010940000414848328,0.010940000414848328,2805
2026-04-20 16:00:00+00:00,0.011009999550879002,0.011009999550879002,0.010999999940395355,0.011009999550879002,13202
2026-04-20 16:15:00+00:00,0.011020000092685223,0.011020000092685223,0.011009999550879002,0.011009999550879002,15224
2026-04-20 16:30:00+00:00,0.011029999703168869,0.011029999703168869,0.011020000092685223,0.011020000092685223,0
2026-04-20 16:45:00+00:00,0.011009999550879002,0.011009999550879002,0.011009999550879002,0.011009999550879002,0
2026-04-20 17:00:00+00:00,0.011009999550879002,0.011009999550879002,0.010999999940395355,0.011009999550879002,0
2026-04-20 17:15:00+00:00,0.011020000092685223,0.011029999703168869,0.011020000092685223,0.011020000092685223,46460
2026-04-20 17:30:00+00:00,0.011020000092685223,0.011020000092685223,0.011009999550879002,0.011009999550879002,3984
2026-04-20 17:45:00+00:00,0.011060000397264957,0.011060000397264957,0.011029999703168869,0.011029999703168869,0
2026-04-20 18:00:00+00:00,0.011099999770522118,0.011130000464618206,0.011060000397264957,0.011060000397264957,101581
2026-04-20 18:15:00+00:00,0.011070000007748604,0.011099999770522118,0.011070000007748604,0.011099999770522118,32082
2026-04-20 18:30:00+00:00,0.011070000007748604,0.011070000007748604,0.011029999703168869,0.011070000007748604,20137
2026-04-20 18:45:00+00:00,0.01107999961823225,0.011090000160038471,0.011070000007748604,0.011070000007748604,5362
2026-04-20 19:00:00+00:00,0.011099999770522118,0.011099999770522118,0.01107999961823225,0.01107999961823225,0
2026-04-20 19:15:00+00:00,0.01107999961823225,0.011099999770522118,0.01107999961823225,0.011090000160038471,0
2026-04-20 19:30:00+00:00,0.01116000022739172,0.01116000022739172,0.01107999961823225,0.01107999961823225,30888
2026-04-20 19:45:00+00:00,0.01107999961823225,0.01116000022739172,0.011070000007748604,0.01116000022739172,0
2026-04-20 20:00:00+00:00,0.01104000024497509,0.01107999961823225,0.01104000024497509,0.01107999961823225,0
2026-04-20 20:15:00+00:00,0.01104000024497509,0.01104000024497509,0.01104000024497509,0.01104000024497509,2619
2026-04-20 20:30:00+00:00,0.011029999703168869,0.01104000024497509,0.011020000092685223,0.01104000024497509,527
2026-04-20 20:45:00+00:00,0.01104000024497509,0.01104000024497509,0.011029999703168869,0.011029999703168869,5448
2026-04-20 21:00:00+00:00,0.011110000312328339,0.011180000379681587,0.01104000024497509,0.01104000024497509,97484
2026-04-20 21:15:00+00:00,0.01107999961823225,0.011110000312328339,0.01107999961823225,0.011110000312328339,20064
2026-04-20 21:30:00+00:00,0.011099999770522118,0.011099999770522118,0.01107999961823225,0.01107999961823225,14030
2026-04-20 21:45:00+00:00,0.011099999770522118,0.011099999770522118,0.011099999770522118,0.011099999770522118,0
2026-04-20 22:00:00+00:00,0.011110000312328339,0.011110000312328339,0.011099999770522118,0.011099999770522118,0
2026-04-20 22:15:00+00:00,0.011049999855458736,0.011110000312328339,0.011049999855458736,0.011110000312328339,0
2026-04-20 22:30:00+00:00,0.011070000007748604,0.011090000160038471,0.011049999855458736,0.011049999855458736,18813
2026-04-20 22:45:00+00:00,0.011070000007748604,0.011070000007748604,0.011070000007748604,0.011070000007748604,824
2026-04-20 23:00:00+00:00,0.010979999788105488,0.011029999703168869,0.010970000177621841,0.011029999703168869,0
2026-04-20 23:15:00+00:00,0.010950000025331974,0.010979999788105488,0.010950000025331974,0.010979999788105488,0
2026-04-20 23:30:00+00:00,0.010950000025331974,0.010950000025331974,0.010950000025331974,0.010950000025331974,340
2026-04-20 23:45:00+00:00,0.01095999963581562,0.010990000329911709,0.010940000414848328,0.010950000025331974,1426
2026-04-21 00:00:00+00:00,0.010979999788105488,0.010990000329911709,0.01095999963581562,0.01095999963581562,5656
2026-04-21 00:15:00+00:00,0.010970000177621841,0.010979999788105488,0.010970000177621841,0.010970000177621841,0
2026-04-21 00:30:00+00:00,0.010990000329911709,0.010990000329911709,0.010970000177621841,0.010970000177621841,7380
2026-04-21 00:45:00+00:00,0.011049999855458736,0.011049999855458736,0.010990000329911709,0.010990000329911709,6863
2026-04-21 01:00:00+00:00,0.011049999855458736,0.011049999855458736,0.01104000024497509,0.011049999855458736,0
2026-04-21 01:15:00+00:00,0.011090000160038471,0.011110000312328339,0.011049999855458736,0.011049999855458736,23077
2026-04-21 01:30:00+00:00,0.011009999550879002,0.011099999770522118,0.010990000329911709,0.011090000160038471,62177
2026-04-21 01:45:00+00:00,0.010970000177621841,0.011009999550879002,0.010970000177621841,0.011009999550879002,11918
2026-04-21 02:00:00+00:00,0.010929999873042107,0.010970000177621841,0.010929999873042107,0.010970000177621841,8670
2026-04-21 02:15:00+00:00,0.010929999873042107,0.010940000414848328,0.010929999873042107,0.010929999873042107,0
2026-04-21 02:30:00+00:00,0.01095999963581562,0.010970000177621841,0.010929999873042107,0.010929999873042107,4216
2026-04-21 02:45:00+00:00,0.010900000110268593,0.01095999963581562,0.010900000110268593,0.01095999963581562,27979
2026-04-21 03:00:00+00:00,0.01092000026255846,0.010940000414848328,0.010900000110268593,0.010900000110268593,80026
2026-04-21 03:15:00+00:00,0.01090999972075224,0.01092000026255846,0.010879999957978725,0.01092000026255846,27552
2026-04-21 03:30:00+00:00,0.010900000110268593,0.01090999972075224,0.010900000110268593,0.01090999972075224,9114
2026-04-21 03:45:00+00:00,0.01090999972075224,0.01092000026255846,0.010900000110268593,0.010900000110268593,6513
2026-04-21 04:00:00+00:00,0.010900000110268593,0.01090999972075224,0.010900000110268593,0.01090999972075224,2768
2026-04-21 04:15:00+00:00,0.010879999957978725,0.010900000110268593,0.010879999957978725,0.010900000110268593,0
2026-04-21 04:30:00+00:00,0.01090999972075224,0.01090999972075224,0.010879999957978725,0.010879999957978725,25889
2026-04-21 04:45:00+00:00,0.01090999972075224,0.01090999972075224,0.01090999972075224,0.01090999972075224,2868
2026-04-21 05:00:00+00:00,0.010990000329911709,0.010990000329911709,0.01090999972075224,0.01090999972075224,0
2026-04-21 05:15:00+00:00,0.010990000329911709,0.010999999940395355,0.010990000329911709,0.010990000329911709,10975
2026-04-21 05:30:00+00:00,0.01104000024497509,0.01104000024497509,0.010990000329911709,0.010990000329911709,16662
2026-04-21 05:45:00+00:00,0.011029999703168869,0.01104000024497509,0.011029999703168869,0.01104000024497509,21719
2026-04-21 06:00:00+00:00,0.011009999550879002,0.011029999703168869,0.011009999550879002,0.011029999703168869,0
2026-04-21 06:15:00+00:00,0.010970000177621841,0.011009999550879002,0.010970000177621841,0.011009999550879002,0
2026-04-21 06:30:00+00:00,0.010970000177621841,0.010970000177621841,0.010970000177621841,0.010970000177621841,1904
2026-04-21 06:45:00+00:00,0.010990000329911709,0.011020000092685223,0.010970000177621841,0.010970000177621841,12555
2026-04-21 07:00:00+00:00,0.011020000092685223,0.011020000092685223,0.01095999963581562,0.010990000329911709,0
2026-04-21 07:15:00+00:00,0.011020000092685223,0.011020000092685223,0.011020000092685223,0.011020000092685223,0
2026-04-21 07:30:00+00:00,0.011060000397264957,0.011060000397264957,0.011020000092685223,0.011020000092685223,0
2026-04-21 07:45:00+00:00,0.011029999703168869,0.011060000397264957,0.011029999703168869,0.011060000397264957,0
2026-04-21 08:00:00+00:00,0.01104000024497509,0.011049999855458736,0.011020000092685223,0.011029999703168869,4192
2026-04-21 08:15:00+00:00,0.011070000007748604,0.011070000007748604,0.01104000024497509,0.01104000024497509,0
2026-04-21 08:30:00+00:00,0.010990000329911709,0.011070000007748604,0.010990000329911709,0.011070000007748604,0
2026-04-21 08:45:00+00:00,0.010970000177621841,0.010990000329911709,0.010970000177621841,0.010990000329911709,28036
2026-04-21 09:00:00+00:00,0.010970000177621841,0.010970000177621841,0.010970000177621841,0.010970000177621841,1619
2026-04-21 09:15:00+00:00,0.010970000177621841,0.010970000177621841,0.010950000025331974,0.010970000177621841,1116
2026-04-21 09:30:00+00:00,0.010979999788105488,0.010979999788105488,0.01095999963581562,0.01095999963581562,18529
2026-04-21 09:45:00+00:00,0.011009999550879002,0.011009999550879002,0.010979999788105488,0.010979999788105488,3426
2026-04-21 10:00:00+00:00,0.011060000397264957,0.011060000397264957,0.011009999550879002,0.011009999550879002,0
2026-04-21 10:15:00+00:00,0.011060000397264957,0.011060000397264957,0.011060000397264957,0.011060000397264957,9259
2026-04-21 10:30:00+00:00,0.011049999855458736,0.011060000397264957,0.01104000024497509,0.011060000397264957,2821
2026-04-21 10:45:00+00:00,0.011060000397264957,0.011060000397264957,0.011049999855458736,0.011049999855458736,46571
2026-04-21 11:00:00+00:00,0.010950000025331974,0.011060000397264957,0.010950000025331974,0.011060000397264957,30897
2026-04-21 11:15:00+00:00,0.011049999855458736,0.011049999855458736,0.010950000025331974,0.010950000025331974,19491
2026-04-21 11:30:00+00:00,0.01104000024497509,0.011049999855458736,0.01104000024497509,0.011049999855458736,9959
2026-04-21 11:45:00+00:00,0.011060000397264957,0.011060000397264957,0.011020000092685223,0.01104000024497509,14572
2026-04-21 12:00:00+00:00,0.011020000092685223,0.011060000397264957,0.011020000092685223,0.011060000397264957,27859
2026-04-21 12:15:00+00:00,0.01104000024497509,0.01104000024497509,0.011020000092685223,0.011020000092685223,3747
2026-04-21 12:30:00+00:00,0.010900000110268593,0.01104000024497509,0.010900000110268593,0.01104000024497509,17854
2026-04-21 12:45:00+00:00,0.010970000177621841,0.010979999788105488,0.010870000347495079,0.010900000110268593,60756
2026-04-21 13:00:00+00:00,0.01090999972075224,0.010970000177621841,0.01090999972075224,0.010970000177621841,89308
2026-04-21 13:15:00+00:00,0.010889999568462372,0.01090999972075224,0.010870000347495079,0.01090999972075224,63148
2026-04-21 13:30:00+00:00,0.010900000110268593,0.010900000110268593,0.010859999805688858,0.010889999568462372,11211
2026-04-21 13:45:00+00:00,0.010900000110268593,0.010900000110268593,0.010900000110268593,0.010900000110268593,19683
2026-04-21 14:00:00+00:00,0.010900000110268593,0.01090999972075224,0.010859999805688858,0.010900000110268593,16383
2026-04-21 14:15:00+00:00,0.010970000177621841,0.010970000177621841,0.010900000110268593,0.010900000110268593,16853
2026-04-21 14:30:00+00:00,0.011049999855458736,0.011060000397264957,0.010970000177621841,0.010970000177621841,13345
2026-04-21 14:45:00+00:00,0.010970000177621841,0.011049999855458736,0.010970000177621841,0.011049999855458736,14328
2026-04-21 15:00:00+00:00,0.010999999940395355,0.010999999940395355,0.010970000177621841,0.010970000177621841,2299
2026-04-21 15:15:00+00:00,0.011070000007748604,0.011070000007748604,0.010999999940395355,0.010999999940395355,18358
2026-04-21 15:30:00+00:00,0.010970000177621841,0.011070000007748604,0.01095999963581562,0.011070000007748604,15502
2026-04-21 15:45:00+00:00,0.010950000025331974,0.010970000177621841,0.010950000025331974,0.010970000177621841,0
2026-04-21 16:00:00+00:00,0.01095999963581562,0.010990000329911709,0.01095999963581562,0.010979999788105488,15740
2026-04-21 16:15:00+00:00,0.010929999873042107,0.010970000177621841,0.010929999873042107,0.01095999963581562,0
2026-04-21 16:30:00+00:00,0.010940000414848328,0.010940000414848328,0.010900000110268593,0.01092000026255846,95087
2026-04-21 16:45:00+00:00,0.010870000347495079,0.010940000414848328,0.010870000347495079,0.010940000414848328,26913
2026-04-21 17:00:00+00:00,0.010830000042915344,0.010870000347495079,0.010830000042915344,0.010870000347495079,33308
2026-04-21 17:15:00+00:00,0.010739999823272228,0.010830000042915344,0.010730000212788582,0.010830000042915344,90937
2026-04-21 17:30:00+00:00,0.01071999967098236,0.01075000036507845,0.01066999975591898,0.01075000036507845,124739
2026-04-21 17:45:00+00:00,0.01071999967098236,0.01075000036507845,0.010700000450015068,0.01071999967098236,52789
2026-04-21 18:00:00+00:00,0.010710000060498714,0.01075000036507845,0.010710000060498714,0.01071999967098236,1751
2026-04-21 18:15:00+00:00,0.010759999975562096,0.010759999975562096,0.010700000450015068,0.010710000060498714,30943
2026-04-21 18:30:00+00:00,0.01075000036507845,0.010759999975562096,0.010730000212788582,0.010759999975562096,48502
2026-04-21 18:45:00+00:00,0.010660000145435333,0.01075000036507845,0.01063000038266182,0.01075000036507845,186803
2026-04-21 19:00:00+00:00,0.010710000060498714,0.010730000212788582,0.010660000145435333,0.010660000145435333,24172
2026-04-21 19:15:00+00:00,0.010700000450015068,0.010730000212788582,0.010689999908208847,0.010710000060498714,16809
2026-04-21 19:30:00+00:00,0.01054999977350235,0.010700000450015068,0.01054999977350235,0.010700000450015068,15888
2026-04-21 19:45:00+00:00,0.01054999977350235,0.01054999977350235,0.01054999977350235,0.01054999977350235,33149
2026-04-21 20:00:00+00:00,0.0106800002977252,0.0106800002977252,0.010540000163018703,0.010540000163018703,71285
2026-04-21 20:15:00+00:00,0.01066999975591898,0.0106800002977252,0.010660000145435333,0.0106800002977252,38521
2026-04-21 20:30:00+00:00,0.010649999603629112,0.01071999967098236,0.010649999603629112,0.01066999975591898,52953
2026-04-21 20:45:00+00:00,0.010700000450015068,0.010700000450015068,0.010649999603629112,0.010649999603629112,9613
2026-04-21 21:00:00+00:00,0.010660000145435333,0.010700000450015068,0.010660000145435333,0.010700000450015068,0
2026-04-21 21:15:00+00:00,0.010660000145435333,0.010660000145435333,0.010660000145435333,0.010660000145435333,0
2026-04-21 21:30:00+00:00,0.010660000145435333,0.010660000145435333,0.010660000145435333,0.010660000145435333,5520
2026-04-21 21:45:00+00:00,0.01063000038266182,0.010660000145435333,0.01063000038266182,0.010660000145435333,4118
2026-04-21 22:00:00+00:00,0.010619999840855598,0.010619999840855598,0.010619999840855598,0.010619999840855598,0
2026-04-21 22:15:00+00:00,0.010610000230371952,0.010639999993145466,0.010610000230371952,0.010619999840855598,13805
2026-04-21 22:30:00+00:00,0.010649999603629112,0.010649999603629112,0.010599999688565731,0.010610000230371952,45070
2026-04-21 22:45:00+00:00,0.010649999603629112,0.010649999603629112,0.010649999603629112,0.010649999603629112,3625
2026-04-21 23:00:00+00:00,0.01075000036507845,0.01075000036507845,0.010649999603629112,0.010649999603629112,5709
2026-04-21 23:15:00+00:00,0.01083999965339899,0.010870000347495079,0.01075000036507845,0.01075000036507845,131815
2026-04-21 23:30:00+00:00,0.010870000347495079,0.010870000347495079,0.01083999965339899,0.01083999965339899,110480
2026-04-21 23:45:00+00:00,0.010879999957978725,0.010879999957978725,0.010850000195205212,0.010870000347495079,15151
2026-04-22 00:00:00+00:00,0.010940000414848328,0.010940000414848328,0.010879999957978725,0.010879999957978725,10042
2026-04-22 00:15:00+00:00,0.01092000026255846,0.010970000177621841,0.01092000026255846,0.010940000414848328,24818
2026-04-22 00:30:00+00:00,0.010900000110268593,0.01092000026255846,0.010900000110268593,0.01092000026255846,6241
2026-04-22 00:45:00+00:00,0.010859999805688858,0.010900000110268593,0.01083999965339899,0.010900000110268593,2291
2026-04-22 01:00:00+00:00,0.010859999805688858,0.010859999805688858,0.010859999805688858,0.010859999805688858,9428
2026-04-22 01:15:00+00:00,0.010809999890625477,0.010859999805688858,0.010809999890625477,0.010859999805688858,1087
2026-04-22 01:30:00+00:00,0.010830000042915344,0.010850000195205212,0.010809999890625477,0.010809999890625477,15613
2026-04-22 01:45:00+00:00,0.010859999805688858,0.010859999805688858,0.010830000042915344,0.010830000042915344,13257
2026-04-22 02:00:00+00:00,0.010870000347495079,0.010900000110268593,0.010859999805688858,0.010859999805688858,15410
2026-04-22 02:15:00+00:00,0.010940000414848328,0.010940000414848328,0.010870000347495079,0.010870000347495079,52519
2026-04-22 02:30:00+00:00,0.010950000025331974,0.010950000025331974,0.01092000026255846,0.010940000414848328,21466
2026-04-22 02:45:00+00:00,0.010999999940395355,0.010999999940395355,0.010950000025331974,0.010950000025331974,6139
2026-04-22 03:00:00+00:00,0.01104000024497509,0.01104000024497509,0.010999999940395355,0.010999999940395355,11078
2026-04-22 03:15:00+00:00,0.011020000092685223,0.01104000024497509,0.011020000092685223,0.01104000024497509,3591
2026-04-22 03:30:00+00:00,0.010979999788105488,0.011020000092685223,0.010979999788105488,0.011020000092685223,19436
2026-04-22 03:45:00+00:00,0.010979999788105488,0.010979999788105488,0.010979999788105488,0.010979999788105488,8047
2026-04-22 04:00:00+00:00,0.010950000025331974,0.010999999940395355,0.010950000025331974,0.010979999788105488,18507
2026-04-22 04:15:00+00:00,0.010950000025331974,0.010950000025331974,0.010950000025331974,0.010950000025331974,29123
2026-04-22 04:30:00+00:00,0.011020000092685223,0.011020000092685223,0.010950000025331974,0.010950000025331974,17316
2026-04-22 04:45:00+00:00,0.010979999788105488,0.011029999703168869,0.010970000177621841,0.011020000092685223,31868
2026-04-22 05:00:00+00:00,0.011029999703168869,0.011029999703168869,0.010979999788105488,0.010979999788105488,79860
2026-04-22 05:15:00+00:00,0.011060000397264957,0.011099999770522118,0.011029999703168869,0.011029999703168869,147218
2026-04-22 05:30:00+00:00,0.011049999855458736,0.011070000007748604,0.011009999550879002,0.011060000397264957,75810
2026-04-22 05:45:00+00:00,0.010940000414848328,0.011070000007748604,0.010929999873042107,0.011049999855458736,22037
2026-04-22 06:00:00+00:00,0.01090999972075224,0.010929999873042107,0.010859999805688858,0.010929999873042107,210541
2026-04-22 06:15:00+00:00,0.011020000092685223,0.011020000092685223,0.01090999972075224,0.01090999972075224,98621
2026-04-22 06:30:00+00:00,0.01104000024497509,0.01104000024497509,0.010979999788105488,0.011020000092685223,9502
2026-04-22 06:45:00+00:00,0.011029999703168869,0.01104000024497509,0.011020000092685223,0.01104000024497509,7275
2026-04-22 07:00:00+00:00,0.011070000007748604,0.011090000160038471,0.011029999703168869,0.011029999703168869,33555
2026-04-22 07:15:00+00:00,0.011029999703168869,0.011070000007748604,0.011029999703168869,0.011070000007748604,275
2026-04-22 07:30:00+00:00,0.01104000024497509,0.011060000397264957,0.011029999703168869,0.011029999703168869,3671
2026-04-22 07:45:00+00:00,0.01104000024497509,0.01104000024497509,0.01104000024497509,0.01104000024497509,601
2026-04-22 08:00:00+00:00,0.011029999703168869,0.01104000024497509,0.011029999703168869,0.01104000024497509,16642
2026-04-22 08:15:00+00:00,0.010990000329911709,0.011049999855458736,0.010990000329911709,0.011029999703168869,29079
2026-04-22 08:30:00+00:00,0.01095999963581562,0.010990000329911709,0.010950000025331974,0.010990000329911709,29931
2026-04-22 08:45:00+00:00,0.01095999963581562,0.01095999963581562,0.010950000025331974,0.01095999963581562,2718
2026-04-22 09:00:00+00:00,0.011009999550879002,0.011009999550879002,0.01095999963581562,0.01095999963581562,32026
2026-04-22 09:15:00+00:00,0.011049999855458736,0.011060000397264957,0.011009999550879002,0.011009999550879002,31442
2026-04-22 09:30:00+00:00,0.011029999703168869,0.011049999855458736,0.011029999703168869,0.011049999855458736,21493
2026-04-22 09:45:00+00:00,0.010999999940395355,0.011029999703168869,0.010999999940395355,0.011029999703168869,0
2026-04-22 10:00:00+00:00,0.010950000025331974,0.010999999940395355,0.010950000025331974,0.010999999940395355,28473
2026-04-22 10:15:00+00:00,0.010950000025331974,0.010950000025331974,0.010950000025331974,0.010950000025331974,0
2026-04-22 10:30:00+00:00,0.010950000025331974,0.010970000177621841,0.010940000414848328,0.010940000414848328,3659
2026-04-22 10:45:00+00:00,0.010970000177621841,0.010970000177621841,0.010950000025331974,0.010950000025331974,0
2026-04-22 11:00:00+00:00,0.01095999963581562,0.010970000177621841,0.010950000025331974,0.010970000177621841,403
2026-04-22 11:15:00+00:00,0.010929999873042107,0.01095999963581562,0.01092000026255846,0.01095999963581562,9365
2026-04-22 11:30:00+00:00,0.010950000025331974,0.01095999963581562,0.010929999873042107,0.010929999873042107,10028
2026-04-22 11:45:00+00:00,0.010979999788105488,0.010990000329911709,0.010950000025331974,0.010950000025331974,4344
2026-04-22 12:00:00+00:00,0.010990000329911709,0.011020000092685223,0.010979999788105488,0.010979999788105488,6394
2026-04-22 12:15:00+00:00,0.010970000177621841,0.010990000329911709,0.010970000177621841,0.010990000329911709,3950
2026-04-22 12:30:00+00:00,0.01092000026255846,0.010970000177621841,0.01092000026255846,0.010970000177621841,0
2026-04-22 12:45:00+00:00,0.010929999873042107,0.010929999873042107,0.01090999972075224,0.01092000026255846,0
2026-04-22 13:00:00+00:00,0.010970000177621841,0.010970000177621841,0.010900000110268593,0.010929999873042107,24482
2026-04-22 13:15:00+00:00,0.011060000397264957,0.011060000397264957,0.010970000177621841,0.010970000177621841,29651
2026-04-22 13:30:00+00:00,0.011020000092685223,0.011049999855458736,0.011020000092685223,0.011020000092685223,3170
2026-04-22 13:45:00+00:00,0.01104000024497509,0.011110000312328339,0.011020000092685223,0.011020000092685223,60385
2026-04-22 14:00:00+00:00,0.011029999703168869,0.01104000024497509,0.011029999703168869,0.01104000024497509,2090
2026-04-22 14:15:00+00:00,0.010999999940395355,0.01104000024497509,0.010999999940395355,0.011029999703168869,38357
2026-04-22 14:30:00+00:00,0.011020000092685223,0.011020000092685223,0.010979999788105488,0.010999999940395355,38553
2026-04-22 14:45:00+00:00,0.011090000160038471,0.011099999770522118,0.011020000092685223,0.011020000092685223,9369
2026-04-22 15:00:00+00:00,0.011060000397264957,0.011090000160038471,0.011060000397264957,0.011090000160038471,103139
2026-04-22 15:15:00+00:00,0.011149999685585499,0.01116000022739172,0.011060000397264957,0.011060000397264957,2807
2026-04-22 15:30:00+00:00,0.011130000464618206,0.01116000022739172,0.011119999922811985,0.011149999685585499,59132
2026-04-22 15:45:00+00:00,0.011119999922811985,0.011140000075101852,0.011119999922811985,0.011130000464618206,40938
2026-04-22 16:00:00+00:00,0.011140000075101852,0.011189999990165234,0.011110000312328339,0.011119999922811985,1886
2026-04-22 16:15:00+00:00,0.011149999685585499,0.01116000022739172,0.011130000464618206,0.011140000075101852,67960
2026-04-22 16:30:00+00:00,0.011110000312328339,0.011149999685585499,0.011110000312328339,0.011149999685585499,0
2026-04-22 16:45:00+00:00,0.011130000464618206,0.011130000464618206,0.011099999770522118,0.011110000312328339,0
2026-04-22 17:00:00+00:00,0.011169999837875366,0.011180000379681587,0.011130000464618206,0.011130000464618206,201
2026-04-22 17:15:00+00:00,0.011180000379681587,0.011219999752938747,0.011169999837875366,0.011169999837875366,0
2026-04-22 17:30:00+00:00,0.011169999837875366,0.011180000379681587,0.01116000022739172,0.011180000379681587,0
2026-04-22 17:45:00+00:00,0.011189999990165234,0.011189999990165234,0.011169999837875366,0.011169999837875366,58234
2026-04-22 18:00:00+00:00,0.011149999685585499,0.011189999990165234,0.011149999685585499,0.011189999990165234,0
2026-04-22 18:15:00+00:00,0.011130000464618206,0.011149999685585499,0.011130000464618206,0.011149999685585499,1628
2026-04-22 18:30:00+00:00,0.011140000075101852,0.01116000022739172,0.011130000464618206,0.011130000464618206,0
2026-04-22 18:45:00+00:00,0.011130000464618206,0.011140000075101852,0.011130000464618206,0.011140000075101852,5414
2026-04-22 19:00:00+00:00,0.01107999961823225,0.011130000464618206,0.011060000397264957,0.011130000464618206,310
2026-04-22 19:15:00+00:00,0.011020000092685223,0.01107999961823225,0.010999999940395355,0.01107999961823225,38435
2026-04-22 19:30:00+00:00,0.010979999788105488,0.011020000092685223,0.010979999788105488,0.011020000092685223,2720
2026-04-22 19:45:00+00:00,0.010999999940395355,0.011020000092685223,0.010979999788105488,0.010979999788105488,0
2026-04-22 20:00:00+00:00,0.011049999855458736,0.011049999855458736,0.010999999940395355,0.010999999940395355,0
2026-04-22 20:15:00+00:00,0.01104000024497509,0.011099999770522118,0.01104000024497509,0.011049999855458736,75473
2026-04-22 20:30:00+00:00,0.010999999940395355,0.01104000024497509,0.010999999940395355,0.01104000024497509,0
2026-04-22 20:45:00+00:00,0.01095999963581562,0.010999999940395355,0.01095999963581562,0.010999999940395355,13590
2026-04-22 21:00:00+00:00,0.01095999963581562,0.01095999963581562,0.01095999963581562,0.01095999963581562,14801
2026-04-22 21:15:00+00:00,0.011029999703168869,0.011029999703168869,0.01095999963581562,0.01095999963581562,17526
2026-04-22 21:30:00+00:00,0.011049999855458736,0.011049999855458736,0.011020000092685223,0.011029999703168869,505
2026-04-22 21:45:00+00:00,0.011070000007748604,0.011090000160038471,0.01104000024497509,0.011049999855458736,8259
2026-04-22 22:00:00+00:00,0.011049999855458736,0.011070000007748604,0.011049999855458736,0.011070000007748604,25504
2026-04-22 22:15:00+00:00,0.010979999788105488,0.011029999703168869,0.010979999788105488,0.011029999703168869,0
2026-04-22 22:30:00+00:00,0.010990000329911709,0.010990000329911709,0.010979999788105488,0.010979999788105488,0
2026-04-22 22:45:00+00:00,0.010970000177621841,0.010990000329911709,0.01095999963581562,0.010990000329911709,1370
2026-04-22 23:00:00+00:00,0.010990000329911709,0.010990000329911709,0.010970000177621841,0.010970000177621841,744
2026-04-22 23:15:00+00:00,0.01092000026255846,0.010990000329911709,0.01092000026255846,0.010990000329911709,36066
2026-04-22 23:30:00+00:00,0.010870000347495079,0.01092000026255846,0.010870000347495079,0.01092000026255846,0
2026-04-22 23:45:00+00:00,0.010889999568462372,0.010900000110268593,0.010870000347495079,0.010870000347495079,45582
2026-04-23 00:00:00+00:00,0.01078999973833561,0.01090999972075224,0.01078999973833561,0.01090999972075224,128
2026-04-23 00:15:00+00:00,0.010870000347495079,0.010879999957978725,0.010739999823272228,0.010769999586045742,78021
2026-04-23 00:30:00+00:00,0.010859999805688858,0.010870000347495079,0.010859999805688858,0.010870000347495079,13851
2026-04-23 00:45:00+00:00,0.010870000347495079,0.010879999957978725,0.010859999805688858,0.010859999805688858,7499
2026-04-23 01:00:00+00:00,0.010889999568462372,0.010889999568462372,0.010870000347495079,0.010870000347495079,0
2026-04-23 01:15:00+00:00,0.01083999965339899,0.010889999568462372,0.01083999965339899,0.010889999568462372,13296
2026-04-23 01:30:00+00:00,0.010850000195205212,0.010850000195205212,0.010820000432431698,0.01083999965339899,0
2026-04-23 01:45:00+00:00,0.010879999957978725,0.01090999972075224,0.010850000195205212,0.010850000195205212,15725
2026-04-23 02:00:00+00:00,0.010859999805688858,0.010879999957978725,0.010859999805688858,0.010879999957978725,4439
2026-04-23 02:15:00+00:00,0.01078999973833561,0.010859999805688858,0.01078999973833561,0.010859999805688858,0
2026-04-23 02:30:00+00:00,0.010739999823272228,0.01078999973833561,0.010739999823272228,0.01078999973833561,19759
2026-04-23 02:45:00+00:00,0.01075000036507845,0.01075000036507845,0.010710000060498714,0.010739999823272228,9053
2026-04-23 03:00:00+00:00,0.010730000212788582,0.010780000127851963,0.010730000212788582,0.01075000036507845,0
2026-04-23 03:15:00+00:00,0.010710000060498714,0.010730000212788582,0.0106800002977252,0.010730000212788582,58465
2026-04-23 03:30:00+00:00,0.01066999975591898,0.010710000060498714,0.010660000145435333,0.010710000060498714,1534
2026-04-23 03:45:00+00:00,0.01066999975591898,0.01066999975591898,0.01066999975591898,0.01066999975591898,12215
2026-04-23 04:00:00+00:00,0.01066999975591898,0.01066999975591898,0.01066999975591898,0.01066999975591898,333
2026-04-23 04:15:00+00:00,0.010710000060498714,0.010710000060498714,0.01066999975591898,0.01066999975591898,12272
2026-04-23 04:30:00+00:00,0.010759999975562096,0.010759999975562096,0.010710000060498714,0.010710000060498714,6254
2026-04-23 04:45:00+00:00,0.010759999975562096,0.010759999975562096,0.010759999975562096,0.010759999975562096,2014
2026-04-23 05:00:00+00:00,0.01078999973833561,0.01078999973833561,0.010759999975562096,0.010759999975562096,4797
2026-04-23 05:15:00+00:00,0.010769999586045742,0.01078999973833561,0.010769999586045742,0.01078999973833561,0
2026-04-23 05:30:00+00:00,0.010739999823272228,0.010769999586045742,0.010730000212788582,0.010769999586045742,1028
2026-04-23 05:45:00+00:00,0.010730000212788582,0.010739999823272228,0.010730000212788582,0.010739999823272228,0
2026-04-23 06:00:00+00:00,0.010739999823272228,0.010739999823272228,0.010730000212788582,0.010730000212788582,0
2026-04-23 06:15:00+00:00,0.01083999965339899,0.01083999965339899,0.010739999823272228,0.010739999823272228,2922
2026-04-23 06:30:00+00:00,0.01083999965339899,0.01083999965339899,0.01083999965339899,0.01083999965339899,16673
2026-04-23 06:45:00+00:00,0.010830000042915344,0.01083999965339899,0.01078999973833561,0.01083999965339899,551
2026-04-23 07:00:00+00:00,0.010830000042915344,0.010830000042915344,0.010830000042915344,0.010830000042915344,5546
2026-04-23 07:15:00+00:00,0.010830000042915344,0.010830000042915344,0.010830000042915344,0.010830000042915344,0
2026-04-23 07:30:00+00:00,0.010830000042915344,0.010830000042915344,0.010830000042915344,0.010830000042915344,3178
2026-04-23 07:45:00+00:00,0.010730000212788582,0.010830000042915344,0.010730000212788582,0.010830000042915344,1335
2026-04-23 08:00:00+00:00,0.01071999967098236,0.010730000212788582,0.01071999967098236,0.010730000212788582,0
2026-04-23 08:15:00+00:00,0.010769999586045742,0.010769999586045742,0.01071999967098236,0.01071999967098236,11299
2026-04-23 08:30:00+00:00,0.010769999586045742,0.010769999586045742,0.010769999586045742,0.010769999586045742,0
2026-04-23 08:45:00+00:00,0.01080000028014183,0.01080000028014183,0.010769999586045742,0.010769999586045742,0
2026-04-23 09:00:00+00:00,0.010730000212788582,0.01080000028014183,0.01071999967098236,0.01080000028014183,0
2026-04-23 09:15:00+00:00,0.010759999975562096,0.010759999975562096,0.010730000212788582,0.010730000212788582,281
2026-04-23 09:30:00+00:00,0.01075000036507845,0.010769999586045742,0.01075000036507845,0.010759999975562096,0
2026-04-23 09:45:00+00:00,0.010759999975562096,0.010759999975562096,0.01071999967098236,0.01075000036507845,27261
2026-04-23 10:00:00+00:00,0.010759999975562096,0.01083999965339899,0.010759999975562096,0.010759999975562096,35256
2026-04-23 10:15:00+00:00,0.01075000036507845,0.010759999975562096,0.010739999823272228,0.010759999975562096,24308
2026-04-23 10:30:00+00:00,0.01075000036507845,0.01075000036507845,0.01075000036507845,0.01075000036507845,8469
2026-04-23 10:45:00+00:00,0.01071999967098236,0.01075000036507845,0.01071999967098236,0.01075000036507845,2645
2026-04-23 11:00:00+00:00,0.01078999973833561,0.01078999973833561,0.01071999967098236,0.01071999967098236,0
2026-04-23 11:15:00+00:00,0.01078999973833561,0.01078999973833561,0.01078999973833561,0.01078999973833561,0
2026-04-23 11:30:00+00:00,0.010809999890625477,0.010809999890625477,0.01078999973833561,0.01078999973833561,1437
2026-04-23 11:45:00+00:00,0.010850000195205212,0.010879999957978725,0.010809999890625477,0.010809999890625477,39892
2026-04-23 12:00:00+00:00,0.010879999957978725,0.010879999957978725,0.010850000195205212,0.010850000195205212,3580
2026-04-23 12:15:00+00:00,0.010850000195205212,0.010879999957978725,0.010850000195205212,0.010879999957978725,2330
2026-04-23 12:30:00+00:00,0.010870000347495079,0.010870000347495079,0.010850000195205212,0.010850000195205212,1754
2026-04-23 12:45:00+00:00,0.010809999890625477,0.010870000347495079,0.01080000028014183,0.010870000347495079,28743
2026-04-23 13:00:00+00:00,0.010850000195205212,0.010850000195205212,0.010809999890625477,0.010809999890625477,0
2026-04-23 13:15:00+00:00,0.01083999965339899,0.010850000195205212,0.01083999965339899,0.010850000195205212,0
2026-04-23 13:30:00+00:00,0.010830000042915344,0.01083999965339899,0.010830000042915344,0.01083999965339899,3598
2026-04-23 13:45:00+00:00,0.010830000042915344,0.01083999965339899,0.010830000042915344,0.010830000042915344,0
2026-04-23 14:00:00+00:00,0.010830000042915344,0.01083999965339899,0.010809999890625477,0.010830000042915344,2215
2026-04-23 14:15:00+00:00,0.010859999805688858,0.010859999805688858,0.010830000042915344,0.010830000042915344,7833
2026-04-23 14:30:00+00:00,0.01083999965339899,0.010859999805688858,0.01083999965339899,0.010859999805688858,0
2026-04-23 14:45:00+00:00,0.01083999965339899,0.01083999965339899,0.01083999965339899,0.01083999965339899,3384
2026-04-23 15:00:00+00:00,0.010870000347495079,0.01090999972075224,0.01083999965339899,0.01083999965339899,1278
2026-04-23 15:15:00+00:00,0.010940000414848328,0.010940000414848328,0.010850000195205212,0.010870000347495079,32030
2026-04-23 15:30:00+00:00,0.010940000414848328,0.010950000025331974,0.01092000026255846,0.010940000414848328,0
2026-04-23 15:45:00+00:00,0.010929999873042107,0.010940000414848328,0.01092000026255846,0.010940000414848328,5798
2026-04-23 16:00:00+00:00,0.01090999972075224,0.010929999873042107,0.010889999568462372,0.010929999873042107,0
2026-04-23 16:15:00+00:00,0.010889999568462372,0.01090999972075224,0.010889999568462372,0.01090999972075224,2208
2026-04-23 16:30:00+00:00,0.010879999957978725,0.010889999568462372,0.010879999957978725,0.010889999568462372,0
2026-04-23 16:45:00+00:00,0.010879999957978725,0.010879999957978725,0.010879999957978725,0.010879999957978725,8663
2026-04-23 17:00:00+00:00,0.010830000042915344,0.010879999957978725,0.010830000042915344,0.010879999957978725,0
2026-04-23 17:15:00+00:00,0.01078999973833561,0.010830000042915344,0.010780000127851963,0.010830000042915344,39201
2026-04-23 17:30:00+00:00,0.010739999823272228,0.010780000127851963,0.010739999823272228,0.010780000127851963,46604
2026-04-23 17:45:00+00:00,0.01075000036507845,0.01075000036507845,0.0106800002977252,0.010739999823272228,15103
2026-04-23 18:00:00+00:00,0.01075000036507845,0.010759999975562096,0.01075000036507845,0.01075000036507845,19073
2026-04-23 18:15:00+00:00,0.010759999975562096,0.010759999975562096,0.01075000036507845,0.01075000036507845,0
2026-04-23 18:30:00+00:00,0.010759999975562096,0.010769999586045742,0.010759999975562096,0.010759999975562096,17105
2026-04-23 18:45:00+00:00,0.010759999975562096,0.010759999975562096,0.010759999975562096,0.010759999975562096,7502
2026-04-23 19:00:00+00:00,0.01071999967098236,0.010759999975562096,0.010700000450015068,0.010759999975562096,13437
2026-04-23 19:15:00+00:00,0.01071999967098236,0.01071999967098236,0.01071999967098236,0.01071999967098236,5988
2026-04-23 19:30:00+00:00,0.010780000127851963,0.010780000127851963,0.01071999967098236,0.01071999967098236,0
2026-04-23 19:45:00+00:00,0.010780000127851963,0.010780000127851963,0.01075000036507845,0.010780000127851963,47498
2026-04-23 20:00:00+00:00,0.010809999890625477,0.010809999890625477,0.010769999586045742,0.010780000127851963,6559
2026-04-23 20:15:00+00:00,0.010809999890625477,0.010809999890625477,0.01078999973833561,0.010809999890625477,0
2026-04-23 20:30:00+00:00,0.01083999965339899,0.010870000347495079,0.010809999890625477,0.010809999890625477,14653
2026-04-23 20:45:00+00:00,0.010830000042915344,0.010859999805688858,0.010809999890625477,0.01083999965339899,0
2026-04-23 21:00:00+00:00,0.010769999586045742,0.01083999965339899,0.01075000036507845,0.010820000432431698,29340
2026-04-23 21:15:00+00:00,0.01078999973833561,0.01078999973833561,0.010759999975562096,0.010780000127851963,2226
2026-04-23 21:30:00+00:00,0.01083999965339899,0.01083999965339899,0.01078999973833561,0.01078999973833561,29318
2026-04-23 21:45:00+00:00,0.010870000347495079,0.010870000347495079,0.01083999965339899,0.01083999965339899,10106
2026-04-23 22:00:00+00:00,0.010870000347495079,0.010870000347495079,0.010870000347495079,0.010870000347495079,1053
2026-04-23 22:15:00+00:00,0.010889999568462372,0.010900000110268593,0.010859999805688858,0.010870000347495079,0
2026-04-23 22:30:00+00:00,0.010850000195205212,0.010889999568462372,0.010850000195205212,0.010889999568462372,9025
2026-04-23 22:45:00+00:00,0.010820000432431698,0.010879999957978725,0.010820000432431698,0.010850000195205212,1382
2026-04-23 23:00:00+00:00,0.010830000042915344,0.010830000042915344,0.010820000432431698,0.010820000432431698,6011
2026-04-23 23:15:00+00:00,0.010850000195205212,0.010850000195205212,0.010830000042915344,0.010830000042915344,0
2026-04-23 23:30:00+00:00,0.010850000195205212,0.010850000195205212,0.010850000195205212,0.010850000195205212,0
2026-04-23 23:45:00+00:00,0.010870000347495079,0.010879999957978725,0.010850000195205212,0.010850000195205212,0
2026-04-24 00:00:00+00:00,0.011009999550879002,0.011029999703168869,0.010859999805688858,0.010859999805688858,148322
2026-04-24 00:15:00+00:00,0.010979999788105488,0.011009999550879002,0.01095999963581562,0.011009999550879002,3463
2026-04-24 00:30:00+00:00,0.010999999940395355,0.010999999940395355,0.010979999788105488,0.010979999788105488,0
2026-04-24 00:45:00+00:00,0.011009999550879002,0.011009999550879002,0.010999999940395355,0.010999999940395355,0
2026-04-24 01:00:00+00:00,0.010990000329911709,0.011009999550879002,0.010979999788105488,0.011009999550879002,3029
2026-04-24 01:15:00+00:00,0.010990000329911709,0.010990000329911709,0.010990000329911709,0.010990000329911709,2650
2026-04-24 01:30:00+00:00,0.010990000329911709,0.010990000329911709,0.01095999963581562,0.010990000329911709,5143
2026-04-24 01:45:00+00:00,0.01104000024497509,0.01104000024497509,0.010990000329911709,0.010990000329911709,51057
2026-04-24 02:00:00+00:00,0.010979999788105488,0.01104000024497509,0.010979999788105488,0.01104000024497509,4194
2026-04-24 02:15:00+00:00,0.010979999788105488,0.010979999788105488,0.010979999788105488,0.010979999788105488,83
2026-04-24 02:30:00+00:00,0.011049999855458736,0.011049999855458736,0.010979999788105488,0.010979999788105488,22695
2026-04-24 02:45:00+00:00,0.011049999855458736,0.011049999855458736,0.011049999855458736,0.011049999855458736,12566
2026-04-24 03:00:00+00:00,0.010990000329911709,0.011049999855458736,0.010990000329911709,0.011049999855458736,3812
2026-04-24 03:15:00+00:00,0.010970000177621841,0.010990000329911709,0.01095999963581562,0.010990000329911709,0
2026-04-24 03:30:00+00:00,0.01092000026255846,0.010970000177621841,0.01092000026255846,0.010970000177621841,846
2026-04-24 03:45:00+00:00,0.010929999873042107,0.010929999873042107,0.01092000026255846,0.01092000026255846,0
2026-04-24 04:00:00+00:00,0.010929999873042107,0.010929999873042107,0.010929999873042107,0.010929999873042107,4734
2026-04-24 04:15:00+00:00,0.010900000110268593,0.010929999873042107,0.010900000110268593,0.010929999873042107,8998
2026-04-24 04:30:00+00:00,0.010900000110268593,0.010900000110268593,0.010889999568462372,0.010889999568462372,838
2026-04-24 04:45:00+00:00,0.010900000110268593,0.010900000110268593,0.010900000110268593,0.010900000110268593,2012
2026-04-24 05:00:00+00:00,0.010879999957978725,0.010900000110268593,0.010879999957978725,0.010900000110268593,0
2026-04-24 05:15:00+00:00,0.01083999965339899,0.010879999957978725,0.01083999965339899,0.010879999957978725,18555
2026-04-24 05:30:00+00:00,0.010850000195205212,0.010850000195205212,0.01083999965339899,0.01083999965339899,10121
2026-04-24 05:45:00+00:00,0.010900000110268593,0.010900000110268593,0.010850000195205212,0.010850000195205212,1369
2026-04-24 06:00:00+00:00,0.010889999568462372,0.010900000110268593,0.010889999568462372,0.010900000110268593,10681
2026-04-24 06:15:00+00:00,0.01083999965339899,0.010889999568462372,0.010780000127851963,0.010889999568462372,338607
2026-04-24 06:30:00+00:00,0.010870000347495079,0.010889999568462372,0.01083999965339899,0.01083999965339899,0
2026-04-24 06:45:00+00:00,0.010870000347495079,0.010870000347495079,0.010870000347495079,0.010870000347495079,4880
2026-04-24 07:00:00+00:00,0.010900000110268593,0.010900000110268593,0.010870000347495079,0.010870000347495079,0
2026-04-24 07:15:00+00:00,0.010900000110268593,0.010900000110268593,0.010900000110268593,0.010900000110268593,0
2026-04-24 07:30:00+00:00,0.010859999805688858,0.010900000110268593,0.010859999805688858,0.010900000110268593,18065
2026-04-24 07:45:00+00:00,0.010830000042915344,0.010859999805688858,0.010830000042915344,0.010859999805688858,3423
2026-04-24 08:00:00+00:00,0.010830000042915344,0.010830000042915344,0.010830000042915344,0.010830000042915344,8090
2026-04-24 08:15:00+00:00,0.010879999957978725,0.010889999568462372,0.010830000042915344,0.010830000042915344,46737
2026-04-24 08:30:00+00:00,0.010870000347495079,0.010879999957978725,0.010870000347495079,0.010879999957978725,3852
2026-04-24 08:45:00+00:00,0.010870000347495079,0.010870000347495079,0.010870000347495079,0.010870000347495079,10245
2026-04-24 09:00:00+00:00,0.010870000347495079,0.010870000347495079,0.010870000347495079,0.010870000347495079,0
2026-04-24 09:15:00+00:00,0.010870000347495079,0.010870000347495079,0.010870000347495079,0.010870000347495079,5397
2026-04-24 09:30:00+00:00,0.010830000042915344,0.010870000347495079,0.010830000042915344,0.010870000347495079,277
2026-04-24 09:45:00+00:00,0.010830000042915344,0.010830000042915344,0.010820000432431698,0.010830000042915344,0
2026-04-24 10:00:00+00:00,0.010780000127851963,0.010830000042915344,0.010780000127851963,0.010830000042915344,0
2026-04-24 10:15:00+00:00,0.010830000042915344,0.010830000042915344,0.010780000127851963,0.010780000127851963,5246
2026-04-24 10:30:00+00:00,0.01078999973833561,0.010830000042915344,0.01078999973833561,0.010830000042915344,6912
2026-04-24 10:45:00+00:00,0.010859999805688858,0.010859999805688858,0.01078999973833561,0.01078999973833561,19205
2026-04-24 11:00:00+00:00,0.010889999568462372,0.010900000110268593,0.010859999805688858,0.010859999805688858,41282
2026-04-24 11:15:00+00:00,0.010870000347495079,0.010879999957978725,0.01083999965339899,0.010870000347495079,31314
2026-04-24 11:30:00+00:00,0.010889999568462372,0.01092000026255846,0.010870000347495079,0.010870000347495079,8972
2026-04-24 11:45:00+00:00,0.010889999568462372,0.010889999568462372,0.010889999568462372,0.010889999568462372,1631
2026-04-24 12:00:00+00:00,0.01092000026255846,0.01092000026255846,0.010889999568462372,0.010889999568462372,12122
2026-04-24 12:15:00+00:00,0.010859999805688858,0.01092000026255846,0.01083999965339899,0.01092000026255846,26963
2026-04-24 12:30:00+00:00,0.010830000042915344,0.010879999957978725,0.010830000042915344,0.010859999805688858,14985
2026-04-24 12:45:00+00:00,0.010830000042915344,0.010850000195205212,0.010809999890625477,0.010830000042915344,14872
2026-04-24 13:00:00+00:00,0.010830000042915344,0.010830000042915344,0.010830000042915344,0.010830000042915344,16265
2026-04-24 13:15:00+00:00,0.010830000042915344,0.010830000042915344,0.010830000042915344,0.010830000042915344,55338
2026-04-24 13:30:00+00:00,0.010820000432431698,0.010820000432431698,0.010820000432431698,0.010820000432431698,19519
2026-04-24 13:45:00+00:00,0.010809999890625477,0.010820000432431698,0.01080000028014183,0.010820000432431698,69781
2026-04-24 14:00:00+00:00,0.010809999890625477,0.010809999890625477,0.010809999890625477,0.010809999890625477,460
2026-04-24 14:15:00+00:00,0.01078999973833561,0.010809999890625477,0.010780000127851963,0.010809999890625477,2091
2026-04-24 14:30:00+00:00,0.01078999973833561,0.01078999973833561,0.01078999973833561,0.01078999973833561,16136
2026-04-24 14:45:00+00:00,0.01080000028014183,0.01080000028014183,0.01078999973833561,0.01078999973833561,9258
2026-04-24 15:00:00+00:00,0.01075000036507845,0.01080000028014183,0.01071999967098236,0.01080000028014183,25972
2026-04-24 15:15:00+00:00,0.01075000036507845,0.01075000036507845,0.010739999823272228,0.010739999823272228,1403
2026-04-24 15:30:00+00:00,0.01078999973833561,0.01078999973833561,0.01075000036507845,0.01075000036507845,0
2026-04-24 15:45:00+00:00,0.010850000195205212,0.010850000195205212,0.01078999973833561,0.01078999973833561,15822
2026-04-24 16:00:00+00:00,0.010859999805688858,0.010879999957978725,0.010850000195205212,0.010850000195205212,8972
2026-04-24 16:15:00+00:00,0.01083999965339899,0.010859999805688858,0.010830000042915344,0.010859999805688858,24615
2026-04-24 16:30:00+00:00,0.01083999965339899,0.01083999965339899,0.01083999965339899,0.01083999965339899,8301
2026-04-24 16:45:00+00:00,0.01083999965339899,0.01083999965339899,0.01083999965339899,0.01083999965339899,1222
2026-04-24 17:00:00+00:00,0.010820000432431698,0.01083999965339899,0.010809999890625477,0.01083999965339899,0
2026-04-24 17:15:00+00:00,0.01080000028014183,0.010820000432431698,0.01080000028014183,0.010820000432431698,8911
2026-04-24 17:30:00+00:00,0.010780000127851963,0.01080000028014183,0.010780000127851963,0.01080000028014183,63
2026-04-24 17:45:00+00:00,0.010780000127851963,0.010780000127851963,0.010780000127851963,0.010780000127851963,0
2026-04-24 18:00:00+00:00,0.010780000127851963,0.010780000127851963,0.010780000127851963,0.010780000127851963,3682
2026-04-24 18:15:00+00:00,0.010780000127851963,0.010780000127851963,0.010759999975562096,0.010759999975562096,0
2026-04-24 18:30:00+00:00,0.010780000127851963,0.010780000127851963,0.010780000127851963,0.010780000127851963,2166
2026-04-24 18:45:00+00:00,0.010780000127851963,0.010780000127851963,0.010780000127851963,0.010780000127851963,1988
2026-04-24 19:00:00+00:00,0.010809999890625477,0.010820000432431698,0.010809999890625477,0.010820000432431698,0
2026-04-24 19:15:00+00:00,0.010809999890625477,0.010809999890625477,0.010809999890625477,0.010809999890625477,245
2026-04-24 19:30:00+00:00,0.010809999890625477,0.010809999890625477,0.010809999890625477,0.010809999890625477,3249
2026-04-24 19:45:00+00:00,0.010850000195205212,0.010850000195205212,0.01080000028014183,0.010809999890625477,7861
2026-04-24 20:00:00+00:00,0.010830000042915344,0.010870000347495079,0.010830000042915344,0.010850000195205212,110134
2026-04-24 20:15:00+00:00,0.010739999823272228,0.010830000042915344,0.010739999823272228,0.010830000042915344,72969
2026-04-24 20:30:00+00:00,0.010739999823272228,0.010759999975562096,0.010689999908208847,0.010739999823272228,540886
2026-04-24 20:45:00+00:00,0.010809999890625477,0.010809999890625477,0.010739999823272228,0.010739999823272228,88122
2026-04-24 21:00:00+00:00,0.010730000212788582,0.010809999890625477,0.010730000212788582,0.010809999890625477,0
2026-04-24 21:15:00+00:00,0.01071999967098236,0.010730000212788582,0.01071999967098236,0.010730000212788582,49456
2026-04-24 21:30:00+00:00,0.010619999840855598,0.01071999967098236,0.010499999858438969,0.01071999967098236,534325
2026-04-24 21:45:00+00:00,0.010619999840855598,0.010619999840855598,0.010619999840855598,0.010619999840855598,149450
2026-04-24 22:00:00+00:00,0.010599999688565731,0.010639999993145466,0.010590000078082085,0.010619999840855598,44729
2026-04-24 22:15:00+00:00,0.010610000230371952,0.010610000230371952,0.010599999688565731,0.010599999688565731,7059
2026-04-24 22:30:00+00:00,0.01054999977350235,0.010610000230371952,0.01054999977350235,0.010610000230371952,16194
2026-04-24 22:45:00+00:00,0.01054999977350235,0.010590000078082085,0.01054999977350235,0.01054999977350235,10888
2026-04-24 23:00:00+00:00,0.01054999977350235,0.01054999977350235,0.01054999977350235,0.01054999977350235,0
2026-04-24 23:15:00+00:00,0.010520000010728836,0.010569999925792217,0.010520000010728836,0.01054999977350235,17728
2026-04-24 23:30:00+00:00,0.010520000010728836,0.010529999621212482,0.01051000040024519,0.010520000010728836,6019
2026-04-24 23:45:00+00:00,0.010540000163018703,0.010540000163018703,0.010520000010728836,0.010520000010728836,14907
2026-04-25 00:00:00+00:00,0.010590000078082085,0.010610000230371952,0.010540000163018703,0.010540000163018703,1036
2026-04-25 00:15:00+00:00,0.010590000078082085,0.010590000078082085,0.010590000078082085,0.010590000078082085,52274
2026-04-25 00:30:00+00:00,0.010579999536275864,0.010599999688565731,0.010569999925792217,0.010590000078082085,40081
2026-04-25 00:45:00+00:00,0.010579999536275864,0.010579999536275864,0.010579999536275864,0.010579999536275864,2306
2026-04-25 01:00:00+00:00,0.010579999536275864,0.010579999536275864,0.010569999925792217,0.010579999536275864,8241
2026-04-25 01:15:00+00:00,0.010569999925792217,0.010579999536275864,0.01056000031530857,0.010579999536275864,7320
2026-04-25 01:30:00+00:00,0.010569999925792217,0.010569999925792217,0.010569999925792217,0.010569999925792217,2832
2026-04-25 01:45:00+00:00,0.010599999688565731,0.010599999688565731,0.010569999925792217,0.010569999925792217,2152
2026-04-25 02:00:00+00:00,0.010610000230371952,0.010610000230371952,0.010569999925792217,0.010599999688565731,58773
2026-04-25 02:15:00+00:00,0.010610000230371952,0.010610000230371952,0.010599999688565731,0.010610000230371952,11076
2026-04-25 02:30:00+00:00,0.010590000078082085,0.010610000230371952,0.010590000078082085,0.010610000230371952,8541
2026-04-25 02:45:00+00:00,0.010590000078082085,0.010590000078082085,0.010590000078082085,0.010590000078082085,1284
2026-04-25 03:00:00+00:00,0.010590000078082085,0.010590000078082085,0.010590000078082085,0.010590000078082085,34054
2026-04-25 03:15:00+00:00,0.010599999688565731,0.010599999688565731,0.010590000078082085,0.010590000078082085,4156
2026-04-25 03:30:00+00:00,0.010590000078082085,0.010590000078082085,0.010569999925792217,0.010590000078082085,0
2026-04-25 03:45:00+00:00,0.010590000078082085,0.010590000078082085,0.010590000078082085,0.010590000078082085,58764
2026-04-25 04:00:00+00:00,0.01063000038266182,0.01063000038266182,0.010590000078082085,0.010590000078082085,18994
2026-04-25 04:15:00+00:00,0.01063000038266182,0.01063000038266182,0.01063000038266182,0.01063000038266182,1717
2026-04-25 04:30:00+00:00,0.010610000230371952,0.01063000038266182,0.010610000230371952,0.01063000038266182,1895
2026-04-25 04:45:00+00:00,0.010610000230371952,0.010610000230371952,0.010610000230371952,0.010610000230371952,771
2026-04-25 05:00:00+00:00,0.010540000163018703,0.010610000230371952,0.010540000163018703,0.010610000230371952,18028
2026-04-25 05:15:00+00:00,0.010520000010728836,0.010540000163018703,0.010520000010728836,0.010540000163018703,1959
2026-04-25 05:30:00+00:00,0.010520000010728836,0.010520000010728836,0.010520000010728836,0.010520000010728836,19546
2026-04-25 05:45:00+00:00,0.010610000230371952,0.010610000230371952,0.010520000010728836,0.010520000010728836,8675
2026-04-25 06:00:00+00:00,0.010610000230371952,0.010610000230371952,0.010610000230371952,0.010610000230371952,7082
2026-04-25 06:15:00+00:00,0.010610000230371952,0.010610000230371952,0.010610000230371952,0.010610000230371952,0
2026-04-25 06:30:00+00:00,0.01056000031530857,0.010649999603629112,0.01056000031530857,0.010610000230371952,4976
2026-04-25 06:45:00+00:00,0.010579999536275864,0.010579999536275864,0.01056000031530857,0.01056000031530857,262825
2026-04-25 07:00:00+00:00,0.010540000163018703,0.010579999536275864,0.010540000163018703,0.010579999536275864,42046
2026-04-25 07:15:00+00:00,0.010540000163018703,0.010540000163018703,0.010540000163018703,0.010540000163018703,8881
2026-04-25 07:30:00+00:00,0.010470000095665455,0.01056000031530857,0.010470000095665455,0.010540000163018703,36404
2026-04-25 07:45:00+00:00,0.010459999553859234,0.010490000247955322,0.010440000332891941,0.010470000095665455,279178
2026-04-25 08:00:00+00:00,0.010490000247955322,0.010490000247955322,0.010459999553859234,0.010459999553859234,147967
2026-04-25 08:15:00+00:00,0.010490000247955322,0.010490000247955322,0.010490000247955322,0.010490000247955322,4834
2026-04-25 08:30:00+00:00,0.010490000247955322,0.010490000247955322,0.010490000247955322,0.010490000247955322,67630
2026-04-25 08:45:00+00:00,0.01054999977350235,0.010569999925792217,0.010490000247955322,0.010490000247955322,26167
2026-04-25 09:00:00+00:00,0.010579999536275864,0.010579999536275864,0.01054999977350235,0.01054999977350235,8526
2026-04-25 09:15:00+00:00,0.010540000163018703,0.010599999688565731,0.010540000163018703,0.010579999536275864,1564
2026-04-25 09:30:00+00:00,0.010579999536275864,0.010579999536275864,0.010540000163018703,0.010540000163018703,7243
2026-04-25 09:45:00+00:00,0.01063000038266182,0.01063000038266182,0.010579999536275864,0.010579999536275864,1858
2026-04-25 10:00:00+00:00,0.010569999925792217,0.01063000038266182,0.010569999925792217,0.01063000038266182,128631
2026-04-25 10:15:00+00:00,0.010569999925792217,0.010569999925792217,0.010569999925792217,0.010569999925792217,38819
2026-04-25 10:30:00+00:00,0.010529999621212482,0.010569999925792217,0.010529999621212482,0.010569999925792217,81029
2026-04-25 10:45:00+00:00,0.010499999858438969,0.010529999621212482,0.010499999858438969,0.010529999621212482,16723
2026-04-25 11:00:00+00:00,0.010490000247955322,0.010499999858438969,0.010479999706149101,0.010499999858438969,37019
2026-04-25 11:15:00+00:00,0.010440000332891941,0.010490000247955322,0.010440000332891941,0.010490000247955322,5426
2026-04-25 11:30:00+00:00,0.010449999943375587,0.010449999943375587,0.010440000332891941,0.010440000332891941,13351
2026-04-25 11:45:00+00:00,0.010440000332891941,0.010449999943375587,0.01039000041782856,0.010449999943375587,135991
2026-04-25 12:00:00+00:00,0.01042999979108572,0.010440000332891941,0.01042999979108572,0.010440000332891941,3525
2026-04-25 12:15:00+00:00,0.010440000332891941,0.010440000332891941,0.01042999979108572,0.01042999979108572,0
2026-04-25 12:30:00+00:00,0.010409999638795853,0.010440000332891941,0.010409999638795853,0.010440000332891941,3864
2026-04-25 12:45:00+00:00,0.010409999638795853,0.010409999638795853,0.010409999638795853,0.010409999638795853,9141
2026-04-25 13:00:00+00:00,0.010409999638795853,0.010409999638795853,0.010409999638795853,0.010409999638795853,623
2026-04-25 13:15:00+00:00,0.010379999876022339,0.010409999638795853,0.010339999571442604,0.010409999638795853,314360
2026-04-25 13:30:00+00:00,0.010370000265538692,0.010379999876022339,0.010359999723732471,0.010379999876022339,42032
2026-04-25 13:45:00+00:00,0.010320000350475311,0.010370000265538692,0.01027000043541193,0.010370000265538692,336534
2026-04-25 14:00:00+00:00,0.010320000350475311,0.010339999571442604,0.01030999980866909,0.010320000350475311,186478
2026-04-25 14:15:00+00:00,0.01039000041782856,0.01039000041782856,0.010329999960958958,0.010329999960958958,42747
2026-04-25 14:30:00+00:00,0.010359999723732471,0.01039000041782856,0.010359999723732471,0.01039000041782856,53599
2026-04-25 14:45:00+00:00,0.010359999723732471,0.010359999723732471,0.010359999723732471,0.010359999723732471,28367
2026-04-25 15:00:00+00:00,0.010329999960958958,0.010359999723732471,0.010329999960958958,0.010359999723732471,6364
2026-04-25 15:15:00+00:00,0.010329999960958958,0.010359999723732471,0.010329999960958958,0.010329999960958958,26928
2026-04-25 15:30:00+00:00,0.010409999638795853,0.010409999638795853,0.010329999960958958,0.010329999960958958,26312
2026-04-25 15:45:00+00:00,0.010339999571442604,0.010409999638795853,0.010320000350475311,0.010409999638795853,723
2026-04-25 16:00:00+00:00,0.010339999571442604,0.010359999723732471,0.010339999571442604,0.010339999571442604,24550
2026-04-25 16:15:00+00:00,0.01030999980866909,0.010339999571442604,0.01030999980866909,0.010339999571442604,0
2026-04-25 16:30:00+00:00,0.010280000045895576,0.010320000350475311,0.01027000043541193,0.01030999980866909,96258
2026-04-25 16:45:00+00:00,0.01030999980866909,0.01030999980866909,0.010280000045895576,0.010280000045895576,2424
2026-04-25 17:00:00+00:00,0.01030999980866909,0.01030999980866909,0.01030999980866909,0.01030999980866909,0
2026-04-25 17:15:00+00:00,0.010200000368058681,0.01030999980866909,0.010200000368058681,0.01030999980866909,1905
2026-04-25 17:30:00+00:00,0.010209999978542328,0.010209999978542328,0.010200000368058681,0.010200000368058681,62455
2026-04-25 17:45:00+00:00,0.010239999741315842,0.010280000045895576,0.010219999589025974,0.010219999589025974,52332
2026-04-25 18:00:00+00:00,0.01027000043541193,0.01027000043541193,0.010239999741315842,0.010239999741315842,7431
2026-04-25 18:15:00+00:00,0.01027000043541193,0.01027000043541193,0.01027000043541193,0.01027000043541193,1852
2026-04-25 18:30:00+00:00,0.01030999980866909,0.010320000350475311,0.01027000043541193,0.01027000043541193,9407
2026-04-25 18:45:00+00:00,0.01030999980866909,0.01030999980866909,0.01030999980866909,0.01030999980866909,40839
2026-04-25 19:00:00+00:00,0.01027000043541193,0.01030999980866909,0.01027000043541193,0.01030999980866909,38854
2026-04-25 19:15:00+00:00,0.010209999978542328,0.01027000043541193,0.010209999978542328,0.01027000043541193,35374
2026-04-25 19:30:00+00:00,0.010219999589025974,0.010219999589025974,0.010209999978542328,0.010209999978542328,14694
2026-04-25 19:45:00+00:00,0.010209999978542328,0.010219999589025974,0.010200000368058681,0.010219999589025974,13953
2026-04-25 20:00:00+00:00,0.010209999978542328,0.010209999978542328,0.010180000215768814,0.010209999978542328,20359
2026-04-25 20:15:00+00:00,0.010230000130832195,0.010230000130832195,0.010200000368058681,0.010209999978542328,0
2026-04-25 20:30:00+00:00,0.010219999589025974,0.010230000130832195,0.010219999589025974,0.010230000130832195,0
2026-04-25 20:45:00+00:00,0.010219999589025974,0.010219999589025974,0.010219999589025974,0.010219999589025974,0
2026-04-25 21:00:00+00:00,0.010219999589025974,0.010219999589025974,0.010219999589025974,0.010219999589025974,0
2026-04-25 21:15:00+00:00,0.010259999893605709,0.010259999893605709,0.010219999589025974,0.010219999589025974,1975
2026-04-25 21:30:00+00:00,0.010169999673962593,0.010259999893605709,0.01013999991118908,0.010259999893605709,6561
2026-04-25 21:45:00+00:00,0.01018999982625246,0.010209999978542328,0.010169999673962593,0.010169999673962593,0
2026-04-25 22:00:00+00:00,0.010209999978542328,0.010209999978542328,0.01018999982625246,0.01018999982625246,0
2026-04-25 22:15:00+00:00,0.010219999589025974,0.010219999589025974,0.010209999978542328,0.010209999978542328,304
2026-04-25 22:30:00+00:00,0.010239999741315842,0.010250000283122063,0.010219999589025974,0.010219999589025974,986
2026-04-25 22:45:00+00:00,0.010230000130832195,0.010250000283122063,0.010219999589025974,0.010239999741315842,8648
2026-04-25 23:00:00+00:00,0.010230000130832195,0.010230000130832195,0.010209999978542328,0.010230000130832195,0
2026-04-25 23:15:00+00:00,0.010230000130832195,0.010230000130832195,0.010230000130832195,0.010230000130832195,3407
2026-04-25 23:30:00+00:00,0.010219999589025974,0.010230000130832195,0.010219999589025974,0.010230000130832195,0
2026-04-25 23:45:00+00:00,0.010209999978542328,0.010219999589025974,0.010200000368058681,0.010219999589025974,1110
2026-04-26 00:00:00+00:00,0.010130000300705433,0.010209999978542328,0.010130000300705433,0.010209999978542328,0
2026-04-26 00:15:00+00:00,0.010160000063478947,0.010160000063478947,0.010130000300705433,0.010130000300705433,0
2026-04-26 00:30:00+00:00,0.010160000063478947,0.010169999673962593,0.010160000063478947,0.010160000063478947,0
2026-04-26 00:45:00+00:00,0.010160000063478947,0.010160000063478947,0.010160000063478947,0.010160000063478947,4229
2026-04-26 01:00:00+00:00,0.010119999758899212,0.010160000063478947,0.010110000148415565,0.010160000063478947,13148
2026-04-26 01:15:00+00:00,0.010119999758899212,0.010119999758899212,0.010119999758899212,0.010119999758899212,5154
2026-04-26 01:30:00+00:00,0.010119999758899212,0.010119999758899212,0.010119999758899212,0.010119999758899212,604
2026-04-26 01:45:00+00:00,0.010099999606609344,0.010119999758899212,0.010099999606609344,0.010119999758899212,9241
2026-04-26 02:00:00+00:00,0.010180000215768814,0.01018999982625246,0.010099999606609344,0.010099999606609344,0
2026-04-26 02:15:00+00:00,0.010169999673962593,0.010180000215768814,0.010169999673962593,0.010180000215768814,2010
2026-04-26 02:30:00+00:00,0.010160000063478947,0.010200000368058681,0.010160000063478947,0.010169999673962593,3053
2026-04-26 02:45:00+00:00,0.010160000063478947,0.010160000063478947,0.010160000063478947,0.010160000063478947,3755
2026-04-26 03:00:00+00:00,0.010180000215768814,0.01018999982625246,0.010160000063478947,0.010160000063478947,0
2026-04-26 03:15:00+00:00,0.010180000215768814,0.010180000215768814,0.010180000215768814,0.010180000215768814,10650
2026-04-26 03:30:00+00:00,0.010130000300705433,0.010180000215768814,0.010130000300705433,0.010180000215768814,14508
2026-04-26 03:45:00+00:00,0.010169999673962593,0.010169999673962593,0.010130000300705433,0.010130000300705433,0
2026-04-26 04:00:00+00:00,0.010200000368058681,0.010200000368058681,0.010180000215768814,0.010180000215768814,13818
2026-04-26 04:15:00+00:00,0.010230000130832195,0.010230000130832195,0.010200000368058681,0.010200000368058681,3465
2026-04-26 04:30:00+00:00,0.01018999982625246,0.010230000130832195,0.01018999982625246,0.010230000130832195,9555
2026-04-26 04:45:00+00:00,0.010239999741315842,0.010239999741315842,0.01018999982625246,0.01018999982625246,34620
2026-04-26 05:00:00+00:00,0.010250000283122063,0.010250000283122063,0.010230000130832195,0.010239999741315842,2722
2026-04-26 05:15:00+00:00,0.010239999741315842,0.010320000350475311,0.010239999741315842,0.010250000283122063,58801
2026-04-26 05:30:00+00:00,0.010209999978542328,0.010239999741315842,0.010209999978542328,0.010239999741315842,10107
2026-04-26 05:45:00+00:00,0.010200000368058681,0.010219999589025974,0.010200000368058681,0.010209999978542328,3643
2026-04-26 06:00:00+00:00,0.010230000130832195,0.010230000130832195,0.010200000368058681,0.010200000368058681,12578
2026-04-26 06:15:00+00:00,0.010239999741315842,0.010239999741315842,0.010219999589025974,0.010230000130832195,1344
2026-04-26 06:30:00+00:00,0.01027000043541193,0.01027000043541193,0.010239999741315842,0.010239999741315842,9639
2026-04-26 06:45:00+00:00,0.01027000043541193,0.01027000043541193,0.01027000043541193,0.01027000043541193,0
2026-04-26 07:00:00+00:00,0.01027000043541193,0.01027000043541193,0.010259999893605709,0.01027000043541193,0
2026-04-26 07:15:00+00:00,0.01027000043541193,0.01027000043541193,0.010259999893605709,0.01027000043541193,20606
2026-04-26 07:30:00+00:00,0.01030999980866909,0.01030999980866909,0.01027000043541193,0.01027000043541193,3790
2026-04-26 07:45:00+00:00,0.010300000198185444,0.01030999980866909,0.010300000198185444,0.01030999980866909,29097
2026-04-26 08:00:00+00:00,0.010259999893605709,0.010300000198185444,0.010209999978542328,0.010300000198185444,117049
2026-04-26 08:15:00+00:00,0.010259999893605709,0.010259999893605709,0.010259999893605709,0.010259999893605709,97637
2026-04-26 08:30:00+00:00,0.010219999589025974,0.010259999893605709,0.010219999589025974,0.010259999893605709,0
2026-04-26 08:45:00+00:00,0.010230000130832195,0.010230000130832195,0.010219999589025974,0.010219999589025974,0
2026-04-26 09:00:00+00:00,0.010230000130832195,0.010230000130832195,0.010230000130832195,0.010230000130832195,3358
2026-04-26 09:15:00+00:00,0.010250000283122063,0.010250000283122063,0.010200000368058681,0.010230000130832195,10188
2026-04-26 09:30:00+00:00,0.010239999741315842,0.010250000283122063,0.010239999741315842,0.010250000283122063,3219
2026-04-26 09:45:00+00:00,0.01027000043541193,0.01027000043541193,0.010239999741315842,0.010239999741315842,7643
2026-04-26 10:00:00+00:00,0.010239999741315842,0.01027000043541193,0.010239999741315842,0.01027000043541193,0
2026-04-26 10:15:00+00:00,0.010239999741315842,0.010239999741315842,0.010239999741315842,0.010239999741315842,0
2026-04-26 10:30:00+00:00,0.010230000130832195,0.010239999741315842,0.010219999589025974,0.010239999741315842,0
2026-04-26 10:45:00+00:00,0.010230000130832195,0.010250000283122063,0.010230000130832195,0.010230000130832195,0
2026-04-26 11:00:00+00:00,0.010230000130832195,0.010259999893605709,0.010230000130832195,0.010230000130832195,0
2026-04-26 11:15:00+00:00,0.010250000283122063,0.010250000283122063,0.010230000130832195,0.010230000130832195,0
2026-04-26 11:30:00+00:00,0.010230000130832195,0.010259999893605709,0.010230000130832195,0.010250000283122063,0
2026-04-26 11:45:00+00:00,0.010230000130832195,0.010230000130832195,0.010230000130832195,0.010230000130832195,0
2026-04-26 12:00:00+00:00,0.010250000283122063,0.010259999893605709,0.010230000130832195,0.010230000130832195,0
2026-04-26 12:15:00+00:00,0.010230000130832195,0.010250000283122063,0.010230000130832195,0.010250000283122063,0
2026-04-26 12:30:00+00:00,0.010209999978542328,0.010230000130832195,0.01018999982625246,0.010230000130832195,39330
2026-04-26 12:45:00+00:00,0.010160000063478947,0.010209999978542328,0.01013999991118908,0.010209999978542328,21203
2026-04-26 13:00:00+00:00,0.0101500004529953,0.010169999673962593,0.0101500004529953,0.010160000063478947,211
2026-04-26 13:15:00+00:00,0.010180000215768814,0.010180000215768814,0.0101500004529953,0.0101500004529953,2109
2026-04-26 13:30:00+00:00,0.010209999978542328,0.010209999978542328,0.010180000215768814,0.010180000215768814,0
2026-04-26 13:45:00+00:00,0.010180000215768814,0.010209999978542328,0.010180000215768814,0.010209999978542328,0
2026-04-26 14:00:00+00:00,0.010180000215768814,0.010180000215768814,0.010180000215768814,0.010180000215768814,0
2026-04-26 14:15:00+00:00,0.010209999978542328,0.010209999978542328,0.010180000215768814,0.010180000215768814,4474
2026-04-26 14:30:00+00:00,0.010239999741315842,0.010239999741315842,0.010209999978542328,0.010209999978542328,1274
2026-04-26 14:45:00+00:00,0.010239999741315842,0.010239999741315842,0.010239999741315842,0.010239999741315842,0
2026-04-26 15:00:00+00:00,0.010209999978542328,0.010239999741315842,0.010209999978542328,0.010239999741315842,0
2026-04-26 15:15:00+00:00,0.010259999893605709,0.010259999893605709,0.010209999978542328,0.010209999978542328,0
2026-04-26 15:30:00+00:00,0.010239999741315842,0.010259999893605709,0.010219999589025974,0.010259999893605709,2809
2026-04-26 15:45:00+00:00,0.010200000368058681,0.010239999741315842,0.010200000368058681,0.010239999741315842,10699
2026-04-26 16:00:00+00:00,0.01013999991118908,0.010230000130832195,0.01013999991118908,0.010200000368058681,10638
2026-04-26 16:15:00+00:00,0.010219999589025974,0.010219999589025974,0.010130000300705433,0.010130000300705433,142766
2026-04-26 16:30:00+00:00,0.01018999982625246,0.010209999978542328,0.01018999982625246,0.010209999978542328,7615
2026-04-26 16:45:00+00:00,0.010230000130832195,0.010230000130832195,0.010180000215768814,0.01018999982625246,56315
2026-04-26 17:00:00+00:00,0.010180000215768814,0.010230000130832195,0.010160000063478947,0.010230000130832195,9018
2026-04-26 17:15:00+00:00,0.010160000063478947,0.010180000215768814,0.010160000063478947,0.010180000215768814,1551
2026-04-26 17:30:00+00:00,0.010160000063478947,0.010160000063478947,0.010160000063478947,0.010160000063478947,0
2026-04-26 17:45:00+00:00,0.010169999673962593,0.010169999673962593,0.010160000063478947,0.010160000063478947,337
2026-04-26 18:00:00+00:00,0.010209999978542328,0.010209999978542328,0.010169999673962593,0.010169999673962593,7596
2026-04-26 18:15:00+00:00,0.010219999589025974,0.010230000130832195,0.010209999978542328,0.010209999978542328,35630
2026-04-26 18:30:00+00:00,0.010230000130832195,0.010239999741315842,0.010219999589025974,0.010219999589025974,26606
2026-04-26 18:45:00+00:00,0.010230000130832195,0.010230000130832195,0.010230000130832195,0.010230000130832195,25253
2026-04-26 19:00:00+00:00,0.010230000130832195,0.010230000130832195,0.010230000130832195,0.010230000130832195,10165
2026-04-26 19:15:00+00:00,0.01027000043541193,0.010329999960958958,0.010230000130832195,0.010230000130832195,39454
2026-04-26 19:30:00+00:00,0.010239999741315842,0.01027000043541193,0.010239999741315842,0.01027000043541193,6524
2026-04-26 19:45:00+00:00,0.010119999758899212,0.010250000283122063,0.010110000148415565,0.010239999741315842,580415
2026-04-26 20:00:00+00:00,0.010130000300705433,0.010160000063478947,0.010119999758899212,0.010119999758899212,16541
2026-04-26 20:15:00+00:00,0.010160000063478947,0.010160000063478947,0.010130000300705433,0.010130000300705433,20298
2026-04-26 20:30:00+00:00,0.0101500004529953,0.010180000215768814,0.01013999991118908,0.010160000063478947,3299
2026-04-26 20:45:00+00:00,0.0101500004529953,0.0101500004529953,0.0101500004529953,0.0101500004529953,0
2026-04-26 21:00:00+00:00,0.010160000063478947,0.010160000063478947,0.010130000300705433,0.0101500004529953,52730
2026-04-26 21:15:00+00:00,0.010169999673962593,0.010169999673962593,0.010160000063478947,0.010160000063478947,23142
2026-04-26 21:30:00+00:00,0.010099999606609344,0.010169999673962593,0.010099999606609344,0.010169999673962593,0
2026-04-26 21:45:00+00:00,0.010080000385642052,0.010119999758899212,0.010040000081062317,0.010099999606609344,86877
2026-04-26 22:00:00+00:00,0.010130000300705433,0.010130000300705433,0.010080000385642052,0.010080000385642052,7265
2026-04-26 22:15:00+00:00,0.01013999991118908,0.010160000063478947,0.010130000300705433,0.010130000300705433,21896
2026-04-26 22:30:00+00:00,0.010099999606609344,0.01013999991118908,0.010099999606609344,0.01013999991118908,3962
2026-04-26 22:45:00+00:00,0.010099999606609344,0.010099999606609344,0.010099999606609344,0.010099999606609344,0
2026-04-26 23:00:00+00:00,0.010099999606609344,0.010099999606609344,0.010089999996125698,0.010099999606609344,23464
2026-04-26 23:15:00+00:00,0.010099999606609344,0.010119999758899212,0.010099999606609344,0.010099999606609344,3220
2026-04-26 23:30:00+00:00,0.010119999758899212,0.010119999758899212,0.010099999606609344,0.010099999606609344,6275
2026-04-26 23:45:00+00:00,0.010099999606609344,0.0101500004529953,0.010099999606609344,0.010119999758899212,8158
2026-04-27 00:00:00+00:00,0.010119999758899212,0.010130000300705433,0.010099999606609344,0.010099999606609344,4508
2026-04-27 00:15:00+00:00,0.010089999996125698,0.010130000300705433,0.010089999996125698,0.010119999758899212,8609
2026-04-27 00:30:00+00:00,0.010119999758899212,0.010119999758899212,0.010089999996125698,0.010089999996125698,33909
2026-04-27 00:45:00+00:00,0.010169999673962593,0.010169999673962593,0.010110000148415565,0.010119999758899212,35995
2026-04-27 01:00:00+00:00,0.010230000130832195,0.010230000130832195,0.010169999673962593,0.010169999673962593,67409
2026-04-27 01:15:00+00:00,0.010180000215768814,0.010230000130832195,0.010180000215768814,0.010230000130832195,21483
2026-04-27 01:30:00+00:00,0.01018999982625246,0.01018999982625246,0.010180000215768814,0.010180000215768814,9606
2026-04-27 01:45:00+00:00,0.010219999589025974,0.010230000130832195,0.01018999982625246,0.01018999982625246,6563
2026-04-27 02:00:00+00:00,0.010180000215768814,0.010219999589025974,0.010180000215768814,0.010219999589025974,6503
2026-04-27 02:15:00+00:00,0.010180000215768814,0.010200000368058681,0.010180000215768814,0.010180000215768814,6032
2026-04-27 02:30:00+00:00,0.010180000215768814,0.010180000215768814,0.010180000215768814,0.010180000215768814,2105
2026-04-27 02:45:00+00:00,0.01018999982625246,0.01018999982625246,0.010180000215768814,0.010180000215768814,12467
2026-04-27 03:00:00+00:00,0.01018999982625246,0.01018999982625246,0.01018999982625246,0.01018999982625246,0
2026-04-27 03:15:00+00:00,0.010209999978542328,0.010209999978542328,0.010180000215768814,0.01018999982625246,9138
2026-04-27 03:30:00+00:00,0.010209999978542328,0.010209999978542328,0.010209999978542328,0.010209999978542328,31662
2026-04-27 03:45:00+00:00,0.010209999978542328,0.010239999741315842,0.010209999978542328,0.010209999978542328,54758
2026-04-27 04:00:00+00:00,0.010200000368058681,0.010209999978542328,0.010200000368058681,0.010209999978542328,14541
2026-04-27 04:15:00+00:00,0.010250000283122063,0.010250000283122063,0.010200000368058681,0.010200000368058681,51516
2026-04-27 04:30:00+00:00,0.010250000283122063,0.010250000283122063,0.010230000130832195,0.010250000283122063,118681
2026-04-27 04:45:00+00:00,0.010259999893605709,0.010259999893605709,0.010250000283122063,0.010250000283122063,2813
2026-04-27 05:00:00+00:00,0.010209999978542328,0.010259999893605709,0.010200000368058681,0.010259999893605709,20154
2026-04-27 05:15:00+00:00,0.01006999984383583,0.010209999978542328,0.01006999984383583,0.010209999978542328,90196
2026-04-27 05:30:00+00:00,0.010099999606609344,0.010099999606609344,0.010049999691545963,0.01006999984383583,40547
2026-04-27 05:45:00+00:00,0.010080000385642052,0.010099999606609344,0.010040000081062317,0.010099999606609344,37549
2026-04-27 06:00:00+00:00,0.01001999992877245,0.010080000385642052,0.009979999624192715,0.010080000385642052,43612
2026-04-27 06:15:00+00:00,0.010049999691545963,0.010060000233352184,0.010029999539256096,0.010029999539256096,47787
2026-04-27 06:30:00+00:00,0.009949999861419201,0.010049999691545963,0.009940000250935555,0.010049999691545963,48102
2026-04-27 06:45:00+00:00,0.009949999861419201,0.009979999624192715,0.009949999861419201,0.009949999861419201,72737
2026-04-27 07:00:00+00:00,0.009920000098645687,0.009970000013709068,0.009890000335872173,0.009949999861419201,105751
2026-04-27 07:15:00+00:00,0.009940000250935555,0.009940000250935555,0.009920000098645687,0.009920000098645687,22741
2026-04-27 07:30:00+00:00,0.009940000250935555,0.009940000250935555,0.009940000250935555,0.009940000250935555,35521
2026-04-27 07:45:00+00:00,0.009979999624192715,0.009979999624192715,0.009940000250935555,0.009940000250935555,0
2026-04-27 08:00:00+00:00,0.009960000403225422,0.009979999624192715,0.009929999709129333,0.009979999624192715,5594
2026-04-27 08:15:00+00:00,0.009940000250935555,0.009960000403225422,0.009940000250935555,0.009960000403225422,11727
2026-04-27 08:30:00+00:00,0.009940000250935555,0.009949999861419201,0.009940000250935555,0.009940000250935555,4589
2026-04-27 08:45:00+00:00,0.01001999992877245,0.01001999992877245,0.009940000250935555,0.009940000250935555,10654
2026-04-27 09:00:00+00:00,0.010029999539256096,0.010049999691545963,0.01001999992877245,0.01001999992877245,13808
2026-04-27 09:15:00+00:00,0.01001999992877245,0.010029999539256096,0.01001999992877245,0.010029999539256096,5762
2026-04-27 09:30:00+00:00,0.010049999691545963,0.010049999691545963,0.01001999992877245,0.01001999992877245,21026
2026-04-27 09:45:00+00:00,0.010049999691545963,0.010049999691545963,0.010049999691545963,0.010049999691545963,6787
2026-04-27 10:00:00+00:00,0.01006999984383583,0.01006999984383583,0.010049999691545963,0.010049999691545963,2942
2026-04-27 10:15:00+00:00,0.010010000318288803,0.01006999984383583,0.010010000318288803,0.01006999984383583,1766
2026-04-27 10:30:00+00:00,0.01001999992877245,0.010040000081062317,0.010010000318288803,0.010010000318288803,0
2026-04-27 10:45:00+00:00,0.010010000318288803,0.01001999992877245,0.010010000318288803,0.01001999992877245,0
2026-04-27 11:00:00+00:00,0.009999999776482582,0.010010000318288803,0.009999999776482582,0.010010000318288803,22594
2026-04-27 11:15:00+00:00,0.010029999539256096,0.010040000081062317,0.009999999776482582,0.009999999776482582,21706
2026-04-27 11:30:00+00:00,0.010049999691545963,0.010049999691545963,0.010029999539256096,0.010029999539256096,25062
2026-04-27 11:45:00+00:00,0.01006999984383583,0.01006999984383583,0.010049999691545963,0.010049999691545963,0
2026-04-27 12:00:00+00:00,0.010040000081062317,0.01006999984383583,0.010040000081062317,0.01006999984383583,13021
2026-04-27 12:15:00+00:00,0.010040000081062317,0.010040000081062317,0.010040000081062317,0.010040000081062317,8099
2026-04-27 12:30:00+00:00,0.010040000081062317,0.010040000081062317,0.010040000081062317,0.010040000081062317,3120
2026-04-27 12:45:00+00:00,0.01001999992877245,0.010049999691545963,0.01001999992877245,0.010040000081062317,513
2026-04-27 13:00:00+00:00,0.010029999539256096,0.010040000081062317,0.01001999992877245,0.01001999992877245,41
2026-04-27 13:15:00+00:00,0.010029999539256096,0.010029999539256096,0.010029999539256096,0.010029999539256096,2173
2026-04-27 13:30:00+00:00,0.010029999539256096,0.010029999539256096,0.010029999539256096,0.010029999539256096,0
2026-04-27 13:45:00+00:00,0.010010000318288803,0.010029999539256096,0.010010000318288803,0.010029999539256096,29030
2026-04-27 14:00:00+00:00,0.010029999539256096,0.010029999539256096,0.010010000318288803,0.010010000318288803,0
2026-04-27 14:15:00+00:00,0.01001999992877245,0.010029999539256096,0.010010000318288803,0.010029999539256096,6395
2026-04-27 14:30:00+00:00,0.010060000233352184,0.010089999996125698,0.01001999992877245,0.01001999992877245,9438
2026-04-27 14:45:00+00:00,0.010089999996125698,0.010089999996125698,0.010060000233352184,0.010060000233352184,26656
2026-04-27 15:00:00+00:00,0.01001999992877245,0.010089999996125698,0.01001999992877245,0.010089999996125698,12167
2026-04-27 15:15:00+00:00,0.00989999994635582,0.01001999992877245,0.009879999794065952,0.01001999992877245,63577
2026-04-27 15:30:00+00:00,0.009949999861419201,0.009960000403225422,0.00989999994635582,0.00989999994635582,47531
2026-04-27 15:45:00+00:00,0.00989999994635582,0.009949999861419201,0.00989999994635582,0.009949999861419201,7623
2026-04-27 16:00:00+00:00,0.009890000335872173,0.00989999994635582,0.009870000183582306,0.00989999994635582,46426
2026-04-27 16:15:00+00:00,0.009949999861419201,0.009949999861419201,0.009890000335872173,0.009890000335872173,14752
2026-04-27 16:30:00+00:00,0.009990000165998936,0.009990000165998936,0.009949999861419201,0.009949999861419201,0
2026-04-27 16:45:00+00:00,0.009979999624192715,0.009990000165998936,0.009929999709129333,0.009990000165998936,33336
2026-04-27 17:00:00+00:00,0.009949999861419201,0.009999999776482582,0.009929999709129333,0.009979999624192715,0
2026-04-27 17:15:00+00:00,0.009999999776482582,0.010040000081062317,0.009949999861419201,0.009949999861419201,162855
2026-04-27 17:30:00+00:00,0.009990000165998936,0.009999999776482582,0.009940000250935555,0.009999999776482582,11483
2026-04-27 17:45:00+00:00,0.009960000403225422,0.009990000165998936,0.009960000403225422,0.009990000165998936,28386
2026-04-27 18:00:00+00:00,0.00989999994635582,0.009960000403225422,0.00989999994635582,0.009960000403225422,0
2026-04-27 18:15:00+00:00,0.009879999794065952,0.009879999794065952,0.009809999726712704,0.009870000183582306,513899
2026-04-27 18:30:00+00:00,0.009850000031292439,0.009879999794065952,0.009840000420808792,0.009879999794065952,6780
2026-04-27 18:45:00+00:00,0.009859999641776085,0.009859999641776085,0.009850000031292439,0.009850000031292439,7449
2026-04-27 19:00:00+00:00,0.009859999641776085,0.009870000183582306,0.009859999641776085,0.009870000183582306,3627
2026-04-27 19:15:00+00:00,0.009829999879002571,0.009859999641776085,0.009820000268518925,0.009859999641776085,2571
2026-04-27 19:30:00+00:00,0.009850000031292439,0.009859999641776085,0.009789999574422836,0.009809999726712704,18664
2026-04-27 19:45:00+00:00,0.009859999641776085,0.009859999641776085,0.009850000031292439,0.009850000031292439,0
2026-04-27 20:00:00+00:00,0.009870000183582306,0.009870000183582306,0.009859999641776085,0.009859999641776085,0
2026-04-27 20:15:00+00:00,0.009879999794065952,0.009890000335872173,0.009870000183582306,0.009870000183582306,900
2026-04-27 20:30:00+00:00,0.00989999994635582,0.009909999556839466,0.009879999794065952,0.009879999794065952,5015
2026-04-27 20:45:00+00:00,0.009879999794065952,0.00989999994635582,0.009870000183582306,0.00989999994635582,8782
2026-04-27 21:00:00+00:00,0.009870000183582306,0.009879999794065952,0.009850000031292439,0.009879999794065952,0
2026-04-27 21:15:00+00:00,0.009870000183582306,0.009879999794065952,0.009859999641776085,0.009870000183582306,5349
2026-04-27 21:30:00+00:00,0.009909999556839466,0.009909999556839466,0.009870000183582306,0.009870000183582306,791
2026-04-27 21:45:00+00:00,0.009909999556839466,0.009909999556839466,0.009909999556839466,0.009909999556839466,0
2026-04-27 22:00:00+00:00,0.009920000098645687,0.009929999709129333,0.009909999556839466,0.009909999556839466,42445
2026-04-27 22:15:00+00:00,0.009920000098645687,0.009920000098645687,0.009909999556839466,0.009920000098645687,8644
2026-04-27 22:30:00+00:00,0.009949999861419201,0.009949999861419201,0.009920000098645687,0.009920000098645687,13177
2026-04-27 22:45:00+00:00,0.009949999861419201,0.009949999861419201,0.009949999861419201,0.009949999861419201,2887
2026-04-27 23:00:00+00:00,0.009929999709129333,0.009949999861419201,0.009929999709129333,0.009949999861419201,12756
2026-04-27 23:15:00+00:00,0.009949999861419201,0.009949999861419201,0.009929999709129333,0.009929999709129333,7538
2026-04-27 23:30:00+00:00,0.009949999861419201,0.009949999861419201,0.009949999861419201,0.009949999861419201,1377
2026-04-27 23:45:00+00:00,0.009990000165998936,0.009990000165998936,0.009949999861419201,0.009949999861419201,1372
2026-04-28 00:00:00+00:00,0.009960000403225422,0.009990000165998936,0.009949999861419201,0.009990000165998936,13716
2026-04-28 00:15:00+00:00,0.009940000250935555,0.009960000403225422,0.009940000250935555,0.009960000403225422,9046
2026-04-28 00:30:00+00:00,0.009909999556839466,0.009940000250935555,0.009909999556839466,0.009940000250935555,42105
2026-04-28 00:45:00+00:00,0.009929999709129333,0.009929999709129333,0.009909999556839466,0.009909999556839466,8987
2026-04-28 01:00:00+00:00,0.009890000335872173,0.009929999709129333,0.009890000335872173,0.009929999709129333,0
2026-04-28 01:15:00+00:00,0.00989999994635582,0.00989999994635582,0.009890000335872173,0.009890000335872173,9017
2026-04-28 01:30:00+00:00,0.009879999794065952,0.00989999994635582,0.009879999794065952,0.00989999994635582,369
2026-04-28 01:45:00+00:00,0.009890000335872173,0.009890000335872173,0.009879999794065952,0.009879999794065952,190
2026-04-28 02:00:00+00:00,0.009890000335872173,0.009909999556839466,0.009890000335872173,0.009890000335872173,0
2026-04-28 02:15:00+00:00,0.009940000250935555,0.009940000250935555,0.009890000335872173,0.009890000335872173,12050
2026-04-28 02:30:00+00:00,0.009940000250935555,0.009940000250935555,0.009940000250935555,0.009940000250935555,1794
2026-04-28 02:45:00+00:00,0.009870000183582306,0.009940000250935555,0.009870000183582306,0.009940000250935555,11244
2026-04-28 03:00:00+00:00,0.00989999994635582,0.00989999994635582,0.009870000183582306,0.009870000183582306,1168
2026-04-28 03:15:00+00:00,0.009879999794065952,0.00989999994635582,0.009879999794065952,0.00989999994635582,5565
2026-04-28 03:30:00+00:00,0.009879999794065952,0.009879999794065952,0.009879999794065952,0.009879999794065952,3188
2026-04-28 03:45:00+00:00,0.009879999794065952,0.009879999794065952,0.009879999794065952,0.009879999794065952,0
2026-04-28 04:00:00+00:00,0.009879999794065952,0.009879999794065952,0.009879999794065952,0.009879999794065952,4407
2026-04-28 04:15:00+00:00,0.009879999794065952,0.009879999794065952,0.009879999794065952,0.009879999794065952,0
2026-04-28 04:30:00+00:00,0.009879999794065952,0.009879999794065952,0.009879999794065952,0.009879999794065952,0
2026-04-28 04:45:00+00:00,0.009920000098645687,0.009920000098645687,0.009879999794065952,0.009879999794065952,0
2026-04-28 05:00:00+00:00,0.009940000250935555,0.009940000250935555,0.009920000098645687,0.009920000098645687,0
2026-04-28 05:15:00+00:00,0.009960000403225422,0.009960000403225422,0.009940000250935555,0.009940000250935555,0
2026-04-28 05:30:00+00:00,0.009960000403225422,0.009960000403225422,0.009960000403225422,0.009960000403225422,0
2026-04-28 05:45:00+00:00,0.009940000250935555,0.009960000403225422,0.009920000098645687,0.009960000403225422,0
2026-04-28 06:00:00+00:00,0.00989999994635582,0.009940000250935555,0.00989999994635582,0.009940000250935555,0
2026-04-28 06:15:00+00:00,0.00989999994635582,0.00989999994635582,0.00989999994635582,0.00989999994635582,0
2026-04-28 06:30:00+00:00,0.009850000031292439,0.00989999994635582,0.009850000031292439,0.00989999994635582,0
2026-04-28 06:45:00+00:00,0.009859999641776085,0.009859999641776085,0.009850000031292439,0.009850000031292439,4500
2026-04-28 07:00:00+00:00,0.009840000420808792,0.009870000183582306,0.009840000420808792,0.009859999641776085,0
2026-04-28 07:15:00+00:00,0.009850000031292439,0.009850000031292439,0.009800000116229057,0.009840000420808792,3636
2026-04-28 07:30:00+00:00,0.009850000031292439,0.009850000031292439,0.009850000031292439,0.009850000031292439,10676
2026-04-28 07:45:00+00:00,0.009750000201165676,0.009850000031292439,0.009730000048875809,0.009850000031292439,449912
2026-04-28 08:00:00+00:00,0.009759999811649323,0.009789999574422836,0.009750000201165676,0.009750000201165676,37515
2026-04-28 08:15:00+00:00,0.009759999811649323,0.009759999811649323,0.009759999811649323,0.009759999811649323,1337
2026-04-28 08:30:00+00:00,0.00977999996393919,0.009809999726712704,0.009759999811649323,0.009759999811649323,17912
2026-04-28 08:45:00+00:00,0.009750000201165676,0.00977999996393919,0.009750000201165676,0.00977999996393919,1305
2026-04-28 09:00:00+00:00,0.009759999811649323,0.009770000353455544,0.009750000201165676,0.009750000201165676,0
2026-04-28 09:15:00+00:00,0.009759999811649323,0.009759999811649323,0.009759999811649323,0.009759999811649323,0
2026-04-28 09:30:00+00:00,0.009759999811649323,0.009759999811649323,0.009759999811649323,0.009759999811649323,0
2026-04-28 09:45:00+00:00,0.009759999811649323,0.009759999811649323,0.009759999811649323,0.009759999811649323,5870
2026-04-28 10:00:00+00:00,0.009770000353455544,0.009800000116229057,0.009759999811649323,0.009759999811649323,12844
2026-04-28 10:15:00+00:00,0.009739999659359455,0.009759999811649323,0.009739999659359455,0.009759999811649323,33818
2026-04-28 10:30:00+00:00,0.00977999996393919,0.00977999996393919,0.009739999659359455,0.009739999659359455,13816
2026-04-28 10:45:00+00:00,0.00977999996393919,0.00977999996393919,0.00977999996393919,0.00977999996393919,19069
2026-04-28 11:00:00+00:00,0.009750000201165676,0.009789999574422836,0.009750000201165676,0.00977999996393919,8214
2026-04-28 11:15:00+00:00,0.009739999659359455,0.009750000201165676,0.009739999659359455,0.009750000201165676,17335
2026-04-28 11:30:00+00:00,0.00977999996393919,0.00977999996393919,0.009739999659359455,0.009739999659359455,21363
2026-04-28 11:45:00+00:00,0.009739999659359455,0.00977999996393919,0.009730000048875809,0.00977999996393919,53957
2026-04-28 12:00:00+00:00,0.009750000201165676,0.009759999811649323,0.009739999659359455,0.009739999659359455,1185
2026-04-28 12:15:00+00:00,0.009770000353455544,0.00977999996393919,0.009750000201165676,0.009750000201165676,14758
2026-04-28 12:30:00+00:00,0.009770000353455544,0.009770000353455544,0.009770000353455544,0.009770000353455544,21052
2026-04-28 12:45:00+00:00,0.009770000353455544,0.00977999996393919,0.009750000201165676,0.009770000353455544,141102
2026-04-28 13:00:00+00:00,0.009739999659359455,0.009770000353455544,0.009739999659359455,0.009770000353455544,56210
2026-04-28 13:15:00+00:00,0.009739999659359455,0.009739999659359455,0.009739999659359455,0.009739999659359455,11126
2026-04-28 13:30:00+00:00,0.009770000353455544,0.009770000353455544,0.009739999659359455,0.009739999659359455,16167
2026-04-28 13:45:00+00:00,0.00977999996393919,0.00977999996393919,0.009759999811649323,0.009770000353455544,1896
2026-04-28 14:00:00+00:00,0.009750000201165676,0.00977999996393919,0.009750000201165676,0.00977999996393919,6367
2026-04-28 14:15:00+00:00,0.009739999659359455,0.009789999574422836,0.009739999659359455,0.009750000201165676,103370
2026-04-28 14:30:00+00:00,0.009770000353455544,0.009800000116229057,0.009739999659359455,0.009739999659359455,111478
2026-04-28 14:45:00+00:00,0.009840000420808792,0.009840000420808792,0.009770000353455544,0.009770000353455544,20633
2026-04-28 15:00:00+00:00,0.009879999794065952,0.009879999794065952,0.009840000420808792,0.009840000420808792,73161
2026-04-28 15:15:00+00:00,0.009890000335872173,0.009890000335872173,0.009890000335872173,0.009890000335872173,0
2026-04-28 15:30:00+00:00,0.009879999794065952,0.009890000335872173,0.009870000183582306,0.009890000335872173,1128
2026-04-28 15:45:00+00:00,0.009890000335872173,0.00989999994635582,0.009879999794065952,0.009879999794065952,0
2026-04-28 16:00:00+00:00,0.009940000250935555,0.009940000250935555,0.009890000335872173,0.009890000335872173,0
2026-04-28 16:15:00+00:00,0.009970000013709068,0.009990000165998936,0.009929999709129333,0.009940000250935555,6702
2026-04-28 16:30:00+00:00,0.009909999556839466,0.009970000013709068,0.009909999556839466,0.009970000013709068,116185
2026-04-28 16:45:00+00:00,0.009940000250935555,0.009940000250935555,0.009909999556839466,0.009909999556839466,0
2026-04-28 17:00:00+00:00,0.009890000335872173,0.009940000250935555,0.009890000335872173,0.009940000250935555,21579
2026-04-28 17:15:00+00:00,0.009850000031292439,0.009890000335872173,0.009850000031292439,0.009890000335872173,13054
2026-04-28 17:30:00+00:00,0.009929999709129333,0.009929999709129333,0.009850000031292439,0.009850000031292439,75705
2026-04-28 17:45:00+00:00,0.009909999556839466,0.009929999709129333,0.009909999556839466,0.009929999709129333,89506
2026-04-28 18:00:00+00:00,0.009909999556839466,0.009909999556839466,0.009909999556839466,0.009909999556839466,16816
2026-04-28 18:15:00+00:00,0.009909999556839466,0.009909999556839466,0.009909999556839466,0.009909999556839466,0
2026-04-28 18:30:00+00:00,0.009920000098645687,0.009960000403225422,0.009909999556839466,0.009909999556839466,4996
2026-04-28 18:45:00+00:00,0.009909999556839466,0.009920000098645687,0.009909999556839466,0.009920000098645687,1928
2026-04-28 19:00:00+00:00,0.009949999861419201,0.009949999861419201,0.009909999556839466,0.009909999556839466,0
2026-04-28 19:15:00+00:00,0.009940000250935555,0.009949999861419201,0.009940000250935555,0.009949999861419201,1897
2026-04-28 19:30:00+00:00,0.009949999861419201,0.009949999861419201,0.009940000250935555,0.009940000250935555,2058
2026-04-28 19:45:00+00:00,0.009970000013709068,0.009990000165998936,0.009949999861419201,0.009949999861419201,6444
2026-04-28 20:00:00+00:00,0.009970000013709068,0.009970000013709068,0.009970000013709068,0.009970000013709068,11245
2026-04-28 20:15:00+00:00,0.009949999861419201,0.009979999624192715,0.009949999861419201,0.009970000013709068,13174
2026-04-28 20:30:00+00:00,0.009949999861419201,0.009949999861419201,0.009949999861419201,0.009949999861419201,2239
2026-04-28 20:45:00+00:00,0.009949999861419201,0.009949999861419201,0.009949999861419201,0.009949999861419201,0
2026-04-28 21:00:00+00:00,0.009949999861419201,0.009949999861419201,0.009949999861419201,0.009949999861419201,0
2026-04-28 21:15:00+00:00,0.009949999861419201,0.009949999861419201,0.009949999861419201,0.009949999861419201,17373
2026-04-28 21:30:00+00:00,0.009949999861419201,0.009949999861419201,0.009949999861419201,0.009949999861419201,669
2026-04-28 21:45:00+00:00,0.009949999861419201,0.009949999861419201,0.009949999861419201,0.009949999861419201,0
2026-04-28 22:00:00+00:00,0.009920000098645687,0.009949999861419201,0.009920000098645687,0.009949999861419201,0
2026-04-28 22:15:00+00:00,0.009949999861419201,0.009949999861419201,0.009920000098645687,0.009920000098645687,5432
2026-04-28 22:30:00+00:00,0.009929999709129333,0.009949999861419201,0.009929999709129333,0.009949999861419201,1297
2026-04-28 22:45:00+00:00,0.009929999709129333,0.009929999709129333,0.009929999709129333,0.009929999709129333,8387
2026-04-28 23:00:00+00:00,0.009879999794065952,0.009929999709129333,0.009879999794065952,0.009929999709129333,2933
2026-04-28 23:15:00+00:00,0.009870000183582306,0.009879999794065952,0.009870000183582306,0.009879999794065952,4265
2026-04-28 23:30:00+00:00,0.009870000183582306,0.009870000183582306,0.009850000031292439,0.009870000183582306,11765
2026-04-28 23:45:00+00:00,0.009890000335872173,0.009890000335872173,0.009870000183582306,0.009870000183582306,21
2026-04-29 00:00:00+00:00,0.009870000183582306,0.00989999994635582,0.009870000183582306,0.009890000335872173,4713
2026-04-29 00:15:00+00:00,0.009850000031292439,0.009870000183582306,0.009850000031292439,0.009870000183582306,50788
2026-04-29 00:30:00+00:00,0.009890000335872173,0.009890000335872173,0.009870000183582306,0.009879999794065952,5396
2026-04-29 00:45:00+00:00,0.00989999994635582,0.00989999994635582,0.009879999794065952,0.009890000335872173,815
2026-04-29 01:00:00+00:00,0.009890000335872173,0.009909999556839466,0.009890000335872173,0.00989999994635582,19782
2026-04-29 01:15:00+00:00,0.009920000098645687,0.009920000098645687,0.009879999794065952,0.009890000335872173,0
2026-04-29 01:30:00+00:00,0.009920000098645687,0.009920000098645687,0.00989999994635582,0.009920000098645687,1218
2026-04-29 01:45:00+00:00,0.009960000403225422,0.009960000403225422,0.009920000098645687,0.009920000098645687,5892
2026-04-29 02:00:00+00:00,0.009999999776482582,0.009999999776482582,0.009960000403225422,0.009960000403225422,11186
2026-04-29 02:15:00+00:00,0.010010000318288803,0.010010000318288803,0.009999999776482582,0.009999999776482582,409
2026-04-29 02:30:00+00:00,0.009999999776482582,0.010010000318288803,0.009970000013709068,0.010010000318288803,42051
2026-04-29 02:45:00+00:00,0.009979999624192715,0.009999999776482582,0.009979999624192715,0.009999999776482582,23174
2026-04-29 03:00:00+00:00,0.010029999539256096,0.010029999539256096,0.009979999624192715,0.009979999624192715,8951
2026-04-29 03:15:00+00:00,0.010029999539256096,0.010029999539256096,0.01001999992877245,0.010029999539256096,6623
2026-04-29 03:30:00+00:00,0.010049999691545963,0.010049999691545963,0.010029999539256096,0.010029999539256096,10762
2026-04-29 03:45:00+00:00,0.010040000081062317,0.010049999691545963,0.010040000081062317,0.010049999691545963,3389
2026-04-29 04:00:00+00:00,0.01001999992877245,0.010049999691545963,0.01001999992877245,0.010040000081062317,8283
2026-04-29 04:15:00+00:00,0.009990000165998936,0.01001999992877245,0.009970000013709068,0.01001999992877245,18365
2026-04-29 04:30:00+00:00,0.009990000165998936,0.009990000165998936,0.009990000165998936,0.009990000165998936,6080
2026-04-29 04:45:00+00:00,0.009990000165998936,0.009990000165998936,0.009990000165998936,0.009990000165998936,9917
2026-04-29 05:00:00+00:00,0.01006999984383583,0.010080000385642052,0.010060000233352184,0.010080000385642052,44407
2026-04-29 05:15:00+00:00,0.010060000233352184,0.01006999984383583,0.010060000233352184,0.01006999984383583,5887
2026-04-29 05:30:00+00:00,0.010060000233352184,0.010060000233352184,0.010060000233352184,0.010060000233352184,4796
2026-04-29 05:45:00+00:00,0.010060000233352184,0.010060000233352184,0.010060000233352184,0.010060000233352184,0
2026-04-29 06:00:00+00:00,0.010080000385642052,0.010080000385642052,0.010060000233352184,0.010060000233352184,10441
2026-04-29 06:15:00+00:00,0.010119999758899212,0.010119999758899212,0.01006999984383583,0.010080000385642052,20619
2026-04-29 06:30:00+00:00,0.010080000385642052,0.010130000300705433,0.010080000385642052,0.010119999758899212,49953
2026-04-29 06:45:00+00:00,0.010080000385642052,0.010080000385642052,0.010080000385642052,0.010080000385642052,0
2026-04-29 07:00:00+00:00,0.010080000385642052,0.010080000385642052,0.010080000385642052,0.010080000385642052,15015
2026-04-29 07:15:00+00:00,0.010049999691545963,0.010080000385642052,0.010049999691545963,0.010080000385642052,0
2026-04-29 07:30:00+00:00,0.010049999691545963,0.010049999691545963,0.010049999691545963,0.010049999691545963,0
2026-04-29 07:45:00+00:00,0.010049999691545963,0.010049999691545963,0.010049999691545963,0.010049999691545963,449
2026-04-29 08:00:00+00:00,0.010049999691545963,0.010049999691545963,0.010049999691545963,0.010049999691545963,8905
2026-04-29 08:15:00+00:00,0.010040000081062317,0.010049999691545963,0.01001999992877245,0.010049999691545963,12114
2026-04-29 08:30:00+00:00,0.010040000081062317,0.010040000081062317,0.010040000081062317,0.010040000081062317,2981
2026-04-29 08:45:00+00:00,0.010040000081062317,0.010040000081062317,0.010040000081062317,0.010040000081062317,9769
2026-04-29 09:00:00+00:00,0.010040000081062317,0.010040000081062317,0.010040000081062317,0.010040000081062317,20004
2026-04-29 09:15:00+00:00,0.010010000318288803,0.010040000081062317,0.010010000318288803,0.010040000081062317,13431
2026-04-29 09:30:00+00:00,0.010060000233352184,0.010060000233352184,0.010010000318288803,0.010010000318288803,10534
2026-04-29 09:45:00+00:00,0.01006999984383583,0.010080000385642052,0.010010000318288803,0.010060000233352184,23418
2026-04-29 10:00:00+00:00,0.010099999606609344,0.010099999606609344,0.01006999984383583,0.01006999984383583,0
2026-04-29 10:15:00+00:00,0.010089999996125698,0.010110000148415565,0.010089999996125698,0.010099999606609344,1861
2026-04-29 10:30:00+00:00,0.01006999984383583,0.010089999996125698,0.01006999984383583,0.010089999996125698,46919
2026-04-29 10:45:00+00:00,0.01006999984383583,0.01006999984383583,0.010060000233352184,0.01006999984383583,13124
2026-04-29 11:00:00+00:00,0.010060000233352184,0.01006999984383583,0.010060000233352184,0.01006999984383583,2406
2026-04-29 11:15:00+00:00,0.010060000233352184,0.010060000233352184,0.010060000233352184,0.010060000233352184,652
2026-04-29 11:30:00+00:00,0.010029999539256096,0.010060000233352184,0.010029999539256096,0.010060000233352184,0
2026-04-29 11:45:00+00:00,0.010049999691545963,0.010049999691545963,0.010029999539256096,0.010029999539256096,0
2026-04-29 12:00:00+00:00,0.009979999624192715,0.010049999691545963,0.009960000403225422,0.010049999691545963,63166
2026-04-29 12:15:00+00:00,0.009929999709129333,0.009979999624192715,0.009920000098645687,0.009979999624192715,23250
2026-04-29 12:30:00+00:00,0.009929999709129333,0.009929999709129333,0.009929999709129333,0.009929999709129333,5837
2026-04-29 12:45:00+00:00,0.009940000250935555,0.009940000250935555,0.009929999709129333,0.009929999709129333,0
2026-04-29 13:00:00+00:00,0.009949999861419201,0.009970000013709068,0.009940000250935555,0.009940000250935555,0
2026-04-29 13:15:00+00:00,0.009890000335872173,0.009949999861419201,0.009890000335872173,0.009949999861419201,3584
2026-04-29 13:30:00+00:00,0.009870000183582306,0.009890000335872173,0.009859999641776085,0.009890000335872173,55174
2026-04-29 13:45:00+00:00,0.009850000031292439,0.009870000183582306,0.009840000420808792,0.009870000183582306,58599
2026-04-29 14:00:00+00:00,0.009850000031292439,0.009870000183582306,0.009840000420808792,0.009850000031292439,1748
2026-04-29 14:15:00+00:00,0.009890000335872173,0.009890000335872173,0.009829999879002571,0.009850000031292439,56
2026-04-29 14:30:00+00:00,0.009909999556839466,0.009909999556839466,0.009890000335872173,0.009890000335872173,7787
2026-04-29 14:45:00+00:00,0.009840000420808792,0.009920000098645687,0.009840000420808792,0.009920000098645687,35487
2026-04-29 15:00:00+00:00,0.009750000201165676,0.009840000420808792,0.009750000201165676,0.009840000420808792,0
2026-04-29 15:15:00+00:00,0.009789999574422836,0.009809999726712704,0.009750000201165676,0.009750000201165676,29296
2026-04-29 15:30:00+00:00,0.009739999659359455,0.009809999726712704,0.009739999659359455,0.009789999574422836,51568
2026-04-29 15:45:00+00:00,0.009759999811649323,0.009759999811649323,0.009730000048875809,0.009739999659359455,80112
2026-04-29 16:00:00+00:00,0.009820000268518925,0.009829999879002571,0.009759999811649323,0.009759999811649323,27534
2026-04-29 16:15:00+00:00,0.009770000353455544,0.009820000268518925,0.009759999811649323,0.009820000268518925,8915
2026-04-29 16:30:00+00:00,0.009750000201165676,0.009770000353455544,0.009739999659359455,0.009770000353455544,717
2026-04-29 16:45:00+00:00,0.009730000048875809,0.009750000201165676,0.009730000048875809,0.009750000201165676,11149
2026-04-29 17:00:00+00:00,0.009750000201165676,0.009750000201165676,0.009730000048875809,0.009730000048875809,9724
2026-04-29 17:15:00+00:00,0.009750000201165676,0.009759999811649323,0.009750000201165676,0.009750000201165676,0
2026-04-29 17:30:00+00:00,0.009800000116229057,0.009800000116229057,0.009750000201165676,0.009750000201165676,24296
2026-04-29 17:45:00+00:00,0.009820000268518925,0.009820000268518925,0.009789999574422836,0.009800000116229057,5155
2026-04-29 18:00:00+00:00,0.009600000455975533,0.009820000268518925,0.009510000236332417,0.009820000268518925,189754
2026-04-29 18:15:00+00:00,0.009619999676942825,0.009630000218749046,0.009549999609589577,0.009600000455975533,300266
2026-04-29 18:30:00+00:00,0.009630000218749046,0.009630000218749046,0.009499999694526196,0.009619999676942825,146984
2026-04-29 18:45:00+00:00,0.00965999998152256,0.00965999998152256,0.009619999676942825,0.009630000218749046,18369
2026-04-29 19:00:00+00:00,0.009689999744296074,0.009689999744296074,0.009639999829232693,0.00965999998152256,17486
2026-04-29 19:15:00+00:00,0.009669999592006207,0.009689999744296074,0.009669999592006207,0.009689999744296074,17182
2026-04-29 19:30:00+00:00,0.00965999998152256,0.009720000438392162,0.009650000371038914,0.00965999998152256,29174
2026-04-29 19:45:00+00:00,0.009669999592006207,0.009669999592006207,0.00965999998152256,0.00965999998152256,31996
2026-04-29 20:00:00+00:00,0.009700000286102295,0.009720000438392162,0.009669999592006207,0.009669999592006207,27044
2026-04-29 20:15:00+00:00,0.009730000048875809,0.009730000048875809,0.009700000286102295,0.009700000286102295,5448
2026-04-29 20:30:00+00:00,0.009739999659359455,0.009739999659359455,0.009730000048875809,0.009730000048875809,6870
2026-04-29 20:45:00+00:00,0.009759999811649323,0.009770000353455544,0.009739999659359455,0.009739999659359455,10015
2026-04-29 21:00:00+00:00,0.009730000048875809,0.009739999659359455,0.009720000438392162,0.009720000438392162,32444
2026-04-29 21:15:00+00:00,0.009750000201165676,0.009750000201165676,0.009730000048875809,0.009730000048875809,14689
2026-04-29 21:30:00+00:00,0.009809999726712704,0.009809999726712704,0.009730000048875809,0.009730000048875809,4146
2026-04-29 21:45:00+00:00,0.009789999574422836,0.009809999726712704,0.009789999574422836,0.009809999726712704,16244
2026-04-29 22:00:00+00:00,0.009759999811649323,0.009789999574422836,0.009759999811649323,0.009789999574422836,16144
2026-04-29 22:15:00+00:00,0.009759999811649323,0.00977999996393919,0.009759999811649323,0.009759999811649323,11079
2026-04-29 22:30:00+00:00,0.009759999811649323,0.009759999811649323,0.009759999811649323,0.009759999811649323,0
2026-04-29 22:45:00+00:00,0.009770000353455544,0.009770000353455544,0.009750000201165676,0.009759999811649323,3713
2026-04-29 23:00:00+00:00,0.009750000201165676,0.009770000353455544,0.009750000201165676,0.009770000353455544,0
2026-04-29 23:15:00+00:00,0.009759999811649323,0.009759999811649323,0.009730000048875809,0.009759999811649323,15008
2026-04-29 23:30:00+00:00,0.009770000353455544,0.009770000353455544,0.009750000201165676,0.009759999811649323,14043
2026-04-29 23:45:00+00:00,0.009770000353455544,0.00977999996393919,0.009759999811649323,0.009759999811649323,2974
2026-04-30 00:00:00+00:00,0.009800000116229057,0.009800000116229057,0.009770000353455544,0.009770000353455544,0
2026-04-30 00:15:00+00:00,0.009829999879002571,0.009829999879002571,0.00977999996393919,0.009800000116229057,0
2026-04-30 00:30:00+00:00,0.009870000183582306,0.009879999794065952,0.009829999879002571,0.009829999879002571,7897
2026-04-30 00:45:00+00:00,0.009920000098645687,0.009920000098645687,0.009859999641776085,0.009870000183582306,14862
2026-04-30 01:00:00+00:00,0.009890000335872173,0.009920000098645687,0.009890000335872173,0.009920000098645687,4410
2026-04-30 01:15:00+00:00,0.009890000335872173,0.009890000335872173,0.009870000183582306,0.009890000335872173,247
2026-04-30 01:30:00+00:00,0.009879999794065952,0.009920000098645687,0.009879999794065952,0.009890000335872173,10127
2026-04-30 01:45:00+00:00,0.009890000335872173,0.009890000335872173,0.009879999794065952,0.009879999794065952,1190
2026-04-30 02:00:00+00:00,0.009879999794065952,0.009909999556839466,0.009879999794065952,0.009890000335872173,1509
2026-04-30 02:15:00+00:00,0.009879999794065952,0.009879999794065952,0.009870000183582306,0.009879999794065952,0
2026-04-30 02:30:00+00:00,0.00977999996393919,0.009879999794065952,0.00977999996393919,0.009879999794065952,0
2026-04-30 02:45:00+00:00,0.00977999996393919,0.00977999996393919,0.00977999996393919,0.00977999996393919,0
2026-04-30 03:00:00+00:00,0.009739999659359455,0.009789999574422836,0.009739999659359455,0.00977999996393919,1817
2026-04-30 03:15:00+00:00,0.009770000353455544,0.00977999996393919,0.009739999659359455,0.009739999659359455,14869
2026-04-30 03:30:00+00:00,0.00977999996393919,0.00977999996393919,0.009770000353455544,0.009770000353455544,0
2026-04-30 03:45:00+00:00,0.009809999726712704,0.009809999726712704,0.00977999996393919,0.00977999996393919,0
2026-04-30 04:00:00+00:00,0.009759999811649323,0.009809999726712704,0.009750000201165676,0.009809999726712704,16204
2026-04-30 04:15:00+00:00,0.009759999811649323,0.009759999811649323,0.009730000048875809,0.009759999811649323,859
2026-04-30 04:30:00+00:00,0.009709999896585941,0.009759999811649323,0.009709999896585941,0.009759999811649323,1435
2026-04-30 04:45:00+00:00,0.009689999744296074,0.009709999896585941,0.009689999744296074,0.009709999896585941,14728
2026-04-30 05:00:00+00:00,0.009730000048875809,0.009730000048875809,0.009689999744296074,0.009689999744296074,0
2026-04-30 05:15:00+00:00,0.009669999592006207,0.009730000048875809,0.009669999592006207,0.009730000048875809,16567
2026-04-30 05:30:00+00:00,0.009730000048875809,0.009730000048875809,0.009669999592006207,0.009669999592006207,1676
2026-04-30 05:45:00+00:00,0.009709999896585941,0.009730000048875809,0.009709999896585941,0.009730000048875809,8481
2026-04-30 06:00:00+00:00,0.009720000438392162,0.009720000438392162,0.009709999896585941,0.009709999896585941,0
2026-04-30 06:15:00+00:00,0.009739999659359455,0.009739999659359455,0.009720000438392162,0.009720000438392162,5004
2026-04-30 06:30:00+00:00,0.009730000048875809,0.009730000048875809,0.009730000048875809,0.009730000048875809,0
2026-04-30 06:45:00+00:00,0.009730000048875809,0.009730000048875809,0.009730000048875809,0.009730000048875809,980
2026-04-30 07:00:00+00:00,0.00977999996393919,0.00977999996393919,0.009730000048875809,0.009730000048875809,15767
2026-04-30 07:15:00+00:00,0.00977999996393919,0.00977999996393919,0.00977999996393919,0.00977999996393919,1243
2026-04-30 07:30:00+00:00,0.009809999726712704,0.009809999726712704,0.00977999996393919,0.00977999996393919,31096
2026-04-30 07:45:00+00:00,0.009820000268518925,0.009840000420808792,0.009820000268518925,0.009820000268518925,18128
2026-04-30 08:00:00+00:00,0.009840000420808792,0.009840000420808792,0.009820000268518925,0.009820000268518925,0
2026-04-30 08:15:00+00:00,0.009840000420808792,0.009840000420808792,0.009840000420808792,0.009840000420808792,8730
2026-04-30 08:30:00+00:00,0.009840000420808792,0.009840000420808792,0.009840000420808792,0.009840000420808792,5011
2026-04-30 08:45:00+00:00,0.009800000116229057,0.009840000420808792,0.009800000116229057,0.009840000420808792,4991
2026-04-30 09:00:00+00:00,0.009829999879002571,0.009829999879002571,0.009800000116229057,0.009800000116229057,0
2026-04-30 09:15:00+00:00,0.009840000420808792,0.009840000420808792,0.009829999879002571,0.009829999879002571,90
2026-04-30 09:30:00+00:00,0.009859999641776085,0.009879999794065952,0.009840000420808792,0.009840000420808792,7332
2026-04-30 09:45:00+00:00,0.009879999794065952,0.009879999794065952,0.009859999641776085,0.009859999641776085,3597
2026-04-30 10:00:00+00:00,0.009840000420808792,0.009879999794065952,0.009829999879002571,0.009879999794065952,0
2026-04-30 10:15:00+00:00,0.009840000420808792,0.009840000420808792,0.009840000420808792,0.009840000420808792,2880
2026-04-30 10:30:00+00:00,0.009809999726712704,0.009840000420808792,0.009800000116229057,0.009840000420808792,0
2026-04-30 10:45:00+00:00,0.009800000116229057,0.009809999726712704,0.009789999574422836,0.009809999726712704,5817
2026-04-30 11:00:00+00:00,0.009800000116229057,0.009809999726712704,0.00977999996393919,0.009800000116229057,34700
2026-04-30 11:15:00+00:00,0.009789999574422836,0.009829999879002571,0.009789999574422836,0.009800000116229057,43492
2026-04-30 11:30:00+00:00,0.00977999996393919,0.009800000116229057,0.00977999996393919,0.009789999574422836,3377
2026-04-30 11:45:00+00:00,0.009789999574422836,0.009789999574422836,0.009739999659359455,0.00977999996393919,14085
2026-04-30 12:00:00+00:00,0.009809999726712704,0.009809999726712704,0.009789999574422836,0.009789999574422836,0
2026-04-30 12:15:00+00:00,0.009809999726712704,0.009829999879002571,0.009809999726712704,0.009809999726712704,3041
2026-04-30 12:30:00+00:00,0.009800000116229057,0.009809999726712704,0.009800000116229057,0.009809999726712704,0
2026-04-30 12:45:00+00:00,0.009800000116229057,0.009809999726712704,0.00977999996393919,0.009800000116229057,5242
2026-04-30 13:00:00+00:00,0.009840000420808792,0.009840000420808792,0.009800000116229057,0.009800000116229057,10298
2026-04-30 13:15:00+00:00,0.009820000268518925,0.009840000420808792,0.009820000268518925,0.009840000420808792,38204
2026-04-30 13:30:00+00:00,0.009829999879002571,0.009829999879002571,0.009820000268518925,0.009820000268518925,0
2026-04-30 13:45:00+00:00,0.009829999879002571,0.009829999879002571,0.009829999879002571,0.009829999879002571,0
2026-04-30 14:00:00+00:00,0.009829999879002571,0.009859999641776085,0.009820000268518925,0.009829999879002571,4811
2026-04-30 14:15:00+00:00,0.009809999726712704,0.009829999879002571,0.009809999726712704,0.009829999879002571,36551
2026-04-30 14:30:00+00:00,0.009809999726712704,0.009809999726712704,0.009809999726712704,0.009809999726712704,8080
2026-04-30 14:45:00+00:00,0.009850000031292439,0.009850000031292439,0.009850000031292439,0.009850000031292439,0
2026-04-30 15:00:00+00:00,0.009820000268518925,0.009850000031292439,0.009820000268518925,0.009850000031292439,2802
2026-04-30 15:15:00+00:00,0.009820000268518925,0.009820000268518925,0.009820000268518925,0.009820000268518925,10075
2026-04-30 15:30:00+00:00,0.009840000420808792,0.009840000420808792,0.009820000268518925,0.009820000268518925,0
2026-04-30 15:45:00+00:00,0.009850000031292439,0.009850000031292439,0.009789999574422836,0.009840000420808792,0
2026-04-30 16:00:00+00:00,0.00989999994635582,0.009909999556839466,0.009850000031292439,0.009850000031292439,0
2026-04-30 16:15:00+00:00,0.009850000031292439,0.009920000098645687,0.009850000031292439,0.00989999994635582,0
2026-04-30 16:30:00+00:00,0.009829999879002571,0.009870000183582306,0.009829999879002571,0.009850000031292439,31883
2026-04-30 16:45:00+00:00,0.009879999794065952,0.009879999794065952,0.009829999879002571,0.009829999879002571,4826
2026-04-30 17:00:00+00:00,0.009879999794065952,0.009879999794065952,0.009879999794065952,0.009879999794065952,0
2026-04-30 17:15:00+00:00,0.009850000031292439,0.009879999794065952,0.009850000031292439,0.009879999794065952,0
2026-04-30 17:30:00+00:00,0.009840000420808792,0.009870000183582306,0.009840000420808792,0.009850000031292439,0
2026-04-30 17:45:00+00:00,0.009859999641776085,0.009859999641776085,0.009840000420808792,0.009840000420808792,4545
2026-04-30 18:00:00+00:00,0.009859999641776085,0.009859999641776085,0.009850000031292439,0.009850000031292439,0
2026-04-30 18:15:00+00:00,0.009859999641776085,0.009859999641776085,0.009859999641776085,0.009859999641776085,0
2026-04-30 18:30:00+00:00,0.009840000420808792,0.009859999641776085,0.009840000420808792,0.009859999641776085,0
2026-04-30 18:45:00+00:00,0.009859999641776085,0.009870000183582306,0.009840000420808792,0.009840000420808792,0
2026-04-30 19:00:00+00:00,0.009850000031292439,0.009859999641776085,0.009829999879002571,0.009859999641776085,8856
2026-04-30 19:15:00+00:00,0.009859999641776085,0.009859999641776085,0.009850000031292439,0.009850000031292439,0
2026-04-30 19:30:00+00:00,0.009829999879002571,0.009859999641776085,0.009829999879002571,0.009859999641776085,0
2026-04-30 19:45:00+00:00,0.009789999574422836,0.009829999879002571,0.009789999574422836,0.009829999879002571,0
2026-04-30 20:00:00+00:00,0.009820000268518925,0.009820000268518925,0.00977999996393919,0.00977999996393919,16187
2026-04-30 20:15:00+00:00,0.009800000116229057,0.009820000268518925,0.009800000116229057,0.009820000268518925,4647
2026-04-30 20:30:00+00:00,0.009809999726712704,0.009809999726712704,0.009800000116229057,0.009800000116229057,486
2026-04-30 20:45:00+00:00,0.00977999996393919,0.009809999726712704,0.00977999996393919,0.009809999726712704,1476
2026-04-30 21:00:00+00:00,0.009800000116229057,0.009800000116229057,0.009789999574422836,0.009789999574422836,0
2026-04-30 21:15:00+00:00,0.009800000116229057,0.009809999726712704,0.009800000116229057,0.009800000116229057,1875
2026-04-30 21:30:00+00:00,0.009829999879002571,0.009829999879002571,0.009800000116229057,0.009800000116229057,200
2026-04-30 21:45:00+00:00,0.00989999994635582,0.009929999709129333,0.009829999879002571,0.009829999879002571,101296
2026-04-30 22:00:00+00:00,0.009920000098645687,0.009920000098645687,0.009890000335872173,0.009890000335872173,73198
2026-04-30 22:15:00+00:00,0.009960000403225422,0.009960000403225422,0.009920000098645687,0.009920000098645687,8339
2026-04-30 22:30:00+00:00,0.009929999709129333,0.010010000318288803,0.009929999709129333,0.009949999861419201,65817
2026-04-30 22:45:00+00:00,0.009920000098645687,0.009929999709129333,0.009920000098645687,0.009929999709129333,7103
2026-04-30 23:00:00+00:00,0.009940000250935555,0.009949999861419201,0.009920000098645687,0.009920000098645687,11984
2026-04-30 23:15:00+00:00,0.009970000013709068,0.009970000013709068,0.009940000250935555,0.009940000250935555,17023
2026-04-30 23:30:00+00:00,0.009960000403225422,0.009999999776482582,0.009940000250935555,0.009970000013709068,10785
2026-04-30 23:45:00+00:00,0.01001999992877245,0.01001999992877245,0.009960000403225422,0.009960000403225422,18976
2026-05-01 00:00:00+00:00,0.010010000318288803,0.010060000233352184,0.009999999776482582,0.010029999539256096,56971
2026-05-01 00:15:00+00:00,0.009999999776482582,0.010010000318288803,0.009960000403225422,0.010010000318288803,59715
2026-05-01 00:30:00+00:00,0.009979999624192715,0.009999999776482582,0.009970000013709068,0.009999999776482582,19760
2026-05-01 00:45:00+00:00,0.009949999861419201,0.009999999776482582,0.009949999861419201,0.009979999624192715,443
2026-05-01 01:00:00+00:00,0.010010000318288803,0.010010000318288803,0.009949999861419201,0.009949999861419201,43647
2026-05-01 01:15:00+00:00,0.009979999624192715,0.010010000318288803,0.009979999624192715,0.010010000318288803,5368
2026-05-01 01:30:00+00:00,0.010010000318288803,0.010010000318288803,0.009970000013709068,0.009979999624192715,0
2026-05-01 01:45:00+00:00,0.010029999539256096,0.010029999539256096,0.010010000318288803,0.010010000318288803,22111
2026-05-01 02:00:00+00:00,0.010010000318288803,0.010029999539256096,0.010010000318288803,0.010029999539256096,937
2026-05-01 02:15:00+00:00,0.01001999992877245,0.01001999992877245,0.010010000318288803,0.010010000318288803,2642
2026-05-01 02:30:00+00:00,0.010089999996125698,0.010089999996125698,0.01001999992877245,0.01001999992877245,37767
2026-05-01 02:45:00+00:00,0.010060000233352184,0.0101500004529953,0.010060000233352184,0.010089999996125698,76325
2026-05-01 03:00:00+00:00,0.010089999996125698,0.010089999996125698,0.010049999691545963,0.010060000233352184,23089
2026-05-01 03:15:00+00:00,0.010130000300705433,0.010130000300705433,0.010089999996125698,0.010089999996125698,4766
2026-05-01 03:30:00+00:00,0.010080000385642052,0.010130000300705433,0.010080000385642052,0.010130000300705433,6752
2026-05-01 03:45:00+00:00,0.01006999984383583,0.010080000385642052,0.010060000233352184,0.010080000385642052,61722
2026-05-01 04:00:00+00:00,0.010049999691545963,0.01006999984383583,0.010040000081062317,0.01006999984383583,1632
2026-05-01 04:15:00+00:00,0.009979999624192715,0.010049999691545963,0.009979999624192715,0.010049999691545963,0
2026-05-01 04:30:00+00:00,0.009999999776482582,0.009999999776482582,0.009970000013709068,0.009979999624192715,7614
2026-05-01 04:45:00+00:00,0.009979999624192715,0.01001999992877245,0.009979999624192715,0.009999999776482582,2037
2026-05-01 05:00:00+00:00,0.009990000165998936,0.009990000165998936,0.009979999624192715,0.009979999624192715,9363
2026-05-01 05:15:00+00:00,0.009990000165998936,0.009990000165998936,0.009990000165998936,0.009990000165998936,0
2026-05-01 05:30:00+00:00,0.009960000403225422,0.009990000165998936,0.009960000403225422,0.009990000165998936,489
2026-05-01 05:45:00+00:00,0.009949999861419201,0.009960000403225422,0.009949999861419201,0.009960000403225422,0
2026-05-01 06:00:00+00:00,0.009970000013709068,0.009970000013709068,0.009929999709129333,0.009949999861419201,16256
2026-05-01 06:15:00+00:00,0.009970000013709068,0.009970000013709068,0.009970000013709068,0.009970000013709068,18738
2026-05-01 06:30:00+00:00,0.009920000098645687,0.009970000013709068,0.00989999994635582,0.009970000013709068,13360
2026-05-01 06:45:00+00:00,0.00989999994635582,0.009920000098645687,0.00989999994635582,0.009920000098645687,13228
2026-05-01 07:00:00+00:00,0.009890000335872173,0.00989999994635582,0.009890000335872173,0.00989999994635582,6244
2026-05-01 07:15:00+00:00,0.009879999794065952,0.009920000098645687,0.009879999794065952,0.009920000098645687,3253
2026-05-01 07:30:00+00:00,0.009870000183582306,0.009879999794065952,0.009859999641776085,0.009879999794065952,9897
2026-05-01 07:45:00+00:00,0.009909999556839466,0.009909999556839466,0.009870000183582306,0.009870000183582306,0
2026-05-01 08:00:00+00:00,0.009940000250935555,0.009940000250935555,0.009909999556839466,0.009909999556839466,4352
2026-05-01 08:15:00+00:00,0.009909999556839466,0.009940000250935555,0.009909999556839466,0.009940000250935555,6661
2026-05-01 08:30:00+00:00,0.009909999556839466,0.009909999556839466,0.009909999556839466,0.009909999556839466,2595
2026-05-01 08:45:00+00:00,0.009920000098645687,0.009920000098645687,0.009909999556839466,0.009909999556839466,3850
2026-05-01 09:00:00+00:00,0.009920000098645687,0.009920000098645687,0.009920000098645687,0.009920000098645687,3203
2026-05-01 09:15:00+00:00,0.00989999994635582,0.009920000098645687,0.00989999994635582,0.009920000098645687,2682
2026-05-01 09:30:00+00:00,0.00989999994635582,0.009929999709129333,0.009890000335872173,0.00989999994635582,13131
2026-05-01 09:45:00+00:00,0.009879999794065952,0.00989999994635582,0.009879999794065952,0.00989999994635582,6857
2026-05-01 10:00:00+00:00,0.009809999726712704,0.009879999794065952,0.009809999726712704,0.009879999794065952,11421
2026-05-01 10:15:00+00:00,0.009870000183582306,0.009870000183582306,0.009809999726712704,0.009809999726712704,7527
2026-05-01 10:30:00+00:00,0.009859999641776085,0.009870000183582306,0.009850000031292439,0.009870000183582306,2351
2026-05-01 10:45:00+00:00,0.009870000183582306,0.009870000183582306,0.009850000031292439,0.009850000031292439,2365
2026-05-01 11:00:00+00:00,0.009890000335872173,0.009890000335872173,0.009870000183582306,0.009870000183582306,2656
2026-05-01 11:15:00+00:00,0.009890000335872173,0.009909999556839466,0.009890000335872173,0.009890000335872173,2136
2026-05-01 11:30:00+00:00,0.009850000031292439,0.009890000335872173,0.009850000031292439,0.009890000335872173,2182
2026-05-01 11:45:00+00:00,0.009870000183582306,0.009870000183582306,0.009850000031292439,0.009850000031292439,1270
2026-05-01 12:00:00+00:00,0.009840000420808792,0.009870000183582306,0.009840000420808792,0.009870000183582306,20764
2026-05-01 12:15:00+00:00,0.00989999994635582,0.00989999994635582,0.009840000420808792,0.009840000420808792,566
2026-05-01 12:30:00+00:00,0.009960000403225422,0.009960000403225422,0.00989999994635582,0.00989999994635582,110472
2026-05-01 12:45:00+00:00,0.009920000098645687,0.009960000403225422,0.009920000098645687,0.009949999861419201,5826
2026-05-01 13:00:00+00:00,0.009949999861419201,0.009960000403225422,0.009920000098645687,0.009920000098645687,0
2026-05-01 13:15:00+00:00,0.009929999709129333,0.009960000403225422,0.009920000098645687,0.009949999861419201,1609
2026-05-01 13:30:00+00:00,0.009940000250935555,0.009949999861419201,0.009929999709129333,0.009929999709129333,25725
2026-05-01 13:45:00+00:00,0.009960000403225422,0.009960000403225422,0.009940000250935555,0.009940000250935555,32124
2026-05-01 14:00:00+00:00,0.009979999624192715,0.009999999776482582,0.009960000403225422,0.009960000403225422,1025
2026-05-01 14:15:00+00:00,0.010010000318288803,0.010010000318288803,0.009979999624192715,0.009979999624192715,19565
2026-05-01 14:30:00+00:00,0.010010000318288803,0.010040000081062317,0.009979999624192715,0.010010000318288803,67242
2026-05-01 14:45:00+00:00,0.009970000013709068,0.010010000318288803,0.009970000013709068,0.010010000318288803,16832
2026-05-01 15:00:00+00:00,0.009929999709129333,0.009970000013709068,0.009920000098645687,0.009970000013709068,15012
2026-05-01 15:15:00+00:00,0.009940000250935555,0.009940000250935555,0.009920000098645687,0.009929999709129333,29465
2026-05-01 15:30:00+00:00,0.009990000165998936,0.009990000165998936,0.009940000250935555,0.009940000250935555,15192
2026-05-01 15:45:00+00:00,0.009960000403225422,0.009990000165998936,0.009960000403225422,0.009990000165998936,26599
2026-05-01 16:00:00+00:00,0.009979999624192715,0.009990000165998936,0.009960000403225422,0.009960000403225422,18026
2026-05-01 16:15:00+00:00,0.009970000013709068,0.009990000165998936,0.009960000403225422,0.009979999624192715,14292
2026-05-01 16:30:00+00:00,0.009990000165998936,0.009990000165998936,0.009960000403225422,0.009970000013709068,3106
2026-05-01 16:45:00+00:00,0.010049999691545963,0.010049999691545963,0.009990000165998936,0.009990000165998936,29161
2026-05-01 17:00:00+00:00,0.010049999691545963,0.010080000385642052,0.010040000081062317,0.010049999691545963,67821
2026-05-01 17:15:00+00:00,0.010130000300705433,0.010160000063478947,0.010049999691545963,0.010049999691545963,81707
2026-05-01 17:30:00+00:00,0.010200000368058681,0.010219999589025974,0.010119999758899212,0.010119999758899212,545058
2026-05-01 17:45:00+00:00,0.010239999741315842,0.010289999656379223,0.010169999673962593,0.010200000368058681,73949
2026-05-01 18:00:00+00:00,0.01027000043541193,0.01027000043541193,0.010219999589025974,0.010239999741315842,123139
2026-05-01 18:15:00+00:00,0.01027000043541193,0.01027000043541193,0.010209999978542328,0.01027000043541193,79183
2026-05-01 18:30:00+00:00,0.010250000283122063,0.010289999656379223,0.010239999741315842,0.010289999656379223,44366
2026-05-01 18:45:00+00:00,0.010289999656379223,0.010359999723732471,0.010250000283122063,0.010250000283122063,170577
2026-05-01 19:00:00+00:00,0.010289999656379223,0.010289999656379223,0.010289999656379223,0.010289999656379223,42085
2026-05-01 19:15:00+00:00,0.010289999656379223,0.01030999980866909,0.010280000045895576,0.010289999656379223,23227
2026-05-01 19:30:00+00:00,0.010289999656379223,0.01030999980866909,0.010280000045895576,0.010289999656379223,23570
2026-05-01 19:45:00+00:00,0.010219999589025974,0.010289999656379223,0.010219999589025974,0.010289999656379223,101158
2026-05-01 20:00:00+00:00,0.010329999960958958,0.010359999723732471,0.010219999589025974,0.010219999589025974,100489
2026-05-01 20:15:00+00:00,0.010320000350475311,0.010329999960958958,0.01030999980866909,0.010329999960958958,64952
2026-05-01 20:30:00+00:00,0.010219999589025974,0.010320000350475311,0.010219999589025974,0.010320000350475311,36479
2026-05-01 20:45:00+00:00,0.010160000063478947,0.010239999741315842,0.01013999991118908,0.010219999589025974,72935
2026-05-01 21:00:00+00:00,0.0101500004529953,0.010200000368058681,0.0101500004529953,0.010160000063478947,30743
2026-05-01 21:15:00+00:00,0.010160000063478947,0.010160000063478947,0.0101500004529953,0.0101500004529953,12443
2026-05-01 21:30:00+00:00,0.010200000368058681,0.010200000368058681,0.010160000063478947,0.010160000063478947,43067
2026-05-01 21:45:00+00:00,0.010200000368058681,0.010200000368058681,0.010200000368058681,0.010200000368058681,0
2026-05-01 22:00:00+00:00,0.010230000130832195,0.010259999893605709,0.010200000368058681,0.010200000368058681,43638
2026-05-01 22:15:00+00:00,0.010219999589025974,0.010259999893605709,0.010219999589025974,0.010230000130832195,55591
2026-05-01 22:30:00+00:00,0.010250000283122063,0.010250000283122063,0.010250000283122063,0.010250000283122063,15139
2026-05-01 22:45:00+00:00,0.010200000368058681,0.010230000130832195,0.010180000215768814,0.010230000130832195,31499
2026-05-01 23:00:00+00:00,0.010209999978542328,0.010209999978542328,0.010180000215768814,0.010200000368058681,5176
2026-05-01 23:15:00+00:00,0.010130000300705433,0.010209999978542328,0.010130000300705433,0.010209999978542328,0
2026-05-01 23:30:00+00:00,0.010200000368058681,0.010200000368058681,0.010130000300705433,0.010130000300705433,4580
2026-05-01 23:45:00+00:00,0.010160000063478947,0.010200000368058681,0.010160000063478947,0.010200000368058681,1062
2026-05-02 00:00:00+00:00,0.010119999758899212,0.010160000063478947,0.010119999758899212,0.010160000063478947,0
2026-05-02 00:15:00+00:00,0.010130000300705433,0.0101500004529953,0.010119999758899212,0.010119999758899212,0
2026-05-02 00:30:00+00:00,0.010119999758899212,0.010130000300705433,0.010110000148415565,0.010130000300705433,3745
2026-05-02 00:45:00+00:00,0.01018999982625246,0.01018999982625246,0.010119999758899212,0.010119999758899212,3477
2026-05-02 01:00:00+00:00,0.010250000283122063,0.01027000043541193,0.01018999982625246,0.01018999982625246,37616
2026-05-02 01:15:00+00:00,0.010239999741315842,0.01027000043541193,0.010239999741315842,0.010250000283122063,3193
2026-05-02 01:30:00+00:00,0.010219999589025974,0.010250000283122063,0.010219999589025974,0.010239999741315842,17055
2026-05-02 01:45:00+00:00,0.010209999978542328,0.010219999589025974,0.010209999978542328,0.010219999589025974,20546
2026-05-02 02:00:00+00:00,0.010230000130832195,0.010239999741315842,0.010209999978542328,0.010209999978542328,23291
2026-05-02 02:15:00+00:00,0.010230000130832195,0.010230000130832195,0.010230000130832195,0.010230000130832195,3366
2026-05-02 02:30:00+00:00,0.010250000283122063,0.010250000283122063,0.010230000130832195,0.010230000130832195,2124
2026-05-02 02:45:00+00:00,0.010200000368058681,0.010250000283122063,0.010200000368058681,0.010250000283122063,0
2026-05-02 03:00:00+00:00,0.010200000368058681,0.010200000368058681,0.010180000215768814,0.010200000368058681,0
2026-05-02 03:15:00+00:00,0.010230000130832195,0.010230000130832195,0.010200000368058681,0.010200000368058681,20294
2026-05-02 03:30:00+00:00,0.01018999982625246,0.010230000130832195,0.01018999982625246,0.010230000130832195,0
2026-05-02 03:45:00+00:00,0.010180000215768814,0.01018999982625246,0.010180000215768814,0.01018999982625246,1662
2026-05-02 04:00:00+00:00,0.01013999991118908,0.01018999982625246,0.01013999991118908,0.010180000215768814,4893
2026-05-02 04:15:00+00:00,0.01013999991118908,0.01013999991118908,0.01013999991118908,0.01013999991118908,0
2026-05-02 04:30:00+00:00,0.0101500004529953,0.0101500004529953,0.01013999991118908,0.01013999991118908,2614
2026-05-02 04:45:00+00:00,0.0101500004529953,0.0101500004529953,0.0101500004529953,0.0101500004529953,0
2026-05-02 05:00:00+00:00,0.010160000063478947,0.010180000215768814,0.0101500004529953,0.0101500004529953,14715
2026-05-02 05:15:00+00:00,0.010130000300705433,0.010160000063478947,0.010130000300705433,0.010160000063478947,23409
2026-05-02 05:30:00+00:00,0.010130000300705433,0.01013999991118908,0.010130000300705433,0.01013999991118908,17277
2026-05-02 05:45:00+00:00,0.010119999758899212,0.010160000063478947,0.010119999758899212,0.0101500004529953,19421
2026-05-02 06:00:00+00:00,0.0101500004529953,0.0101500004529953,0.010119999758899212,0.010119999758899212,12414
2026-05-02 06:15:00+00:00,0.0101500004529953,0.0101500004529953,0.010110000148415565,0.0101500004529953,0
2026-05-02 06:30:00+00:00,0.010110000148415565,0.010110000148415565,0.010110000148415565,0.010110000148415565,1095
2026-05-02 06:45:00+00:00,0.010099999606609344,0.010110000148415565,0.010080000385642052,0.010110000148415565,2759
2026-05-02 07:00:00+00:00,0.010049999691545963,0.010110000148415565,0.010049999691545963,0.010099999606609344,272786
2026-05-02 07:15:00+00:00,0.010089999996125698,0.0101500004529953,0.010049999691545963,0.010049999691545963,80499
2026-05-02 07:30:00+00:00,0.010099999606609344,0.010099999606609344,0.010089999996125698,0.010089999996125698,7183
2026-05-02 07:45:00+00:00,0.01013999991118908,0.01013999991118908,0.010099999606609344,0.010099999606609344,19309
2026-05-02 08:00:00+00:00,0.010130000300705433,0.01013999991118908,0.010130000300705433,0.01013999991118908,28475
2026-05-02 08:15:00+00:00,0.010040000081062317,0.010130000300705433,0.010040000081062317,0.010130000300705433,50723
2026-05-02 08:30:00+00:00,0.010089999996125698,0.010089999996125698,0.010040000081062317,0.010040000081062317,7882
2026-05-02 08:45:00+00:00,0.010089999996125698,0.010089999996125698,0.010089999996125698,0.010089999996125698,12086
2026-05-02 09:00:00+00:00,0.01013999991118908,0.0101500004529953,0.010089999996125698,0.010089999996125698,3454
2026-05-02 09:15:00+00:00,0.010169999673962593,0.010180000215768814,0.01013999991118908,0.01013999991118908,21769
2026-05-02 09:30:00+00:00,0.010200000368058681,0.010200000368058681,0.010160000063478947,0.010169999673962593,2401
2026-05-02 09:45:00+00:00,0.010130000300705433,0.010200000368058681,0.010130000300705433,0.010200000368058681,20399
2026-05-02 10:00:00+00:00,0.010130000300705433,0.010130000300705433,0.010130000300705433,0.010130000300705433,43131
2026-05-02 10:15:00+00:00,0.010169999673962593,0.010169999673962593,0.010130000300705433,0.010130000300705433,6000
2026-05-02 10:30:00+00:00,0.010180000215768814,0.01018999982625246,0.010169999673962593,0.010169999673962593,13530
2026-05-02 10:45:00+00:00,0.010180000215768814,0.01018999982625246,0.010160000063478947,0.010180000215768814,16117
2026-05-02 11:00:00+00:00,0.010160000063478947,0.010180000215768814,0.010160000063478947,0.010180000215768814,7380
2026-05-02 11:15:00+00:00,0.010160000063478947,0.010160000063478947,0.010160000063478947,0.010160000063478947,4465
2026-05-02 11:30:00+00:00,0.010119999758899212,0.010160000063478947,0.010119999758899212,0.010160000063478947,4854
2026-05-02 11:45:00+00:00,0.010130000300705433,0.010130000300705433,0.010119999758899212,0.010119999758899212,6783
2026-05-02 12:00:00+00:00,0.010099999606609344,0.010130000300705433,0.010099999606609344,0.010130000300705433,0
2026-05-02 12:15:00+00:00,0.010160000063478947,0.010160000063478947,0.010099999606609344,0.010099999606609344,12512
2026-05-02 12:30:00+00:00,0.010160000063478947,0.010160000063478947,0.010160000063478947,0.010160000063478947,0
2026-05-02 12:45:00+00:00,0.010160000063478947,0.010160000063478947,0.010160000063478947,0.010160000063478947,8412
2026-05-02 13:00:00+00:00,0.010160000063478947,0.010169999673962593,0.010160000063478947,0.010160000063478947,23949
2026-05-02 13:15:00+00:00,0.010219999589025974,0.010219999589025974,0.010160000063478947,0.010160000063478947,2915
2026-05-02 13:30:00+00:00,0.010230000130832195,0.010239999741315842,0.010209999978542328,0.010219999589025974,34547
2026-05-02 13:45:00+00:00,0.01018999982625246,0.010230000130832195,0.01018999982625246,0.010230000130832195,23480
2026-05-02 14:00:00+00:00,0.010250000283122063,0.010250000283122063,0.01018999982625246,0.01018999982625246,53932
2026-05-02 14:15:00+00:00,0.010289999656379223,0.010289999656379223,0.010239999741315842,0.010250000283122063,34225
2026-05-02 14:30:00+00:00,0.010239999741315842,0.010289999656379223,0.010239999741315842,0.010289999656379223,0
2026-05-02 14:45:00+00:00,0.010250000283122063,0.01027000043541193,0.010219999589025974,0.010239999741315842,12522
2026-05-02 15:00:00+00:00,0.010250000283122063,0.010250000283122063,0.010250000283122063,0.010250000283122063,0
2026-05-02 15:15:00+00:00,0.010259999893605709,0.010259999893605709,0.010239999741315842,0.010250000283122063,8465
2026-05-02 15:30:00+00:00,0.01027000043541193,0.01027000043541193,0.010239999741315842,0.010259999893605709,0
2026-05-02 15:45:00+00:00,0.01027000043541193,0.01027000043541193,0.01027000043541193,0.01027000043541193,0
2026-05-02 16:00:00+00:00,0.010300000198185444,0.01030999980866909,0.01027000043541193,0.01027000043541193,25062
2026-05-02 16:15:00+00:00,0.01030999980866909,0.010320000350475311,0.01030999980866909,0.010320000350475311,3457
2026-05-02 16:30:00+00:00,0.010300000198185444,0.01030999980866909,0.010280000045895576,0.01030999980866909,0
2026-05-02 16:45:00+00:00,0.010300000198185444,0.010300000198185444,0.010300000198185444,0.010300000198185444,6539
2026-05-02 17:00:00+00:00,0.010289999656379223,0.010300000198185444,0.010280000045895576,0.010300000198185444,0
2026-05-02 17:15:00+00:00,0.010259999893605709,0.010289999656379223,0.010259999893605709,0.010289999656379223,9392
2026-05-02 17:30:00+00:00,0.010230000130832195,0.010259999893605709,0.010230000130832195,0.010259999893605709,0
2026-05-02 17:45:00+00:00,0.010209999978542328,0.010230000130832195,0.010209999978542328,0.010230000130832195,2640
2026-05-02 18:00:00+00:00,0.01018999982625246,0.010230000130832195,0.010180000215768814,0.010209999978542328,0
2026-05-02 18:15:00+00:00,0.010219999589025974,0.010219999589025974,0.01018999982625246,0.01018999982625246,0
2026-05-02 18:30:00+00:00,0.010239999741315842,0.010250000283122063,0.010219999589025974,0.010219999589025974,14306
2026-05-02 18:45:00+00:00,0.010280000045895576,0.010280000045895576,0.010239999741315842,0.010239999741315842,0
2026-05-02 19:00:00+00:00,0.01030999980866909,0.01030999980866909,0.010280000045895576,0.010280000045895576,1862
2026-05-02 19:15:00+00:00,0.010259999893605709,0.010320000350475311,0.010259999893605709,0.010320000350475311,4668
2026-05-02 19:30:00+00:00,0.01027000043541193,0.010289999656379223,0.010259999893605709,0.010259999893605709,22328
2026-05-02 19:45:00+00:00,0.010289999656379223,0.010300000198185444,0.01027000043541193,0.01027000043541193,0
2026-05-02 20:00:00+00:00,0.01030999980866909,0.010320000350475311,0.010289999656379223,0.010289999656379223,0
2026-05-02 20:15:00+00:00,0.01030999980866909,0.01030999980866909,0.01030999980866909,0.01030999980866909,382
2026-05-02 20:30:00+00:00,0.010300000198185444,0.01030999980866909,0.010289999656379223,0.01030999980866909,21479
2026-05-02 20:45:00+00:00,0.01030999980866909,0.010329999960958958,0.010300000198185444,0.010300000198185444,5622
2026-05-02 21:00:00+00:00,0.010289999656379223,0.01030999980866909,0.010289999656379223,0.01030999980866909,13289
2026-05-02 21:15:00+00:00,0.010289999656379223,0.010289999656379223,0.010280000045895576,0.010280000045895576,0
2026-05-02 21:30:00+00:00,0.010289999656379223,0.010289999656379223,0.010289999656379223,0.010289999656379223,0
2026-05-02 21:45:00+00:00,0.010289999656379223,0.010289999656379223,0.010289999656379223,0.010289999656379223,9623
2026-05-02 22:00:00+00:00,0.010280000045895576,0.010289999656379223,0.010280000045895576,0.010289999656379223,46589
2026-05-02 22:15:00+00:00,0.010219999589025974,0.010280000045895576,0.010219999589025974,0.010280000045895576,6072
2026-05-02 22:30:00+00:00,0.010219999589025974,0.010219999589025974,0.010219999589025974,0.010219999589025974,41335
2026-05-02 22:45:00+00:00,0.010230000130832195,0.010230000130832195,0.010219999589025974,0.010219999589025974,10770
2026-05-02 23:00:00+00:00,0.0101500004529953,0.010230000130832195,0.01013999991118908,0.010230000130832195,22333
2026-05-02 23:15:00+00:00,0.010160000063478947,0.010160000063478947,0.01013999991118908,0.0101500004529953,38429
2026-05-02 23:30:00+00:00,0.010180000215768814,0.01018999982625246,0.010160000063478947,0.010160000063478947,6485
2026-05-02 23:45:00+00:00,0.0101500004529953,0.010180000215768814,0.0101500004529953,0.010180000215768814,3120
2026-05-03 00:00:00+00:00,0.010089999996125698,0.0101500004529953,0.010080000385642052,0.0101500004529953,0
2026-05-03 00:15:00+00:00,0.010099999606609344,0.010099999606609344,0.010060000233352184,0.010089999996125698,4867
2026-05-03 00:30:00+00:00,0.010119999758899212,0.010119999758899212,0.010099999606609344,0.010099999606609344,1916
2026-05-03 00:45:00+00:00,0.010099999606609344,0.010119999758899212,0.010099999606609344,0.010119999758899212,0
2026-05-03 01:00:00+00:00,0.010029999539256096,0.010099999606609344,0.009999999776482582,0.010099999606609344,0
2026-05-03 01:15:00+00:00,0.010010000318288803,0.010040000081062317,0.009979999624192715,0.010029999539256096,11207
2026-05-03 01:30:00+00:00,0.009960000403225422,0.010010000318288803,0.009960000403225422,0.010010000318288803,2322
2026-05-03 01:45:00+00:00,0.01001999992877245,0.01001999992877245,0.009960000403225422,0.009960000403225422,574
2026-05-03 02:00:00+00:00,0.00989999994635582,0.010049999691545963,0.00989999994635582,0.01001999992877245,40345
2026-05-03 02:15:00+00:00,0.009949999861419201,0.009949999861419201,0.00989999994635582,0.00989999994635582,58956
2026-05-03 02:30:00+00:00,0.009960000403225422,0.009960000403225422,0.009949999861419201,0.009949999861419201,21162
2026-05-03 02:45:00+00:00,0.009940000250935555,0.009970000013709068,0.009929999709129333,0.009960000403225422,24280
2026-05-03 03:00:00+00:00,0.009940000250935555,0.009940000250935555,0.009940000250935555,0.009940000250935555,2205
2026-05-03 03:15:00+00:00,0.009929999709129333,0.009940000250935555,0.009929999709129333,0.009940000250935555,0
2026-05-03 03:30:00+00:00,0.009979999624192715,0.009979999624192715,0.009929999709129333,0.009929999709129333,7030
2026-05-03 03:45:00+00:00,0.009979999624192715,0.009979999624192715,0.009979999624192715,0.009979999624192715,10440
2026-05-03 04:00:00+00:00,0.009940000250935555,0.009979999624192715,0.009940000250935555,0.009979999624192715,4258
2026-05-03 04:15:00+00:00,0.009940000250935555,0.009940000250935555,0.009940000250935555,0.009940000250935555,10930
2026-05-03 04:30:00+00:00,0.009970000013709068,0.009970000013709068,0.009940000250935555,0.009940000250935555,7843
2026-05-03 04:45:00+00:00,0.009970000013709068,0.009970000013709068,0.009970000013709068,0.009970000013709068,0
2026-05-03 05:00:00+00:00,0.009970000013709068,0.009970000013709068,0.009970000013709068,0.009970000013709068,0
2026-05-03 05:15:00+00:00,0.009970000013709068,0.009979999624192715,0.009960000403225422,0.009970000013709068,5815
2026-05-03 05:30:00+00:00,0.009970000013709068,0.009999999776482582,0.009970000013709068,0.009970000013709068,18016
2026-05-03 05:45:00+00:00,0.009970000013709068,0.009979999624192715,0.009970000013709068,0.009970000013709068,0
2026-05-03 06:00:00+00:00,0.009960000403225422,0.009970000013709068,0.009960000403225422,0.009970000013709068,1990
2026-05-03 06:15:00+00:00,0.009960000403225422,0.009960000403225422,0.009960000403225422,0.009960000403225422,11106
2026-05-03 06:30:00+00:00,0.009960000403225422,0.009960000403225422,0.009929999709129333,0.009960000403225422,4152
2026-05-03 06:45:00+00:00,0.009979999624192715,0.009979999624192715,0.009960000403225422,0.009960000403225422,2248
2026-05-03 07:00:00+00:00,0.009999999776482582,0.01001999992877245,0.009979999624192715,0.009979999624192715,0
2026-05-03 07:15:00+00:00,0.009970000013709068,0.009999999776482582,0.009970000013709068,0.009999999776482582,12821
2026-05-03 07:30:00+00:00,0.009979999624192715,0.009979999624192715,0.009960000403225422,0.009960000403225422,248
2026-05-03 07:45:00+00:00,0.009960000403225422,0.009979999624192715,0.009960000403225422,0.009979999624192715,0
2026-05-03 08:00:00+00:00,0.01006999984383583,0.01006999984383583,0.009940000250935555,0.009960000403225422,152305
2026-05-03 08:15:00+00:00,0.010010000318288803,0.01006999984383583,0.009999999776482582,0.01006999984383583,40532
2026-05-03 08:30:00+00:00,0.009999999776482582,0.010010000318288803,0.009999999776482582,0.010010000318288803,34977
2026-05-03 08:45:00+00:00,0.01001999992877245,0.01001999992877245,0.009999999776482582,0.009999999776482582,0
2026-05-03 09:00:00+00:00,0.010010000318288803,0.01001999992877245,0.010010000318288803,0.01001999992877245,10365
2026-05-03 09:15:00+00:00,0.01006999984383583,0.01006999984383583,0.010010000318288803,0.010010000318288803,0
2026-05-03 09:30:00+00:00,0.01006999984383583,0.01006999984383583,0.01006999984383583,0.01006999984383583,3302
2026-05-03 09:45:00+00:00,0.009990000165998936,0.01006999984383583,0.009990000165998936,0.01006999984383583,2377
2026-05-03 10:00:00+00:00,0.009990000165998936,0.009990000165998936,0.009990000165998936,0.009990000165998936,4636
2026-05-03 10:15:00+00:00,0.009990000165998936,0.009990000165998936,0.009990000165998936,0.009990000165998936,0
2026-05-03 10:30:00+00:00,0.009940000250935555,0.009990000165998936,0.009940000250935555,0.009990000165998936,124035
2026-05-03 10:45:00+00:00,0.009909999556839466,0.009940000250935555,0.00989999994635582,0.009940000250935555,84869
2026-05-03 11:00:00+00:00,0.010040000081062317,0.010040000081062317,0.00989999994635582,0.009909999556839466,149333
2026-05-03 11:15:00+00:00,0.010010000318288803,0.010040000081062317,0.009990000165998936,0.010040000081062317,41796
2026-05-03 11:30:00+00:00,0.010080000385642052,0.010080000385642052,0.010010000318288803,0.010010000318288803,6052
2026-05-03 11:45:00+00:00,0.010040000081062317,0.010080000385642052,0.010040000081062317,0.010080000385642052,27954
2026-05-03 12:00:00+00:00,0.010060000233352184,0.01006999984383583,0.010040000081062317,0.010040000081062317,8347
2026-05-03 12:15:00+00:00,0.010080000385642052,0.010089999996125698,0.010060000233352184,0.010060000233352184,15869
2026-05-03 12:30:00+00:00,0.010089999996125698,0.010089999996125698,0.010049999691545963,0.010080000385642052,23551
2026-05-03 12:45:00+00:00,0.010089999996125698,0.010089999996125698,0.010060000233352184,0.010089999996125698,25118
2026-05-03 13:00:00+00:00,0.010040000081062317,0.010089999996125698,0.010029999539256096,0.010089999996125698,3148
2026-05-03 13:15:00+00:00,0.010180000215768814,0.010180000215768814,0.010040000081062317,0.010040000081062317,82743
2026-05-03 13:30:00+00:00,0.010169999673962593,0.01027000043541193,0.0101500004529953,0.0101500004529953,15950
2026-05-03 13:45:00+00:00,0.01018999982625246,0.01018999982625246,0.010169999673962593,0.010169999673962593,124495
2026-05-03 14:00:00+00:00,0.010099999606609344,0.010209999978542328,0.010099999606609344,0.01018999982625246,11202
2026-05-03 14:15:00+00:00,0.010089999996125698,0.010110000148415565,0.010060000233352184,0.010099999606609344,96763
2026-05-03 14:30:00+00:00,0.010110000148415565,0.010110000148415565,0.010089999996125698,0.010089999996125698,3867
2026-05-03 14:45:00+00:00,0.010089999996125698,0.010110000148415565,0.010089999996125698,0.010110000148415565,917
2026-05-03 15:00:00+00:00,0.010119999758899212,0.010119999758899212,0.010089999996125698,0.010089999996125698,12076
2026-05-03 15:15:00+00:00,0.010060000233352184,0.010119999758899212,0.010060000233352184,0.010119999758899212,14228
2026-05-03 15:30:00+00:00,0.010099999606609344,0.010099999606609344,0.010060000233352184,0.010060000233352184,9077
2026-05-03 15:45:00+00:00,0.01006999984383583,0.010110000148415565,0.01006999984383583,0.010099999606609344,32712
2026-05-03 16:00:00+00:00,0.01006999984383583,0.010080000385642052,0.01006999984383583,0.01006999984383583,0
2026-05-03 16:15:00+00:00,0.010049999691545963,0.01006999984383583,0.010040000081062317,0.01006999984383583,7597
2026-05-03 16:30:00+00:00,0.010049999691545963,0.01006999984383583,0.010029999539256096,0.010049999691545963,17530
2026-05-03 16:45:00+00:00,0.010049999691545963,0.01006999984383583,0.010029999539256096,0.010049999691545963,73252
2026-05-03 17:00:00+00:00,0.01006999984383583,0.01006999984383583,0.009990000165998936,0.010049999691545963,39179
2026-05-03 17:15:00+00:00,0.01006999984383583,0.010089999996125698,0.010060000233352184,0.010060000233352184,77494
2026-05-03 17:30:00+00:00,0.010049999691545963,0.01006999984383583,0.010049999691545963,0.01006999984383583,2259
2026-05-03 17:45:00+00:00,0.010060000233352184,0.01006999984383583,0.010049999691545963,0.010049999691545963,12250
2026-05-03 18:00:00+00:00,0.010060000233352184,0.010099999606609344,0.010060000233352184,0.010060000233352184,0
2026-05-03 18:15:00+00:00,0.010060000233352184,0.010060000233352184,0.010029999539256096,0.010060000233352184,10192
2026-05-03 18:30:00+00:00,0.010049999691545963,0.010060000233352184,0.010049999691545963,0.010060000233352184,6504
2026-05-03 18:45:00+00:00,0.010119999758899212,0.010119999758899212,0.010049999691545963,0.010049999691545963,47784
2026-05-03 19:00:00+00:00,0.010099999606609344,0.010119999758899212,0.010099999606609344,0.010119999758899212,12841
2026-05-03 19:15:00+00:00,0.010099999606609344,0.010110000148415565,0.010099999606609344,0.010099999606609344,30191
2026-05-03 19:30:00+00:00,0.010119999758899212,0.010119999758899212,0.010099999606609344,0.010099999606609344,0
2026-05-03 19:45:00+00:00,0.010080000385642052,0.010119999758899212,0.010080000385642052,0.010119999758899212,4569
2026-05-03 20:00:00+00:00,0.010080000385642052,0.010099999606609344,0.010080000385642052,0.010080000385642052,0
2026-05-03 20:15:00+00:00,0.010130000300705433,0.010130000300705433,0.010080000385642052,0.010080000385642052,6617
2026-05-03 20:30:00+00:00,0.010130000300705433,0.010169999673962593,0.010119999758899212,0.010130000300705433,114041
2026-05-03 20:45:00+00:00,0.010089999996125698,0.010130000300705433,0.010089999996125698,0.010130000300705433,19812
2026-05-03 21:00:00+00:00,0.010099999606609344,0.010099999606609344,0.010080000385642052,0.010089999996125698,30071
2026-05-03 21:15:00+00:00,0.010060000233352184,0.010099999606609344,0.010060000233352184,0.010099999606609344,16581
2026-05-03 21:30:00+00:00,0.010010000318288803,0.010060000233352184,0.010010000318288803,0.010060000233352184,1405
2026-05-03 21:45:00+00:00,0.009990000165998936,0.009990000165998936,0.009970000013709068,0.009970000013709068,39095
2026-05-03 22:00:00+00:00,0.01006999984383583,0.01006999984383583,0.009990000165998936,0.009990000165998936,0
2026-05-03 22:15:00+00:00,0.010060000233352184,0.010080000385642052,0.010060000233352184,0.01006999984383583,37721
2026-05-03 22:30:00+00:00,0.010080000385642052,0.010080000385642052,0.010060000233352184,0.010060000233352184,0
2026-05-03 22:45:00+00:00,0.01006999984383583,0.010080000385642052,0.01006999984383583,0.010080000385642052,1249
2026-05-03 23:00:00+00:00,0.01006999984383583,0.01006999984383583,0.01006999984383583,0.01006999984383583,0
2026-05-03 23:15:00+00:00,0.010060000233352184,0.010080000385642052,0.010060000233352184,0.01006999984383583,1974
2026-05-03 23:30:00+00:00,0.010060000233352184,0.010060000233352184,0.010049999691545963,0.010060000233352184,12509
2026-05-03 23:45:00+00:00,0.010110000148415565,0.010110000148415565,0.010060000233352184,0.010060000233352184,47161
2026-05-04 00:00:00+00:00,0.010099999606609344,0.010110000148415565,0.010099999606609344,0.010110000148415565,56810
2026-05-04 00:15:00+00:00,0.010080000385642052,0.010099999606609344,0.010080000385642052,0.010099999606609344,0
2026-05-04 00:30:00+00:00,0.010099999606609344,0.010099999606609344,0.01006999984383583,0.010080000385642052,42171
2026-05-04 00:45:00+00:00,0.010329999960958958,0.010370000265538692,0.01006999984383583,0.010099999606609344,144985
2026-05-04 01:00:00+00:00,0.010329999960958958,0.010370000265538692,0.010280000045895576,0.010329999960958958,167050
2026-05-04 01:15:00+00:00,0.010300000198185444,0.010329999960958958,0.01027000043541193,0.010329999960958958,48402
2026-05-04 01:30:00+00:00,0.010379999876022339,0.01039000041782856,0.010259999893605709,0.010300000198185444,11523
2026-05-04 01:45:00+00:00,0.010289999656379223,0.010400000028312206,0.010289999656379223,0.010350000113248825,295055
2026-05-04 02:00:00+00:00,0.01030999980866909,0.010329999960958958,0.010259999893605709,0.010289999656379223,10444
2026-05-04 02:15:00+00:00,0.010370000265538692,0.010400000028312206,0.01030999980866909,0.01030999980866909,39246
2026-05-04 02:30:00+00:00,0.010400000028312206,0.010440000332891941,0.010370000265538692,0.010370000265538692,82837
2026-05-04 02:45:00+00:00,0.010459999553859234,0.010459999553859234,0.010400000028312206,0.010400000028312206,27913
2026-05-04 03:00:00+00:00,0.010449999943375587,0.010459999553859234,0.010409999638795853,0.010409999638795853,38210
2026-05-04 03:15:00+00:00,0.010420000180602074,0.010459999553859234,0.010409999638795853,0.010449999943375587,36055
2026-05-04 03:30:00+00:00,0.010459999553859234,0.010459999553859234,0.01039000041782856,0.010420000180602074,65787
2026-05-04 03:45:00+00:00,0.010490000247955322,0.010490000247955322,0.010459999553859234,0.010479999706149101,101302
2026-05-04 04:00:00+00:00,0.010490000247955322,0.010520000010728836,0.010440000332891941,0.010479999706149101,96143
2026-05-04 04:15:00+00:00,0.010529999621212482,0.010569999925792217,0.01042999979108572,0.010459999553859234,515833
2026-05-04 04:30:00+00:00,0.01051000040024519,0.010529999621212482,0.01051000040024519,0.010529999621212482,221618
2026-05-04 04:45:00+00:00,0.010459999553859234,0.01051000040024519,0.010449999943375587,0.01051000040024519,66959
2026-05-04 05:00:00+00:00,0.010420000180602074,0.010459999553859234,0.010420000180602074,0.010459999553859234,45564
2026-05-04 05:15:00+00:00,0.01039000041782856,0.01042999979108572,0.01039000041782856,0.010420000180602074,36285
2026-05-04 05:30:00+00:00,0.010470000095665455,0.010470000095665455,0.010400000028312206,0.010400000028312206,42004
2026-05-04 05:45:00+00:00,0.01042999979108572,0.010470000095665455,0.010420000180602074,0.010470000095665455,78305
2026-05-04 06:00:00+00:00,0.01042999979108572,0.010470000095665455,0.010409999638795853,0.01042999979108572,89754
2026-05-04 06:15:00+00:00,0.010449999943375587,0.010449999943375587,0.01042999979108572,0.01042999979108572,46516
2026-05-04 06:30:00+00:00,0.010359999723732471,0.010449999943375587,0.010320000350475311,0.010449999943375587,127693
2026-05-04 06:45:00+00:00,0.010400000028312206,0.010409999638795853,0.010359999723732471,0.010359999723732471,84746
2026-05-04 07:00:00+00:00,0.010449999943375587,0.010459999553859234,0.010400000028312206,0.010400000028312206,39590
2026-05-04 07:15:00+00:00,0.010400000028312206,0.010449999943375587,0.010400000028312206,0.010449999943375587,9404
2026-05-04 07:30:00+00:00,0.010329999960958958,0.010400000028312206,0.010329999960958958,0.010400000028312206,72561
2026-05-04 07:45:00+00:00,0.010359999723732471,0.010359999723732471,0.010329999960958958,0.010329999960958958,60056
2026-05-04 08:00:00+00:00,0.010350000113248825,0.010359999723732471,0.010339999571442604,0.010359999723732471,7561
2026-05-04 08:15:00+00:00,0.010350000113248825,0.010350000113248825,0.010350000113248825,0.010350000113248825,9228
2026-05-04 08:30:00+00:00,0.010379999876022339,0.010409999638795853,0.010350000113248825,0.010350000113248825,8289
2026-05-04 08:45:00+00:00,0.010359999723732471,0.010420000180602074,0.010359999723732471,0.010379999876022339,119286
2026-05-04 09:00:00+00:00,0.010359999723732471,0.010359999723732471,0.010339999571442604,0.010359999723732471,36260
2026-05-04 09:15:00+00:00,0.01042999979108572,0.010440000332891941,0.010379999876022339,0.010379999876022339,96286
2026-05-04 09:30:00+00:00,0.010420000180602074,0.01042999979108572,0.010409999638795853,0.01042999979108572,16492
2026-05-04 09:45:00+00:00,0.010420000180602074,0.010420000180602074,0.010420000180602074,0.010420000180602074,36688
2026-05-04 10:00:00+00:00,0.010209999978542328,0.010420000180602074,0.010209999978542328,0.010420000180602074,87512
2026-05-04 10:15:00+00:00,0.010160000063478947,0.010209999978542328,0.010160000063478947,0.010209999978542328,113215
2026-05-04 10:30:00+00:00,0.010250000283122063,0.010259999893605709,0.010160000063478947,0.010160000063478947,0
2026-05-04 10:45:00+00:00,0.010200000368058681,0.010250000283122063,0.010200000368058681,0.010250000283122063,0
2026-05-04 11:00:00+00:00,0.010209999978542328,0.010209999978542328,0.010200000368058681,0.010200000368058681,0
2026-05-04 11:15:00+00:00,0.010160000063478947,0.010209999978542328,0.010160000063478947,0.010209999978542328,9966
2026-05-04 11:30:00+00:00,0.010160000063478947,0.010160000063478947,0.0101500004529953,0.010160000063478947,34087
2026-05-04 11:45:00+00:00,0.010219999589025974,0.010219999589025974,0.010160000063478947,0.010160000063478947,0
2026-05-04 12:00:00+00:00,0.010230000130832195,0.010230000130832195,0.010209999978542328,0.010219999589025974,21854
2026-05-04 12:15:00+00:00,0.010280000045895576,0.010280000045895576,0.010230000130832195,0.010230000130832195,54282
2026-05-04 12:30:00+00:00,0.010239999741315842,0.010280000045895576,0.010239999741315842,0.010280000045895576,1249
2026-05-04 12:45:00+00:00,0.010239999741315842,0.010239999741315842,0.010239999741315842,0.010239999741315842,0
2026-05-04 13:00:00+00:00,0.010169999673962593,0.010239999741315842,0.010119999758899212,0.010239999741315842,122685
2026-05-04 13:15:00+00:00,0.010209999978542328,0.010209999978542328,0.010169999673962593,0.010169999673962593,16966
2026-05-04 13:30:00+00:00,0.01018999982625246,0.010230000130832195,0.01018999982625246,0.010209999978542328,36710
2026-05-04 13:45:00+00:00,0.010180000215768814,0.010219999589025974,0.010180000215768814,0.01018999982625246,0
2026-05-04 14:00:00+00:00,0.01013999991118908,0.010180000215768814,0.01013999991118908,0.010180000215768814,0
2026-05-04 14:15:00+00:00,0.010160000063478947,0.010180000215768814,0.01013999991118908,0.01013999991118908,0
2026-05-04 14:30:00+00:00,0.010200000368058681,0.010219999589025974,0.010160000063478947,0.010160000063478947,2663
2026-05-04 14:45:00+00:00,0.010259999893605709,0.010280000045895576,0.010200000368058681,0.010200000368058681,27721
2026-05-04 15:00:00+00:00,0.010230000130832195,0.010280000045895576,0.010230000130832195,0.010259999893605709,52162
2026-05-04 15:15:00+00:00,0.010219999589025974,0.010259999893605709,0.010219999589025974,0.010259999893605709,41798
2026-05-04 15:30:00+00:00,0.010230000130832195,0.010239999741315842,0.010209999978542328,0.010219999589025974,26142
2026-05-04 15:45:00+00:00,0.010239999741315842,0.010239999741315842,0.010219999589025974,0.010230000130832195,8403
2026-05-04 16:00:00+00:00,0.010219999589025974,0.010289999656379223,0.010219999589025974,0.010239999741315842,5912
2026-05-04 16:15:00+00:00,0.01027000043541193,0.01027000043541193,0.010219999589025974,0.010219999589025974,70727
2026-05-04 16:30:00+00:00,0.010280000045895576,0.010280000045895576,0.010259999893605709,0.01027000043541193,5664
2026-05-04 16:45:00+00:00,0.01027000043541193,0.010280000045895576,0.01027000043541193,0.01027000043541193,0
2026-05-04 17:00:00+00:00,0.01027000043541193,0.01027000043541193,0.010219999589025974,0.01027000043541193,0
2026-05-04 17:15:00+00:00,0.010280000045895576,0.010280000045895576,0.01027000043541193,0.01027000043541193,164
2026-05-04 17:30:00+00:00,0.010239999741315842,0.010280000045895576,0.010239999741315842,0.010280000045895576,3855
2026-05-04 17:45:00+00:00,0.01027000043541193,0.010280000045895576,0.010239999741315842,0.010239999741315842,44941
2026-05-04 18:00:00+00:00,0.010289999656379223,0.010300000198185444,0.01027000043541193,0.01027000043541193,10066
2026-05-04 18:15:00+00:00,0.010250000283122063,0.010289999656379223,0.010250000283122063,0.010289999656379223,14051
2026-05-04 18:30:00+00:00,0.01027000043541193,0.010289999656379223,0.010250000283122063,0.010250000283122063,0
2026-05-04 18:45:00+00:00,0.010230000130832195,0.01027000043541193,0.010230000130832195,0.01027000043541193,4908
2026-05-04 19:00:00+00:00,0.010230000130832195,0.010230000130832195,0.010209999978542328,0.010230000130832195,64155
2026-05-04 19:15:00+00:00,0.010200000368058681,0.010230000130832195,0.010200000368058681,0.010230000130832195,0
2026-05-04 19:30:00+00:00,0.01018999982625246,0.010200000368058681,0.01018999982625246,0.010200000368058681,16710
2026-05-04 19:45:00+00:00,0.010180000215768814,0.01018999982625246,0.010180000215768814,0.01018999982625246,4995
2026-05-04 20:00:00+00:00,0.010169999673962593,0.01018999982625246,0.010169999673962593,0.01018999982625246,25036
2026-05-04 20:15:00+00:00,0.01013999991118908,0.010169999673962593,0.010130000300705433,0.010169999673962593,48731
2026-05-04 20:30:00+00:00,0.010099999606609344,0.0101500004529953,0.010099999606609344,0.01013999991118908,6410
2026-05-04 20:45:00+00:00,0.010099999606609344,0.010099999606609344,0.010099999606609344,0.010099999606609344,0
2026-05-04 21:00:00+00:00,0.010180000215768814,0.010180000215768814,0.010099999606609344,0.010099999606609344,0
2026-05-04 21:15:00+00:00,0.010219999589025974,0.010219999589025974,0.010160000063478947,0.010180000215768814,14688
2026-05-04 21:30:00+00:00,0.010219999589025974,0.010219999589025974,0.010219999589025974,0.010219999589025974,7724
2026-05-04 21:45:00+00:00,0.010209999978542328,0.010219999589025974,0.010209999978542328,0.010219999589025974,0
2026-05-04 22:00:00+00:00,0.010239999741315842,0.010239999741315842,0.010209999978542328,0.010209999978542328,17854
2026-05-04 22:15:00+00:00,0.010209999978542328,0.010239999741315842,0.010209999978542328,0.010239999741315842,28020
2026-05-04 22:30:00+00:00,0.010209999978542328,0.010209999978542328,0.010209999978542328,0.010209999978542328,4230
2026-05-04 22:45:00+00:00,0.010200000368058681,0.010209999978542328,0.01018999982625246,0.010209999978542328,21575
2026-05-04 23:00:00+00:00,0.010200000368058681,0.010200000368058681,0.010200000368058681,0.010200000368058681,2906
2026-05-04 23:15:00+00:00,0.010200000368058681,0.010200000368058681,0.010200000368058681,0.010200000368058681,522
2026-05-04 23:30:00+00:00,0.010169999673962593,0.010200000368058681,0.010169999673962593,0.010200000368058681,0
2026-05-04 23:45:00+00:00,0.01018999982625246,0.01018999982625246,0.010169999673962593,0.010169999673962593,2844
2026-05-05 00:00:00+00:00,0.01018999982625246,0.01018999982625246,0.01018999982625246,0.01018999982625246,0
2026-05-05 00:15:00+00:00,0.010160000063478947,0.01018999982625246,0.010160000063478947,0.01018999982625246,8522
2026-05-05 00:30:00+00:00,0.010160000063478947,0.010160000063478947,0.010160000063478947,0.010160000063478947,5179
2026-05-05 00:45:00+00:00,0.0101500004529953,0.010160000063478947,0.0101500004529953,0.010160000063478947,0
2026-05-05 01:00:00+00:00,0.01018999982625246,0.01018999982625246,0.0101500004529953,0.0101500004529953,0
2026-05-05 01:15:00+00:00,0.010209999978542328,0.010209999978542328,0.01018999982625246,0.01018999982625246,0
2026-05-05 01:30:00+00:00,0.010239999741315842,0.010239999741315842,0.010209999978542328,0.010209999978542328,2868
2026-05-05 01:45:00+00:00,0.010239999741315842,0.010239999741315842,0.010230000130832195,0.010239999741315842,0
2026-05-05 02:00:00+00:00,0.010250000283122063,0.010259999893605709,0.010239999741315842,0.010239999741315842,0
2026-05-05 02:15:00+00:00,0.010280000045895576,0.010280000045895576,0.010250000283122063,0.010250000283122063,0
2026-05-05 02:30:00+00:00,0.010289999656379223,0.010329999960958958,0.010250000283122063,0.010280000045895576,117255
2026-05-05 02:45:00+00:00,0.010239999741315842,0.010289999656379223,0.010239999741315842,0.010289999656379223,0
2026-05-05 03:00:00+00:00,0.010239999741315842,0.010239999741315842,0.010230000130832195,0.010239999741315842,0
2026-05-05 03:15:00+00:00,0.01027000043541193,0.01027000043541193,0.010239999741315842,0.010239999741315842,0
2026-05-05 03:30:00+00:00,0.010320000350475311,0.010339999571442604,0.01027000043541193,0.01027000043541193,0
2026-05-05 03:45:00+00:00,0.010280000045895576,0.010320000350475311,0.010280000045895576,0.010320000350475311,0
2026-05-05 04:00:00+00:00,0.010259999893605709,0.010280000045895576,0.010259999893605709,0.010280000045895576,0
2026-05-05 04:15:00+00:00,0.010259999893605709,0.01027000043541193,0.010259999893605709,0.010259999893605709,0
2026-05-05 04:30:00+00:00,0.010280000045895576,0.010280000045895576,0.010259999893605709,0.010259999893605709,0
2026-05-05 04:45:00+00:00,0.010300000198185444,0.010320000350475311,0.010280000045895576,0.010280000045895576,2707
2026-05-05 05:00:00+00:00,0.01030999980866909,0.01030999980866909,0.010289999656379223,0.010300000198185444,0
2026-05-05 05:15:00+00:00,0.01030999980866909,0.01030999980866909,0.01030999980866909,0.01030999980866909,0
2026-05-05 05:30:00+00:00,0.01027000043541193,0.010320000350475311,0.01027000043541193,0.01030999980866909,6461
2026-05-05 05:45:00+00:00,0.01030999980866909,0.010339999571442604,0.010259999893605709,0.010259999893605709,21239
2026-05-05 06:00:00+00:00,0.010300000198185444,0.01030999980866909,0.010300000198185444,0.01030999980866909,20069
2026-05-05 06:15:00+00:00,0.010239999741315842,0.010300000198185444,0.010239999741315842,0.010300000198185444,0
2026-05-05 06:30:00+00:00,0.01027000043541193,0.01027000043541193,0.010239999741315842,0.010239999741315842,0
2026-05-05 06:45:00+00:00,0.010289999656379223,0.010289999656379223,0.010259999893605709,0.01027000043541193,0
2026-05-05 07:00:00+00:00,0.010289999656379223,0.010289999656379223,0.010289999656379223,0.010289999656379223,0
2026-05-05 07:15:00+00:00,0.010329999960958958,0.010329999960958958,0.010289999656379223,0.010289999656379223,2
2026-05-05 07:30:00+00:00,0.010329999960958958,0.010350000113248825,0.010329999960958958,0.010329999960958958,0
2026-05-05 07:45:00+00:00,0.010329999960958958,0.010329999960958958,0.010329999960958958,0.010329999960958958,997
2026-05-05 08:00:00+00:00,0.010359999723732471,0.010359999723732471,0.010350000113248825,0.010350000113248825,27746
2026-05-05 08:15:00+00:00,0.010339999571442604,0.010359999723732471,0.010339999571442604,0.010359999723732471,9259
2026-05-05 08:30:00+00:00,0.010320000350475311,0.010339999571442604,0.010320000350475311,0.010339999571442604,608
2026-05-05 08:45:00+00:00,0.01030999980866909,0.010320000350475311,0.01030999980866909,0.010320000350475311,12659
2026-05-05 09:00:00+00:00,0.010280000045895576,0.01030999980866909,0.010280000045895576,0.01030999980866909,336
2026-05-05 09:15:00+00:00,0.010280000045895576,0.010280000045895576,0.010280000045895576,0.010280000045895576,1141
2026-05-05 09:30:00+00:00,0.010259999893605709,0.010300000198185444,0.010259999893605709,0.010280000045895576,1042
2026-05-05 09:45:00+00:00,0.010259999893605709,0.010259999893605709,0.010259999893605709,0.010259999893605709,365
2026-05-05 10:00:00+00:00,0.010250000283122063,0.010259999893605709,0.010230000130832195,0.010259999893605709,20518
2026-05-05 10:15:00+00:00,0.010250000283122063,0.010250000283122063,0.010250000283122063,0.010250000283122063,0
2026-05-05 10:30:00+00:00,0.010300000198185444,0.010300000198185444,0.010250000283122063,0.010250000283122063,0
2026-05-05 10:45:00+00:00,0.010320000350475311,0.010320000350475311,0.010280000045895576,0.010300000198185444,12065
2026-05-05 11:00:00+00:00,0.010320000350475311,0.010329999960958958,0.010300000198185444,0.010320000350475311,6712
2026-05-05 11:15:00+00:00,0.010300000198185444,0.010320000350475311,0.010289999656379223,0.010320000350475311,39489
2026-05-05 11:30:00+00:00,0.010339999571442604,0.010339999571442604,0.010300000198185444,0.010300000198185444,0
2026-05-05 11:45:00+00:00,0.010339999571442604,0.010339999571442604,0.010339999571442604,0.010339999571442604,51689
2026-05-06 00:00:00+00:00,0.010499999858438969,0.010499999858438969,0.010440000332891941,0.010440000332891941,195786
2026-05-06 00:15:00+00:00,0.010459999553859234,0.010499999858438969,0.010440000332891941,0.010499999858438969,8516
2026-05-06 00:30:00+00:00,0.010420000180602074,0.010459999553859234,0.010420000180602074,0.010459999553859234,17656
2026-05-06 00:45:00+00:00,0.010449999943375587,0.010459999553859234,0.010379999876022339,0.010420000180602074,4133
2026-05-06 01:00:00+00:00,0.010459999553859234,0.010499999858438969,0.010440000332891941,0.010449999943375587,0
2026-05-06 01:15:00+00:00,0.010490000247955322,0.010499999858438969,0.010459999553859234,0.010459999553859234,8230
2026-05-06 01:30:00+00:00,0.010529999621212482,0.010529999621212482,0.010490000247955322,0.010490000247955322,0
2026-05-06 01:45:00+00:00,0.01054999977350235,0.01056000031530857,0.010529999621212482,0.010529999621212482,4117
2026-05-06 02:00:00+00:00,0.010470000095665455,0.01054999977350235,0.010470000095665455,0.01054999977350235,35415
2026-05-06 02:15:00+00:00,0.01042999979108572,0.010479999706149101,0.01042999979108572,0.010470000095665455,3802
2026-05-06 02:30:00+00:00,0.010470000095665455,0.010470000095665455,0.01042999979108572,0.01042999979108572,2845
2026-05-06 02:45:00+00:00,0.010479999706149101,0.010479999706149101,0.010459999553859234,0.010470000095665455,851
2026-05-06 03:00:00+00:00,0.01051000040024519,0.01051000040024519,0.010490000247955322,0.010499999858438969,4483
2026-05-06 03:15:00+00:00,0.010529999621212482,0.010529999621212482,0.010499999858438969,0.010499999858438969,1028
2026-05-06 03:30:00+00:00,0.01054999977350235,0.010569999925792217,0.010529999621212482,0.010529999621212482,0
2026-05-06 03:45:00+00:00,0.01051000040024519,0.01054999977350235,0.01051000040024519,0.01054999977350235,21451
2026-05-06 04:00:00+00:00,0.01054999977350235,0.010579999536275864,0.01051000040024519,0.01051000040024519,2538
2026-05-06 04:15:00+00:00,0.010529999621212482,0.01054999977350235,0.010520000010728836,0.01054999977350235,6819
2026-05-06 04:30:00+00:00,0.010529999621212482,0.010529999621212482,0.010529999621212482,0.010529999621212482,0
2026-05-06 04:45:00+00:00,0.010540000163018703,0.010540000163018703,0.010520000010728836,0.010529999621212482,0
2026-05-06 05:00:00+00:00,0.010499999858438969,0.010529999621212482,0.010499999858438969,0.010529999621212482,0
2026-05-06 05:15:00+00:00,0.010610000230371952,0.010610000230371952,0.010499999858438969,0.010499999858438969,15722
2026-05-06 05:30:00+00:00,0.010569999925792217,0.010619999840855598,0.010520000010728836,0.010610000230371952,0
2026-05-06 05:45:00+00:00,0.010590000078082085,0.010590000078082085,0.010569999925792217,0.010569999925792217,11415
2026-05-06 06:00:00+00:00,0.010619999840855598,0.010660000145435333,0.010590000078082085,0.010590000078082085,0
2026-05-06 06:15:00+00:00,0.010610000230371952,0.010619999840855598,0.010599999688565731,0.010619999840855598,0
2026-05-06 06:30:00+00:00,0.01063000038266182,0.010649999603629112,0.010610000230371952,0.010610000230371952,0
2026-05-06 06:45:00+00:00,0.010610000230371952,0.01063000038266182,0.010610000230371952,0.01063000038266182,231
2026-05-06 07:00:00+00:00,0.01071999967098236,0.010830000042915344,0.010610000230371952,0.010610000230371952,243
2026-05-06 07:15:00+00:00,0.01078999973833561,0.01080000028014183,0.01071999967098236,0.01071999967098236,0
2026-05-06 07:30:00+00:00,0.010879999957978725,0.010940000414848328,0.010759999975562096,0.01078999973833561,0
2026-05-06 07:45:00+00:00,0.010889999568462372,0.010929999873042107,0.01083999965339899,0.010879999957978725,1832
2026-05-06 08:00:00+00:00,0.010879999957978725,0.010940000414848328,0.010859999805688858,0.010889999568462372,3396
2026-05-06 08:15:00+00:00,0.010999999940395355,0.01104000024497509,0.010859999805688858,0.010859999805688858,14600
2026-05-06 08:30:00+00:00,0.010999999940395355,0.011099999770522118,0.010979999788105488,0.010999999940395355,42306
2026-05-06 08:45:00+00:00,0.011070000007748604,0.011099999770522118,0.010999999940395355,0.010999999940395355,8546
2026-05-06 09:00:00+00:00,0.010940000414848328,0.011070000007748604,0.010940000414848328,0.011070000007748604,5784
2026-05-06 09:15:00+00:00,0.010940000414848328,0.010970000177621841,0.010929999873042107,0.010940000414848328,6703
2026-05-06 09:30:00+00:00,0.010950000025331974,0.010950000025331974,0.01092000026255846,0.010940000414848328,3046
2026-05-06 09:45:00+00:00,0.01092000026255846,0.01095999963581562,0.01092000026255846,0.010950000025331974,0
2026-05-06 10:00:00+00:00,0.010879999957978725,0.01092000026255846,0.010870000347495079,0.01092000026255846,0
2026-05-06 10:15:00+00:00,0.010859999805688858,0.010879999957978725,0.010859999805688858,0.010879999957978725,42175
2026-05-06 10:30:00+00:00,0.010900000110268593,0.010929999873042107,0.010850000195205212,0.010850000195205212,0
2026-05-06 10:45:00+00:00,0.010900000110268593,0.010900000110268593,0.010870000347495079,0.010900000110268593,0
2026-05-06 11:00:00+00:00,0.010870000347495079,0.010900000110268593,0.01083999965339899,0.010900000110268593,13608
2026-05-06 11:15:00+00:00,0.010859999805688858,0.010870000347495079,0.010830000042915344,0.010870000347495079,45753
2026-05-06 11:30:00+00:00,0.010830000042915344,0.010870000347495079,0.010809999890625477,0.010859999805688858,18292
2026-05-06 11:45:00+00:00,0.010809999890625477,0.010830000042915344,0.01080000028014183,0.010830000042915344,4700
2026-05-06 12:00:00+00:00,0.01080000028014183,0.010859999805688858,0.01080000028014183,0.010809999890625477,0
2026-05-06 12:15:00+00:00,0.010830000042915344,0.010830000042915344,0.01075000036507845,0.01080000028014183,0
2026-05-06 12:30:00+00:00,0.010879999957978725,0.010879999957978725,0.010830000042915344,0.010830000042915344,0
2026-05-06 12:45:00+00:00,0.01090999972075224,0.01092000026255846,0.010879999957978725,0.010879999957978725,94
2026-05-06 13:00:00+00:00,0.01083999965339899,0.010940000414848328,0.01083999965339899,0.01090999972075224,10558
2026-05-06 13:15:00+00:00,0.01080000028014183,0.010850000195205212,0.01080000028014183,0.01083999965339899,1996
2026-05-06 13:30:00+00:00,0.010739999823272228,0.01083999965339899,0.010730000212788582,0.01080000028014183,2534
2026-05-06 13:45:00+00:00,0.0106800002977252,0.010739999823272228,0.010649999603629112,0.010739999823272228,17002
2026-05-06 14:00:00+00:00,0.010579999536275864,0.0106800002977252,0.01054999977350235,0.0106800002977252,4689
2026-05-06 14:15:00+00:00,0.01066999975591898,0.0106800002977252,0.010579999536275864,0.010579999536275864,322
2026-05-06 14:30:00+00:00,0.010660000145435333,0.010689999908208847,0.010660000145435333,0.01066999975591898,0
2026-05-06 14:45:00+00:00,0.010660000145435333,0.010689999908208847,0.010649999603629112,0.010660000145435333,1841
2026-05-06 15:00:00+00:00,0.010599999688565731,0.010660000145435333,0.010590000078082085,0.010660000145435333,997
2026-05-06 15:15:00+00:00,0.010710000060498714,0.010710000060498714,0.010599999688565731,0.010599999688565731,0
2026-05-06 15:30:00+00:00,0.010689999908208847,0.010730000212788582,0.010660000145435333,0.010710000060498714,0
2026-05-06 15:45:00+00:00,0.010730000212788582,0.010739999823272228,0.010689999908208847,0.010689999908208847,0
2026-05-06 16:00:00+00:00,0.010769999586045742,0.01078999973833561,0.010689999908208847,0.010689999908208847,4317
2026-05-06 16:15:00+00:00,0.010689999908208847,0.010769999586045742,0.010689999908208847,0.010769999586045742,0
2026-05-06 16:30:00+00:00,0.01071999967098236,0.01071999967098236,0.010639999993145466,0.010689999908208847,3868
2026-05-06 16:45:00+00:00,0.010710000060498714,0.01071999967098236,0.010700000450015068,0.01071999967098236,412
2026-05-06 17:00:00+00:00,0.010710000060498714,0.010710000060498714,0.010700000450015068,0.010710000060498714,2275
2026-05-06 17:15:00+00:00,0.0106800002977252,0.010710000060498714,0.010639999993145466,0.010710000060498714,274
2026-05-06 17:30:00+00:00,0.0106800002977252,0.0106800002977252,0.0106800002977252,0.0106800002977252,6577
2026-05-06 17:45:00+00:00,0.010619999840855598,0.0106800002977252,0.010619999840855598,0.0106800002977252,638
2026-05-06 18:00:00+00:00,0.010619999840855598,0.01063000038266182,0.010599999688565731,0.010619999840855598,4653
2026-05-06 18:15:00+00:00,0.010619999840855598,0.010619999840855598,0.010619999840855598,0.010619999840855598,0
2026-05-06 18:30:00+00:00,0.01063000038266182,0.010649999603629112,0.010610000230371952,0.010619999840855598,0
2026-05-06 18:45:00+00:00,0.010639999993145466,0.010639999993145466,0.01063000038266182,0.01063000038266182,0
2026-05-06 19:00:00+00:00,0.010610000230371952,0.010649999603629112,0.010610000230371952,0.010639999993145466,2712
2026-05-06 19:15:00+00:00,0.010610000230371952,0.01063000038266182,0.010610000230371952,0.010610000230371952,574
2026-05-06 19:30:00+00:00,0.010569999925792217,0.010610000230371952,0.010569999925792217,0.010610000230371952,0
2026-05-06 19:45:00+00:00,0.01063000038266182,0.01063000038266182,0.010569999925792217,0.010569999925792217,0
2026-05-06 20:00:00+00:00,0.01071999967098236,0.01071999967098236,0.01063000038266182,0.01063000038266182,0
2026-05-06 20:15:00+00:00,0.010689999908208847,0.01071999967098236,0.01066999975591898,0.01071999967098236,1699
2026-05-06 20:30:00+00:00,0.010649999603629112,0.010689999908208847,0.010639999993145466,0.010689999908208847,0
2026-05-06 20:45:00+00:00,0.01066999975591898,0.01066999975591898,0.010619999840855598,0.010649999603629112,0
2026-05-06 21:00:00+00:00,0.010649999603629112,0.0106800002977252,0.010649999603629112,0.01066999975591898,107
2026-05-06 21:15:00+00:00,0.0106800002977252,0.0106800002977252,0.010649999603629112,0.010649999603629112,4426
2026-05-06 21:30:00+00:00,0.010769999586045742,0.010769999586045742,0.0106800002977252,0.0106800002977252,4481
2026-05-06 21:45:00+00:00,0.010739999823272228,0.010739999823272228,0.010739999823272228,0.010739999823272228,0
2026-05-06 22:00:00+00:00,0.010710000060498714,0.010739999823272228,0.010710000060498714,0.010739999823272228,1338
2026-05-06 22:15:00+00:00,0.010700000450015068,0.010710000060498714,0.010700000450015068,0.010710000060498714,0
2026-05-06 22:30:00+00:00,0.01071999967098236,0.01071999967098236,0.010700000450015068,0.010700000450015068,0
2026-05-06 22:45:00+00:00,0.010700000450015068,0.01071999967098236,0.010700000450015068,0.01071999967098236,338
2026-05-06 23:00:00+00:00,0.01063000038266182,0.010700000450015068,0.01063000038266182,0.010700000450015068,1637
2026-05-06 23:15:00+00:00,0.01066999975591898,0.01066999975591898,0.01063000038266182,0.01063000038266182,1177
2026-05-06 23:30:00+00:00,0.01075000036507845,0.01075000036507845,0.01066999975591898,0.01066999975591898,5690
2026-05-06 23:45:00+00:00,0.010780000127851963,0.010780000127851963,0.01075000036507845,0.01075000036507845,0
2026-05-07 00:00:00+00:00,0.01071999967098236,0.010780000127851963,0.01071999967098236,0.010780000127851963,877399
2026-05-07 00:15:00+00:00,0.010649999603629112,0.01071999967098236,0.010649999603629112,0.01071999967098236,2490206
2026-05-07 00:30:00+00:00,0.010569999925792217,0.010649999603629112,0.010569999925792217,0.010619999840855598,8623
2026-05-07 00:45:00+00:00,0.010610000230371952,0.010610000230371952,0.010569999925792217,0.010569999925792217,57765
2026-05-07 01:00:00+00:00,0.01054999977350235,0.010610000230371952,0.01054999977350235,0.010610000230371952,0
2026-05-07 01:15:00+00:00,0.010490000247955322,0.01054999977350235,0.010470000095665455,0.01054999977350235,52144
2026-05-07 01:30:00+00:00,0.010529999621212482,0.010529999621212482,0.010490000247955322,0.010490000247955322,11751
2026-05-07 01:45:00+00:00,0.010499999858438969,0.010529999621212482,0.010499999858438969,0.010529999621212482,0
2026-05-07 02:00:00+00:00,0.010470000095665455,0.010499999858438969,0.010459999553859234,0.010499999858438969,0
2026-05-07 02:15:00+00:00,0.010449999943375587,0.010470000095665455,0.010449999943375587,0.010470000095665455,31363
2026-05-07 02:30:00+00:00,0.010490000247955322,0.010490000247955322,0.010449999943375587,0.010449999943375587,27581
2026-05-07 02:45:00+00:00,0.010490000247955322,0.010490000247955322,0.010490000247955322,0.010490000247955322,980
2026-05-07 03:00:00+00:00,0.010520000010728836,0.010579999536275864,0.010479999706149101,0.010490000247955322,14550
2026-05-07 03:15:00+00:00,0.01054999977350235,0.01054999977350235,0.010520000010728836,0.010520000010728836,39899
2026-05-07 03:30:00+00:00,0.01051000040024519,0.01054999977350235,0.010499999858438969,0.01054999977350235,0
2026-05-07 03:45:00+00:00,0.010529999621212482,0.01054999977350235,0.01051000040024519,0.01051000040024519,8946
2026-05-07 04:00:00+00:00,0.010520000010728836,0.010529999621212482,0.010499999858438969,0.010529999621212482,2987
2026-05-07 04:15:00+00:00,0.010599999688565731,0.010599999688565731,0.010540000163018703,0.010540000163018703,14752
2026-05-07 04:30:00+00:00,0.010590000078082085,0.01063000038266182,0.010579999536275864,0.010599999688565731,4813
2026-05-07 04:45:00+00:00,0.010610000230371952,0.010619999840855598,0.010590000078082085,0.010590000078082085,12641
2026-05-07 05:00:00+00:00,0.010660000145435333,0.0106800002977252,0.010610000230371952,0.010610000230371952,26691
2026-05-07 05:15:00+00:00,0.010660000145435333,0.010660000145435333,0.010660000145435333,0.010660000145435333,12197
2026-05-07 05:30:00+00:00,0.010700000450015068,0.010700000450015068,0.010660000145435333,0.010660000145435333,0
2026-05-07 05:45:00+00:00,0.01066999975591898,0.010700000450015068,0.01066999975591898,0.010700000450015068,21869
2026-05-07 06:00:00+00:00,0.010610000230371952,0.01066999975591898,0.010610000230371952,0.01066999975591898,0
2026-05-07 06:15:00+00:00,0.010660000145435333,0.010660000145435333,0.010610000230371952,0.010610000230371952,4415
2026-05-07 06:30:00+00:00,0.010809999890625477,0.010809999890625477,0.010660000145435333,0.010660000145435333,82691
2026-05-07 06:45:00+00:00,0.010780000127851963,0.010870000347495079,0.01075000036507845,0.010809999890625477,140494
2026-05-07 07:00:00+00:00,0.01075000036507845,0.010809999890625477,0.010739999823272228,0.010780000127851963,66724
2026-05-07 07:15:00+00:00,0.01075000036507845,0.01075000036507845,0.01075000036507845,0.01075000036507845,0
2026-05-07 07:30:00+00:00,0.010759999975562096,0.010769999586045742,0.01075000036507845,0.01075000036507845,925
2026-05-07 07:45:00+00:00,0.010769999586045742,0.010769999586045742,0.010759999975562096,0.010759999975562096,0
2026-05-07 08:00:00+00:00,0.010769999586045742,0.01078999973833561,0.010759999975562096,0.010769999586045742,0
2026-05-07 08:15:00+00:00,0.01075000036507845,0.010769999586045742,0.01075000036507845,0.010769999586045742,0
2026-05-07 08:30:00+00:00,0.010710000060498714,0.010769999586045742,0.010700000450015068,0.01075000036507845,6824
2026-05-07 08:45:00+00:00,0.010700000450015068,0.01071999967098236,0.010689999908208847,0.010710000060498714,25852
2026-05-07 09:00:00+00:00,0.0106800002977252,0.010700000450015068,0.010649999603629112,0.010700000450015068,54426
2026-05-07 09:15:00+00:00,0.0106800002977252,0.0106800002977252,0.0106800002977252,0.0106800002977252,0
2026-05-07 09:30:00+00:00,0.010660000145435333,0.0106800002977252,0.010660000145435333,0.0106800002977252,1523
2026-05-07 09:45:00+00:00,0.010660000145435333,0.010660000145435333,0.010660000145435333,0.010660000145435333,944
2026-05-07 10:00:00+00:00,0.010649999603629112,0.0106800002977252,0.01063000038266182,0.010660000145435333,0
2026-05-07 10:15:00+00:00,0.010610000230371952,0.010649999603629112,0.010610000230371952,0.010649999603629112,14229
2026-05-07 10:30:00+00:00,0.010649999603629112,0.010660000145435333,0.010599999688565731,0.010610000230371952,10036
2026-05-07 10:45:00+00:00,0.0106800002977252,0.0106800002977252,0.010649999603629112,0.010649999603629112,49540
2026-05-07 11:00:00+00:00,0.010739999823272228,0.010739999823272228,0.0106800002977252,0.0106800002977252,34206
2026-05-07 11:15:00+00:00,0.010710000060498714,0.010739999823272228,0.010710000060498714,0.010739999823272228,0
2026-05-07 11:30:00+00:00,0.010710000060498714,0.010710000060498714,0.010710000060498714,0.010710000060498714,2569
2026-05-07 11:45:00+00:00,0.010660000145435333,0.010710000060498714,0.010639999993145466,0.010710000060498714,0
2026-05-07 12:00:00+00:00,0.010780000127851963,0.010780000127851963,0.010660000145435333,0.010660000145435333,0
2026-05-07 12:15:00+00:00,0.010739999823272228,0.010780000127851963,0.010739999823272228,0.010780000127851963,0
2026-05-07 12:30:00+00:00,0.010759999975562096,0.010759999975562096,0.010739999823272228,0.010739999823272228,8943
2026-05-07 12:45:00+00:00,0.010809999890625477,0.010809999890625477,0.010759999975562096,0.010759999975562096,6334
2026-05-07 13:00:00+00:00,0.010780000127851963,0.010809999890625477,0.010780000127851963,0.010809999890625477,0
2026-05-07 13:15:00+00:00,0.01075000036507845,0.010780000127851963,0.01075000036507845,0.010780000127851963,35393
2026-05-07 13:30:00+00:00,0.010700000450015068,0.01075000036507845,0.010700000450015068,0.01075000036507845,13672
2026-05-07 13:45:00+00:00,0.01066999975591898,0.010700000450015068,0.010649999603629112,0.010700000450015068,0
2026-05-07 14:00:00+00:00,0.01063000038266182,0.01066999975591898,0.010610000230371952,0.01066999975591898,0
2026-05-07 14:15:00+00:00,0.01063000038266182,0.010649999603629112,0.010610000230371952,0.01063000038266182,538
2026-05-07 14:30:00+00:00,0.010520000010728836,0.01063000038266182,0.010479999706149101,0.01063000038266182,27220
2026-05-07 14:45:00+00:00,0.010569999925792217,0.010569999925792217,0.01051000040024519,0.010520000010728836,12245
2026-05-07 15:00:00+00:00,0.01054999977350235,0.010569999925792217,0.010540000163018703,0.010569999925792217,14738
2026-05-07 15:15:00+00:00,0.010420000180602074,0.01054999977350235,0.010420000180602074,0.01054999977350235,26578
2026-05-07 15:30:00+00:00,0.010529999621212482,0.010529999621212482,0.010420000180602074,0.010420000180602074,227180
2026-05-07 15:45:00+00:00,0.010529999621212482,0.010529999621212482,0.01051000040024519,0.010529999621212482,56979
2026-05-07 16:00:00+00:00,0.010499999858438969,0.010529999621212482,0.010499999858438969,0.010529999621212482,7448
2026-05-07 16:15:00+00:00,0.010579999536275864,0.010590000078082085,0.010499999858438969,0.010499999858438969,14327
2026-05-07 16:30:00+00:00,0.01056000031530857,0.010590000078082085,0.010540000163018703,0.010590000078082085,0
2026-05-07 16:45:00+00:00,0.01054999977350235,0.010599999688565731,0.01054999977350235,0.01056000031530857,179253
2026-05-07 17:00:00+00:00,0.01054999977350235,0.01054999977350235,0.01054999977350235,0.01054999977350235,27299
2026-05-07 17:15:00+00:00,0.010610000230371952,0.010610000230371952,0.01054999977350235,0.01054999977350235,6005
2026-05-07 17:30:00+00:00,0.010660000145435333,0.010660000145435333,0.010610000230371952,0.010610000230371952,11137
2026-05-07 17:45:00+00:00,0.010660000145435333,0.01066999975591898,0.010649999603629112,0.010660000145435333,9729
2026-05-07 18:00:00+00:00,0.010710000060498714,0.01071999967098236,0.010660000145435333,0.010660000145435333,39827
2026-05-07 18:15:00+00:00,0.01075000036507845,0.01075000036507845,0.010700000450015068,0.010710000060498714,54292
2026-05-07 18:30:00+00:00,0.01075000036507845,0.010780000127851963,0.01075000036507845,0.01075000036507845,43055
2026-05-07 18:45:00+00:00,0.010689999908208847,0.01075000036507845,0.010689999908208847,0.01075000036507845,21530
2026-05-07 19:00:00+00:00,0.010689999908208847,0.010700000450015068,0.0106800002977252,0.010689999908208847,793
2026-05-07 19:15:00+00:00,0.010649999603629112,0.010689999908208847,0.010649999603629112,0.010689999908208847,3560
2026-05-07 19:30:00+00:00,0.01075000036507845,0.01075000036507845,0.010649999603629112,0.010649999603629112,12999
2026-05-07 19:45:00+00:00,0.010710000060498714,0.01075000036507845,0.010710000060498714,0.01075000036507845,30783
2026-05-07 20:00:00+00:00,0.010780000127851963,0.01078999973833561,0.010710000060498714,0.010710000060498714,19155
2026-05-07 20:15:00+00:00,0.010730000212788582,0.010780000127851963,0.010730000212788582,0.010780000127851963,15047
2026-05-07 20:30:00+00:00,0.010689999908208847,0.010730000212788582,0.0106800002977252,0.010730000212788582,2317
2026-05-07 20:45:00+00:00,0.010649999603629112,0.010700000450015068,0.010649999603629112,0.010689999908208847,16429
2026-05-07 21:00:00+00:00,0.010610000230371952,0.010649999603629112,0.010610000230371952,0.010649999603629112,40797
2026-05-07 21:15:00+00:00,0.0106800002977252,0.0106800002977252,0.010610000230371952,0.010610000230371952,10557
2026-05-07 21:30:00+00:00,0.010689999908208847,0.010710000060498714,0.010689999908208847,0.010710000060498714,18857
2026-05-07 21:45:00+00:00,0.010689999908208847,0.010689999908208847,0.010689999908208847,0.010689999908208847,0
2026-05-07 22:00:00+00:00,0.010649999603629112,0.010689999908208847,0.010649999603629112,0.010689999908208847,7171
2026-05-07 22:15:00+00:00,0.010660000145435333,0.0106800002977252,0.010649999603629112,0.010649999603629112,1169
2026-05-07 22:30:00+00:00,0.010639999993145466,0.010660000145435333,0.010639999993145466,0.010660000145435333,16437
2026-05-07 22:45:00+00:00,0.010639999993145466,0.010639999993145466,0.010639999993145466,0.010639999993145466,1372
2026-05-07 23:00:00+00:00,0.010710000060498714,0.010710000060498714,0.010639999993145466,0.010639999993145466,0
2026-05-07 23:15:00+00:00,0.010700000450015068,0.010700000450015068,0.010700000450015068,0.010700000450015068,6541
2026-05-07 23:30:00+00:00,0.010710000060498714,0.010710000060498714,0.010700000450015068,0.010700000450015068,0
2026-05-07 23:45:00+00:00,0.010710000060498714,0.01071999967098236,0.010700000450015068,0.010710000060498714,1332
2026-05-08 00:00:00+00:00,0.010739999823272228,0.01075000036507845,0.01071999967098236,0.01075000036507845,0
2026-05-08 00:15:00+00:00,0.010700000450015068,0.010739999823272228,0.010700000450015068,0.010739999823272228,141
2026-05-08 00:30:00+00:00,0.010689999908208847,0.010710000060498714,0.010689999908208847,0.010710000060498714,0
2026-05-08 00:45:00+00:00,0.01066999975591898,0.010689999908208847,0.01066999975591898,0.010689999908208847,0
2026-05-08 01:00:00+00:00,0.010660000145435333,0.010700000450015068,0.010660000145435333,0.01066999975591898,0
2026-05-08 01:15:00+00:00,0.010649999603629112,0.010649999603629112,0.010649999603629112,0.010649999603629112,0
2026-05-08 03:00:00+00:00,0.01063836831599474,0.01063836831599474,0.01062707044184208,0.010634425096213818,0
2026-05-08 03:15:00+00:00,0.010674412362277508,0.010675374418497086,0.010635802522301674,0.010635802522301674,16427
2026-05-08 03:30:00+00:00,0.010704061016440392,0.010705011896789074,0.010677888058125973,0.010677888058125973,6629
2026-05-08 03:45:00+00:00,0.010732804425060749,0.010735695250332355,0.010718557052314281,0.010718557052314281,10480
2026-05-08 04:00:00+00:00,0.010722879320383072,0.010750185698270798,0.010722379200160503,0.010738863609731197,14133
2026-05-08 04:15:00+00:00,0.010706000030040741,0.010726401582360268,0.010706000030040741,0.010726401582360268,0
2026-05-08 04:30:00+00:00,0.010680963285267353,0.01070468220859766,0.010680963285267353,0.01070468220859766,2059
2026-05-08 04:45:00+00:00,0.010687962174415588,0.010687962174415588,0.010671667754650116,0.010679604485630989,3108
2026-05-08 05:00:00+00:00,0.010684823617339134,0.010695180855691433,0.010684823617339134,0.010691337287425995,0
2026-05-08 05:15:00+00:00,0.010685133747756481,0.01070037204772234,0.010684623382985592,0.010685007087886333,4386
2026-05-08 05:30:00+00:00,0.010706841014325619,0.010706841014325619,0.010682886466383934,0.010682886466383934,0
2026-05-08 05:45:00+00:00,0.01070178858935833,0.010711460374295712,0.01069619320333004,0.010711460374295712,0
2026-05-08 06:00:00+00:00,0.010642096400260925,0.01068051066249609,0.01063433289527893,0.010679264552891254,13818
2026-05-08 06:15:00+00:00,0.01065887976437807,0.01068068202584982,0.010645185597240925,0.010645344853401184,130153
2026-05-08 06:30:00+00:00,0.01069035567343235,0.01069035567343235,0.010652041994035244,0.010653458535671234,0
2026-05-08 06:45:00+00:00,0.010693535208702087,0.010718444362282753,0.010693113319575787,0.010718444362282753,0
2026-05-08 07:00:00+00:00,0.010710122995078564,0.010744531638920307,0.010703561827540398,0.010703561827540398,0
2026-05-08 07:15:00+00:00,0.010686947032809258,0.010717622935771942,0.010686947032809258,0.01070953719317913,1600
2026-05-08 07:30:00+00:00,0.010696444660425186,0.010696444660425186,0.010680400766432285,0.010686947032809258,3134
2026-05-08 07:45:00+00:00,0.010686023160815239,0.01069437712430954,0.010686023160815239,0.01069437712430954,7260
2026-05-08 08:00:00+00:00,0.010701739229261875,0.010701739229261875,0.010682624764740467,0.010683204978704453,0
2026-05-08 08:15:00+00:00,0.010693825781345367,0.010707308538258076,0.010693825781345367,0.01070184726268053,3588
2026-05-08 08:30:00+00:00,0.01073564775288105,0.01073564775288105,0.010700030252337456,0.010700030252337456,0
2026-05-08 08:45:00+00:00,0.010763593949377537,0.010777558200061321,0.010753581300377846,0.010753581300377846,25481
2026-05-08 09:00:00+00:00,0.010777248069643974,0.010777248069643974,0.010737362317740917,0.010759484022855759,5041
2026-05-08 09:15:00+00:00,0.010840446688234806,0.010840446688234806,0.01078568771481514,0.0107889948412776,44059
2026-05-08 09:30:00+00:00,0.010794940404593945,0.01084463857114315,0.010794940404593945,0.01084463857114315,58402
2026-05-08 09:45:00+00:00,0.01077071763575077,0.01079073641449213,0.010765126906335354,0.01079073641449213,15079
2026-05-08 10:00:00+00:00,0.010782870464026928,0.010806223377585411,0.010767731815576553,0.010767731815576553,34358
2026-05-08 10:15:00+00:00,0.010774347931146622,0.010783545672893524,0.010770469903945923,0.010783545672893524,3587
2026-05-08 10:30:00+00:00,0.010810455307364464,0.010810495354235172,0.0107731893658638,0.0107731893658638,0
2026-05-08 10:45:00+00:00,0.01082643773406744,0.01082643773406744,0.010813302360475063,0.010815568268299103,9647
2026-05-08 11:00:00+00:00,0.01081414520740509,0.010826501995325089,0.010814070701599121,0.010823960416018963,12505
2026-05-08 11:15:00+00:00,0.010871736332774162,0.010874664410948753,0.010820395313203335,0.010820395313203335,248617
2026-05-08 11:30:00+00:00,0.010853803716599941,0.010872933082282543,0.010846056044101715,0.010872933082282543,9081
2026-05-08 11:45:00+00:00,0.010843866504728794,0.010854078456759453,0.010843866504728794,0.010854078456759453,20056
2026-05-08 12:00:00+00:00,0.010780000127851963,0.010844014585018158,0.010780000127851963,0.010844014585018158,44131
2026-05-08 12:15:00+00:00,0.010769999586045742,0.010780000127851963,0.010759999975562096,0.010780000127851963,0
2026-05-08 12:30:00+00:00,0.01080000028014183,0.01080000028014183,0.010769999586045742,0.010769999586045742,25561
2026-05-08 12:45:00+00:00,0.01078999973833561,0.01080000028014183,0.010759999975562096,0.01080000028014183,109679
2026-05-08 13:00:00+00:00,0.010700000450015068,0.01078999973833561,0.010700000450015068,0.01078999973833561,0
2026-05-08 13:15:00+00:00,0.010739999823272228,0.010739999823272228,0.010700000450015068,0.010700000450015068,16212
2026-05-08 13:30:00+00:00,0.010660000145435333,0.010730000212788582,0.010660000145435333,0.01071999967098236,10089
2026-05-08 13:45:00+00:00,0.010710000060498714,0.010730000212788582,0.010660000145435333,0.010660000145435333,62859
2026-05-08 14:00:00+00:00,0.010759999975562096,0.01080000028014183,0.010710000060498714,0.010710000060498714,37561
2026-05-08 14:15:00+00:00,0.010879999957978725,0.010879999957978725,0.010759999975562096,0.010759999975562096,47425
2026-05-08 14:30:00+00:00,0.010900000110268593,0.010900000110268593,0.010820000432431698,0.010850000195205212,28417
2026-05-08 14:45:00+00:00,0.010879999957978725,0.010900000110268593,0.010859999805688858,0.010900000110268593,14933
2026-05-08 15:00:00+00:00,0.010820000432431698,0.010879999957978725,0.010820000432431698,0.010879999957978725,1885
2026-05-08 15:15:00+00:00,0.01078999973833561,0.010820000432431698,0.01078999973833561,0.010820000432431698,0
2026-05-08 15:30:00+00:00,0.010820000432431698,0.010850000195205212,0.01078999973833561,0.01078999973833561,0
2026-05-08 15:45:00+00:00,0.010859999805688858,0.010889999568462372,0.01080000028014183,0.010820000432431698,0
2026-05-08 16:00:00+00:00,0.010820000432431698,0.010870000347495079,0.01080000028014183,0.010859999805688858,41059
2026-05-08 16:15:00+00:00,0.010859999805688858,0.010859999805688858,0.010820000432431698,0.010820000432431698,83693
2026-05-08 16:30:00+00:00,0.01090999972075224,0.01090999972075224,0.010850000195205212,0.010859999805688858,16804
2026-05-08 16:45:00+00:00,0.010879999957978725,0.01090999972075224,0.010879999957978725,0.010889999568462372,54590
2026-05-08 17:00:00+00:00,0.010929999873042107,0.01095999963581562,0.010879999957978725,0.010879999957978725,58036
2026-05-08 17:15:00+00:00,0.01095999963581562,0.010970000177621841,0.010929999873042107,0.010929999873042107,93114
2026-05-08 17:30:00+00:00,0.011029999703168869,0.011090000160038471,0.010999999940395355,0.010999999940395355,147682
2026-05-08 17:45:00+00:00,0.011029999703168869,0.011049999855458736,0.011009999550879002,0.011029999703168869,154561
2026-05-08 18:00:00+00:00,0.011099999770522118,0.011099999770522118,0.01104000024497509,0.01104000024497509,3456
2026-05-08 18:15:00+00:00,0.011099999770522118,0.011149999685585499,0.01107999961823225,0.011099999770522118,319
2026-05-08 18:30:00+00:00,0.011099999770522118,0.011140000075101852,0.011060000397264957,0.011099999770522118,19054
2026-05-08 18:45:00+00:00,0.011130000464618206,0.01116000022739172,0.01107999961823225,0.011099999770522118,375881
2026-05-08 19:00:00+00:00,0.011070000007748604,0.011099999770522118,0.011060000397264957,0.011099999770522118,119918
2026-05-08 19:15:00+00:00,0.011119999922811985,0.011119999922811985,0.011070000007748604,0.011070000007748604,106217
2026-05-08 19:30:00+00:00,0.011110000312328339,0.011130000464618206,0.011110000312328339,0.011119999922811985,46001
2026-05-08 19:45:00+00:00,0.01107999961823225,0.011119999922811985,0.01107999961823225,0.011110000312328339,0
2026-05-08 20:00:00+00:00,0.010900000110268593,0.011060000397264957,0.010900000110268593,0.011009999550879002,85480
2026-05-08 20:15:00+00:00,0.010999999940395355,0.01104000024497509,0.010900000110268593,0.010900000110268593,44520
2026-05-08 20:30:00+00:00,0.011060000397264957,0.011060000397264957,0.010999999940395355,0.010999999940395355,69987
2026-05-08 20:45:00+00:00,0.011189999990165234,0.011189999990165234,0.011049999855458736,0.011049999855458736,223024
2026-05-08 21:00:00+00:00,0.011180000379681587,0.011250000447034836,0.011180000379681587,0.011180000379681587,172319
2026-05-08 21:15:00+00:00,0.01128000020980835,0.011309999972581863,0.01116000022739172,0.011180000379681587,106628
2026-05-08 21:30:00+00:00,0.011250000447034836,0.011300000362098217,0.011250000447034836,0.011289999820291996,157873
2026-05-08 21:45:00+00:00,0.01119999960064888,0.011250000447034836,0.01119999960064888,0.011250000447034836,15139
2026-05-08 22:00:00+00:00,0.011300000362098217,0.01133000012487173,0.011230000294744968,0.011230000294744968,74588
2026-05-08 22:15:00+00:00,0.011300000362098217,0.011300000362098217,0.011260000057518482,0.011300000362098217,13940
2026-05-08 22:30:00+00:00,0.011350000277161598,0.011350000277161598,0.011300000362098217,0.011300000362098217,53885
2026-05-08 22:45:00+00:00,0.011380000039935112,0.01140000019222498,0.011350000277161598,0.011350000277161598,59442
2026-05-08 23:00:00+00:00,0.01133000012487173,0.011380000039935112,0.01133000012487173,0.011380000039935112,79774
2026-05-08 23:15:00+00:00,0.011300000362098217,0.01133000012487173,0.011289999820291996,0.01133000012487173,72423
2026-05-08 23:30:00+00:00,0.011350000277161598,0.011350000277161598,0.011300000362098217,0.011300000362098217,15647
2026-05-08 23:45:00+00:00,0.011380000039935112,0.011389999650418758,0.011339999735355377,0.011339999735355377,13267
2026-05-09 00:00:00+00:00,0.01140000019222498,0.01140000019222498,0.011339999735355377,0.011380000039935112,31438
2026-05-09 00:15:00+00:00,0.011409999802708626,0.01143999956548214,0.01140000019222498,0.01140000019222498,33500
2026-05-09 00:30:00+00:00,0.01143999956548214,0.01143999956548214,0.011389999650418758,0.011409999802708626,27224
2026-05-09 00:45:00+00:00,0.01143999956548214,0.01143999956548214,0.011420000344514847,0.01143999956548214,20574
2026-05-09 01:00:00+00:00,0.011380000039935112,0.01143999956548214,0.011370000429451466,0.01143999956548214,43149
2026-05-09 01:15:00+00:00,0.011350000277161598,0.011389999650418758,0.01133000012487173,0.011380000039935112,72711
2026-05-09 01:30:00+00:00,0.011389999650418758,0.011389999650418758,0.011350000277161598,0.011350000277161598,5283
2026-05-09 01:45:00+00:00,0.011409999802708626,0.01143999956548214,0.011389999650418758,0.011389999650418758,26744
2026-05-09 02:00:00+00:00,0.011420000344514847,0.011420000344514847,0.011359999887645245,0.011409999802708626,19017
2026-05-09 02:15:00+00:00,0.011429999954998493,0.01143999956548214,0.011420000344514847,0.011420000344514847,16392
2026-05-09 02:30:00+00:00,0.011409999802708626,0.011429999954998493,0.011409999802708626,0.011429999954998493,27447
2026-05-09 02:45:00+00:00,0.011470000259578228,0.011479999870061874,0.011409999802708626,0.011409999802708626,40885
2026-05-09 03:00:00+00:00,0.011490000411868095,0.011509999632835388,0.011470000259578228,0.011470000259578228,30453
2026-05-09 03:15:00+00:00,0.011429999954998493,0.011509999632835388,0.011429999954998493,0.011490000411868095,49416
2026-05-09 03:30:00+00:00,0.011350000277161598,0.011429999954998493,0.011350000277161598,0.011429999954998493,28085
2026-05-09 03:45:00+00:00,0.011339999735355377,0.011350000277161598,0.011300000362098217,0.011350000277161598,54112
2026-05-09 04:00:00+00:00,0.011339999735355377,0.011359999887645245,0.01131999958306551,0.011339999735355377,13612
2026-05-09 04:15:00+00:00,0.011309999972581863,0.011350000277161598,0.011309999972581863,0.011339999735355377,22533
2026-05-09 04:30:00+00:00,0.011300000362098217,0.011389999650418758,0.011300000362098217,0.01133000012487173,45095
2026-05-09 04:45:00+00:00,0.01128000020980835,0.01131999958306551,0.011250000447034836,0.011300000362098217,56184
2026-05-09 05:00:00+00:00,0.01128000020980835,0.01128000020980835,0.011239999905228615,0.01128000020980835,22172
2026-05-09 05:15:00+00:00,0.011339999735355377,0.011339999735355377,0.01128000020980835,0.01128000020980835,4987
2026-05-09 05:30:00+00:00,0.01133000012487173,0.011339999735355377,0.011260000057518482,0.011339999735355377,155454
2026-05-09 05:45:00+00:00,0.011429999954998493,0.011429999954998493,0.011309999972581863,0.01133000012487173,58679
2026-05-09 06:00:00+00:00,0.011339999735355377,0.011429999954998493,0.011339999735355377,0.011429999954998493,22719
2026-05-09 06:15:00+00:00,0.011309999972581863,0.011339999735355377,0.011309999972581863,0.011339999735355377,7905
2026-05-09 06:30:00+00:00,0.011250000447034836,0.011309999972581863,0.011250000447034836,0.011309999972581863,19683
2026-05-09 06:45:00+00:00,0.011250000447034836,0.011250000447034836,0.011230000294744968,0.011250000447034836,59434
2026-05-09 07:00:00+00:00,0.011189999990165234,0.011250000447034836,0.011189999990165234,0.011250000447034836,5506
2026-05-09 07:15:00+00:00,0.011189999990165234,0.011189999990165234,0.011189999990165234,0.011189999990165234,93401
2026-05-09 07:30:00+00:00,0.01119999960064888,0.01119999960064888,0.011189999990165234,0.011189999990165234,11187
2026-05-09 07:45:00+00:00,0.01116000022739172,0.01119999960064888,0.011140000075101852,0.01119999960064888,22774
2026-05-09 08:00:00+00:00,0.011230000294744968,0.011230000294744968,0.01116000022739172,0.01116000022739172,112326
2026-05-09 08:15:00+00:00,0.011230000294744968,0.011250000447034836,0.011230000294744968,0.011230000294744968,27776
2026-05-09 08:30:00+00:00,0.011250000447034836,0.011250000447034836,0.011230000294744968,0.011230000294744968,24574
2026-05-09 08:45:00+00:00,0.011250000447034836,0.011260000057518482,0.011230000294744968,0.011250000447034836,0
2026-05-09 09:00:00+00:00,0.011250000447034836,0.011250000447034836,0.011250000447034836,0.011250000447034836,19464
2026-05-09 09:15:00+00:00,0.011250000447034836,0.01133000012487173,0.011210000142455101,0.011250000447034836,144910
2026-05-09 09:30:00+00:00,0.01119999960064888,0.011250000447034836,0.011189999990165234,0.011250000447034836,71689
2026-05-09 09:45:00+00:00,0.011180000379681587,0.01119999960064888,0.011180000379681587,0.01119999960064888,5373
2026-05-09 10:00:00+00:00,0.011180000379681587,0.011189999990165234,0.01116000022739172,0.011180000379681587,6600
2026-05-09 10:15:00+00:00,0.011140000075101852,0.01119999960064888,0.011130000464618206,0.011180000379681587,16471
2026-05-09 10:30:00+00:00,0.011169999837875366,0.011169999837875366,0.011140000075101852,0.011140000075101852,99227
2026-05-09 10:45:00+00:00,0.011210000142455101,0.011239999905228615,0.011169999837875366,0.011169999837875366,4750
2026-05-09 11:00:00+00:00,0.011210000142455101,0.011260000057518482,0.01119999960064888,0.011210000142455101,2360
2026-05-09 11:15:00+00:00,0.011180000379681587,0.011210000142455101,0.011180000379681587,0.011210000142455101,24278
2026-05-09 11:30:00+00:00,0.011210000142455101,0.011210000142455101,0.011180000379681587,0.011180000379681587,37919
2026-05-09 11:45:00+00:00,0.011180000379681587,0.011210000142455101,0.011180000379681587,0.011210000142455101,0
2026-05-09 12:00:00+00:00,0.011149999685585499,0.011189999990165234,0.011149999685585499,0.011180000379681587,0
2026-05-09 12:15:00+00:00,0.011140000075101852,0.011149999685585499,0.011119999922811985,0.011149999685585499,28544
2026-05-09 12:30:00+00:00,0.011110000312328339,0.011140000075101852,0.011110000312328339,0.011140000075101852,27738
2026-05-09 12:45:00+00:00,0.01116000022739172,0.01116000022739172,0.011110000312328339,0.011110000312328339,0
2026-05-09 13:00:00+00:00,0.011090000160038471,0.01116000022739172,0.01107999961823225,0.01116000022739172,12313
2026-05-09 13:15:00+00:00,0.011049999855458736,0.011110000312328339,0.011049999855458736,0.011090000160038471,25361
2026-05-09 13:30:00+00:00,0.011020000092685223,0.011060000397264957,0.011020000092685223,0.011049999855458736,14763
2026-05-09 13:45:00+00:00,0.011060000397264957,0.011060000397264957,0.011020000092685223,0.011020000092685223,71990
2026-05-09 14:00:00+00:00,0.011020000092685223,0.011060000397264957,0.010970000177621841,0.011060000397264957,40366
2026-05-09 14:15:00+00:00,0.010999999940395355,0.011020000092685223,0.010979999788105488,0.011020000092685223,520
2026-05-09 14:30:00+00:00,0.011009999550879002,0.011009999550879002,0.010999999940395355,0.010999999940395355,0
2026-05-09 14:45:00+00:00,0.010970000177621841,0.011009999550879002,0.010970000177621841,0.011009999550879002,0
2026-05-09 15:00:00+00:00,0.010990000329911709,0.011049999855458736,0.010970000177621841,0.010970000177621841,27444
2026-05-09 15:15:00+00:00,0.010999999940395355,0.011029999703168869,0.010990000329911709,0.010990000329911709,31036
2026-05-09 15:30:00+00:00,0.011020000092685223,0.011020000092685223,0.010999999940395355,0.010999999940395355,5244
2026-05-09 15:45:00+00:00,0.010990000329911709,0.011020000092685223,0.010979999788105488,0.011020000092685223,1522
2026-05-09 16:00:00+00:00,0.011029999703168869,0.011029999703168869,0.010950000025331974,0.010990000329911709,34055
2026-05-09 16:15:00+00:00,0.011020000092685223,0.011049999855458736,0.011009999550879002,0.01104000024497509,0
2026-05-09 16:30:00+00:00,0.010999999940395355,0.011020000092685223,0.010999999940395355,0.011020000092685223,13667
2026-05-09 16:45:00+00:00,0.011009999550879002,0.011009999550879002,0.010999999940395355,0.010999999940395355,0
2026-05-09 17:00:00+00:00,0.011060000397264957,0.011070000007748604,0.011009999550879002,0.011009999550879002,12709
2026-05-09 17:15:00+00:00,0.011090000160038471,0.011090000160038471,0.011060000397264957,0.011060000397264957,0
2026-05-09 17:30:00+00:00,0.011110000312328339,0.011110000312328339,0.011090000160038471,0.011090000160038471,0
2026-05-09 17:45:00+00:00,0.01107999961823225,0.011140000075101852,0.01107999961823225,0.011110000312328339,36533
2026-05-09 18:00:00+00:00,0.011060000397264957,0.01107999961823225,0.011060000397264957,0.01107999961823225,4780
2026-05-09 18:15:00+00:00,0.01107999961823225,0.01107999961823225,0.011060000397264957,0.011060000397264957,0
2026-05-09 18:30:00+00:00,0.011070000007748604,0.011090000160038471,0.011060000397264957,0.01107999961823225,0
2026-05-09 18:45:00+00:00,0.011140000075101852,0.011140000075101852,0.011070000007748604,0.011070000007748604,0
2026-05-09 19:00:00+00:00,0.011110000312328339,0.011140000075101852,0.011110000312328339,0.011140000075101852,39878
2026-05-09 19:15:00+00:00,0.011099999770522118,0.011110000312328339,0.011099999770522118,0.011110000312328339,0
2026-05-09 19:30:00+00:00,0.011099999770522118,0.011130000464618206,0.011099999770522118,0.011099999770522118,0
2026-05-09 19:45:00+00:00,0.011110000312328339,0.011110000312328339,0.011099999770522118,0.011099999770522118,5093
2026-05-09 20:00:00+00:00,0.011060000397264957,0.011110000312328339,0.011049999855458736,0.011110000312328339,29787
2026-05-09 20:15:00+00:00,0.011060000397264957,0.011070000007748604,0.011049999855458736,0.011060000397264957,0
2026-05-09 20:30:00+00:00,0.01107999961823225,0.01107999961823225,0.011049999855458736,0.011060000397264957,115424
2026-05-09 20:45:00+00:00,0.011090000160038471,0.011090000160038471,0.011070000007748604,0.01107999961823225,0
2026-05-09 21:00:00+00:00,0.011110000312328339,0.011119999922811985,0.011070000007748604,0.011090000160038471,0
2026-05-09 21:15:00+00:00,0.011110000312328339,0.011110000312328339,0.011099999770522118,0.011110000312328339,3574
2026-05-09 21:30:00+00:00,0.011110000312328339,0.011110000312328339,0.011110000312328339,0.011110000312328339,0
2026-05-09 21:45:00+00:00,0.011099999770522118,0.011110000312328339,0.011099999770522118,0.011110000312328339,0
2026-05-09 22:00:00+00:00,0.011060000397264957,0.011099999770522118,0.011060000397264957,0.011099999770522118,430
2026-05-09 22:15:00+00:00,0.011090000160038471,0.011090000160038471,0.011060000397264957,0.011060000397264957,0
2026-05-09 22:30:00+00:00,0.011130000464618206,0.011130000464618206,0.011090000160038471,0.011099999770522118,0
2026-05-09 22:45:00+00:00,0.011119999922811985,0.011130000464618206,0.011119999922811985,0.011130000464618206,8091
2026-05-09 23:00:00+00:00,0.011099999770522118,0.011140000075101852,0.011099999770522118,0.011119999922811985,13870
2026-05-09 23:15:00+00:00,0.011090000160038471,0.011140000075101852,0.011090000160038471,0.011099999770522118,247
2026-05-09 23:30:00+00:00,0.011049999855458736,0.011090000160038471,0.011049999855458736,0.011090000160038471,20020
2026-05-09 23:45:00+00:00,0.011070000007748604,0.011070000007748604,0.01104000024497509,0.011049999855458736,2858
2026-05-10 00:00:00+00:00,0.011020000092685223,0.011070000007748604,0.011020000092685223,0.011070000007748604,7226
2026-05-10 00:15:00+00:00,0.011020000092685223,0.011020000092685223,0.011020000092685223,0.011020000092685223,0
2026-05-10 00:30:00+00:00,0.01107999961823225,0.011090000160038471,0.011020000092685223,0.011020000092685223,8989
2026-05-10 00:45:00+00:00,0.01107999961823225,0.01107999961823225,0.01107999961823225,0.01107999961823225,3149
2026-05-10 01:00:00+00:00,0.010990000329911709,0.01107999961823225,0.010979999788105488,0.01107999961823225,1438
2026-05-10 01:15:00+00:00,0.010879999957978725,0.010990000329911709,0.010850000195205212,0.010990000329911709,45843
2026-05-10 01:30:00+00:00,0.01092000026255846,0.01092000026255846,0.010879999957978725,0.010879999957978725,177301
2026-05-10 01:45:00+00:00,0.010940000414848328,0.010940000414848328,0.010879999957978725,0.01092000026255846,33390
2026-05-10 02:00:00+00:00,0.010940000414848328,0.010940000414848328,0.010929999873042107,0.010940000414848328,0
2026-05-10 02:15:00+00:00,0.010979999788105488,0.010979999788105488,0.010940000414848328,0.010940000414848328,14055
2026-05-10 02:30:00+00:00,0.010990000329911709,0.011009999550879002,0.010990000329911709,0.010999999940395355,9400
2026-05-10 02:45:00+00:00,0.010999999940395355,0.010999999940395355,0.010990000329911709,0.010990000329911709,0
2026-05-10 03:00:00+00:00,0.010979999788105488,0.011020000092685223,0.010979999788105488,0.010999999940395355,286
2026-05-10 03:15:00+00:00,0.010990000329911709,0.010990000329911709,0.010979999788105488,0.010979999788105488,0
2026-05-10 03:30:00+00:00,0.010950000025331974,0.010990000329911709,0.010950000025331974,0.010990000329911709,5019
2026-05-10 03:45:00+00:00,0.010970000177621841,0.010970000177621841,0.010950000025331974,0.010950000025331974,0
2026-05-10 04:00:00+00:00,0.01095999963581562,0.010970000177621841,0.01095999963581562,0.010970000177621841,0
2026-05-10 04:15:00+00:00,0.010970000177621841,0.010979999788105488,0.01095999963581562,0.01095999963581562,0
2026-05-10 04:30:00+00:00,0.011020000092685223,0.011049999855458736,0.010970000177621841,0.010970000177621841,0
2026-05-10 04:45:00+00:00,0.010999999940395355,0.010999999940395355,0.010999999940395355,0.010999999940395355,0
2026-05-10 05:00:00+00:00,0.011009999550879002,0.011020000092685223,0.010999999940395355,0.010999999940395355,3581
2026-05-10 05:15:00+00:00,0.011049999855458736,0.011049999855458736,0.011009999550879002,0.011009999550879002,10474
2026-05-10 05:30:00+00:00,0.011090000160038471,0.011090000160038471,0.011049999855458736,0.011049999855458736,0
2026-05-10 05:45:00+00:00,0.011049999855458736,0.011090000160038471,0.011049999855458736,0.011090000160038471,0
2026-05-10 06:00:00+00:00,0.010999999940395355,0.011049999855458736,0.010999999940395355,0.011049999855458736,393
2026-05-10 06:15:00+00:00,0.010999999940395355,0.010999999940395355,0.010999999940395355,0.010999999940395355,1519
2026-05-10 06:30:00+00:00,0.011020000092685223,0.011029999703168869,0.010999999940395355,0.010999999940395355,0
2026-05-10 06:45:00+00:00,0.011009999550879002,0.011020000092685223,0.011009999550879002,0.011020000092685223,0
2026-05-10 07:00:00+00:00,0.011049999855458736,0.011049999855458736,0.011009999550879002,0.011009999550879002,0
2026-05-10 07:15:00+00:00,0.011180000379681587,0.01119999960064888,0.011049999855458736,0.011049999855458736,8880
2026-05-10 07:30:00+00:00,0.01116000022739172,0.011180000379681587,0.011149999685585499,0.011180000379681587,6950
2026-05-10 07:45:00+00:00,0.011180000379681587,0.011189999990165234,0.01116000022739172,0.01116000022739172,83131
2026-05-10 08:00:00+00:00,0.011130000464618206,0.011180000379681587,0.011119999922811985,0.011180000379681587,0
2026-05-10 08:15:00+00:00,0.011130000464618206,0.011130000464618206,0.011130000464618206,0.011130000464618206,10405
2026-05-10 08:30:00+00:00,0.011140000075101852,0.011140000075101852,0.011130000464618206,0.011130000464618206,0
2026-05-10 08:45:00+00:00,0.01119999960064888,0.011210000142455101,0.011140000075101852,0.011140000075101852,3669
2026-05-10 09:00:00+00:00,0.01116000022739172,0.011180000379681587,0.011149999685585499,0.011180000379681587,0
2026-05-10 09:15:00+00:00,0.011169999837875366,0.011169999837875366,0.011140000075101852,0.01116000022739172,0
2026-05-10 09:30:00+00:00,0.01116000022739172,0.011169999837875366,0.011149999685585499,0.011169999837875366,0
2026-05-10 09:45:00+00:00,0.01116000022739172,0.01119999960064888,0.01116000022739172,0.01116000022739172,0
2026-05-10 10:00:00+00:00,0.011140000075101852,0.01116000022739172,0.011119999922811985,0.01116000022739172,20618
2026-05-10 10:15:00+00:00,0.011169999837875366,0.011169999837875366,0.011130000464618206,0.011140000075101852,5328
2026-05-10 10:30:00+00:00,0.011169999837875366,0.011189999990165234,0.011169999837875366,0.011169999837875366,0
2026-05-10 10:45:00+00:00,0.011149999685585499,0.011180000379681587,0.011149999685585499,0.011169999837875366,8157
2026-05-10 11:00:00+00:00,0.011180000379681587,0.011180000379681587,0.011149999685585499,0.011149999685585499,0
2026-05-10 11:15:00+00:00,0.01116000022739172,0.011180000379681587,0.011140000075101852,0.011180000379681587,0
2026-05-10 11:30:00+00:00,0.011210000142455101,0.011230000294744968,0.01116000022739172,0.01116000022739172,0
2026-05-10 11:45:00+00:00,0.011189999990165234,0.011210000142455101,0.011189999990165234,0.011210000142455101,61709
2026-05-10 12:00:00+00:00,0.01116000022739172,0.011189999990165234,0.01116000022739172,0.011189999990165234,4166
2026-05-10 12:15:00+00:00,0.011149999685585499,0.01116000022739172,0.011149999685585499,0.01116000022739172,830
2026-05-10 12:30:00+00:00,0.01116000022739172,0.01116000022739172,0.011130000464618206,0.011149999685585499,627
2026-05-10 12:45:00+00:00,0.01116000022739172,0.01116000022739172,0.01116000022739172,0.01116000022739172,0
2026-05-10 13:00:00+00:00,0.01116000022739172,0.01116000022739172,0.01116000022739172,0.01116000022739172,292
2026-05-10 13:15:00+00:00,0.011239999905228615,0.011250000447034836,0.01116000022739172,0.01116000022739172,21850
2026-05-10 13:30:00+00:00,0.011230000294744968,0.011239999905228615,0.01119999960064888,0.011239999905228615,17767
2026-05-10 13:45:00+00:00,0.011269999668002129,0.01128000020980835,0.011230000294744968,0.011230000294744968,39756
2026-05-10 14:00:00+00:00,0.011239999905228615,0.011289999820291996,0.011239999905228615,0.011260000057518482,111719
2026-05-10 14:15:00+00:00,0.011219999752938747,0.011230000294744968,0.011189999990165234,0.011219999752938747,59289
2026-05-10 14:30:00+00:00,0.011239999905228615,0.011239999905228615,0.011189999990165234,0.011219999752938747,6225
2026-05-10 14:45:00+00:00,0.011219999752938747,0.011260000057518482,0.011189999990165234,0.011239999905228615,14036
2026-05-10 15:00:00+00:00,0.011230000294744968,0.01128000020980835,0.011219999752938747,0.011219999752938747,10762
2026-05-10 15:15:00+00:00,0.011289999820291996,0.011300000362098217,0.011230000294744968,0.011230000294744968,16702
2026-05-10 15:30:00+00:00,0.01131999958306551,0.011339999735355377,0.011289999820291996,0.011289999820291996,24090
2026-05-10 15:45:00+00:00,0.011339999735355377,0.011350000277161598,0.01131999958306551,0.01131999958306551,46832
2026-05-10 16:00:00+00:00,0.011339999735355377,0.011350000277161598,0.011309999972581863,0.011339999735355377,13202
2026-05-10 16:15:00+00:00,0.011389999650418758,0.011389999650418758,0.01133000012487173,0.011339999735355377,86011
2026-05-10 16:30:00+00:00,0.011490000411868095,0.011549999937415123,0.011389999650418758,0.011389999650418758,222809
2026-05-10 16:45:00+00:00,0.011509999632835388,0.011509999632835388,0.011459999717772007,0.011500000022351742,159216
2026-05-10 17:00:00+00:00,0.011490000411868095,0.011509999632835388,0.01143999956548214,0.011509999632835388,16171
2026-05-10 17:15:00+00:00,0.011610000394284725,0.011669999919831753,0.011479999870061874,0.011490000411868095,250720
2026-05-10 17:30:00+00:00,0.011620000004768372,0.011640000157058239,0.011610000394284725,0.011610000394284725,44000
2026-05-10 17:45:00+00:00,0.011669999919831753,0.011669999919831753,0.011620000004768372,0.011620000004768372,32512
2026-05-10 18:00:00+00:00,0.011669999919831753,0.011730000376701355,0.011669999919831753,0.011669999919831753,134751
2026-05-10 18:15:00+00:00,0.011739999987185001,0.011739999987185001,0.011680000461637974,0.011680000461637974,96808
2026-05-10 18:30:00+00:00,0.011699999682605267,0.011739999987185001,0.011699999682605267,0.011739999987185001,32930
2026-05-10 18:45:00+00:00,0.01169000007212162,0.011739999987185001,0.011680000461637974,0.011699999682605267,67409
2026-05-10 19:00:00+00:00,0.011749999597668648,0.011780000291764736,0.011680000461637974,0.01169000007212162,78824
2026-05-10 19:15:00+00:00,0.011830000206828117,0.011859999969601631,0.011749999597668648,0.011749999597668648,89770
2026-05-10 19:30:00+00:00,0.011789999902248383,0.011859999969601631,0.011780000291764736,0.011830000206828117,148521
2026-05-10 19:45:00+00:00,0.01193000003695488,0.01193000003695488,0.011780000291764736,0.011789999902248383,138954
2026-05-10 20:00:00+00:00,0.011859999969601631,0.011989999562501907,0.011859999969601631,0.011950000189244747,243387
2026-05-10 20:15:00+00:00,0.01169000007212162,0.011859999969601631,0.01169000007212162,0.011859999969601631,372070
2026-05-10 20:30:00+00:00,0.011540000326931477,0.01169000007212162,0.011540000326931477,0.01169000007212162,75488
2026-05-10 20:45:00+00:00,0.011380000039935112,0.011540000326931477,0.011269999668002129,0.011540000326931477,413654
2026-05-10 21:00:00+00:00,0.01133000012487173,0.011409999802708626,0.011289999820291996,0.011380000039935112,106099
2026-05-10 21:15:00+00:00,0.01145000010728836,0.01145000010728836,0.01128000020980835,0.011300000362098217,50482
2026-05-10 21:30:00+00:00,0.011479999870061874,0.011529999785125256,0.01140000019222498,0.01145000010728836,92010
2026-05-10 21:45:00+00:00,0.011479999870061874,0.011479999870061874,0.011479999870061874,0.011479999870061874,17145
2026-05-10 22:00:00+00:00,0.011509999632835388,0.011529999785125256,0.011479999870061874,0.011479999870061874,157493
2026-05-10 22:15:00+00:00,0.011599999852478504,0.011599999852478504,0.011509999632835388,0.011509999632835388,31345
2026-05-10 22:30:00+00:00,0.011610000394284725,0.011620000004768372,0.011599999852478504,0.011599999852478504,81484
2026-05-10 22:45:00+00:00,0.011640000157058239,0.011649999767541885,0.011610000394284725,0.011610000394284725,29503
2026-05-10 23:00:00+00:00,0.011610000394284725,0.011649999767541885,0.011610000394284725,0.011640000157058239,1011
2026-05-10 23:15:00+00:00,0.01157000008970499,0.011610000394284725,0.01155999954789877,0.011610000394284725,72003
2026-05-10 23:30:00+00:00,0.011590000241994858,0.011599999852478504,0.01157000008970499,0.01157000008970499,32361
2026-05-10 23:45:00+00:00,0.011579999700188637,0.011590000241994858,0.011579999700188637,0.011590000241994858,26958
2026-05-11 00:00:00+00:00,0.01152000017464161,0.011610000394284725,0.011490000411868095,0.011579999700188637,28361
2026-05-11 00:15:00+00:00,0.011479999870061874,0.01152000017464161,0.011429999954998493,0.01152000017464161,102992
2026-05-11 00:30:00+00:00,0.011479999870061874,0.011549999937415123,0.011479999870061874,0.011490000411868095,26027
2026-05-11 00:45:00+00:00,0.011420000344514847,0.011479999870061874,0.01140000019222498,0.011479999870061874,41282
2026-05-11 01:00:00+00:00,0.011420000344514847,0.011420000344514847,0.011370000429451466,0.011420000344514847,10817
2026-05-11 01:15:00+00:00,0.011459999717772007,0.011470000259578228,0.011420000344514847,0.011420000344514847,21412
2026-05-11 01:30:00+00:00,0.011420000344514847,0.011459999717772007,0.01140000019222498,0.011459999717772007,0
2026-05-11 01:45:00+00:00,0.011389999650418758,0.011420000344514847,0.011380000039935112,0.011420000344514847,0
2026-05-11 02:00:00+00:00,0.01133000012487173,0.011420000344514847,0.01133000012487173,0.011389999650418758,12401
2026-05-11 02:15:00+00:00,0.011289999820291996,0.011339999735355377,0.011250000447034836,0.01133000012487173,109332
2026-05-11 02:30:00+00:00,0.011260000057518482,0.011289999820291996,0.011250000447034836,0.011289999820291996,14760
2026-05-11 02:45:00+00:00,0.011309999972581863,0.011309999972581863,0.011250000447034836,0.011260000057518482,15265
2026-05-11 03:00:00+00:00,0.011289999820291996,0.011309999972581863,0.011289999820291996,0.011309999972581863,1045
2026-05-11 03:15:00+00:00,0.011219999752938747,0.011289999820291996,0.011189999990165234,0.011289999820291996,57075
2026-05-11 03:30:00+00:00,0.011210000142455101,0.011219999752938747,0.011130000464618206,0.011219999752938747,73113
2026-05-11 03:45:00+00:00,0.011239999905228615,0.011239999905228615,0.011210000142455101,0.011210000142455101,32736
2026-05-11 04:00:00+00:00,0.01116000022739172,0.011239999905228615,0.01116000022739172,0.011239999905228615,9708
2026-05-11 04:15:00+00:00,0.011210000142455101,0.011210000142455101,0.011180000379681587,0.011180000379681587,39536
2026-05-11 04:30:00+00:00,0.011239999905228615,0.011250000447034836,0.011210000142455101,0.011210000142455101,18116
2026-05-11 04:45:00+00:00,0.011269999668002129,0.011269999668002129,0.011239999905228615,0.011239999905228615,300
2026-05-11 05:00:00+00:00,0.011269999668002129,0.011269999668002129,0.011269999668002129,0.011269999668002129,23593
2026-05-11 05:15:00+00:00,0.011350000277161598,0.011350000277161598,0.011269999668002129,0.011269999668002129,2638
2026-05-11 05:30:00+00:00,0.011380000039935112,0.011409999802708626,0.011350000277161598,0.011350000277161598,50220
2026-05-11 05:45:00+00:00,0.011380000039935112,0.011380000039935112,0.011380000039935112,0.011380000039935112,10822
2026-05-11 06:00:00+00:00,0.011370000429451466,0.011380000039935112,0.011359999887645245,0.011380000039935112,4981
2026-05-11 06:15:00+00:00,0.01140000019222498,0.01140000019222498,0.011370000429451466,0.011370000429451466,942
2026-05-11 06:30:00+00:00,0.011370000429451466,0.01140000019222498,0.011370000429451466,0.01140000019222498,4696
2026-05-11 06:45:00+00:00,0.01131999958306551,0.011370000429451466,0.01131999958306551,0.011370000429451466,2732
2026-05-11 07:00:00+00:00,0.01131999958306551,0.01131999958306551,0.011300000362098217,0.01131999958306551,14949
2026-05-11 07:15:00+00:00,0.011300000362098217,0.01131999958306551,0.011300000362098217,0.01131999958306551,25631
2026-05-11 07:30:00+00:00,0.011269999668002129,0.011309999972581863,0.011269999668002129,0.011300000362098217,2497
2026-05-11 07:45:00+00:00,0.011339999735355377,0.011339999735355377,0.011269999668002129,0.011269999668002129,42306
2026-05-11 08:00:00+00:00,0.011309999972581863,0.011339999735355377,0.011309999972581863,0.011339999735355377,20132
2026-05-11 08:15:00+00:00,0.01131999958306551,0.011389999650418758,0.011309999972581863,0.011309999972581863,31130
2026-05-11 08:30:00+00:00,0.011350000277161598,0.011350000277161598,0.01128000020980835,0.01128000020980835,18889
2026-05-11 08:45:00+00:00,0.011389999650418758,0.011429999954998493,0.011350000277161598,0.011350000277161598,63234
2026-05-11 09:00:00+00:00,0.011389999650418758,0.011389999650418758,0.011389999650418758,0.011389999650418758,17891
2026-05-11 09:15:00+00:00,0.011389999650418758,0.01140000019222498,0.011359999887645245,0.011389999650418758,21655
2026-05-11 09:30:00+00:00,0.011380000039935112,0.011389999650418758,0.011380000039935112,0.011389999650418758,5341
2026-05-11 09:45:00+00:00,0.011409999802708626,0.011409999802708626,0.011380000039935112,0.011380000039935112,40532
2026-05-11 10:00:00+00:00,0.011470000259578228,0.011470000259578228,0.011409999802708626,0.011409999802708626,10202
2026-05-11 10:15:00+00:00,0.011479999870061874,0.011500000022351742,0.011470000259578228,0.011470000259578228,25568
2026-05-11 10:30:00+00:00,0.01145000010728836,0.011479999870061874,0.01145000010728836,0.011479999870061874,39045
2026-05-11 10:45:00+00:00,0.01140000019222498,0.01145000010728836,0.01140000019222498,0.01145000010728836,9341
2026-05-11 11:00:00+00:00,0.01140000019222498,0.01140000019222498,0.01140000019222498,0.01140000019222498,16003
2026-05-11 11:15:00+00:00,0.011420000344514847,0.01145000010728836,0.01140000019222498,0.01140000019222498,6249
2026-05-11 11:30:00+00:00,0.01145000010728836,0.01145000010728836,0.011420000344514847,0.011420000344514847,14096
2026-05-11 11:45:00+00:00,0.011409999802708626,0.01145000010728836,0.01140000019222498,0.01145000010728836,15241
2026-05-11 12:00:00+00:00,0.01133000012487173,0.011409999802708626,0.01133000012487173,0.011409999802708626,5858
2026-05-11 12:15:00+00:00,0.011359999887645245,0.011359999887645245,0.01133000012487173,0.01133000012487173,11935
2026-05-11 12:30:00+00:00,0.011339999735355377,0.011380000039935112,0.011339999735355377,0.011359999887645245,16601
2026-05-11 12:45:00+00:00,0.01131999958306551,0.011339999735355377,0.01131999958306551,0.011339999735355377,26851
2026-05-11 13:00:00+00:00,0.011380000039935112,0.011380000039935112,0.01131999958306551,0.01131999958306551,22472
2026-05-11 13:15:00+00:00,0.01133000012487173,0.011380000039935112,0.011309999972581863,0.011380000039935112,1159
2026-05-11 13:30:00+00:00,0.011300000362098217,0.01133000012487173,0.011250000447034836,0.01133000012487173,0
2026-05-11 13:45:00+00:00,0.01128000020980835,0.011309999972581863,0.011260000057518482,0.011309999972581863,18125
2026-05-11 14:00:00+00:00,0.01131999958306551,0.011339999735355377,0.011230000294744968,0.01128000020980835,41006
2026-05-11 14:15:00+00:00,0.011230000294744968,0.01131999958306551,0.011230000294744968,0.01131999958306551,63851
2026-05-11 14:30:00+00:00,0.01119999960064888,0.011239999905228615,0.011180000379681587,0.011239999905228615,30429
2026-05-11 14:45:00+00:00,0.011250000447034836,0.011260000057518482,0.01119999960064888,0.01119999960064888,33602
2026-05-11 15:00:00+00:00,0.01128000020980835,0.01128000020980835,0.011230000294744968,0.011250000447034836,25840
2026-05-11 15:15:00+00:00,0.011350000277161598,0.011359999887645245,0.01128000020980835,0.01128000020980835,5976
2026-05-11 15:30:00+00:00,0.01131999958306551,0.011350000277161598,0.01131999958306551,0.011350000277161598,18973
2026-05-11 15:45:00+00:00,0.011339999735355377,0.011339999735355377,0.01131999958306551,0.01131999958306551,0
2026-05-11 16:00:00+00:00,0.01143999956548214,0.01143999956548214,0.011339999735355377,0.011339999735355377,35635
2026-05-11 16:15:00+00:00,0.011370000429451466,0.01143999956548214,0.011339999735355377,0.01143999956548214,0
2026-05-11 16:30:00+00:00,0.011370000429451466,0.01140000019222498,0.011339999735355377,0.011339999735355377,2581
2026-05-11 16:45:00+00:00,0.01143999956548214,0.01143999956548214,0.011370000429451466,0.011370000429451466,0
2026-05-11 17:00:00+00:00,0.011420000344514847,0.01143999956548214,0.011420000344514847,0.01143999956548214,0
2026-05-11 17:15:00+00:00,0.011459999717772007,0.011459999717772007,0.011420000344514847,0.011420000344514847,0
2026-05-11 17:30:00+00:00,0.011479999870061874,0.011479999870061874,0.011459999717772007,0.011459999717772007,0
2026-05-11 17:45:00+00:00,0.011409999802708626,0.011490000411868095,0.011409999802708626,0.011479999870061874,8428
2026-05-11 18:00:00+00:00,0.011420000344514847,0.01143999956548214,0.011389999650418758,0.011409999802708626,0
2026-05-11 18:15:00+00:00,0.011380000039935112,0.011420000344514847,0.011339999735355377,0.011420000344514847,15411
2026-05-11 18:30:00+00:00,0.011380000039935112,0.011409999802708626,0.011359999887645245,0.01140000019222498,2329
2026-05-11 18:45:00+00:00,0.011409999802708626,0.011409999802708626,0.011359999887645245,0.011380000039935112,0
2026-05-11 19:00:00+00:00,0.011370000429451466,0.011409999802708626,0.011370000429451466,0.011409999802708626,0
2026-05-11 19:15:00+00:00,0.011409999802708626,0.011409999802708626,0.011370000429451466,0.011370000429451466,37992
2026-05-11 19:30:00+00:00,0.011470000259578228,0.011479999870061874,0.011409999802708626,0.011409999802708626,0
2026-05-11 19:45:00+00:00,0.011339999735355377,0.011470000259578228,0.011309999972581863,0.011470000259578228,1232
2026-05-11 20:00:00+00:00,0.011389999650418758,0.011420000344514847,0.011339999735355377,0.011339999735355377,233225
2026-05-11 20:15:00+00:00,0.011350000277161598,0.011389999650418758,0.011350000277161598,0.011389999650418758,0
2026-05-11 20:30:00+00:00,0.011350000277161598,0.011370000429451466,0.011339999735355377,0.011350000277161598,0
2026-05-11 20:45:00+00:00,0.011359999887645245,0.011370000429451466,0.011359999887645245,0.011359999887645245,0
2026-05-11 21:00:00+00:00,0.011359999887645245,0.011359999887645245,0.011339999735355377,0.011359999887645245,0
2026-05-11 21:15:00+00:00,0.011350000277161598,0.011359999887645245,0.011339999735355377,0.011359999887645245,54176
2026-05-11 21:30:00+00:00,0.01131999958306551,0.011350000277161598,0.01128000020980835,0.011350000277161598,0
2026-05-11 21:45:00+00:00,0.011300000362098217,0.01131999958306551,0.011300000362098217,0.01131999958306551,249
2026-05-11 22:00:00+00:00,0.011300000362098217,0.01131999958306551,0.011300000362098217,0.011300000362098217,0
2026-05-11 22:15:00+00:00,0.011289999820291996,0.011309999972581863,0.011289999820291996,0.011300000362098217,0
2026-05-11 22:30:00+00:00,0.011289999820291996,0.011300000362098217,0.01128000020980835,0.011289999820291996,0
2026-05-11 22:45:00+00:00,0.011269999668002129,0.011289999820291996,0.011269999668002129,0.011289999820291996,0
2026-05-11 23:00:00+00:00,0.011210000142455101,0.011269999668002129,0.011210000142455101,0.011269999668002129,24884
2026-05-11 23:15:00+00:00,0.011239999905228615,0.011239999905228615,0.011210000142455101,0.011210000142455101,10310
2026-05-11 23:30:00+00:00,0.011260000057518482,0.011260000057518482,0.011239999905228615,0.011239999905228615,6231
2026-05-11 23:45:00+00:00,0.01128000020980835,0.01128000020980835,0.011260000057518482,0.011260000057518482,862
2026-05-12 00:00:00+00:00,0.011239999905228615,0.01128000020980835,0.011210000142455101,0.01128000020980835,0
2026-05-12 00:15:00+00:00,0.011269999668002129,0.011269999668002129,0.011239999905228615,0.011239999905228615,12351
2026-05-12 00:30:00+00:00,0.011289999820291996,0.011300000362098217,0.011269999668002129,0.011269999668002129,26316
2026-05-12 00:45:00+00:00,0.011309999972581863,0.011309999972581863,0.01128000020980835,0.011289999820291996,2557
2026-05-12 01:00:00+00:00,0.011219999752938747,0.011309999972581863,0.011219999752938747,0.011309999972581863,1420
2026-05-12 01:15:00+00:00,0.011210000142455101,0.011219999752938747,0.011180000379681587,0.011219999752938747,7232
2026-05-12 01:30:00+00:00,0.011049999855458736,0.01119999960064888,0.010979999788105488,0.01119999960064888,65806
2026-05-12 01:45:00+00:00,0.011049999855458736,0.011099999770522118,0.011029999703168869,0.011049999855458736,71047
2026-05-12 02:00:00+00:00,0.011090000160038471,0.011090000160038471,0.011020000092685223,0.011020000092685223,20665
2026-05-12 02:15:00+00:00,0.011099999770522118,0.011099999770522118,0.011029999703168869,0.011090000160038471,33619
2026-05-12 02:30:00+00:00,0.011060000397264957,0.011090000160038471,0.011049999855458736,0.011090000160038471,648
2026-05-12 02:45:00+00:00,0.011110000312328339,0.011110000312328339,0.011060000397264957,0.011060000397264957,13768
2026-05-12 03:00:00+00:00,0.011099999770522118,0.011130000464618206,0.011099999770522118,0.011130000464618206,2199
2026-05-12 03:15:00+00:00,0.011099999770522118,0.011119999922811985,0.011099999770522118,0.011099999770522118,0
2026-05-12 03:30:00+00:00,0.011140000075101852,0.011140000075101852,0.011099999770522118,0.011099999770522118,0
2026-05-12 03:45:00+00:00,0.011090000160038471,0.011140000075101852,0.011090000160038471,0.011140000075101852,51595
2026-05-12 04:00:00+00:00,0.01107999961823225,0.011090000160038471,0.011060000397264957,0.011090000160038471,13748
2026-05-12 04:15:00+00:00,0.011119999922811985,0.011119999922811985,0.01107999961823225,0.01107999961823225,0
2026-05-12 04:30:00+00:00,0.011149999685585499,0.011149999685585499,0.011119999922811985,0.011119999922811985,30571
2026-05-12 04:45:00+00:00,0.011130000464618206,0.011169999837875366,0.011130000464618206,0.011149999685585499,10324
2026-05-12 05:00:00+00:00,0.011110000312328339,0.011130000464618206,0.011110000312328339,0.011130000464618206,48607
2026-05-12 05:15:00+00:00,0.011140000075101852,0.011140000075101852,0.011110000312328339,0.011110000312328339,5949
2026-05-12 05:30:00+00:00,0.011189999990165234,0.011189999990165234,0.011140000075101852,0.011140000075101852,33373
2026-05-12 05:45:00+00:00,0.011180000379681587,0.011219999752938747,0.011169999837875366,0.011219999752938747,83071
2026-05-12 06:00:00+00:00,0.011189999990165234,0.011189999990165234,0.011180000379681587,0.011180000379681587,1449
2026-05-12 06:15:00+00:00,0.011189999990165234,0.011189999990165234,0.011189999990165234,0.011189999990165234,11181
2026-05-12 06:30:00+00:00,0.011180000379681587,0.011189999990165234,0.011180000379681587,0.011189999990165234,18967
2026-05-12 06:45:00+00:00,0.011180000379681587,0.011180000379681587,0.011180000379681587,0.011180000379681587,14626
2026-05-12 07:00:00+00:00,0.01116000022739172,0.011180000379681587,0.01107999961823225,0.011180000379681587,78958
2026-05-12 07:15:00+00:00,0.011189999990165234,0.011189999990165234,0.011140000075101852,0.01116000022739172,38631
2026-05-12 07:30:00+00:00,0.011239999905228615,0.011239999905228615,0.011189999990165234,0.011189999990165234,11330
2026-05-12 07:45:00+00:00,0.011260000057518482,0.011260000057518482,0.011239999905228615,0.011239999905228615,0
2026-05-12 08:00:00+00:00,0.011180000379681587,0.011260000057518482,0.011180000379681587,0.011260000057518482,0
2026-05-12 08:15:00+00:00,0.01119999960064888,0.01119999960064888,0.011169999837875366,0.011180000379681587,0
2026-05-12 08:30:00+00:00,0.011169999837875366,0.01119999960064888,0.01116000022739172,0.01119999960064888,49851
2026-05-12 08:45:00+00:00,0.011149999685585499,0.011169999837875366,0.011149999685585499,0.011169999837875366,2780
2026-05-12 09:00:00+00:00,0.011149999685585499,0.011149999685585499,0.011119999922811985,0.011149999685585499,8971
2026-05-12 09:15:00+00:00,0.011070000007748604,0.011149999685585499,0.011070000007748604,0.011149999685585499,4789
2026-05-12 09:30:00+00:00,0.011099999770522118,0.011099999770522118,0.011070000007748604,0.011070000007748604,8296
2026-05-12 09:45:00+00:00,0.011119999922811985,0.011130000464618206,0.011090000160038471,0.011099999770522118,6286
2026-05-12 10:00:00+00:00,0.011119999922811985,0.011130000464618206,0.011119999922811985,0.011119999922811985,43616
2026-05-12 10:15:00+00:00,0.011099999770522118,0.011119999922811985,0.011099999770522118,0.011119999922811985,0
2026-05-12 10:30:00+00:00,0.011009999550879002,0.011099999770522118,0.011009999550879002,0.011099999770522118,26050
2026-05-12 10:45:00+00:00,0.01104000024497509,0.01104000024497509,0.011009999550879002,0.011009999550879002,8935
2026-05-12 11:00:00+00:00,0.011029999703168869,0.011060000397264957,0.011009999550879002,0.01104000024497509,95967
2026-05-12 11:15:00+00:00,0.010979999788105488,0.011029999703168869,0.01092000026255846,0.011029999703168869,205539
2026-05-12 11:30:00+00:00,0.011020000092685223,0.011020000092685223,0.010979999788105488,0.010979999788105488,20255
2026-05-12 11:45:00+00:00,0.01095999963581562,0.011020000092685223,0.01095999963581562,0.011020000092685223,69680
2026-05-12 12:00:00+00:00,0.01092000026255846,0.010979999788105488,0.01092000026255846,0.01095999963581562,47402
2026-05-12 12:15:00+00:00,0.010979999788105488,0.010979999788105488,0.01092000026255846,0.01092000026255846,8969
2026-05-12 12:30:00+00:00,0.011009999550879002,0.011029999703168869,0.010900000110268593,0.010970000177621841,60431
2026-05-12 12:45:00+00:00,0.011009999550879002,0.011020000092685223,0.010990000329911709,0.010999999940395355,21669
2026-05-12 13:00:00+00:00,0.011029999703168869,0.01104000024497509,0.011009999550879002,0.011009999550879002,8721
2026-05-12 13:15:00+00:00,0.011020000092685223,0.011029999703168869,0.010990000329911709,0.011029999703168869,14909
2026-05-12 13:30:00+00:00,0.010990000329911709,0.011020000092685223,0.010990000329911709,0.011020000092685223,8331
2026-05-12 13:45:00+00:00,0.010929999873042107,0.011029999703168869,0.01092000026255846,0.010990000329911709,0
2026-05-12 14:00:00+00:00,0.010940000414848328,0.010940000414848328,0.01092000026255846,0.01092000026255846,0
2026-05-12 14:15:00+00:00,0.010820000432431698,0.01095999963581562,0.010820000432431698,0.010940000414848328,6446
2026-05-12 14:30:00+00:00,0.010879999957978725,0.010889999568462372,0.01075000036507845,0.010820000432431698,118486
2026-05-12 14:45:00+00:00,0.010820000432431698,0.010850000195205212,0.010769999586045742,0.010850000195205212,20794
2026-05-12 15:00:00+00:00,0.010900000110268593,0.010900000110268593,0.010820000432431698,0.010820000432431698,8600
2026-05-12 15:15:00+00:00,0.010759999975562096,0.010900000110268593,0.010759999975562096,0.010900000110268593,45003
2026-05-12 15:30:00+00:00,0.010809999890625477,0.010830000042915344,0.010759999975562096,0.010759999975562096,23336
2026-05-12 15:45:00+00:00,0.010769999586045742,0.010809999890625477,0.010769999586045742,0.010809999890625477,39853
2026-05-12 16:00:00+00:00,0.01080000028014183,0.010830000042915344,0.010769999586045742,0.010769999586045742,16593
2026-05-12 16:15:00+00:00,0.01080000028014183,0.01083999965339899,0.01078999973833561,0.01080000028014183,5770
2026-05-12 16:30:00+00:00,0.010850000195205212,0.010859999805688858,0.01080000028014183,0.01080000028014183,1922
2026-05-12 16:45:00+00:00,0.01078999973833561,0.010850000195205212,0.01075000036507845,0.010850000195205212,37025
2026-05-12 17:00:00+00:00,0.01078999973833561,0.01078999973833561,0.01078999973833561,0.01078999973833561,16641
2026-05-12 17:15:00+00:00,0.010900000110268593,0.010900000110268593,0.01078999973833561,0.01078999973833561,23131
2026-05-12 17:30:00+00:00,0.010929999873042107,0.010929999873042107,0.010900000110268593,0.010900000110268593,29574
2026-05-12 17:45:00+00:00,0.01092000026255846,0.010929999873042107,0.010889999568462372,0.010929999873042107,8802
2026-05-12 18:00:00+00:00,0.01092000026255846,0.010929999873042107,0.01092000026255846,0.01092000026255846,0
2026-05-12 18:15:00+00:00,0.010900000110268593,0.01092000026255846,0.010900000110268593,0.01092000026255846,43972
2026-05-12 18:30:00+00:00,0.01090999972075224,0.010929999873042107,0.010889999568462372,0.010900000110268593,6189
2026-05-12 18:45:00+00:00,0.01095999963581562,0.01095999963581562,0.01090999972075224,0.01090999972075224,12249
2026-05-12 19:00:00+00:00,0.010990000329911709,0.010990000329911709,0.010929999873042107,0.01095999963581562,6435
2026-05-12 19:15:00+00:00,0.01095999963581562,0.011009999550879002,0.01095999963581562,0.010990000329911709,0
2026-05-12 19:30:00+00:00,0.010979999788105488,0.010979999788105488,0.010940000414848328,0.01095999963581562,7285
2026-05-12 19:45:00+00:00,0.011009999550879002,0.011009999550879002,0.010979999788105488,0.010979999788105488,8242
2026-05-12 20:00:00+00:00,0.010999999940395355,0.011009999550879002,0.010999999940395355,0.011009999550879002,0
2026-05-12 20:15:00+00:00,0.010999999940395355,0.010999999940395355,0.010979999788105488,0.010999999940395355,0
2026-05-12 20:30:00+00:00,0.010999999940395355,0.010999999940395355,0.010990000329911709,0.010999999940395355,1557
2026-05-12 20:45:00+00:00,0.010990000329911709,0.011009999550879002,0.010990000329911709,0.010999999940395355,0
2026-05-12 21:00:00+00:00,0.011029999703168869,0.011029999703168869,0.010990000329911709,0.010990000329911709,24820
2026-05-12 21:15:00+00:00,0.01104000024497509,0.01104000024497509,0.010999999940395355,0.011029999703168869,12841
2026-05-12 21:30:00+00:00,0.01104000024497509,0.01104000024497509,0.01104000024497509,0.01104000024497509,0
2026-05-12 21:45:00+00:00,0.011020000092685223,0.01104000024497509,0.011020000092685223,0.01104000024497509,2115
2026-05-12 22:00:00+00:00,0.011070000007748604,0.011070000007748604,0.011020000092685223,0.011020000092685223,55413
2026-05-12 22:15:00+00:00,0.011110000312328339,0.011110000312328339,0.011070000007748604,0.011070000007748604,159
2026-05-12 22:30:00+00:00,0.011110000312328339,0.011110000312328339,0.011110000312328339,0.011110000312328339,0
2026-05-12 22:45:00+00:00,0.011110000312328339,0.011110000312328339,0.011110000312328339,0.011110000312328339,6182
2026-05-12 23:00:00+00:00,0.01104000024497509,0.011110000312328339,0.01104000024497509,0.011110000312328339,14697
2026-05-12 23:15:00+00:00,0.011009999550879002,0.01104000024497509,0.011009999550879002,0.01104000024497509,1005
2026-05-12 23:30:00+00:00,0.010999999940395355,0.011029999703168869,0.010999999940395355,0.011009999550879002,2036
2026-05-12 23:45:00+00:00,0.011009999550879002,0.011009999550879002,0.010999999940395355,0.010999999940395355,2630
2026-05-13 00:00:00+00:00,0.011020000092685223,0.011020000092685223,0.011020000092685223,0.011020000092685223,0
2026-05-13 00:15:00+00:00,0.01104000024497509,0.011049999855458736,0.011020000092685223,0.011020000092685223,0
2026-05-13 00:30:00+00:00,0.01107999961823225,0.01107999961823225,0.01104000024497509,0.01104000024497509,0
2026-05-13 00:45:00+00:00,0.01107999961823225,0.011090000160038471,0.011060000397264957,0.011090000160038471,0
2026-05-13 01:00:00+00:00,0.011140000075101852,0.011140000075101852,0.01107999961823225,0.01107999961823225,4302
2026-05-13 01:15:00+00:00,0.011210000142455101,0.011210000142455101,0.011140000075101852,0.011140000075101852,23261
2026-05-13 01:30:00+00:00,0.011219999752938747,0.011230000294744968,0.011189999990165234,0.011210000142455101,0
2026-05-13 01:45:00+00:00,0.011219999752938747,0.011219999752938747,0.01119999960064888,0.011219999752938747,0
2026-05-13 02:00:00+00:00,0.011180000379681587,0.011219999752938747,0.011169999837875366,0.011219999752938747,0
2026-05-13 02:15:00+00:00,0.011189999990165234,0.011189999990165234,0.011180000379681587,0.011180000379681587,0
2026-05-13 02:30:00+00:00,0.011189999990165234,0.01119999960064888,0.011169999837875366,0.011189999990165234,4223
2026-05-13 02:45:00+00:00,0.011230000294744968,0.011230000294744968,0.011189999990165234,0.011189999990165234,45521
2026-05-13 03:00:00+00:00,0.01128000020980835,0.01128000020980835,0.011230000294744968,0.011230000294744968,53993
2026-05-13 03:15:00+00:00,0.011309999972581863,0.011309999972581863,0.01128000020980835,0.01128000020980835,40583
2026-05-13 03:30:00+00:00,0.011350000277161598,0.011350000277161598,0.011309999972581863,0.011309999972581863,998
2026-05-13 03:45:00+00:00,0.011350000277161598,0.011350000277161598,0.011350000277161598,0.011350000277161598,36177
2026-05-13 04:00:00+00:00,0.011370000429451466,0.011389999650418758,0.011350000277161598,0.011350000277161598,27213
2026-05-13 04:15:00+00:00,0.011309999972581863,0.011370000429451466,0.011309999972581863,0.011370000429451466,2830
2026-05-13 04:30:00+00:00,0.01133000012487173,0.01133000012487173,0.011300000362098217,0.011309999972581863,0
2026-05-13 04:45:00+00:00,0.011289999820291996,0.011300000362098217,0.011260000057518482,0.011300000362098217,19506
2026-05-13 05:00:00+00:00,0.011289999820291996,0.011289999820291996,0.011250000447034836,0.011289999820291996,18399
2026-05-13 05:15:00+00:00,0.011300000362098217,0.011300000362098217,0.011260000057518482,0.011260000057518482,51057
2026-05-13 05:30:00+00:00,0.011269999668002129,0.011309999972581863,0.011260000057518482,0.011309999972581863,13587
2026-05-13 05:45:00+00:00,0.011300000362098217,0.011300000362098217,0.011239999905228615,0.011269999668002129,2712
2026-05-13 06:00:00+00:00,0.011350000277161598,0.011350000277161598,0.011300000362098217,0.011300000362098217,56939
2026-05-13 06:15:00+00:00,0.01145000010728836,0.01145000010728836,0.011350000277161598,0.011350000277161598,101318
2026-05-13 06:30:00+00:00,0.011459999717772007,0.011459999717772007,0.011389999650418758,0.01145000010728836,147223
2026-05-13 06:45:00+00:00,0.011479999870061874,0.011490000411868095,0.011459999717772007,0.011459999717772007,107789
2026-05-13 07:00:00+00:00,0.011490000411868095,0.011549999937415123,0.011479999870061874,0.011479999870061874,49538
2026-05-13 07:15:00+00:00,0.011889999732375145,0.011889999732375145,0.011470000259578228,0.01152000017464161,72838
2026-05-13 07:30:00+00:00,0.012020000256597996,0.012029999867081642,0.011830000206828117,0.011830000206828117,1911638
2026-05-13 07:45:00+00:00,0.012000000104308128,0.01209999993443489,0.011979999952018261,0.012020000256597996,1438056
2026-05-13 08:00:00+00:00,0.012230000458657742,0.012230000458657742,0.012000000104308128,0.012000000104308128,960833
2026-05-13 08:15:00+00:00,0.011959999799728394,0.01221999991685152,0.011959999799728394,0.01221999991685152,909916
2026-05-13 08:30:00+00:00,0.011869999580085278,0.011959999799728394,0.011739999987185001,0.011959999799728394,956375
2026-05-13 08:45:00+00:00,0.011959999799728394,0.011979999952018261,0.011869999580085278,0.011869999580085278,564301
2026-05-13 09:00:00+00:00,0.011959999799728394,0.011989999562501907,0.011859999969601631,0.011959999799728394,536873
2026-05-13 09:15:00+00:00,0.012070000171661377,0.012129999697208405,0.011959999799728394,0.011989999562501907,170037
2026-05-13 09:30:00+00:00,0.012020000256597996,0.012129999697208405,0.012020000256597996,0.012090000323951244,301394
2026-05-13 09:45:00+00:00,0.012070000171661377,0.012070000171661377,0.012000000104308128,0.012020000256597996,162704
2026-05-13 10:00:00+00:00,0.011950000189244747,0.01209999993443489,0.011950000189244747,0.01209999993443489,165368
2026-05-13 10:15:00+00:00,0.011900000274181366,0.011959999799728394,0.011889999732375145,0.011950000189244747,201860
2026-05-13 10:30:00+00:00,0.011920000426471233,0.011959999799728394,0.011880000121891499,0.011900000274181366,94658
2026-05-13 10:45:00+00:00,0.011950000189244747,0.012000000104308128,0.011920000426471233,0.011920000426471233,73407
2026-05-13 11:00:00+00:00,0.011769999749958515,0.011950000189244747,0.011749999597668648,0.011950000189244747,272685
2026-05-13 11:15:00+00:00,0.011669999919831753,0.011800000444054604,0.011669999919831753,0.011769999749958515,70695
2026-05-13 11:30:00+00:00,0.011769999749958515,0.011789999902248383,0.011669999919831753,0.011669999919831753,112673
2026-05-13 11:45:00+00:00,0.011760000139474869,0.011769999749958515,0.011680000461637974,0.011769999749958515,117038
2026-05-13 12:00:00+00:00,0.011789999902248383,0.011800000444054604,0.011760000139474869,0.011760000139474869,67143
2026-05-13 12:15:00+00:00,0.011699999682605267,0.011789999902248383,0.011660000309348106,0.011789999902248383,67158
2026-05-13 12:30:00+00:00,0.011610000394284725,0.01169000007212162,0.011490000411868095,0.01169000007212162,315077
2026-05-13 12:45:00+00:00,0.011629999615252018,0.011710000224411488,0.011610000394284725,0.011610000394284725,243137
2026-05-13 13:00:00+00:00,0.011640000157058239,0.011649999767541885,0.011629999615252018,0.011629999615252018,45719
2026-05-13 13:15:00+00:00,0.011649999767541885,0.011649999767541885,0.011640000157058239,0.011640000157058239,35661
2026-05-13 13:30:00+00:00,0.011529999785125256,0.011590000241994858,0.01152000017464161,0.011579999700188637,41805
2026-05-13 13:45:00+00:00,0.01140000019222498,0.011529999785125256,0.01133000012487173,0.011529999785125256,222441
2026-05-13 14:00:00+00:00,0.011500000022351742,0.011500000022351742,0.011309999972581863,0.01140000019222498,173039
2026-05-13 14:15:00+00:00,0.011710000224411488,0.011719999834895134,0.011490000411868095,0.011490000411868095,110302
2026-05-13 14:30:00+00:00,0.011649999767541885,0.011780000291764736,0.011649999767541885,0.011710000224411488,23745
2026-05-13 14:45:00+00:00,0.011789999902248383,0.011789999902248383,0.011640000157058239,0.011649999767541885,71807
2026-05-13 15:00:00+00:00,0.011640000157058239,0.011800000444054604,0.01157000008970499,0.011789999902248383,260364
2026-05-13 15:15:00+00:00,0.011479999870061874,0.011640000157058239,0.011470000259578228,0.011640000157058239,172458
2026-05-13 15:30:00+00:00,0.011599999852478504,0.011610000394284725,0.01145000010728836,0.011479999870061874,248820
2026-05-13 15:45:00+00:00,0.011420000344514847,0.011610000394284725,0.011409999802708626,0.011599999852478504,92249
2026-05-13 16:00:00+00:00,0.011549999937415123,0.011579999700188637,0.011420000344514847,0.011420000344514847,123565
2026-05-13 16:15:00+00:00,0.011760000139474869,0.011800000444054604,0.011549999937415123,0.011549999937415123,235688
2026-05-13 16:30:00+00:00,0.011769999749958515,0.011769999749958515,0.011699999682605267,0.011760000139474869,409269
2026-05-13 16:45:00+00:00,0.011789999902248383,0.011800000444054604,0.011730000376701355,0.011769999749958515,164850
2026-05-13 17:00:00+00:00,0.011749999597668648,0.011819999665021896,0.011719999834895134,0.011780000291764736,205080
2026-05-13 17:15:00+00:00,0.011739999987185001,0.011819999665021896,0.011719999834895134,0.011749999597668648,137384
2026-05-13 17:30:00+00:00,0.011789999902248383,0.01181000005453825,0.011710000224411488,0.011739999987185001,244396
2026-05-13 17:45:00+00:00,0.011800000444054604,0.011839999817311764,0.011769999749958515,0.011789999902248383,219662
2026-05-13 18:00:00+00:00,0.011730000376701355,0.011839999817311764,0.011719999834895134,0.011800000444054604,165474
2026-05-13 18:15:00+00:00,0.011869999580085278,0.011869999580085278,0.011719999834895134,0.011730000376701355,85356
2026-05-13 18:30:00+00:00,0.011850000359117985,0.011889999732375145,0.011780000291764736,0.011889999732375145,116924
2026-05-13 18:45:00+00:00,0.011859999969601631,0.011920000426471233,0.011819999665021896,0.011850000359117985,197190
2026-05-13 19:00:00+00:00,0.011850000359117985,0.011859999969601631,0.011780000291764736,0.011859999969601631,123622
2026-05-13 19:15:00+00:00,0.011800000444054604,0.011850000359117985,0.011719999834895134,0.011850000359117985,119494
2026-05-13 19:30:00+00:00,0.011769999749958515,0.011819999665021896,0.011719999834895134,0.011800000444054604,109226
2026-05-13 19:45:00+00:00,0.011629999615252018,0.011760000139474869,0.011629999615252018,0.011760000139474869,57588
2026-05-13 20:00:00+00:00,0.011660000309348106,0.011669999919831753,0.011529999785125256,0.011669999919831753,131890
2026-05-13 20:15:00+00:00,0.011760000139474869,0.011780000291764736,0.011610000394284725,0.011660000309348106,87738
2026-05-13 20:30:00+00:00,0.011760000139474869,0.011780000291764736,0.011730000376701355,0.011760000139474869,76564
2026-05-13 20:45:00+00:00,0.011830000206828117,0.011830000206828117,0.011749999597668648,0.011760000139474869,51226
2026-05-13 21:00:00+00:00,0.01169000007212162,0.011850000359117985,0.011680000461637974,0.011830000206828117,61234
2026-05-13 21:15:00+00:00,0.01157000008970499,0.01169000007212162,0.01157000008970499,0.01169000007212162,70472
2026-05-13 21:30:00+00:00,0.011610000394284725,0.011610000394284725,0.01157000008970499,0.01157000008970499,88100
2026-05-13 21:45:00+00:00,0.011629999615252018,0.011669999919831753,0.011579999700188637,0.011610000394284725,94010
2026-05-13 22:00:00+00:00,0.011710000224411488,0.011710000224411488,0.011540000326931477,0.011629999615252018,35120
2026-05-13 22:15:00+00:00,0.011760000139474869,0.011760000139474869,0.01169000007212162,0.011710000224411488,29840
2026-05-13 22:30:00+00:00,0.011859999969601631,0.011880000121891499,0.011760000139474869,0.011760000139474869,86766
2026-05-13 22:45:00+00:00,0.011889999732375145,0.011909999884665012,0.011850000359117985,0.011850000359117985,148952
2026-05-13 23:00:00+00:00,0.011839999817311764,0.011909999884665012,0.011839999817311764,0.011889999732375145,61756
2026-05-13 23:15:00+00:00,0.011839999817311764,0.011889999732375145,0.011830000206828117,0.011839999817311764,89044
2026-05-13 23:30:00+00:00,0.011859999969601631,0.011869999580085278,0.011800000444054604,0.011839999817311764,71080
2026-05-13 23:45:00+00:00,0.011970000341534615,0.011970000341534615,0.011869999580085278,0.011880000121891499,186188
2026-05-14 00:00:00+00:00,0.012000000104308128,0.012000000104308128,0.011839999817311764,0.011909999884665012,457696
2026-05-14 00:15:00+00:00,0.01205000001937151,0.01205000001937151,0.011970000341534615,0.012000000104308128,255578
2026-05-14 00:30:00+00:00,0.012059999629855156,0.012059999629855156,0.011939999647438526,0.012059999629855156,300088
2026-05-14 00:45:00+00:00,0.012070000171661377,0.012109999544918537,0.01205000001937151,0.012059999629855156,278300
2026-05-14 01:00:00+00:00,0.011959999799728394,0.012109999544918537,0.011900000274181366,0.01209999993443489,320570
2026-05-14 01:15:00+00:00,0.012029999867081642,0.01209999993443489,0.011959999799728394,0.011959999799728394,121798
2026-05-14 01:30:00+00:00,0.011850000359117985,0.012020000256597996,0.011819999665021896,0.012000000104308128,67568
2026-05-14 01:45:00+00:00,0.011830000206828117,0.011880000121891499,0.011800000444054604,0.011850000359117985,99926
2026-05-14 02:00:00+00:00,0.011739999987185001,0.011850000359117985,0.011719999834895134,0.011830000206828117,68064
2026-05-14 02:15:00+00:00,0.011800000444054604,0.01181000005453825,0.011739999987185001,0.011739999987185001,103132
2026-05-14 02:30:00+00:00,0.011739999987185001,0.01181000005453825,0.011710000224411488,0.011800000444054604,16224
2026-05-14 02:45:00+00:00,0.011719999834895134,0.011739999987185001,0.011620000004768372,0.011739999987185001,26204
2026-05-14 03:00:00+00:00,0.011739999987185001,0.011800000444054604,0.011710000224411488,0.011719999834895134,52618
2026-05-14 03:15:00+00:00,0.011760000139474869,0.011769999749958515,0.011579999700188637,0.011739999987185001,99924
2026-05-14 03:30:00+00:00,0.011660000309348106,0.011780000291764736,0.011590000241994858,0.011760000139474869,310334
2026-05-14 03:45:00+00:00,0.011640000157058239,0.01169000007212162,0.011579999700188637,0.011660000309348106,125518
2026-05-14 04:00:00+00:00,0.011610000394284725,0.011680000461637974,0.011599999852478504,0.011649999767541885,104340
2026-05-14 04:15:00+00:00,0.011629999615252018,0.011640000157058239,0.011610000394284725,0.011610000394284725,114196
2026-05-14 04:30:00+00:00,0.011470000259578228,0.011629999615252018,0.011459999717772007,0.011629999615252018,112498
2026-05-14 04:45:00+00:00,0.011459999717772007,0.01152000017464161,0.011459999717772007,0.011470000259578228,130320
2026-05-14 05:00:00+00:00,0.011479999870061874,0.011500000022351742,0.011459999717772007,0.011459999717772007,21520
2026-05-14 05:15:00+00:00,0.011420000344514847,0.011479999870061874,0.011389999650418758,0.011479999870061874,36702
2026-05-14 05:30:00+00:00,0.011490000411868095,0.011490000411868095,0.011420000344514847,0.011420000344514847,21108
2026-05-14 05:45:00+00:00,0.011490000411868095,0.011509999632835388,0.011459999717772007,0.011490000411868095,52656
2026-05-14 06:00:00+00:00,0.011529999785125256,0.01155999954789877,0.011490000411868095,0.011490000411868095,25448
2026-05-14 06:15:00+00:00,0.011500000022351742,0.011540000326931477,0.011500000022351742,0.011529999785125256,0
2026-05-14 06:30:00+00:00,0.011509999632835388,0.011509999632835388,0.01145000010728836,0.011500000022351742,0
2026-05-14 06:45:00+00:00,0.01152000017464161,0.011529999785125256,0.011509999632835388,0.011509999632835388,0
2026-05-14 07:00:00+00:00,0.011389999650418758,0.01152000017464161,0.011380000039935112,0.01152000017464161,7518
2026-05-14 07:15:00+00:00,0.011339999735355377,0.011429999954998493,0.011339999735355377,0.011409999802708626,35310
2026-05-14 07:30:00+00:00,0.011459999717772007,0.011459999717772007,0.011339999735355377,0.011339999735355377,0
2026-05-14 07:45:00+00:00,0.011409999802708626,0.01152000017464161,0.011409999802708626,0.011459999717772007,0
2026-05-14 08:00:00+00:00,0.011479999870061874,0.011479999870061874,0.011359999887645245,0.011409999802708626,0
2026-05-14 08:15:00+00:00,0.01152000017464161,0.011529999785125256,0.011479999870061874,0.011479999870061874,0
2026-05-14 08:30:00+00:00,0.011490000411868095,0.01152000017464161,0.011490000411868095,0.01152000017464161,0
2026-05-14 08:45:00+00:00,0.01143999956548214,0.011490000411868095,0.01143999956548214,0.011490000411868095,0
2026-05-14 09:00:00+00:00,0.01143999956548214,0.01145000010728836,0.011420000344514847,0.01143999956548214,0
2026-05-14 09:15:00+00:00,0.011479999870061874,0.011500000022351742,0.011429999954998493,0.011429999954998493,0
2026-05-14 09:30:00+00:00,0.01152000017464161,0.01152000017464161,0.011479999870061874,0.011479999870061874,0
2026-05-14 09:45:00+00:00,0.011470000259578228,0.01152000017464161,0.011459999717772007,0.01152000017464161,0
2026-05-14 10:00:00+00:00,0.011429999954998493,0.011509999632835388,0.011429999954998493,0.011470000259578228,0
2026-05-14 10:15:00+00:00,0.011549999937415123,0.01155999954789877,0.011509999632835388,0.011509999632835388,0
2026-05-14 10:30:00+00:00,0.01152000017464161,0.011549999937415123,0.011500000022351742,0.011549999937415123,0
2026-05-14 10:45:00+00:00,0.011599999852478504,0.011599999852478504,0.01152000017464161,0.01152000017464161,1194
2026-05-14 11:00:00+00:00,0.011610000394284725,0.011669999919831753,0.011599999852478504,0.011599999852478504,0
2026-05-14 11:15:00+00:00,0.011579999700188637,0.011640000157058239,0.01157000008970499,0.011610000394284725,0
2026-05-14 11:30:00+00:00,0.011479999870061874,0.011579999700188637,0.01145000010728836,0.011579999700188637,6623
2026-05-14 11:45:00+00:00,0.011459999717772007,0.011479999870061874,0.01145000010728836,0.011479999870061874,0
2026-05-14 12:00:00+00:00,0.011479999870061874,0.011490000411868095,0.011429999954998493,0.011459999717772007,0
2026-05-14 12:15:00+00:00,0.011490000411868095,0.011500000022351742,0.01143999956548214,0.011479999870061874,0
2026-05-14 12:30:00+00:00,0.011629999615252018,0.011629999615252018,0.011490000411868095,0.011509999632835388,0
2026-05-14 12:45:00+00:00,0.011620000004768372,0.011640000157058239,0.011599999852478504,0.011629999615252018,0
2026-05-14 13:00:00+00:00,0.01169000007212162,0.01169000007212162,0.011610000394284725,0.011620000004768372,2361
2026-05-14 13:15:00+00:00,0.011660000309348106,0.01169000007212162,0.011649999767541885,0.01169000007212162,23313
2026-05-14 13:30:00+00:00,0.011640000157058239,0.011739999987185001,0.011640000157058239,0.011660000309348106,32720
2026-05-14 13:45:00+00:00,0.011599999852478504,0.011669999919831753,0.011599999852478504,0.011640000157058239,0
2026-05-14 14:00:00+00:00,0.011610000394284725,0.011610000394284725,0.011549999937415123,0.011599999852478504,7604
2026-05-14 14:15:00+00:00,0.011699999682605267,0.011699999682605267,0.011640000157058239,0.011640000157058239,13774
2026-05-14 14:30:00+00:00,0.011739999987185001,0.011780000291764736,0.011699999682605267,0.011699999682605267,0
2026-05-14 14:45:00+00:00,0.011780000291764736,0.011839999817311764,0.011739999987185001,0.011739999987185001,12655
2026-05-14 15:00:00+00:00,0.011769999749958515,0.011780000291764736,0.011730000376701355,0.011780000291764736,0
2026-05-14 15:15:00+00:00,0.011800000444054604,0.011850000359117985,0.011769999749958515,0.011769999749958515,0
2026-05-14 15:30:00+00:00,0.01181000005453825,0.01181000005453825,0.011780000291764736,0.011800000444054604,0
2026-05-14 15:45:00+00:00,0.011839999817311764,0.011900000274181366,0.01181000005453825,0.01181000005453825,0
2026-05-14 16:00:00+00:00,0.011859999969601631,0.011859999969601631,0.011830000206828117,0.011839999817311764,0
2026-05-14 16:15:00+00:00,0.011859999969601631,0.011889999732375145,0.011839999817311764,0.011859999969601631,0
2026-05-14 16:30:00+00:00,0.011900000274181366,0.011900000274181366,0.011819999665021896,0.011859999969601631,0
2026-05-14 16:45:00+00:00,0.011830000206828117,0.011900000274181366,0.011760000139474869,0.011900000274181366,0
2026-05-14 17:00:00+00:00,0.011769999749958515,0.011859999969601631,0.011769999749958515,0.011850000359117985,0
2026-05-14 17:15:00+00:00,0.011749999597668648,0.011800000444054604,0.011749999597668648,0.011769999749958515,58752
2026-05-14 17:30:00+00:00,0.011769999749958515,0.011780000291764736,0.011749999597668648,0.011749999597668648,0
2026-05-14 17:45:00+00:00,0.011760000139474869,0.011769999749958515,0.011719999834895134,0.011769999749958515,0
2026-05-14 18:00:00+00:00,0.011739999987185001,0.011760000139474869,0.011669999919831753,0.011760000139474869,1682
2026-05-14 18:15:00+00:00,0.011730000376701355,0.011739999987185001,0.011719999834895134,0.011739999987185001,0
2026-05-14 18:30:00+00:00,0.011680000461637974,0.011730000376701355,0.011680000461637974,0.011730000376701355,0
2026-05-14 18:45:00+00:00,0.011680000461637974,0.011719999834895134,0.011649999767541885,0.011680000461637974,24649
2026-05-14 19:00:00+00:00,0.011660000309348106,0.011699999682605267,0.011660000309348106,0.011680000461637974,0
2026-05-14 19:15:00+00:00,0.011640000157058239,0.01169000007212162,0.011620000004768372,0.011660000309348106,0
2026-05-14 19:30:00+00:00,0.01169000007212162,0.01169000007212162,0.011640000157058239,0.011640000157058239,0
2026-05-14 19:45:00+00:00,0.011649999767541885,0.011699999682605267,0.011649999767541885,0.01169000007212162,0
2026-05-14 20:00:00+00:00,0.011599999852478504,0.011680000461637974,0.011599999852478504,0.011649999767541885,0
2026-05-14 20:15:00+00:00,0.01155999954789877,0.011620000004768372,0.011549999937415123,0.011599999852478504,0
2026-05-14 20:30:00+00:00,0.01155999954789877,0.01157000008970499,0.011549999937415123,0.01155999954789877,11162
2026-05-14 20:45:00+00:00,0.011620000004768372,0.011629999615252018,0.01155999954789877,0.01155999954789877,1897
2026-05-14 21:00:00+00:00,0.011629999615252018,0.011629999615252018,0.011599999852478504,0.011620000004768372,0
2026-05-14 21:15:00+00:00,0.01155999954789877,0.011629999615252018,0.011549999937415123,0.011629999615252018,0
2026-05-14 21:30:00+00:00,0.01157000008970499,0.011599999852478504,0.01155999954789877,0.01155999954789877,0
2026-05-14 21:45:00+00:00,0.011649999767541885,0.011649999767541885,0.01157000008970499,0.01157000008970499,0
2026-05-14 22:00:00+00:00,0.011699999682605267,0.011699999682605267,0.011610000394284725,0.011649999767541885,5343
2026-05-14 22:15:00+00:00,0.011749999597668648,0.011749999597668648,0.011699999682605267,0.011699999682605267,24050
2026-05-14 22:30:00+00:00,0.011699999682605267,0.011749999597668648,0.011699999682605267,0.011749999597668648,40883
2026-05-14 22:45:00+00:00,0.011680000461637974,0.011730000376701355,0.011649999767541885,0.011699999682605267,69743
2026-05-14 23:00:00+00:00,0.011629999615252018,0.011680000461637974,0.011610000394284725,0.011680000461637974,0
2026-05-14 23:15:00+00:00,0.011669999919831753,0.011669999919831753,0.011620000004768372,0.011629999615252018,0
2026-05-14 23:30:00+00:00,0.011629999615252018,0.011669999919831753,0.011629999615252018,0.011669999919831753,0
2026-05-14 23:45:00+00:00,0.011629999615252018,0.011629999615252018,0.011629999615252018,0.011629999615252018,0
2026-05-15 00:00:00+00:00,0.011699999682605267,0.011719999834895134,0.011629999615252018,0.011629999615252018,0
2026-05-15 00:15:00+00:00,0.011780000291764736,0.011780000291764736,0.011699999682605267,0.011699999682605267,0
2026-05-15 00:30:00+00:00,0.011789999902248383,0.011789999902248383,0.011719999834895134,0.011760000139474869,0
2026-05-15 00:45:00+00:00,0.011769999749958515,0.011789999902248383,0.011769999749958515,0.011789999902248383,0
2026-05-15 01:00:00+00:00,0.011780000291764736,0.011789999902248383,0.011769999749958515,0.011769999749958515,0
2026-05-15 01:15:00+00:00,0.01181000005453825,0.011869999580085278,0.011749999597668648,0.011780000291764736,247215
2026-05-15 01:30:00+00:00,0.011869999580085278,0.011900000274181366,0.01181000005453825,0.01181000005453825,40
2026-05-15 01:45:00+00:00,0.01181000005453825,0.011869999580085278,0.01181000005453825,0.011869999580085278,49259
2026-05-15 02:00:00+00:00,0.011660000309348106,0.011800000444054604,0.011629999615252018,0.011769999749958515,1789
2026-05-15 02:15:00+00:00,0.011629999615252018,0.011660000309348106,0.011590000241994858,0.011660000309348106,0
2026-05-15 02:30:00+00:00,0.01157000008970499,0.011579999700188637,0.011509999632835388,0.011579999700188637,0
2026-05-15 02:45:00+00:00,0.011640000157058239,0.011660000309348106,0.01157000008970499,0.01157000008970499,0
2026-05-15 03:00:00+00:00,0.011669999919831753,0.011669999919831753,0.011620000004768372,0.011640000157058239,0
2026-05-15 03:15:00+00:00,0.011649999767541885,0.011669999919831753,0.011640000157058239,0.011669999919831753,12527
2026-05-15 03:30:00+00:00,0.011590000241994858,0.011649999767541885,0.011579999700188637,0.011649999767541885,0
2026-05-15 03:45:00+00:00,0.011590000241994858,0.011590000241994858,0.011590000241994858,0.011590000241994858,0
2026-05-15 04:00:00+00:00,0.01152000017464161,0.011590000241994858,0.011509999632835388,0.011590000241994858,0
2026-05-15 04:15:00+00:00,0.011509999632835388,0.011540000326931477,0.011490000411868095,0.01152000017464161,0
2026-05-15 04:30:00+00:00,0.011509999632835388,0.011509999632835388,0.011490000411868095,0.011509999632835388,0
2026-05-15 04:45:00+00:00,0.01145000010728836,0.011509999632835388,0.01145000010728836,0.011509999632835388,0
2026-05-15 05:00:00+00:00,0.011459999717772007,0.011459999717772007,0.011420000344514847,0.011429999954998493,26219
2026-05-15 05:15:00+00:00,0.011459999717772007,0.011459999717772007,0.011420000344514847,0.011459999717772007,0
2026-05-15 05:30:00+00:00,0.01131999958306551,0.011459999717772007,0.011250000447034836,0.011459999717772007,66963
2026-05-15 05:45:00+00:00,0.01128000020980835,0.01131999958306551,0.01128000020980835,0.01131999958306551,18354
2026-05-15 06:00:00+00:00,0.011339999735355377,0.011350000277161598,0.01128000020980835,0.01128000020980835,0
2026-05-15 06:15:00+00:00,0.011309999972581863,0.011339999735355377,0.011309999972581863,0.011339999735355377,0
2026-05-15 06:30:00+00:00,0.011309999972581863,0.011309999972581863,0.011309999972581863,0.011309999972581863,0
2026-05-15 06:45:00+00:00,0.01133000012487173,0.011339999735355377,0.011309999972581863,0.011309999972581863,0
2026-05-15 07:00:00+00:00,0.011339999735355377,0.011339999735355377,0.01131999958306551,0.011339999735355377,0
2026-05-15 07:15:00+00:00,0.011409999802708626,0.011409999802708626,0.011339999735355377,0.011339999735355377,0
2026-05-15 07:30:00+00:00,0.011370000429451466,0.011409999802708626,0.011359999887645245,0.011409999802708626,0
2026-05-15 07:45:00+00:00,0.011359999887645245,0.011380000039935112,0.011359999887645245,0.011370000429451466,0
2026-05-15 08:00:00+00:00,0.011359999887645245,0.011370000429451466,0.011359999887645245,0.011359999887645245,0
2026-05-15 08:15:00+00:00,0.011219999752938747,0.011359999887645245,0.011219999752938747,0.011359999887645245,57463
2026-05-15 08:30:00+00:00,0.011309999972581863,0.011309999972581863,0.011210000142455101,0.011219999752938747,59427
2026-05-15 08:45:00+00:00,0.011260000057518482,0.011309999972581863,0.011239999905228615,0.011309999972581863,0
2026-05-15 09:00:00+00:00,0.011260000057518482,0.011260000057518482,0.011250000447034836,0.011260000057518482,14810
2026-05-15 09:15:00+00:00,0.011239999905228615,0.011239999905228615,0.011189999990165234,0.011210000142455101,24205
2026-05-15 09:30:00+00:00,0.011210000142455101,0.011250000447034836,0.011210000142455101,0.011239999905228615,343
2026-05-15 09:45:00+00:00,0.011260000057518482,0.011260000057518482,0.011210000142455101,0.011210000142455101,1427
2026-05-15 10:00:00+00:00,0.011269999668002129,0.01128000020980835,0.011260000057518482,0.011260000057518482,0
2026-05-15 10:15:00+00:00,0.01116000022739172,0.011269999668002129,0.01116000022739172,0.011269999668002129,163668
2026-05-15 10:30:00+00:00,0.01116000022739172,0.011189999990165234,0.011149999685585499,0.01116000022739172,0
2026-05-15 10:45:00+00:00,0.011210000142455101,0.011230000294744968,0.01116000022739172,0.01116000022739172,46765
2026-05-15 11:00:00+00:00,0.01119999960064888,0.011210000142455101,0.011189999990165234,0.011210000142455101,22627
2026-05-15 11:15:00+00:00,0.01119999960064888,0.011210000142455101,0.01119999960064888,0.01119999960064888,0
2026-05-15 11:30:00+00:00,0.011210000142455101,0.011219999752938747,0.011189999990165234,0.011189999990165234,0
2026-05-15 11:45:00+00:00,0.011180000379681587,0.011210000142455101,0.011180000379681587,0.011210000142455101,0
2026-05-15 12:00:00+00:00,0.011130000464618206,0.011169999837875366,0.011130000464618206,0.011169999837875366,22521
2026-05-15 12:15:00+00:00,0.011119999922811985,0.011149999685585499,0.011119999922811985,0.011130000464618206,0
2026-05-15 12:30:00+00:00,0.011099999770522118,0.011130000464618206,0.011060000397264957,0.011119999922811985,9868
2026-05-15 12:45:00+00:00,0.011140000075101852,0.011140000075101852,0.011090000160038471,0.011099999770522118,67060
2026-05-15 13:00:00+00:00,0.01107999961823225,0.011140000075101852,0.01104000024497509,0.011140000075101852,28938
2026-05-15 13:15:00+00:00,0.011119999922811985,0.011119999922811985,0.011070000007748604,0.01107999961823225,70266
2026-05-15 13:30:00+00:00,0.010859999805688858,0.011090000160038471,0.01083999965339899,0.011090000160038471,37330
2026-05-15 13:45:00+00:00,0.010259999893605709,0.010870000347495079,0.010209999978542328,0.010859999805688858,1242368
2026-05-15 14:00:00+00:00,0.010379999876022339,0.010379999876022339,0.010219999589025974,0.010239999741315842,521946
2026-05-15 14:15:00+00:00,0.010320000350475311,0.010420000180602074,0.01030999980866909,0.010379999876022339,245275
2026-05-15 14:30:00+00:00,0.010320000350475311,0.010339999571442604,0.010280000045895576,0.010329999960958958,36976
2026-05-15 14:45:00+00:00,0.010339999571442604,0.010339999571442604,0.01027000043541193,0.010320000350475311,45490
2026-05-15 15:00:00+00:00,0.010359999723732471,0.010359999723732471,0.010289999656379223,0.010320000350475311,102737
2026-05-15 15:15:00+00:00,0.01030999980866909,0.010379999876022339,0.010289999656379223,0.010359999723732471,90908
2026-05-15 15:30:00+00:00,0.010219999589025974,0.010320000350475311,0.010219999589025974,0.01030999980866909,35153
2026-05-15 15:45:00+00:00,0.010300000198185444,0.010300000198185444,0.010219999589025974,0.010219999589025974,88845
2026-05-15 16:00:00+00:00,0.010289999656379223,0.010300000198185444,0.010259999893605709,0.010300000198185444,32011
2026-05-15 16:15:00+00:00,0.010359999723732471,0.010359999723732471,0.010289999656379223,0.010289999656379223,45612
2026-05-15 16:30:00+00:00,0.01039000041782856,0.010400000028312206,0.010359999723732471,0.010359999723732471,86218
2026-05-15 16:45:00+00:00,0.01039000041782856,0.01039000041782856,0.010350000113248825,0.01039000041782856,19319
2026-05-15 17:00:00+00:00,0.010440000332891941,0.010440000332891941,0.01039000041782856,0.01039000041782856,0
2026-05-15 17:15:00+00:00,0.010459999553859234,0.010459999553859234,0.010400000028312206,0.010440000332891941,8269
2026-05-15 17:30:00+00:00,0.010459999553859234,0.010490000247955322,0.010449999943375587,0.010459999553859234,65860
2026-05-15 17:45:00+00:00,0.010470000095665455,0.010470000095665455,0.010449999943375587,0.010459999553859234,7551
2026-05-15 18:00:00+00:00,0.010499999858438969,0.01051000040024519,0.010490000247955322,0.010490000247955322,0
2026-05-15 18:15:00+00:00,0.010420000180602074,0.010490000247955322,0.010420000180602074,0.010490000247955322,21962
2026-05-15 18:30:00+00:00,0.010470000095665455,0.010490000247955322,0.010420000180602074,0.010420000180602074,27549
2026-05-15 18:45:00+00:00,0.010470000095665455,0.010470000095665455,0.010449999943375587,0.010470000095665455,59848
2026-05-15 19:00:00+00:00,0.010420000180602074,0.010470000095665455,0.010400000028312206,0.010470000095665455,6205
2026-05-15 19:15:00+00:00,0.010420000180602074,0.010440000332891941,0.010420000180602074,0.010420000180602074,56141
2026-05-15 19:30:00+00:00,0.010379999876022339,0.01042999979108572,0.010379999876022339,0.010420000180602074,6730
2026-05-15 19:45:00+00:00,0.010379999876022339,0.010379999876022339,0.010359999723732471,0.010379999876022339,43698
2026-05-15 20:00:00+00:00,0.010350000113248825,0.01039000041782856,0.010320000350475311,0.010379999876022339,46663
2026-05-15 20:15:00+00:00,0.010409999638795853,0.010409999638795853,0.010350000113248825,0.010359999723732471,7955
2026-05-15 20:30:00+00:00,0.010370000265538692,0.01039000041782856,0.010370000265538692,0.010379999876022339,92175
2026-05-15 20:45:00+00:00,0.010370000265538692,0.010370000265538692,0.010329999960958958,0.010370000265538692,4703
2026-05-15 21:00:00+00:00,0.010359999723732471,0.01039000041782856,0.010350000113248825,0.010370000265538692,22184
2026-05-15 21:15:00+00:00,0.010359999723732471,0.010359999723732471,0.010350000113248825,0.010359999723732471,42162
2026-05-15 21:30:00+00:00,0.010350000113248825,0.01039000041782856,0.010350000113248825,0.010359999723732471,15849
2026-05-15 21:45:00+00:00,0.01030999980866909,0.010359999723732471,0.01030999980866909,0.010350000113248825,3682
2026-05-15 22:00:00+00:00,0.010359999723732471,0.010359999723732471,0.01030999980866909,0.01030999980866909,1947
2026-05-15 22:15:00+00:00,0.010329999960958958,0.010359999723732471,0.010329999960958958,0.010359999723732471,0
2026-05-15 22:30:00+00:00,0.010370000265538692,0.010370000265538692,0.010329999960958958,0.010329999960958958,0
2026-05-15 22:45:00+00:00,0.010359999723732471,0.010379999876022339,0.010359999723732471,0.010370000265538692,4530
2026-05-15 23:00:00+00:00,0.01039000041782856,0.010409999638795853,0.010370000265538692,0.010379999876022339,0
2026-05-15 23:15:00+00:00,0.01039000041782856,0.01039000041782856,0.01039000041782856,0.01039000041782856,9716
2026-05-15 23:30:00+00:00,0.01039000041782856,0.01039000041782856,0.01039000041782856,0.01039000041782856,23095
2026-05-15 23:45:00+00:00,0.010379999876022339,0.01039000041782856,0.010379999876022339,0.01039000041782856,13701
2026-05-16 00:00:00+00:00,0.010420000180602074,0.010420000180602074,0.010370000265538692,0.010379999876022339,17431
2026-05-16 00:15:00+00:00,0.010459999553859234,0.010459999553859234,0.01042999979108572,0.01042999979108572,0
2026-05-16 00:30:00+00:00,0.010449999943375587,0.010459999553859234,0.010449999943375587,0.010459999553859234,0
2026-05-16 00:45:00+00:00,0.010440000332891941,0.010459999553859234,0.010440000332891941,0.010449999943375587,2098
2026-05-16 01:00:00+00:00,0.010449999943375587,0.010470000095665455,0.010440000332891941,0.010440000332891941,21450
2026-05-16 01:15:00+00:00,0.01042999979108572,0.010449999943375587,0.010420000180602074,0.010449999943375587,0
2026-05-16 01:30:00+00:00,0.010370000265538692,0.01042999979108572,0.010370000265538692,0.01042999979108572,0
2026-05-16 01:45:00+00:00,0.01042999979108572,0.01042999979108572,0.010370000265538692,0.010370000265538692,0
2026-05-16 02:00:00+00:00,0.010440000332891941,0.010440000332891941,0.01042999979108572,0.01042999979108572,0
2026-05-16 02:15:00+00:00,0.010409999638795853,0.010440000332891941,0.010400000028312206,0.010440000332891941,0
2026-05-16 02:30:00+00:00,0.010400000028312206,0.010409999638795853,0.010359999723732471,0.010409999638795853,0
2026-05-16 02:45:00+00:00,0.010470000095665455,0.010470000095665455,0.010400000028312206,0.010400000028312206,0
2026-05-16 03:00:00+00:00,0.010479999706149101,0.010499999858438969,0.010470000095665455,0.010470000095665455,0
2026-05-16 03:15:00+00:00,0.010449999943375587,0.010479999706149101,0.010449999943375587,0.010479999706149101,1985
2026-05-16 03:30:00+00:00,0.010359999723732471,0.010449999943375587,0.010359999723732471,0.010449999943375587,0
2026-05-16 03:45:00+00:00,0.01039000041782856,0.01039000041782856,0.010370000265538692,0.010370000265538692,68410
2026-05-16 04:00:00+00:00,0.010379999876022339,0.01039000041782856,0.010359999723732471,0.01039000041782856,0
2026-05-16 04:15:00+00:00,0.010320000350475311,0.010379999876022339,0.01030999980866909,0.010379999876022339,11193
2026-05-16 04:30:00+00:00,0.01030999980866909,0.010320000350475311,0.010259999893605709,0.010320000350475311,109094
2026-05-16 04:45:00+00:00,0.010359999723732471,0.010359999723732471,0.01030999980866909,0.01030999980866909,7734
2026-05-16 05:00:00+00:00,0.010359999723732471,0.010359999723732471,0.010359999723732471,0.010359999723732471,0
2026-05-16 05:15:00+00:00,0.01039000041782856,0.01039000041782856,0.010350000113248825,0.010359999723732471,11450
2026-05-16 05:30:00+00:00,0.010370000265538692,0.01039000041782856,0.010350000113248825,0.01039000041782856,276
2026-05-16 05:45:00+00:00,0.010350000113248825,0.010370000265538692,0.010350000113248825,0.010370000265538692,3764
2026-05-16 06:00:00+00:00,0.010230000130832195,0.010329999960958958,0.010230000130832195,0.010329999960958958,0
2026-05-16 06:15:00+00:00,0.010209999978542328,0.010230000130832195,0.010209999978542328,0.010230000130832195,23989
2026-05-16 06:30:00+00:00,0.010200000368058681,0.010239999741315842,0.010180000215768814,0.010209999978542328,22647
2026-05-16 06:45:00+00:00,0.010180000215768814,0.010200000368058681,0.01013999991118908,0.010200000368058681,89410
2026-05-16 07:00:00+00:00,0.009960000403225422,0.010180000215768814,0.009949999861419201,0.010180000215768814,25961
2026-05-16 07:15:00+00:00,0.01001999992877245,0.01001999992877245,0.009840000420808792,0.009979999624192715,437356
2026-05-16 07:30:00+00:00,0.010049999691545963,0.010049999691545963,0.009970000013709068,0.01001999992877245,291864
2026-05-16 07:45:00+00:00,0.010010000318288803,0.01006999984383583,0.010010000318288803,0.010049999691545963,30514
2026-05-16 08:00:00+00:00,0.010049999691545963,0.010049999691545963,0.010010000318288803,0.010010000318288803,37321
2026-05-16 08:15:00+00:00,0.010049999691545963,0.010049999691545963,0.010049999691545963,0.010049999691545963,21110
2026-05-16 08:30:00+00:00,0.010040000081062317,0.010049999691545963,0.01001999992877245,0.010049999691545963,0
2026-05-16 08:45:00+00:00,0.010010000318288803,0.010040000081062317,0.010010000318288803,0.010040000081062317,29538
2026-05-16 09:00:00+00:00,0.010010000318288803,0.010040000081062317,0.010010000318288803,0.010010000318288803,7440
2026-05-16 09:15:00+00:00,0.009879999794065952,0.010010000318288803,0.009850000031292439,0.010010000318288803,93340
2026-05-16 09:30:00+00:00,0.009920000098645687,0.009929999709129333,0.009879999794065952,0.009879999794065952,152941
2026-05-16 09:45:00+00:00,0.009870000183582306,0.009920000098645687,0.009870000183582306,0.009920000098645687,21111
2026-05-16 10:00:00+00:00,0.009759999811649323,0.009870000183582306,0.009759999811649323,0.009870000183582306,63691
2026-05-16 10:15:00+00:00,0.009820000268518925,0.009820000268518925,0.009759999811649323,0.009759999811649323,46705
2026-05-16 10:30:00+00:00,0.009859999641776085,0.009890000335872173,0.009840000420808792,0.009840000420808792,54068
2026-05-16 10:45:00+00:00,0.009909999556839466,0.009909999556839466,0.009859999641776085,0.009859999641776085,0
2026-05-16 11:00:00+00:00,0.009990000165998936,0.009990000165998936,0.009909999556839466,0.009909999556839466,35999
2026-05-16 11:15:00+00:00,0.009970000013709068,0.009990000165998936,0.009960000403225422,0.009990000165998936,260048
2026-05-16 11:30:00+00:00,0.009979999624192715,0.009990000165998936,0.009970000013709068,0.009970000013709068,49059
2026-05-16 11:45:00+00:00,0.009999999776482582,0.010010000318288803,0.009979999624192715,0.009979999624192715,31249
2026-05-16 12:00:00+00:00,0.009999999776482582,0.010010000318288803,0.009990000165998936,0.009999999776482582,4446
2026-05-16 12:15:00+00:00,0.009990000165998936,0.010010000318288803,0.009979999624192715,0.009999999776482582,20784
2026-05-16 12:30:00+00:00,0.01001999992877245,0.01001999992877245,0.009990000165998936,0.009990000165998936,0
2026-05-16 12:45:00+00:00,0.010010000318288803,0.01001999992877245,0.009990000165998936,0.01001999992877245,3522
2026-05-16 13:00:00+00:00,0.010010000318288803,0.010010000318288803,0.009979999624192715,0.010010000318288803,0
2026-05-16 13:15:00+00:00,0.010029999539256096,0.010040000081062317,0.010010000318288803,0.010010000318288803,0
2026-05-16 13:30:00+00:00,0.01006999984383583,0.010080000385642052,0.010029999539256096,0.010029999539256096,0
2026-05-16 13:45:00+00:00,0.010040000081062317,0.01006999984383583,0.010040000081062317,0.01006999984383583,0
2026-05-16 14:00:00+00:00,0.010049999691545963,0.010060000233352184,0.010029999539256096,0.010049999691545963,0
2026-05-16 14:15:00+00:00,0.010029999539256096,0.010049999691545963,0.010029999539256096,0.010049999691545963,0
2026-05-16 14:30:00+00:00,0.010049999691545963,0.010049999691545963,0.010040000081062317,0.010040000081062317,0
2026-05-16 14:45:00+00:00,0.010040000081062317,0.01006999984383583,0.010040000081062317,0.010060000233352184,0
2026-05-16 15:00:00+00:00,0.010040000081062317,0.010049999691545963,0.01001999992877245,0.010040000081062317,0
2026-05-16 15:15:00+00:00,0.010049999691545963,0.010049999691545963,0.01001999992877245,0.010040000081062317,0
2026-05-16 15:30:00+00:00,0.01006999984383583,0.010089999996125698,0.010049999691545963,0.010049999691545963,0
2026-05-16 15:45:00+00:00,0.010040000081062317,0.01006999984383583,0.010040000081062317,0.01006999984383583,0
2026-05-16 16:00:00+00:00,0.01006999984383583,0.01006999984383583,0.010040000081062317,0.010040000081062317,0
2026-05-16 16:15:00+00:00,0.010080000385642052,0.010080000385642052,0.01006999984383583,0.01006999984383583,0
2026-05-16 16:30:00+00:00,0.010040000081062317,0.010080000385642052,0.010040000081062317,0.010080000385642052,0
2026-05-16 16:45:00+00:00,0.010040000081062317,0.010060000233352184,0.010029999539256096,0.010040000081062317,0
2026-05-16 17:00:00+00:00,0.010040000081062317,0.010049999691545963,0.010040000081062317,0.010040000081062317,0
2026-05-16 17:15:00+00:00,0.010049999691545963,0.010049999691545963,0.010040000081062317,0.010040000081062317,0
2026-05-16 17:30:00+00:00,0.010049999691545963,0.010049999691545963,0.010049999691545963,0.010049999691545963,0
2026-05-16 17:45:00+00:00,0.010049999691545963,0.01006999984383583,0.010049999691545963,0.010049999691545963,1864
2026-05-16 18:00:00+00:00,0.010049999691545963,0.010049999691545963,0.010049999691545963,0.010049999691545963,0
2026-05-16 18:15:00+00:00,0.010029999539256096,0.010049999691545963,0.010029999539256096,0.010049999691545963,0
2026-05-16 18:30:00+00:00,0.010040000081062317,0.010049999691545963,0.010029999539256096,0.010029999539256096,0
2026-05-16 18:45:00+00:00,0.01001999992877245,0.010040000081062317,0.01001999992877245,0.010040000081062317,0
2026-05-16 19:00:00+00:00,0.010010000318288803,0.01001999992877245,0.010010000318288803,0.01001999992877245,0
2026-05-16 19:15:00+00:00,0.009999999776482582,0.01001999992877245,0.009990000165998936,0.010010000318288803,0
2026-05-16 19:30:00+00:00,0.009990000165998936,0.009999999776482582,0.009990000165998936,0.009999999776482582,0
2026-05-16 19:45:00+00:00,0.009979999624192715,0.009999999776482582,0.009979999624192715,0.009990000165998936,0
2026-05-16 20:00:00+00:00,0.010010000318288803,0.010010000318288803,0.009979999624192715,0.009979999624192715,0
2026-05-16 20:15:00+00:00,0.009990000165998936,0.010010000318288803,0.009990000165998936,0.010010000318288803,0
2026-05-16 20:30:00+00:00,0.009960000403225422,0.009990000165998936,0.009960000403225422,0.009990000165998936,0
2026-05-16 20:45:00+00:00,0.009990000165998936,0.009999999776482582,0.009960000403225422,0.009960000403225422,0
2026-05-16 21:00:00+00:00,0.010029999539256096,0.010029999539256096,0.009990000165998936,0.009990000165998936,0
2026-05-16 21:15:00+00:00,0.010040000081062317,0.010040000081062317,0.010029999539256096,0.010029999539256096,0
2026-05-16 21:30:00+00:00,0.010040000081062317,0.010040000081062317,0.010029999539256096,0.010040000081062317,27508
2026-05-16 21:45:00+00:00,0.01006999984383583,0.01006999984383583,0.010040000081062317,0.010040000081062317,63932
2026-05-16 22:00:00+00:00,0.010010000318288803,0.01006999984383583,0.010010000318288803,0.01006999984383583,4504
2026-05-16 22:15:00+00:00,0.01001999992877245,0.01001999992877245,0.010010000318288803,0.010010000318288803,2207
2026-05-16 22:30:00+00:00,0.01001999992877245,0.01001999992877245,0.01001999992877245,0.01001999992877245,0
2026-05-16 22:45:00+00:00,0.010029999539256096,0.010029999539256096,0.010010000318288803,0.01001999992877245,0
2026-05-16 23:00:00+00:00,0.010029999539256096,0.010029999539256096,0.010029999539256096,0.010029999539256096,0
2026-05-16 23:15:00+00:00,0.010040000081062317,0.010060000233352184,0.010029999539256096,0.010029999539256096,994
2026-05-16 23:30:00+00:00,0.010040000081062317,0.010040000081062317,0.010040000081062317,0.010040000081062317,3438
2026-05-16 23:45:00+00:00,0.010010000318288803,0.010040000081062317,0.010010000318288803,0.010029999539256096,15909
2026-05-17 00:00:00+00:00,0.010040000081062317,0.010049999691545963,0.010010000318288803,0.010010000318288803,5617
2026-05-17 00:15:00+00:00,0.010010000318288803,0.010040000081062317,0.010010000318288803,0.010040000081062317,6791
2026-05-17 00:30:00+00:00,0.009970000013709068,0.010010000318288803,0.009970000013709068,0.010010000318288803,366
2026-05-17 00:45:00+00:00,0.009970000013709068,0.009990000165998936,0.009970000013709068,0.009970000013709068,8587
2026-05-17 01:00:00+00:00,0.009979999624192715,0.009979999624192715,0.009940000250935555,0.009970000013709068,6160
2026-05-17 01:15:00+00:00,0.009949999861419201,0.009979999624192715,0.009929999709129333,0.009979999624192715,0
2026-05-17 01:30:00+00:00,0.009940000250935555,0.009970000013709068,0.009940000250935555,0.009949999861419201,15183
2026-05-17 01:45:00+00:00,0.00989999994635582,0.009979999624192715,0.009879999794065952,0.009940000250935555,0
2026-05-17 02:00:00+00:00,0.009940000250935555,0.009940000250935555,0.00989999994635582,0.00989999994635582,102681
2026-05-17 02:15:00+00:00,0.009920000098645687,0.009940000250935555,0.009920000098645687,0.009940000250935555,8230
2026-05-17 02:30:00+00:00,0.009940000250935555,0.009940000250935555,0.009920000098645687,0.009920000098645687,1619
2026-05-17 02:45:00+00:00,0.009909999556839466,0.009940000250935555,0.009909999556839466,0.009940000250935555,7194
2026-05-17 03:00:00+00:00,0.009940000250935555,0.009940000250935555,0.009909999556839466,0.009909999556839466,0
2026-05-17 03:15:00+00:00,0.009949999861419201,0.009960000403225422,0.009940000250935555,0.009940000250935555,11534
2026-05-17 03:30:00+00:00,0.009999999776482582,0.010010000318288803,0.009949999861419201,0.009949999861419201,6331
2026-05-17 03:45:00+00:00,0.010010000318288803,0.01001999992877245,0.009999999776482582,0.009999999776482582,0
2026-05-17 04:00:00+00:00,0.009999999776482582,0.010010000318288803,0.009999999776482582,0.010010000318288803,0
2026-05-17 04:15:00+00:00,0.01006999984383583,0.01006999984383583,0.010040000081062317,0.010040000081062317,16299
2026-05-17 04:30:00+00:00,0.010060000233352184,0.010060000233352184,0.010060000233352184,0.010060000233352184,0
2026-05-17 04:45:00+00:00,0.010040000081062317,0.010060000233352184,0.01001999992877245,0.010060000233352184,0
2026-05-17 05:00:00+00:00,0.010040000081062317,0.010040000081062317,0.009999999776482582,0.010040000081062317,0
2026-05-17 05:15:00+00:00,0.010010000318288803,0.010040000081062317,0.010010000318288803,0.010040000081062317,341
2026-05-17 05:30:00+00:00,0.009999999776482582,0.010010000318288803,0.009999999776482582,0.010010000318288803,10183
2026-05-17 05:45:00+00:00,0.010010000318288803,0.010010000318288803,0.009999999776482582,0.009999999776482582,0
2026-05-17 06:00:00+00:00,0.010040000081062317,0.010049999691545963,0.010010000318288803,0.010010000318288803,1080
2026-05-17 06:15:00+00:00,0.010049999691545963,0.010049999691545963,0.010040000081062317,0.010040000081062317,0
2026-05-17 06:30:00+00:00,0.010049999691545963,0.010049999691545963,0.010049999691545963,0.010049999691545963,0
2026-05-17 06:45:00+00:00,0.010049999691545963,0.010049999691545963,0.010049999691545963,0.010049999691545963,0
2026-05-17 07:00:00+00:00,0.010049999691545963,0.010049999691545963,0.010049999691545963,0.010049999691545963,0
2026-05-17 07:15:00+00:00,0.010099999606609344,0.010099999606609344,0.010049999691545963,0.010049999691545963,0
2026-05-17 07:30:00+00:00,0.010130000300705433,0.0101500004529953,0.010099999606609344,0.010099999606609344,0
2026-05-17 07:45:00+00:00,0.01013999991118908,0.01013999991118908,0.010119999758899212,0.010130000300705433,0
2026-05-17 08:00:00+00:00,0.01013999991118908,0.01013999991118908,0.01013999991118908,0.01013999991118908,0
2026-05-17 08:15:00+00:00,0.010110000148415565,0.01013999991118908,0.010110000148415565,0.01013999991118908,0
2026-05-17 08:30:00+00:00,0.010110000148415565,0.010119999758899212,0.010110000148415565,0.010110000148415565,238
2026-05-17 08:45:00+00:00,0.010099999606609344,0.010119999758899212,0.010099999606609344,0.010110000148415565,2020
2026-05-17 09:00:00+00:00,0.010099999606609344,0.010099999606609344,0.010099999606609344,0.010099999606609344,10126
2026-05-17 09:15:00+00:00,0.010110000148415565,0.010110000148415565,0.010089999996125698,0.010089999996125698,0
2026-05-17 09:30:00+00:00,0.010110000148415565,0.010110000148415565,0.010110000148415565,0.010110000148415565,0
2026-05-17 09:45:00+00:00,0.010089999996125698,0.010110000148415565,0.010089999996125698,0.010110000148415565,1760
2026-05-17 10:00:00+00:00,0.010169999673962593,0.010169999673962593,0.010089999996125698,0.010089999996125698,0
2026-05-17 10:15:00+00:00,0.01013999991118908,0.010169999673962593,0.01013999991118908,0.010169999673962593,0
2026-05-17 10:30:00+00:00,0.01013999991118908,0.01013999991118908,0.01013999991118908,0.01013999991118908,218
2026-05-17 10:45:00+00:00,0.010160000063478947,0.010160000063478947,0.01013999991118908,0.01013999991118908,5640
2026-05-17 11:00:00+00:00,0.01013999991118908,0.010160000063478947,0.01013999991118908,0.010160000063478947,0
2026-05-17 11:15:00+00:00,0.010080000385642052,0.01013999991118908,0.010080000385642052,0.01013999991118908,2
2026-05-17 11:30:00+00:00,0.010099999606609344,0.010099999606609344,0.010080000385642052,0.010080000385642052,0
2026-05-17 11:45:00+00:00,0.010060000233352184,0.010099999606609344,0.010060000233352184,0.010099999606609344,10876
2026-05-17 12:00:00+00:00,0.01006999984383583,0.01006999984383583,0.010060000233352184,0.010060000233352184,13390
2026-05-17 12:15:00+00:00,0.01001999992877245,0.01006999984383583,0.01001999992877245,0.01006999984383583,32251
2026-05-17 12:30:00+00:00,0.010080000385642052,0.010080000385642052,0.01001999992877245,0.01001999992877245,10080
2026-05-17 12:45:00+00:00,0.01006999984383583,0.010080000385642052,0.01006999984383583,0.010080000385642052,0
2026-05-17 13:00:00+00:00,0.010040000081062317,0.01006999984383583,0.010040000081062317,0.01006999984383583,0
2026-05-17 13:15:00+00:00,0.010049999691545963,0.010049999691545963,0.009999999776482582,0.010040000081062317,8327
2026-05-17 13:30:00+00:00,0.010029999539256096,0.010049999691545963,0.010029999539256096,0.010049999691545963,17815
2026-05-17 13:45:00+00:00,0.010040000081062317,0.010040000081062317,0.010029999539256096,0.010029999539256096,4133
2026-05-17 14:00:00+00:00,0.009990000165998936,0.010040000081062317,0.009979999624192715,0.010040000081062317,15193
2026-05-17 14:15:00+00:00,0.009999999776482582,0.009999999776482582,0.009929999709129333,0.009990000165998936,25664
2026-05-17 14:30:00+00:00,0.009970000013709068,0.009999999776482582,0.009970000013709068,0.009999999776482582,12430
2026-05-17 14:45:00+00:00,0.010029999539256096,0.010029999539256096,0.009970000013709068,0.009970000013709068,0
2026-05-17 15:00:00+00:00,0.010049999691545963,0.010049999691545963,0.01001999992877245,0.010029999539256096,2427
2026-05-17 15:15:00+00:00,0.01001999992877245,0.010049999691545963,0.01001999992877245,0.010049999691545963,5981
2026-05-17 15:30:00+00:00,0.01001999992877245,0.010029999539256096,0.01001999992877245,0.01001999992877245,34400
2026-05-17 15:45:00+00:00,0.010080000385642052,0.010080000385642052,0.01001999992877245,0.01001999992877245,16106
2026-05-17 16:00:00+00:00,0.010040000081062317,0.010080000385642052,0.010040000081062317,0.010080000385642052,117238
2026-05-17 16:15:00+00:00,0.010099999606609344,0.010099999606609344,0.010040000081062317,0.010040000081062317,10984
2026-05-17 16:30:00+00:00,0.010099999606609344,0.010099999606609344,0.010099999606609344,0.010099999606609344,17873
2026-05-17 16:45:00+00:00,0.010060000233352184,0.010099999606609344,0.010049999691545963,0.010099999606609344,2790
2026-05-17 17:00:00+00:00,0.010040000081062317,0.010060000233352184,0.010029999539256096,0.010060000233352184,6244
2026-05-17 17:15:00+00:00,0.010040000081062317,0.010040000081062317,0.010010000318288803,0.010040000081062317,10985
2026-05-17 17:30:00+00:00,0.010040000081062317,0.010040000081062317,0.01001999992877245,0.010040000081062317,10937
2026-05-17 17:45:00+00:00,0.010049999691545963,0.010049999691545963,0.010029999539256096,0.010040000081062317,2923
2026-05-17 18:00:00+00:00,0.01001999992877245,0.01006999984383583,0.01001999992877245,0.010040000081062317,2625
2026-05-17 18:15:00+00:00,0.009979999624192715,0.010010000318288803,0.009979999624192715,0.010010000318288803,9050
2026-05-17 18:30:00+00:00,0.009990000165998936,0.010010000318288803,0.009979999624192715,0.009979999624192715,3561
2026-05-17 18:45:00+00:00,0.010040000081062317,0.010040000081062317,0.009979999624192715,0.009990000165998936,4760
2026-05-17 19:00:00+00:00,0.010060000233352184,0.010060000233352184,0.010040000081062317,0.010040000081062317,1028
2026-05-17 19:15:00+00:00,0.01006999984383583,0.01006999984383583,0.010060000233352184,0.010060000233352184,5850
2026-05-17 19:30:00+00:00,0.010110000148415565,0.010110000148415565,0.010060000233352184,0.01006999984383583,5811
2026-05-17 19:45:00+00:00,0.010110000148415565,0.010119999758899212,0.010099999606609344,0.010110000148415565,40133
2026-05-17 20:00:00+00:00,0.010099999606609344,0.010119999758899212,0.010089999996125698,0.010110000148415565,4976
2026-05-17 20:15:00+00:00,0.010089999996125698,0.010099999606609344,0.010060000233352184,0.010099999606609344,11536
2026-05-17 20:30:00+00:00,0.010049999691545963,0.010089999996125698,0.010049999691545963,0.010089999996125698,1025
2026-05-17 20:45:00+00:00,0.01006999984383583,0.01006999984383583,0.010049999691545963,0.010049999691545963,5682
2026-05-17 21:00:00+00:00,0.010080000385642052,0.010080000385642052,0.01006999984383583,0.01006999984383583,0
2026-05-17 21:15:00+00:00,0.010110000148415565,0.010110000148415565,0.010060000233352184,0.010080000385642052,1134
2026-05-17 21:30:00+00:00,0.010110000148415565,0.010110000148415565,0.010110000148415565,0.010110000148415565,756
2026-05-17 21:45:00+00:00,0.010099999606609344,0.010110000148415565,0.010099999606609344,0.010110000148415565,0
2026-05-17 22:00:00+00:00,0.010029999539256096,0.010099999606609344,0.010029999539256096,0.010099999606609344,40731
2026-05-17 22:15:00+00:00,0.009979999624192715,0.010029999539256096,0.009979999624192715,0.010029999539256096,385
2026-05-17 22:30:00+00:00,0.009999999776482582,0.009999999776482582,0.009979999624192715,0.009979999624192715,44525
2026-05-17 22:45:00+00:00,0.009970000013709068,0.009999999776482582,0.009949999861419201,0.009999999776482582,12005
2026-05-17 23:00:00+00:00,0.009940000250935555,0.009970000013709068,0.009940000250935555,0.009970000013709068,26714
2026-05-17 23:15:00+00:00,0.009920000098645687,0.009949999861419201,0.009909999556839466,0.009940000250935555,26423
2026-05-17 23:30:00+00:00,0.00953999999910593,0.009920000098645687,0.009329999797046185,0.009920000098645687,175739
2026-05-17 23:45:00+00:00,0.009689999744296074,0.009689999744296074,0.00953999999910593,0.00953999999910593,1315249
2026-05-18 00:00:00+00:00,0.009639999829232693,0.009689999744296074,0.00953999999910593,0.009689999744296074,71734
2026-05-18 00:15:00+00:00,0.009610000066459179,0.009669999592006207,0.009610000066459179,0.009610000066459179,110588
2026-05-18 00:30:00+00:00,0.009569999761879444,0.009610000066459179,0.009530000388622284,0.009610000066459179,105335
2026-05-18 00:45:00+00:00,0.009610000066459179,0.009610000066459179,0.009569999761879444,0.009569999761879444,31487
2026-05-18 01:00:00+00:00,0.009610000066459179,0.009639999829232693,0.009600000455975533,0.009619999676942825,6619
2026-05-18 01:15:00+00:00,0.009600000455975533,0.009600000455975533,0.009589999914169312,0.009589999914169312,11985
2026-05-18 01:30:00+00:00,0.009549999609589577,0.009600000455975533,0.00953999999910593,0.009600000455975533,12893
2026-05-18 01:45:00+00:00,0.009610000066459179,0.009610000066459179,0.009519999846816063,0.009549999609589577,32768
2026-05-18 02:00:00+00:00,0.009680000133812428,0.009689999744296074,0.009600000455975533,0.009610000066459179,0
2026-05-18 02:15:00+00:00,0.009650000371038914,0.009689999744296074,0.009650000371038914,0.009680000133812428,84661
2026-05-18 02:30:00+00:00,0.009619999676942825,0.00965999998152256,0.009610000066459179,0.009650000371038914,12192
2026-05-18 02:45:00+00:00,0.009600000455975533,0.009619999676942825,0.009600000455975533,0.009619999676942825,24050
2026-05-18 03:00:00+00:00,0.009639999829232693,0.009680000133812428,0.009600000455975533,0.009600000455975533,3154
2026-05-18 03:15:00+00:00,0.009639999829232693,0.009639999829232693,0.009630000218749046,0.009639999829232693,6879
2026-05-18 03:30:00+00:00,0.009619999676942825,0.009639999829232693,0.009569999761879444,0.009639999829232693,11092
2026-05-18 03:45:00+00:00,0.009589999914169312,0.009619999676942825,0.009589999914169312,0.009619999676942825,27487
2026-05-18 04:00:00+00:00,0.009600000455975533,0.009600000455975533,0.009589999914169312,0.009600000455975533,3156
2026-05-18 04:15:00+00:00,0.009569999761879444,0.009619999676942825,0.009560000151395798,0.009600000455975533,2018
2026-05-18 04:30:00+00:00,0.009610000066459179,0.009610000066459179,0.009569999761879444,0.009569999761879444,5093
2026-05-18 04:45:00+00:00,0.009720000438392162,0.009720000438392162,0.009610000066459179,0.009610000066459179,70320
2026-05-18 05:00:00+00:00,0.009709999896585941,0.009739999659359455,0.009709999896585941,0.009739999659359455,40807
2026-05-18 05:15:00+00:00,0.009669999592006207,0.009709999896585941,0.009650000371038914,0.009709999896585941,24282
2026-05-18 05:30:00+00:00,0.009619999676942825,0.009669999592006207,0.009619999676942825,0.009669999592006207,4096
2026-05-18 05:45:00+00:00,0.009610000066459179,0.009630000218749046,0.009600000455975533,0.009619999676942825,62883
2026-05-18 06:00:00+00:00,0.009600000455975533,0.009650000371038914,0.009580000303685665,0.009610000066459179,44678
2026-05-18 06:15:00+00:00,0.009549999609589577,0.009610000066459179,0.00953999999910593,0.009600000455975533,43689
2026-05-18 06:30:00+00:00,0.009519999846816063,0.009549999609589577,0.009519999846816063,0.009549999609589577,24320
2026-05-18 06:45:00+00:00,0.009569999761879444,0.009569999761879444,0.009519999846816063,0.009519999846816063,36260
2026-05-18 07:00:00+00:00,0.009510000236332417,0.009549999609589577,0.009479999542236328,0.009549999609589577,26196
2026-05-18 07:15:00+00:00,0.009519999846816063,0.009519999846816063,0.009460000321269035,0.009510000236332417,40925
2026-05-18 07:30:00+00:00,0.009519999846816063,0.009530000388622284,0.009519999846816063,0.009519999846816063,10398
2026-05-18 07:45:00+00:00,0.009510000236332417,0.009519999846816063,0.009499999694526196,0.009519999846816063,5754
2026-05-18 08:00:00+00:00,0.009510000236332417,0.009510000236332417,0.009499999694526196,0.009510000236332417,6718
2026-05-18 08:15:00+00:00,0.009510000236332417,0.009530000388622284,0.009510000236332417,0.009510000236332417,66455
2026-05-18 08:30:00+00:00,0.009510000236332417,0.009530000388622284,0.009510000236332417,0.009510000236332417,20450
2026-05-18 08:45:00+00:00,0.009549999609589577,0.009549999609589577,0.009510000236332417,0.009510000236332417,4741
2026-05-18 09:00:00+00:00,0.009499999694526196,0.009549999609589577,0.009499999694526196,0.009549999609589577,7212
2026-05-18 09:15:00+00:00,0.009499999694526196,0.009510000236332417,0.00949000008404255,0.009499999694526196,3235
2026-05-18 09:30:00+00:00,0.009469999931752682,0.009499999694526196,0.009469999931752682,0.009499999694526196,12226
2026-05-18 09:45:00+00:00,0.009469999931752682,0.009479999542236328,0.009460000321269035,0.009469999931752682,8541
2026-05-18 10:00:00+00:00,0.00949000008404255,0.00949000008404255,0.009440000168979168,0.009469999931752682,8097
2026-05-18 10:15:00+00:00,0.009499999694526196,0.009499999694526196,0.009469999931752682,0.00949000008404255,0
2026-05-18 10:30:00+00:00,0.009479999542236328,0.009499999694526196,0.009429999627172947,0.009499999694526196,25101
2026-05-18 10:45:00+00:00,0.009499999694526196,0.009510000236332417,0.009479999542236328,0.009479999542236328,14143
2026-05-18 11:00:00+00:00,0.009479999542236328,0.009499999694526196,0.009469999931752682,0.009499999694526196,0
2026-05-18 11:15:00+00:00,0.00953999999910593,0.00953999999910593,0.009479999542236328,0.009479999542236328,6730
2026-05-18 11:30:00+00:00,0.009580000303685665,0.009580000303685665,0.00953999999910593,0.00953999999910593,25603
2026-05-18 11:45:00+00:00,0.009589999914169312,0.009619999676942825,0.009580000303685665,0.009580000303685665,14507
2026-05-18 12:00:00+00:00,0.00965999998152256,0.00965999998152256,0.009589999914169312,0.009589999914169312,23947
2026-05-18 12:15:00+00:00,0.009650000371038914,0.009680000133812428,0.009650000371038914,0.00965999998152256,0
2026-05-18 12:30:00+00:00,0.009650000371038914,0.009650000371038914,0.009630000218749046,0.009650000371038914,9258
2026-05-18 12:45:00+00:00,0.009619999676942825,0.009689999744296074,0.009619999676942825,0.009650000371038914,9561
2026-05-18 13:00:00+00:00,0.009600000455975533,0.009619999676942825,0.009589999914169312,0.009619999676942825,10058
2026-05-18 13:15:00+00:00,0.009600000455975533,0.009600000455975533,0.009569999761879444,0.009600000455975533,28231
2026-05-18 13:30:00+00:00,0.009560000151395798,0.009600000455975533,0.00953999999910593,0.009600000455975533,79529
2026-05-18 13:45:00+00:00,0.009580000303685665,0.009610000066459179,0.009560000151395798,0.009560000151395798,82152
2026-05-18 14:00:00+00:00,0.009580000303685665,0.009580000303685665,0.009560000151395798,0.009580000303685665,30523
2026-05-18 14:15:00+00:00,0.009510000236332417,0.009580000303685665,0.009499999694526196,0.009580000303685665,57281
2026-05-18 14:30:00+00:00,0.009499999694526196,0.009510000236332417,0.009469999931752682,0.009510000236332417,8614
2026-05-18 14:45:00+00:00,0.009479999542236328,0.009499999694526196,0.009449999779462814,0.009499999694526196,22331
2026-05-18 15:00:00+00:00,0.009440000168979168,0.009479999542236328,0.0094200000166893,0.009479999542236328,72420
2026-05-18 15:15:00+00:00,0.009399999864399433,0.009460000321269035,0.009399999864399433,0.009440000168979168,30493
2026-05-18 15:30:00+00:00,0.009460000321269035,0.009460000321269035,0.009399999864399433,0.009399999864399433,35403
2026-05-18 15:45:00+00:00,0.00949000008404255,0.009549999609589577,0.009460000321269035,0.009460000321269035,46328
2026-05-18 16:00:00+00:00,0.009519999846816063,0.009519999846816063,0.009469999931752682,0.00949000008404255,3778
2026-05-18 16:15:00+00:00,0.009479999542236328,0.009519999846816063,0.009469999931752682,0.009519999846816063,14902
2026-05-18 16:30:00+00:00,0.009469999931752682,0.009479999542236328,0.009449999779462814,0.009479999542236328,13777
2026-05-18 16:45:00+00:00,0.009519999846816063,0.009519999846816063,0.009460000321269035,0.009469999931752682,31611
2026-05-18 17:00:00+00:00,0.009519999846816063,0.009519999846816063,0.009479999542236328,0.009519999846816063,15754
2026-05-18 17:15:00+00:00,0.009510000236332417,0.009519999846816063,0.009510000236332417,0.009519999846816063,4467
2026-05-18 17:30:00+00:00,0.009510000236332417,0.009510000236332417,0.009510000236332417,0.009510000236332417,12197
2026-05-18 17:45:00+00:00,0.009530000388622284,0.009549999609589577,0.009510000236332417,0.009510000236332417,9953
2026-05-18 18:00:00+00:00,0.009469999931752682,0.009530000388622284,0.009449999779462814,0.009530000388622284,7947
2026-05-18 18:15:00+00:00,0.0094200000166893,0.009469999931752682,0.009399999864399433,0.009469999931752682,768
2026-05-18 18:30:00+00:00,0.009410000406205654,0.0094200000166893,0.009390000253915787,0.0094200000166893,56978
2026-05-18 18:45:00+00:00,0.009379999712109566,0.009410000406205654,0.009379999712109566,0.009410000406205654,18331
2026-05-18 19:00:00+00:00,0.009460000321269035,0.009519999846816063,0.009379999712109566,0.009379999712109566,133264
2026-05-18 19:15:00+00:00,0.009499999694526196,0.009499999694526196,0.009460000321269035,0.009460000321269035,5806
2026-05-18 19:30:00+00:00,0.009580000303685665,0.009580000303685665,0.009499999694526196,0.009499999694526196,20879
2026-05-18 19:45:00+00:00,0.009600000455975533,0.009600000455975533,0.009569999761879444,0.009580000303685665,37475
2026-05-18 20:00:00+00:00,0.009639999829232693,0.009639999829232693,0.009589999914169312,0.009600000455975533,20395
2026-05-18 20:15:00+00:00,0.009610000066459179,0.009639999829232693,0.009600000455975533,0.009639999829232693,15566
2026-05-18 20:30:00+00:00,0.009549999609589577,0.009610000066459179,0.009549999609589577,0.009610000066459179,11618
2026-05-18 20:45:00+00:00,0.009530000388622284,0.009560000151395798,0.009519999846816063,0.009560000151395798,11471
2026-05-18 21:00:00+00:00,0.009549999609589577,0.009580000303685665,0.009519999846816063,0.009530000388622284,3870
2026-05-18 21:15:00+00:00,0.009589999914169312,0.009610000066459179,0.009569999761879444,0.009580000303685665,10023
2026-05-18 21:30:00+00:00,0.009610000066459179,0.009619999676942825,0.009589999914169312,0.009589999914169312,14768
2026-05-18 21:45:00+00:00,0.009639999829232693,0.009650000371038914,0.009610000066459179,0.009610000066459179,58186
2026-05-18 22:00:00+00:00,0.00965999998152256,0.00965999998152256,0.009630000218749046,0.009639999829232693,18036
2026-05-18 22:15:00+00:00,0.009639999829232693,0.00965999998152256,0.009639999829232693,0.00965999998152256,37281
2026-05-18 22:30:00+00:00,0.009630000218749046,0.009639999829232693,0.009630000218749046,0.009639999829232693,685
2026-05-18 22:45:00+00:00,0.009600000455975533,0.009630000218749046,0.009569999761879444,0.009630000218749046,31502
2026-05-18 23:00:00+00:00,0.009619999676942825,0.009619999676942825,0.009610000066459179,0.009610000066459179,382
2026-05-18 23:15:00+00:00,0.009610000066459179,0.009619999676942825,0.009589999914169312,0.009619999676942825,0
2026-05-18 23:30:00+00:00,0.009610000066459179,0.009610000066459179,0.009610000066459179,0.009610000066459179,4965
2026-05-18 23:45:00+00:00,0.009619999676942825,0.009619999676942825,0.009600000455975533,0.009610000066459179,0
2026-05-19 00:00:00+00:00,0.009630000218749046,0.009630000218749046,0.009610000066459179,0.009619999676942825,0
2026-05-19 00:15:00+00:00,0.009669999592006207,0.009669999592006207,0.009630000218749046,0.009630000218749046,3627
2026-05-19 00:30:00+00:00,0.009680000133812428,0.009680000133812428,0.00965999998152256,0.009669999592006207,0
2026-05-19 00:45:00+00:00,0.009689999744296074,0.009709999896585941,0.009680000133812428,0.009680000133812428,0
2026-05-19 01:00:00+00:00,0.00965999998152256,0.009689999744296074,0.009650000371038914,0.009689999744296074,0
2026-05-19 01:15:00+00:00,0.009619999676942825,0.00965999998152256,0.009589999914169312,0.00965999998152256,0
2026-05-19 01:30:00+00:00,0.009680000133812428,0.009680000133812428,0.009610000066459179,0.009619999676942825,5469
2026-05-19 01:45:00+00:00,0.00965999998152256,0.009680000133812428,0.00965999998152256,0.009680000133812428,0
2026-05-19 02:00:00+00:00,0.009639999829232693,0.00965999998152256,0.009610000066459179,0.00965999998152256,1959
2026-05-19 02:15:00+00:00,0.009680000133812428,0.009680000133812428,0.009639999829232693,0.009639999829232693,0
2026-05-19 02:30:00+00:00,0.009610000066459179,0.009680000133812428,0.009600000455975533,0.009680000133812428,4015
2026-05-19 02:45:00+00:00,0.009580000303685665,0.009619999676942825,0.009580000303685665,0.009610000066459179,0
2026-05-19 03:00:00+00:00,0.009600000455975533,0.009600000455975533,0.009580000303685665,0.009580000303685665,0
2026-05-19 03:15:00+00:00,0.009600000455975533,0.009619999676942825,0.009560000151395798,0.009600000455975533,17515
2026-05-19 03:30:00+00:00,0.009630000218749046,0.009630000218749046,0.009600000455975533,0.009600000455975533,22431
2026-05-19 03:45:00+00:00,0.009639999829232693,0.00965999998152256,0.009630000218749046,0.009630000218749046,11201
2026-05-19 04:00:00+00:00,0.009730000048875809,0.009730000048875809,0.009630000218749046,0.009639999829232693,23020
2026-05-19 04:15:00+00:00,0.009700000286102295,0.009730000048875809,0.009689999744296074,0.009730000048875809,17129
2026-05-19 04:30:00+00:00,0.00965999998152256,0.009700000286102295,0.00965999998152256,0.009700000286102295,6268
2026-05-19 04:45:00+00:00,0.00965999998152256,0.00965999998152256,0.00965999998152256,0.00965999998152256,304
2026-05-19 05:00:00+00:00,0.009669999592006207,0.009720000438392162,0.00965999998152256,0.00965999998152256,26547
2026-05-19 05:15:00+00:00,0.00965999998152256,0.009669999592006207,0.00965999998152256,0.009669999592006207,7762
2026-05-19 05:30:00+00:00,0.009700000286102295,0.009700000286102295,0.00965999998152256,0.00965999998152256,16427
2026-05-19 05:45:00+00:00,0.009650000371038914,0.009700000286102295,0.009650000371038914,0.009700000286102295,0
2026-05-19 06:00:00+00:00,0.009650000371038914,0.009650000371038914,0.009639999829232693,0.009650000371038914,0
2026-05-19 06:15:00+00:00,0.009639999829232693,0.009650000371038914,0.009639999829232693,0.009650000371038914,0
2026-05-19 06:30:00+00:00,0.009709999896585941,0.009709999896585941,0.009639999829232693,0.009639999829232693,49858
2026-05-19 06:45:00+00:00,0.009730000048875809,0.009750000201165676,0.009709999896585941,0.009709999896585941,88193
2026-05-19 07:00:00+00:00,0.009709999896585941,0.009730000048875809,0.009689999744296074,0.009730000048875809,13447
2026-05-19 07:15:00+00:00,0.009700000286102295,0.009709999896585941,0.009700000286102295,0.009709999896585941,0
2026-05-19 07:30:00+00:00,0.009689999744296074,0.009700000286102295,0.009680000133812428,0.009700000286102295,8476
2026-05-19 07:45:00+00:00,0.009700000286102295,0.009700000286102295,0.009700000286102295,0.009700000286102295,13607
2026-05-19 08:00:00+00:00,0.009639999829232693,0.009700000286102295,0.009639999829232693,0.009700000286102295,5272
2026-05-19 08:15:00+00:00,0.009650000371038914,0.009650000371038914,0.009619999676942825,0.009639999829232693,0
2026-05-19 08:30:00+00:00,0.009689999744296074,0.009689999744296074,0.009650000371038914,0.009650000371038914,115
2026-05-19 08:45:00+00:00,0.009669999592006207,0.009689999744296074,0.009669999592006207,0.009689999744296074,1705
2026-05-19 09:00:00+00:00,0.00965999998152256,0.009669999592006207,0.009639999829232693,0.009669999592006207,4740
2026-05-19 09:15:00+00:00,0.009560000151395798,0.00965999998152256,0.009560000151395798,0.00965999998152256,21051
2026-05-19 09:30:00+00:00,0.009580000303685665,0.009580000303685665,0.009560000151395798,0.009560000151395798,16720
2026-05-19 09:45:00+00:00,0.009580000303685665,0.009619999676942825,0.009580000303685665,0.009580000303685665,5753
2026-05-19 10:00:00+00:00,0.009580000303685665,0.009580000303685665,0.009580000303685665,0.009580000303685665,0
2026-05-19 10:15:00+00:00,0.009580000303685665,0.009610000066459179,0.009580000303685665,0.009580000303685665,2757
2026-05-19 10:30:00+00:00,0.009479999542236328,0.009589999914169312,0.009479999542236328,0.009580000303685665,0
2026-05-19 10:45:00+00:00,0.00953999999910593,0.00953999999910593,0.009460000321269035,0.009479999542236328,102524
2026-05-19 11:00:00+00:00,0.009510000236332417,0.00953999999910593,0.009510000236332417,0.00953999999910593,36560
2026-05-19 11:15:00+00:00,0.00949000008404255,0.009519999846816063,0.00949000008404255,0.009510000236332417,3213
2026-05-19 11:30:00+00:00,0.009449999779462814,0.00949000008404255,0.009449999779462814,0.00949000008404255,2452
2026-05-19 11:45:00+00:00,0.009469999931752682,0.009469999931752682,0.009449999779462814,0.009449999779462814,0
2026-05-19 12:00:00+00:00,0.009449999779462814,0.009469999931752682,0.009440000168979168,0.009469999931752682,0
2026-05-19 12:15:00+00:00,0.00949000008404255,0.00949000008404255,0.009449999779462814,0.009449999779462814,0
2026-05-19 12:30:00+00:00,0.009519999846816063,0.009519999846816063,0.00949000008404255,0.00949000008404255,68942
2026-05-19 12:45:00+00:00,0.00953999999910593,0.00953999999910593,0.009499999694526196,0.009519999846816063,999
2026-05-19 13:00:00+00:00,0.009519999846816063,0.009569999761879444,0.009519999846816063,0.00953999999910593,4276
2026-05-19 13:15:00+00:00,0.009519999846816063,0.009519999846816063,0.009519999846816063,0.009519999846816063,0
2026-05-19 13:30:00+00:00,0.00953999999910593,0.00953999999910593,0.009499999694526196,0.009519999846816063,23315
2026-05-19 13:45:00+00:00,0.009549999609589577,0.009549999609589577,0.009510000236332417,0.00953999999910593,0
2026-05-19 14:00:00+00:00,0.009499999694526196,0.009549999609589577,0.009499999694526196,0.009549999609589577,0
2026-05-19 14:15:00+00:00,0.009519999846816063,0.009519999846816063,0.009479999542236328,0.009499999694526196,4850
2026-05-19 14:30:00+00:00,0.00953999999910593,0.00953999999910593,0.009499999694526196,0.009519999846816063,14030
2026-05-19 14:45:00+00:00,0.009469999931752682,0.00953999999910593,0.009469999931752682,0.00953999999910593,10678
2026-05-19 15:00:00+00:00,0.00949000008404255,0.009499999694526196,0.009469999931752682,0.009469999931752682,0
2026-05-19 15:15:00+00:00,0.0094200000166893,0.00949000008404255,0.009399999864399433,0.00949000008404255,814
2026-05-19 15:30:00+00:00,0.009460000321269035,0.00949000008404255,0.0094200000166893,0.0094200000166893,16626
2026-05-19 15:45:00+00:00,0.009460000321269035,0.009460000321269035,0.009460000321269035,0.009460000321269035,994
2026-05-19 16:00:00+00:00,0.009469999931752682,0.009469999931752682,0.009460000321269035,0.009460000321269035,3861
2026-05-19 16:15:00+00:00,0.009479999542236328,0.009479999542236328,0.009469999931752682,0.009469999931752682,0
2026-05-19 16:30:00+00:00,0.009530000388622284,0.009530000388622284,0.009479999542236328,0.009479999542236328,0
2026-05-19 16:45:00+00:00,0.009589999914169312,0.009589999914169312,0.009530000388622284,0.009530000388622284,0
2026-05-19 17:00:00+00:00,0.009569999761879444,0.009589999914169312,0.009569999761879444,0.009589999914169312,0
2026-05-19 17:15:00+00:00,0.009549999609589577,0.009580000303685665,0.009549999609589577,0.009569999761879444,0
2026-05-19 17:30:00+00:00,0.009560000151395798,0.009560000151395798,0.009510000236332417,0.009549999609589577,23656
2026-05-19 17:45:00+00:00,0.009569999761879444,0.009580000303685665,0.009530000388622284,0.009560000151395798,14461
2026-05-19 18:00:00+00:00,0.009560000151395798,0.009610000066459179,0.009560000151395798,0.009569999761879444,4991
2026-05-19 18:15:00+00:00,0.00949000008404255,0.009560000151395798,0.00949000008404255,0.009560000151395798,6771
2026-05-19 18:30:00+00:00,0.009519999846816063,0.009519999846816063,0.00949000008404255,0.00949000008404255,225
2026-05-19 18:45:00+00:00,0.009479999542236328,0.009519999846816063,0.009479999542236328,0.009519999846816063,11129
2026-05-19 19:00:00+00:00,0.009499999694526196,0.009499999694526196,0.009469999931752682,0.009479999542236328,6551
2026-05-19 19:15:00+00:00,0.009479999542236328,0.009499999694526196,0.009469999931752682,0.009499999694526196,15762
2026-05-19 19:30:00+00:00,0.009499999694526196,0.009499999694526196,0.009479999542236328,0.009479999542236328,9764
2026-05-19 19:45:00+00:00,0.009449999779462814,0.009499999694526196,0.009449999779462814,0.009499999694526196,3449
2026-05-19 20:00:00+00:00,0.009479999542236328,0.009519999846816063,0.009449999779462814,0.009449999779462814,21135
2026-05-19 20:15:00+00:00,0.00949000008404255,0.009499999694526196,0.009469999931752682,0.009479999542236328,976
2026-05-19 20:30:00+00:00,0.009499999694526196,0.009499999694526196,0.00949000008404255,0.00949000008404255,5723
2026-05-19 20:45:00+00:00,0.009530000388622284,0.009530000388622284,0.00949000008404255,0.009499999694526196,1629
2026-05-19 21:00:00+00:00,0.009499999694526196,0.009530000388622284,0.009499999694526196,0.009530000388622284,2137
2026-05-19 21:15:00+00:00,0.009530000388622284,0.00953999999910593,0.009499999694526196,0.009499999694526196,3238
2026-05-19 21:30:00+00:00,0.00953999999910593,0.00953999999910593,0.009530000388622284,0.009530000388622284,203
2026-05-19 21:45:00+00:00,0.009499999694526196,0.00953999999910593,0.009499999694526196,0.00953999999910593,498
2026-05-19 22:00:00+00:00,0.009469999931752682,0.00949000008404255,0.009469999931752682,0.00949000008404255,628
2026-05-19 22:15:00+00:00,0.009410000406205654,0.009469999931752682,0.009410000406205654,0.009469999931752682,232
2026-05-19 22:30:00+00:00,0.009410000406205654,0.009410000406205654,0.009410000406205654,0.009410000406205654,0
