Price,Close,High,Low,Open,Volume
Ticker,ROSE-USD,ROSE-USD,ROSE-USD,ROSE-USD,ROSE-USD
Datetime,,,,,
2026-01-07 00:00:00+00:00,0.012678980827331543,0.012729445472359657,0.01267778780311346,0.012728286907076836,0
2026-01-07 00:15:00+00:00,0.01264773029834032,0.012681305408477783,0.01264773029834032,0.01267910748720169,0
2026-01-07 00:30:00+00:00,0.012525200843811035,0.01264683622866869,0.012525200843811035,0.01264683622866869,0
2026-01-07 00:45:00+00:00,0.012510200031101704,0.012525834143161774,0.01249733380973339,0.012525834143161774,1628
2026-01-07 01:00:00+00:00,0.012493778951466084,0.012512332759797573,0.012463347055017948,0.012463347055017948,9545
2026-01-07 01:15:00+00:00,0.01246739737689495,0.0124927693977952,0.01239295769482851,0.0124927693977952,54233
2026-01-07 01:30:00+00:00,0.01246326882392168,0.012475259602069855,0.012419959530234337,0.012475259602069855,112744
2026-01-07 01:45:00+00:00,0.012425634078681469,0.01246250607073307,0.012409755028784275,0.01246250607073307,12365
2026-01-07 02:00:00+00:00,0.012417705729603767,0.012425979599356651,0.01240974385291338,0.012425979599356651,0
2026-01-07 02:15:00+00:00,0.012413269840180874,0.012418517842888832,0.012399554252624512,0.012418009340763092,3407
2026-01-07 02:30:00+00:00,0.012433446943759918,0.012437560595571995,0.012400477193295956,0.012410865165293217,3721
2026-01-07 02:45:00+00:00,0.012477900832891464,0.012477900832891464,0.012433364056050777,0.012433364056050777,11792
2026-01-07 03:00:00+00:00,0.012508382089436054,0.012508382089436054,0.012470344081521034,0.012477613054215908,0
2026-01-07 03:15:00+00:00,0.012509642168879509,0.012526717968285084,0.012507978826761246,0.012510834261775017,1280
2026-01-07 03:30:00+00:00,0.01247326098382473,0.012513966299593449,0.012472692877054214,0.012509850785136223,0
2026-01-07 03:45:00+00:00,0.012481916695833206,0.012486792169511318,0.012464657425880432,0.012473100796341896,0
2026-01-07 04:00:00+00:00,0.012503718957304955,0.012509621679782867,0.012485625222325325,0.012485705316066742,0
2026-01-07 04:15:00+00:00,0.012480869889259338,0.012503081001341343,0.012480869889259338,0.012503081001341343,0
2026-01-07 04:30:00+00:00,0.012456631287932396,0.012487680651247501,0.012454687617719173,0.012483893893659115,0
2026-01-07 04:45:00+00:00,0.012448805384337902,0.012470811605453491,0.012448805384337902,0.012463578023016453,0
2026-01-07 05:00:00+00:00,0.012449022382497787,0.012455342337489128,0.012448523193597794,0.012448523193597794,0
2026-01-07 05:15:00+00:00,0.012484647333621979,0.012486489489674568,0.012453937903046608,0.012453937903046608,0
2026-01-07 05:30:00+00:00,0.012553502805531025,0.012553502805531025,0.012484936974942684,0.012485072016716003,0
2026-01-07 05:45:00+00:00,0.012491387315094471,0.01255072932690382,0.012491387315094471,0.01255072932690382,0
2026-01-07 06:00:00+00:00,0.01245769765228033,0.012491120025515556,0.012446983717381954,0.012491120025515556,0
2026-01-07 06:15:00+00:00,0.012470194138586521,0.012470891699194908,0.012446791864931583,0.01245689857751131,0
2026-01-07 06:30:00+00:00,0.01246644090861082,0.012478434480726719,0.012461867183446884,0.012476548552513123,990
2026-01-07 06:45:00+00:00,0.012464774772524834,0.012471222318708897,0.012459933757781982,0.012468291446566582,1040
2026-01-07 07:00:00+00:00,0.012496843002736568,0.012497441843152046,0.01246558129787445,0.01246558129787445,0
2026-01-07 07:15:00+00:00,0.012594940140843391,0.012594940140843391,0.012541232630610466,0.012541232630610466,19924
2026-01-07 07:30:00+00:00,0.012678895145654678,0.012678895145654678,0.012597206048667431,0.012597206048667431,9753
2026-01-07 07:45:00+00:00,0.01270939689129591,0.012712779454886913,0.012670306488871574,0.012677761726081371,11111
2026-01-07 08:00:00+00:00,0.012746497988700867,0.012753693386912346,0.012713572010397911,0.012713572010397911,184574
2026-01-07 08:15:00+00:00,0.01274902280420065,0.01279038842767477,0.01274902280420065,0.012749867513775826,0
2026-01-07 08:30:00+00:00,0.012687264010310173,0.012748374603688717,0.012686553411185741,0.012748374603688717,41877
2026-01-07 08:45:00+00:00,0.012749826535582542,0.012756948359310627,0.012686582282185555,0.012687068432569504,8561
2026-01-07 09:00:00+00:00,0.012649374082684517,0.012749630026519299,0.012640307657420635,0.012749630026519299,23421
2026-01-07 09:15:00+00:00,0.012548559345304966,0.01264850702136755,0.012547644786536694,0.01264850702136755,983
2026-01-07 09:30:00+00:00,0.012471526861190796,0.01254340261220932,0.012470896355807781,0.01254340261220932,0
2026-01-07 09:45:00+00:00,0.012455075047910213,0.0124718202278018,0.01242448203265667,0.0124718202278018,4343
2026-01-07 10:00:00+00:00,0.012455246411263943,0.012455910444259644,0.01241933275014162,0.012455339543521404,3393
2026-01-07 10:15:00+00:00,0.012414860539138317,0.012454363517463207,0.012413807213306427,0.012454334646463394,0
2026-01-07 10:30:00+00:00,0.012467516586184502,0.012476403266191483,0.012415309436619282,0.012415309436619282,28630
2026-01-07 10:45:00+00:00,0.012479044497013092,0.0124997952952981,0.012472671456634998,0.012472671456634998,15281
2026-01-07 11:00:00+00:00,0.012509004212915897,0.01251367386430502,0.012473982758820057,0.012479797005653381,0
2026-01-07 11:15:00+00:00,0.012528738006949425,0.01253100298345089,0.012508920393884182,0.012508920393884182,9976
2026-01-07 11:30:00+00:00,0.012546059675514698,0.012546059675514698,0.012514782138168812,0.01252448745071888,2124
2026-01-07 11:45:00+00:00,0.012521346099674702,0.012539414688944817,0.012506204657256603,0.012539414688944817,0
2026-01-07 12:00:00+00:00,0.012509745545685291,0.012532892636954784,0.012493852525949478,0.012530780397355556,721
2026-01-07 12:15:00+00:00,0.012447088956832886,0.012503358535468578,0.012446247041225433,0.012503358535468578,0
2026-01-07 12:30:00+00:00,0.012425594963133335,0.012451047077775002,0.012425594963133335,0.012448525056242943,0
2026-01-07 12:45:00+00:00,0.012392970733344555,0.012426026165485382,0.012384678237140179,0.012426026165485382,6688
2026-01-07 13:00:00+00:00,0.012366336770355701,0.012389629147946835,0.012366336770355701,0.012382586486637592,0
2026-01-07 13:15:00+00:00,0.01241346076130867,0.012415720149874687,0.012338261120021343,0.012338261120021343,3465
2026-01-07 13:30:00+00:00,0.012360572814941406,0.01241360791027546,0.012360572814941406,0.01241360791027546,5682
2026-01-07 13:45:00+00:00,0.012327843345701694,0.01237111072987318,0.012327843345701694,0.012361817061901093,0
2026-01-07 14:00:00+00:00,0.01223013922572136,0.01232945080846548,0.01223013922572136,0.012326070107519627,45769
2026-01-07 14:15:00+00:00,0.012201828882098198,0.012233850546181202,0.012201828882098198,0.012233850546181202,0
2026-01-07 14:30:00+00:00,0.012309074401855469,0.012309074401855469,0.012193410657346249,0.012202449142932892,0
2026-01-07 14:45:00+00:00,0.012377064675092697,0.012378856539726257,0.012309195473790169,0.012309195473790169,0
2026-01-07 15:00:00+00:00,0.012252616696059704,0.012377086095511913,0.012243415229022503,0.012377086095511913,1739
2026-01-07 15:15:00+00:00,0.012169746682047844,0.012249843217432499,0.012150779366493225,0.012249843217432499,22380
2026-01-07 15:30:00+00:00,0.012181688100099564,0.012192942202091217,0.01216782908886671,0.01218501478433609,24327
2026-01-07 15:45:00+00:00,0.012183107435703278,0.012203332968056202,0.012170547619462013,0.012177418917417526,8167
2026-01-07 16:00:00+00:00,0.012226205319166183,0.012226205319166183,0.0121757248416543,0.012175875715911388,0
2026-01-07 16:15:00+00:00,0.012250110507011414,0.012263570912182331,0.01223007496446371,0.01223007496446371,18292
2026-01-07 16:30:00+00:00,0.012203682214021683,0.01225249469280243,0.01219410914927721,0.012245001271367073,0
2026-01-07 16:45:00+00:00,0.012200367636978626,0.012226459570229053,0.012197242118418217,0.01220786850899458,0
2026-01-07 17:00:00+00:00,0.01222222950309515,0.012227872386574745,0.01218993216753006,0.012200376018881798,7437
2026-01-07 17:15:00+00:00,0.012288105674088001,0.012289326637983322,0.012225468643009663,0.012225468643009663,8717
2026-01-07 17:30:00+00:00,0.012282174080610275,0.012296638451516628,0.012281701900064945,0.012288223020732403,0
2026-01-07 17:45:00+00:00,0.012227197177708149,0.012281508184969425,0.012220104224979877,0.012281508184969425,0
2026-01-07 18:00:00+00:00,0.012209593318402767,0.012226083315908909,0.01219138316810131,0.012226083315908909,0
2026-01-07 18:15:00+00:00,0.012227618135511875,0.012234656140208244,0.012204094789922237,0.012213987298309803,744
2026-01-07 18:30:00+00:00,0.012280205264687538,0.012295115739107132,0.012231091968715191,0.012231091968715191,24837
2026-01-07 18:45:00+00:00,0.012178736738860607,0.012278235517442226,0.012178719975054264,0.012278235517442226,8655
2026-01-07 19:00:00+00:00,0.012143217958509922,0.012219599448144436,0.012143217958509922,0.012186482548713684,14752
2026-01-07 19:15:00+00:00,0.01202775165438652,0.012117426842451096,0.01202775165438652,0.012117426842451096,54769
2026-01-07 19:30:00+00:00,0.012112380005419254,0.012129319831728935,0.012040147557854652,0.012040681205689907,48267
2026-01-07 19:45:00+00:00,0.012129203416407108,0.012147301807999611,0.012112157419323921,0.012112157419323921,44186
2026-01-07 20:00:00+00:00,0.012086974456906319,0.012130038812756538,0.012086974456906319,0.012128345668315887,0
2026-01-07 20:15:00+00:00,0.012033685110509396,0.012082189321517944,0.01202918216586113,0.012082189321517944,8570
2026-01-07 20:30:00+00:00,0.012066759169101715,0.012070667929947376,0.012026078999042511,0.012031505815684795,964
2026-01-07 20:45:00+00:00,0.012058382853865623,0.012060647830367088,0.012053188867866993,0.012060647830367088,362
2026-01-07 21:00:00+00:00,0.012068045325577259,0.012069587595760822,0.012058409862220287,0.012058409862220287,0
2026-01-07 21:15:00+00:00,0.012087203562259674,0.012087203562259674,0.012073462828993797,0.012079550884664059,0
2026-01-07 21:30:00+00:00,0.01209669467061758,0.012117266654968262,0.012094506993889809,0.012098029255867004,0
2026-01-07 21:45:00+00:00,0.01208733394742012,0.012104643508791924,0.01208733394742012,0.012096925638616085,0
2026-01-07 22:00:00+00:00,0.012063254602253437,0.012087363749742508,0.012039556168019772,0.012087363749742508,0
2026-01-07 22:15:00+00:00,0.012100721709430218,0.012100721709430218,0.012062150053679943,0.012064439244568348,0
2026-01-07 22:30:00+00:00,0.01209165621548891,0.012125701643526554,0.01209165621548891,0.012102389708161354,24523
2026-01-07 22:45:00+00:00,0.012063903734087944,0.012091645039618015,0.012049530632793903,0.012091645039618015,66
2026-01-07 23:00:00+00:00,0.01202966459095478,0.012058665975928307,0.011996221728622913,0.012058665975928307,21856
2026-01-07 23:15:00+00:00,0.012155292555689812,0.012155292555689812,0.012031162157654762,0.012031162157654762,0
2026-01-07 23:30:00+00:00,0.012136080302298069,0.01216050423681736,0.01213265210390091,0.012155362404882908,12252
2026-01-07 23:45:00+00:00,0.01213794108480215,0.01213794108480215,0.012123850174248219,0.012136059813201427,3641
2026-01-08 00:00:00+00:00,0.012150989845395088,0.012160890735685825,0.012135793454945087,0.012135793454945087,0
2026-01-08 00:15:00+00:00,0.012129144743084908,0.012148536741733551,0.012105165980756283,0.012148536741733551,0
2026-01-08 00:30:00+00:00,0.012126590125262737,0.012126621790230274,0.012107259593904018,0.012121744453907013,0
2026-01-08 00:45:00+00:00,0.012193185277283192,0.012193185277283192,0.0121320690959692,0.0121320690959692,0
2026-01-08 01:00:00+00:00,0.012209000065922737,0.012209981679916382,0.012186436913907528,0.012191694229841232,254
2026-01-08 01:15:00+00:00,0.012211034074425697,0.0122121786698699,0.012192897498607635,0.012208886444568634,0
2026-01-08 01:30:00+00:00,0.012223741970956326,0.01222807914018631,0.012214543297886848,0.012214930728077888,37608
2026-01-08 01:45:00+00:00,0.012255831621587276,0.012255831621587276,0.012218604795634747,0.012218604795634747,0
2026-01-08 02:00:00+00:00,0.012274918146431446,0.012281506322324276,0.012255774810910225,0.012255774810910225,0
2026-01-08 02:15:00+00:00,0.012219578959047794,0.012307456694543362,0.012219578959047794,0.01227700524032116,11771
2026-01-08 02:30:00+00:00,0.012192962691187859,0.012219804339110851,0.012184903025627136,0.012218122370541096,13449
2026-01-08 02:45:00+00:00,0.012165848165750504,0.012204021215438843,0.012159799225628376,0.012195959687232971,11059
2026-01-08 03:00:00+00:00,0.012220998294651508,0.012224803678691387,0.012166164815425873,0.012166614644229412,5954
2026-01-08 03:15:00+00:00,0.012181802652776241,0.01222275011241436,0.012181802652776241,0.012222249060869217,1141
2026-01-08 03:30:00+00:00,0.012134306132793427,0.012174470350146294,0.012134306132793427,0.012174470350146294,0
2026-01-08 03:45:00+00:00,0.012061655521392822,0.012114246375858784,0.012060551904141903,0.012114246375858784,11393
2026-01-08 04:00:00+00:00,0.012034029699862003,0.012063037604093552,0.012029447592794895,0.012060447596013546,6679
2026-01-08 04:15:00+00:00,0.012100025080144405,0.012101925909519196,0.01202874444425106,0.012030353769659996,11286
2026-01-08 04:30:00+00:00,0.012128621339797974,0.012134775519371033,0.012100323103368282,0.012100323103368282,1908
2026-01-08 04:45:00+00:00,0.012102462351322174,0.012136387638747692,0.012102297507226467,0.012131312862038612,18084
2026-01-08 05:00:00+00:00,0.012142977677285671,0.012143813073635101,0.012103215791285038,0.012103215791285038,20221
2026-01-08 05:15:00+00:00,0.012143365107476711,0.01215430535376072,0.012134158983826637,0.012143479660153389,13897
2026-01-08 05:30:00+00:00,0.012194275856018066,0.012194275856018066,0.01214422658085823,0.01214422658085823,8381
2026-01-08 05:45:00+00:00,0.012098939158022404,0.012195278890430927,0.012098939158022404,0.012195278890430927,8516
2026-01-08 06:00:00+00:00,0.012023519724607468,0.012101116590201855,0.012023519724607468,0.012098955921828747,3604
2026-01-08 06:15:00+00:00,0.011994335800409317,0.012025299482047558,0.011971554718911648,0.012025299482047558,14500
2026-01-08 06:30:00+00:00,0.012027977965772152,0.012027977965772152,0.011988063342869282,0.011988485231995583,8360
2026-01-08 06:45:00+00:00,0.01191061269491911,0.01203091535717249,0.011910343542695045,0.01203091535717249,12813
2026-01-08 07:00:00+00:00,0.01188462134450674,0.011900682002305984,0.011823965236544609,0.011900682002305984,71637
2026-01-08 07:15:00+00:00,0.011992733925580978,0.011992755346000195,0.011886278167366982,0.011886278167366982,20931
2026-01-08 07:30:00+00:00,0.012002948671579361,0.012016275897622108,0.011992759071290493,0.011992759071290493,0
2026-01-08 07:45:00+00:00,0.012016707099974155,0.012016736902296543,0.012001349590718746,0.012001708149909973,3267
2026-01-08 08:00:00+00:00,0.012005298398435116,0.012026170268654823,0.012005298398435116,0.0120107252150774,0
2026-01-08 08:15:00+00:00,0.01204120833426714,0.012041721493005753,0.012007324956357479,0.012007324956357479,64641
2026-01-08 08:30:00+00:00,0.011933596804738045,0.01205189898610115,0.01193204429000616,0.012040882371366024,65007
2026-01-08 08:45:00+00:00,0.011853101663291454,0.011932063847780228,0.011853101663291454,0.011932063847780228,6803
2026-01-08 09:00:00+00:00,0.011879542842507362,0.011884561739861965,0.011853324249386787,0.011853324249386787,4514
2026-01-08 09:15:00+00:00,0.011788438074290752,0.01187962293624878,0.011788438074290752,0.01187962293624878,0
2026-01-08 09:30:00+00:00,0.011732587590813637,0.011785564944148064,0.011732587590813637,0.011785564944148064,11062
2026-01-08 09:45:00+00:00,0.011748439632356167,0.011777900159358978,0.011738801375031471,0.011738801375031471,3222
2026-01-08 10:00:00+00:00,0.01166429091244936,0.011745610274374485,0.011624632403254509,0.011745610274374485,58043
2026-01-08 10:15:00+00:00,0.011758157052099705,0.01175902970135212,0.011667866259813309,0.011667866259813309,4213
2026-01-08 10:30:00+00:00,0.011749002151191235,0.011769622564315796,0.011748393066227436,0.011755899526178837,4425
2026-01-08 10:45:00+00:00,0.011781562119722366,0.011784298345446587,0.011748619377613068,0.011749920435249805,1449
2026-01-08 11:00:00+00:00,0.011742300353944302,0.011783691123127937,0.011739496141672134,0.01177960354834795,5735
2026-01-08 11:15:00+00:00,0.011693213135004044,0.011742811650037766,0.011690188199281693,0.01174221746623516,14782
2026-01-08 11:30:00+00:00,0.011713092215359211,0.011713092215359211,0.011687027290463448,0.01169312372803688,6024
2026-01-08 11:45:00+00:00,0.011737342923879623,0.011737342923879623,0.011701974086463451,0.011710955761373043,9312
2026-01-08 12:00:00+00:00,0.011682623066008091,0.011742589995265007,0.011681634932756424,0.011738193221390247,3270
2026-01-08 12:15:00+00:00,0.011705624870955944,0.01170942559838295,0.011671630665659904,0.011671630665659904,5070
2026-01-08 12:30:00+00:00,0.011664693243801594,0.011714980006217957,0.011662088334560394,0.01170582789927721,26698
2026-01-08 12:45:00+00:00,0.01165526732802391,0.011677543632686138,0.01165526732802391,0.01166841946542263,43728
2026-01-08 13:00:00+00:00,0.0116789685562253,0.0116789685562253,0.011654093861579895,0.011654093861579895,9700
2026-01-08 13:15:00+00:00,0.011699697002768517,0.011699914932250977,0.011679877527058125,0.011679877527058125,0
2026-01-08 13:30:00+00:00,0.011663750745356083,0.011700065806508064,0.011653509922325611,0.011699805036187172,10641
2026-01-08 13:45:00+00:00,0.011657120659947395,0.01167865190654993,0.011634203605353832,0.011662695556879044,0
2026-01-08 14:00:00+00:00,0.011681289412081242,0.011681289412081242,0.011636676266789436,0.011657310649752617,0
2026-01-08 14:15:00+00:00,0.011627147905528545,0.011685509234666824,0.011627147905528545,0.011681227013468742,4790
2026-01-08 14:30:00+00:00,0.011650526896119118,0.011670943349599838,0.011625416576862335,0.011630282737314701,25523
2026-01-08 14:45:00+00:00,0.011716499924659729,0.011732342652976513,0.01158469170331955,0.011646977625787258,10208
2026-01-08 15:00:00+00:00,0.011788525618612766,0.011792248114943504,0.011689944192767143,0.01171557791531086,38148
2026-01-08 15:15:00+00:00,0.01186647079885006,0.01186647079885006,0.011787477880716324,0.011787477880716324,0
2026-01-08 15:30:00+00:00,0.011966397054493427,0.011966397054493427,0.0118692172691226,0.0118692172691226,5503
2026-01-08 15:45:00+00:00,0.0120021291077137,0.0120021291077137,0.011960002593696117,0.011968010105192661,25594
2026-01-08 16:00:00+00:00,0.012016459368169308,0.012056276202201843,0.012004689313471317,0.012004689313471317,748
2026-01-08 16:15:00+00:00,0.01200629398226738,0.012016039341688156,0.012000150047242641,0.012016039341688156,3258
2026-01-08 16:30:00+00:00,0.011967496946454048,0.012005427852272987,0.011950213462114334,0.012005427852272987,4779
2026-01-08 16:45:00+00:00,0.012007440440356731,0.012031162157654762,0.011965743266046047,0.011965743266046047,12971
2026-01-08 17:00:00+00:00,0.012081272900104523,0.01209180150181055,0.0120107876136899,0.0120107876136899,18964
2026-01-08 17:15:00+00:00,0.012018855661153793,0.012084261514246464,0.012018855661153793,0.012084261514246464,0
2026-01-08 17:30:00+00:00,0.012011590413749218,0.012011871673166752,0.011994285508990288,0.012011871673166752,2704
2026-01-08 17:45:00+00:00,0.012061946094036102,0.012063398957252502,0.012011967599391937,0.012011967599391937,864
2026-01-08 18:00:00+00:00,0.01202615536749363,0.012064087204635143,0.012022571638226509,0.012064087204635143,3519
2026-01-08 18:15:00+00:00,0.011981295421719551,0.012025809846818447,0.011979712173342705,0.012025809846818447,5145
2026-01-08 18:30:00+00:00,0.011964383535087109,0.012000713497400284,0.011962905526161194,0.011983170174062252,5064
2026-01-08 18:45:00+00:00,0.011975335888564587,0.011996702291071415,0.011945245787501335,0.01196194626390934,4278
2026-01-08 19:00:00+00:00,0.012006154283881187,0.012007159180939198,0.011968467384576797,0.01197381503880024,478
2026-01-08 19:15:00+00:00,0.011944590136408806,0.01200389489531517,0.01193503849208355,0.01200389489531517,0
2026-01-08 19:30:00+00:00,0.011989414691925049,0.012006886303424835,0.011939756572246552,0.01194117870181799,0
2026-01-08 19:45:00+00:00,0.01193880196660757,0.011989422142505646,0.01193880196660757,0.011989422142505646,0
2026-01-08 20:00:00+00:00,0.011865240521728992,0.01193892303854227,0.011859774589538574,0.01193892303854227,8275
2026-01-08 20:15:00+00:00,0.011884866282343864,0.011891154572367668,0.011866600252687931,0.011866600252687931,2222
2026-01-08 20:30:00+00:00,0.011929764412343502,0.011930239386856556,0.011885042302310467,0.011885042302310467,0
2026-01-08 20:45:00+00:00,0.01197251956909895,0.011972539126873016,0.011930221691727638,0.011930221691727638,21725
2026-01-08 21:00:00+00:00,0.012028658762574196,0.012028658762574196,0.011969643644988537,0.011969643644988537,7993
2026-01-08 21:15:00+00:00,0.012044667266309261,0.012049499899148941,0.012031203135848045,0.012031203135848045,7536
2026-01-08 21:30:00+00:00,0.012091471813619137,0.012091471813619137,0.012043941766023636,0.01204635202884674,0
2026-01-08 21:45:00+00:00,0.01209673099219799,0.01209673099219799,0.012088420800864697,0.012088420800864697,3982
2026-01-08 22:00:00+00:00,0.01211268175393343,0.012123827822506428,0.012096756137907505,0.012096756137907505,18061
2026-01-08 22:15:00+00:00,0.012117831036448479,0.012138261459767818,0.012115285731852055,0.012115361168980598,8361
2026-01-08 22:30:00+00:00,0.012032322585582733,0.012114283628761768,0.012030374258756638,0.012114283628761768,1839
2026-01-08 22:45:00+00:00,0.012082919478416443,0.012083943001925945,0.012012374587357044,0.012023398652672768,5120
2026-01-08 23:00:00+00:00,0.012077990919351578,0.01208722498267889,0.012077990919351578,0.01208722498267889,0
2026-01-08 23:15:00+00:00,0.012079094536602497,0.012079094536602497,0.012066428549587727,0.012078041210770607,10232
2026-01-08 23:30:00+00:00,0.012054966762661934,0.012079697102308273,0.012054880149662495,0.01207913737744093,2195
2026-01-08 23:45:00+00:00,0.012035373598337173,0.012052787467837334,0.012030716054141521,0.012052787467837334,14026
2026-01-09 00:00:00+00:00,0.012048277072608471,0.01204878743737936,0.012030725367367268,0.01203475147485733,3156
2026-01-09 00:15:00+00:00,0.012052240781486034,0.012055061757564545,0.012049015611410141,0.012049015611410141,1026
2026-01-09 00:30:00+00:00,0.012086564674973488,0.012088519521057606,0.012048772536218166,0.012052196078002453,10558
2026-01-09 00:45:00+00:00,0.012071956880390644,0.012087557464838028,0.012071891687810421,0.012087557464838028,0
2026-01-09 01:00:00+00:00,0.012075474485754967,0.012081184424459934,0.012069719843566418,0.012072604149580002,0
2026-01-09 01:15:00+00:00,0.012057892046868801,0.012086889706552029,0.012049133889377117,0.012075257487595081,20993
2026-01-09 01:30:00+00:00,0.011974235996603966,0.012130741029977798,0.011974235996603966,0.012082565575838089,37113
2026-01-09 01:45:00+00:00,0.011980594135820866,0.01198181975632906,0.011975069530308247,0.011981437914073467,5860
2026-01-09 02:00:00+00:00,0.01207401417195797,0.01207401417195797,0.011980445124208927,0.011980445124208927,18178
2026-01-09 02:15:00+00:00,0.012078193947672844,0.012084540911018848,0.012071724981069565,0.012071724981069565,0
2026-01-09 02:30:00+00:00,0.012011025100946426,0.012077989988029003,0.012011025100946426,0.012077989988029003,6999
2026-01-09 02:45:00+00:00,0.011997275054454803,0.012014024890959263,0.011997275054454803,0.012011286802589893,0
2026-01-09 03:00:00+00:00,0.012030886486172676,0.01203138381242752,0.011995023116469383,0.011997939087450504,0
2026-01-09 03:15:00+00:00,0.012082480825483799,0.012096709571778774,0.012030341662466526,0.012030341662466526,8867
2026-01-09 03:30:00+00:00,0.012076914310455322,0.012082213535904884,0.012054342776536942,0.012082213535904884,2711
2026-01-09 03:45:00+00:00,0.012135413475334644,0.012135964818298817,0.012077879160642624,0.012077879160642624,4274
2026-01-09 04:00:00+00:00,0.012125974521040916,0.012143793515861034,0.012125341221690178,0.012135391123592854,2767
2026-01-09 04:15:00+00:00,0.012106112204492092,0.012125766836106777,0.012087603099644184,0.012125766836106777,464
2026-01-09 04:30:00+00:00,0.012066290713846684,0.012111294083297253,0.01206388883292675,0.012105058878660202,613
2026-01-09 04:45:00+00:00,0.012057773768901825,0.01206738781183958,0.01205530483275652,0.012066365219652653,0
2026-01-09 05:00:00+00:00,0.012075291946530342,0.012075346894562244,0.012057051062583923,0.012057051062583923,0
2026-01-09 05:15:00+00:00,0.012060425244271755,0.012074382044374943,0.012049435637891293,0.012074382044374943,0
2026-01-09 05:30:00+00:00,0.012072737328708172,0.012073151767253876,0.012054242193698883,0.01206376776099205,3481
2026-01-09 05:45:00+00:00,0.01210037712007761,0.012104317545890808,0.01207306794822216,0.01207306794822216,0
2026-01-09 06:00:00+00:00,0.01210286095738411,0.01210711244493723,0.012095644138753414,0.012100637890398502,0
2026-01-09 06:15:00+00:00,0.012112481519579887,0.012126274406909943,0.012101112864911556,0.012101112864911556,0
2026-01-09 06:30:00+00:00,0.012130437418818474,0.012130437418818474,0.012095937505364418,0.012113657779991627,1030
2026-01-09 06:45:00+00:00,0.012139622122049332,0.012149387039244175,0.012129358947277069,0.012129537761211395,37747
2026-01-09 07:00:00+00:00,0.012107468210160732,0.012139936909079552,0.012107468210160732,0.012139538303017616,0
2026-01-09 07:15:00+00:00,0.012103023938834667,0.01210807729512453,0.012098437175154686,0.01210807729512453,4750
2026-01-09 07:30:00+00:00,0.012086980976164341,0.012103010900318623,0.012065812014043331,0.012103010900318623,9634
2026-01-09 07:45:00+00:00,0.012023732997477055,0.012086964212357998,0.012023732997477055,0.012086964212357998,49834
2026-01-09 08:00:00+00:00,0.012000642716884613,0.01202306803315878,0.0119850505143404,0.01202306803315878,18162
2026-01-09 08:15:00+00:00,0.0120076984167099,0.012009114027023315,0.011992690153419971,0.011998954229056835,7729
2026-01-09 08:30:00+00:00,0.011930452659726143,0.01199889276176691,0.011930452659726143,0.01199889276176691,0
2026-01-09 08:45:00+00:00,0.011807139031589031,0.011911594308912754,0.011786429211497307,0.011911594308912754,45470
2026-01-09 09:00:00+00:00,0.011896396987140179,0.011903124861419201,0.011811880394816399,0.011811880394816399,10823
2026-01-09 09:15:00+00:00,0.011895153671503067,0.011900643818080425,0.0118839330971241,0.011896291747689247,9159
2026-01-09 09:30:00+00:00,0.011910147964954376,0.01191073190420866,0.011897699907422066,0.011897699907422066,2649
2026-01-09 09:45:00+00:00,0.011877587996423244,0.011909994296729565,0.011877349577844143,0.011909994296729565,0
2026-01-09 10:00:00+00:00,0.011895925737917423,0.011895925737917423,0.011861744336783886,0.011877487413585186,0
2026-01-09 10:15:00+00:00,0.011888934299349785,0.01189910713583231,0.011881369166076183,0.011895590461790562,0
2026-01-09 10:30:00+00:00,0.011886159889400005,0.011886464431881905,0.01186978630721569,0.011886464431881905,251
2026-01-09 10:45:00+00:00,0.011911945417523384,0.011914961971342564,0.011883973143994808,0.011890226975083351,0
2026-01-09 11:00:00+00:00,0.01191958412528038,0.011925335973501205,0.011909469962120056,0.011909469962120056,11263
2026-01-09 11:15:00+00:00,0.011945673264563084,0.011951807886362076,0.01191948726773262,0.01191948726773262,6434
2026-01-09 11:30:00+00:00,0.01193284336477518,0.011950619518756866,0.01193284336477518,0.011943425051867962,5458
2026-01-09 11:45:00+00:00,0.01191704347729683,0.011932915076613426,0.011913822963833809,0.011932915076613426,627
2026-01-09 12:00:00+00:00,0.011889147572219372,0.011917038820683956,0.011889147572219372,0.011917038820683956,0
2026-01-09 12:15:00+00:00,0.011848168447613716,0.011887426488101482,0.011834636330604553,0.011887426488101482,2352
2026-01-09 12:30:00+00:00,0.011853720992803574,0.011860113590955734,0.011848503723740578,0.011848503723740578,0
2026-01-09 12:45:00+00:00,0.011863954365253448,0.011863954365253448,0.01184860523790121,0.011852853000164032,0
2026-01-09 13:00:00+00:00,0.011920402757823467,0.011920402757823467,0.011866920627653599,0.011866920627653599,7824
2026-01-09 13:15:00+00:00,0.011952840723097324,0.011965646408498287,0.011924429796636105,0.011924429796636105,821
2026-01-09 13:30:00+00:00,0.011988171376287937,0.01200051512569189,0.011956854723393917,0.011956854723393917,79976
2026-01-09 13:45:00+00:00,0.0120026720687747,0.0120026720687747,0.011958934366703033,0.011986397206783295,23111
2026-01-09 14:00:00+00:00,0.011887325905263424,0.012008965015411377,0.01188324298709631,0.012004099786281586,0
2026-01-09 14:15:00+00:00,0.01190982572734356,0.01190982572734356,0.0118858702480793,0.0118858702480793,10195
2026-01-09 14:30:00+00:00,0.011895870789885521,0.011920168995857239,0.011870533227920532,0.011909137479960918,14082
2026-01-09 14:45:00+00:00,0.011851086281239986,0.011895054951310158,0.011844961903989315,0.011895054951310158,5351
2026-01-09 15:00:00+00:00,0.0118704903870821,0.011872545816004276,0.011852090246975422,0.011852090246975422,0
2026-01-09 15:15:00+00:00,0.012068268842995167,0.012068268842995167,0.011869991198182106,0.011869991198182106,60951
2026-01-09 15:30:00+00:00,0.012115220539271832,0.012189460918307304,0.012066698633134365,0.012066698633134365,59147
2026-01-09 15:45:00+00:00,0.012051812373101711,0.012116383761167526,0.012050436809659004,0.012116383761167526,26132
2026-01-09 16:00:00+00:00,0.012192748486995697,0.012192748486995697,0.012061301618814468,0.012061301618814468,15939
2026-01-09 16:15:00+00:00,0.012193809263408184,0.012235181406140327,0.012193809263408184,0.012212417088449001,19117
2026-01-09 16:30:00+00:00,0.012124864384531975,0.012192408554255962,0.012119042687118053,0.012192408554255962,8697
2026-01-09 16:45:00+00:00,0.012155806645751,0.012164868414402008,0.01212563831359148,0.01212563831359148,31281
2026-01-09 17:00:00+00:00,0.012142922729253769,0.012187308631837368,0.01213771291077137,0.012165607884526253,441
2026-01-09 17:15:00+00:00,0.012062742374837399,0.012144280597567558,0.012032909318804741,0.012144280597567558,2342
2026-01-09 17:30:00+00:00,0.012045182287693024,0.012056779116392136,0.012027925811707973,0.012056779116392136,5523
2026-01-09 17:45:00+00:00,0.01210287120193243,0.01210287120193243,0.012039941735565662,0.012047125957906246,8836
2026-01-09 18:00:00+00:00,0.012094087898731232,0.01212556753307581,0.012094087898731232,0.01210298016667366,20838
2026-01-09 18:15:00+00:00,0.011932257562875748,0.012092909775674343,0.011932257562875748,0.012092909775674343,16001
2026-01-09 18:30:00+00:00,0.011964092962443829,0.01196460984647274,0.011908315122127533,0.011929688975214958,26211
2026-01-09 18:45:00+00:00,0.01201584842056036,0.012016789987683296,0.011966869235038757,0.011966869235038757,33342
2026-01-09 19:00:00+00:00,0.011932218447327614,0.012014375068247318,0.011932218447327614,0.012014081701636314,6442
2026-01-09 19:15:00+00:00,0.01189204677939415,0.011928935535252094,0.011884905397891998,0.011928935535252094,926
2026-01-09 19:30:00+00:00,0.011859922669827938,0.011891832575201988,0.011859922669827938,0.011891832575201988,25980
2026-01-09 19:45:00+00:00,0.01186637207865715,0.011890427209436893,0.011853091418743134,0.011859782040119171,4505
2026-01-09 20:00:00+00:00,0.011862615123391151,0.011867928318679333,0.011846204288303852,0.011867928318679333,0
2026-01-09 20:15:00+00:00,0.011891060508787632,0.011897774413228035,0.011861599050462246,0.011861599050462246,2016
2026-01-09 20:30:00+00:00,0.011893801391124725,0.011918747797608376,0.011883455328643322,0.011887889355421066,6042
2026-01-09 20:45:00+00:00,0.01188192330300808,0.011890268884599209,0.011870629154145718,0.011890268884599209,0
2026-01-09 21:00:00+00:00,0.011895600706338882,0.011895795352756977,0.011873302981257439,0.011882188729941845,2135
2026-01-09 21:15:00+00:00,0.011956475675106049,0.011956475675106049,0.011894628405570984,0.011895639821887016,14788
2026-01-09 21:30:00+00:00,0.011955087073147297,0.011984644457697868,0.011953741312026978,0.011953741312026978,11675
2026-01-09 21:45:00+00:00,0.011979451403021812,0.011979451403021812,0.011960531584918499,0.011960531584918499,2658
2026-01-09 22:00:00+00:00,0.011989133432507515,0.011989728547632694,0.01197722740471363,0.011978933587670326,0
2026-01-09 22:15:00+00:00,0.011963743716478348,0.011989827267825603,0.011963743716478348,0.011989827267825603,1100
2026-01-09 22:30:00+00:00,0.011987810023128986,0.01200343482196331,0.011962251737713814,0.011962251737713814,0
2026-01-09 22:45:00+00:00,0.011974049732089043,0.011988905258476734,0.011966013349592686,0.011988905258476734,0
2026-01-09 23:00:00+00:00,0.01199567224830389,0.012003547511994839,0.01198232639580965,0.01198232639580965,7680
2026-01-09 23:15:00+00:00,0.01199847087264061,0.012001384049654007,0.01198465097695589,0.011995566077530384,0
2026-01-09 23:30:00+00:00,0.011973273940384388,0.011996579356491566,0.011973273940384388,0.011996579356491566,0
2026-01-09 23:45:00+00:00,0.011945856735110283,0.011968680657446384,0.011941910721361637,0.011968680657446384,12926
2026-01-10 00:00:00+00:00,0.011929815635085106,0.011958252638578415,0.011929815635085106,0.01194666512310505,14923
2026-01-10 00:15:00+00:00,0.011887353844940662,0.01192263513803482,0.01188497245311737,0.01192263513803482,963
2026-01-10 00:30:00+00:00,0.01189546100795269,0.011912914924323559,0.01189050916582346,0.01189050916582346,808
2026-01-10 00:45:00+00:00,0.011873403564095497,0.011895246803760529,0.011872479692101479,0.011895246803760529,0
2026-01-10 01:00:00+00:00,0.011874980293214321,0.011892875656485558,0.011873378418385983,0.011873378418385983,4458
2026-01-10 01:15:00+00:00,0.011907760985195637,0.011910013854503632,0.011878162622451782,0.011878162622451782,1194
2026-01-10 01:30:00+00:00,0.0119236521422863,0.0119236521422863,0.011907744221389294,0.011907744221389294,0
2026-01-10 01:45:00+00:00,0.011906729079782963,0.011936798691749573,0.011906729079782963,0.011922773905098438,0
2026-01-10 02:00:00+00:00,0.011893056333065033,0.011907865293323994,0.011891529895365238,0.011906726285815239,0
2026-01-10 02:15:00+00:00,0.011885030195116997,0.011900728568434715,0.011885030195116997,0.011895833536982536,2086
2026-01-10 02:30:00+00:00,0.011818736791610718,0.011888599954545498,0.011818736791610718,0.011885082349181175,1719
2026-01-10 02:45:00+00:00,0.011809524148702621,0.011826458387076855,0.011808576062321663,0.011821993626654148,0
2026-01-10 03:00:00+00:00,0.011768207885324955,0.011817248538136482,0.011768207885324955,0.01181670930236578,5038
2026-01-10 03:15:00+00:00,0.01177788246423006,0.011779491789638996,0.011768070980906487,0.011768070980906487,0
2026-01-10 03:30:00+00:00,0.011775591410696507,0.011788109317421913,0.011773260310292244,0.011777729727327824,3759
2026-01-10 03:45:00+00:00,0.011805337853729725,0.011805337853729725,0.011757519096136093,0.011767769232392311,0
2026-01-10 04:00:00+00:00,0.011755585670471191,0.011803600005805492,0.011755585670471191,0.011803600005805492,647
2026-01-10 04:15:00+00:00,0.011749119497835636,0.011763458140194416,0.01174900308251381,0.011756458319723606,0
2026-01-10 04:30:00+00:00,0.011754108592867851,0.011754108592867851,0.011742707341909409,0.011749966070055962,182
2026-01-10 04:45:00+00:00,0.01175023801624775,0.011754685081541538,0.011744026094675064,0.011754178442060947,3463
2026-01-10 05:00:00+00:00,0.011730424128472805,0.011749873869121075,0.01172428485006094,0.01174926944077015,5256
2026-01-10 05:15:00+00:00,0.011730972677469254,0.011742486618459225,0.011729090474545956,0.011729090474545956,7635
2026-01-10 05:30:00+00:00,0.011749292723834515,0.011749292723834515,0.011720497161149979,0.011730268597602844,0
2026-01-10 05:45:00+00:00,0.011733961291611195,0.011749272234737873,0.011733961291611195,0.011749272234737873,6585
2026-01-10 06:00:00+00:00,0.011725498363375664,0.011733016930520535,0.011724299751222134,0.011733016930520535,0
2026-01-10 06:15:00+00:00,0.011699486523866653,0.01172681339085102,0.011685017496347427,0.011726110242307186,2626
2026-01-10 06:30:00+00:00,0.011729762889444828,0.011729762889444828,0.011700419709086418,0.011700419709086418,0
2026-01-10 06:45:00+00:00,0.011740969493985176,0.011746042408049107,0.011731653474271297,0.011731653474271297,7329
2026-01-10 07:00:00+00:00,0.011803891509771347,0.011803891509771347,0.011740808375179768,0.011740808375179768,4839
2026-01-10 07:15:00+00:00,0.011828302405774593,0.011837653815746307,0.011804880574345589,0.011804880574345589,1330
2026-01-10 07:30:00+00:00,0.011846532113850117,0.011849780566990376,0.011822856031358242,0.011829055845737457,0
2026-01-10 07:45:00+00:00,0.011855597607791424,0.011859050020575523,0.011838137172162533,0.011845394968986511,0
2026-01-10 08:00:00+00:00,0.011861137114465237,0.011869143694639206,0.011854714713990688,0.011854714713990688,0
2026-01-10 08:15:00+00:00,0.011867189779877663,0.011867189779877663,0.011854256503283978,0.01186046190559864,632
2026-01-10 08:30:00+00:00,0.011873583309352398,0.011873583309352398,0.011854520998895168,0.011867677792906761,203
2026-01-10 08:45:00+00:00,0.011887938715517521,0.011887943372130394,0.011877117678523064,0.011877117678523064,0
2026-01-10 09:00:00+00:00,0.011894289404153824,0.011900578625500202,0.011884196661412716,0.011888859793543816,0
2026-01-10 09:15:00+00:00,0.011903297156095505,0.011904074810445309,0.0118908965960145,0.01189435739070177,0
2026-01-10 09:30:00+00:00,0.01190472487360239,0.011910480447113514,0.011888734996318817,0.011904159560799599,14468
2026-01-10 09:45:00+00:00,0.011906448751688004,0.011914403177797794,0.011896547861397266,0.011900827288627625,53909
2026-01-10 10:00:00+00:00,0.011908127926290035,0.011934139765799046,0.011905157007277012,0.011906714178621769,41991
2026-01-10 10:15:00+00:00,0.011944685131311417,0.011944685131311417,0.011904941871762276,0.011904941871762276,80199
2026-01-10 10:30:00+00:00,0.011971481144428253,0.011977379210293293,0.011937183327972889,0.011941852979362011,39755
2026-01-10 10:45:00+00:00,0.011972015723586082,0.011977081187069416,0.011966833844780922,0.011968829669058323,13411
2026-01-10 11:00:00+00:00,0.01199028454720974,0.012014209292829037,0.011979576200246811,0.011979576200246811,25887
2026-01-10 11:15:00+00:00,0.011971821077167988,0.011990158818662167,0.011971740052103996,0.011990158818662167,6207
2026-01-10 11:30:00+00:00,0.011998149566352367,0.011998149566352367,0.011966417543590069,0.011966417543590069,3776
2026-01-10 11:45:00+00:00,0.012014702893793583,0.01201582420617342,0.012001692317426205,0.012001692317426205,5790
2026-01-10 12:00:00+00:00,0.012078025378286839,0.012078025378286839,0.01201112661510706,0.012014809064567089,33907
2026-01-10 12:15:00+00:00,0.012131555005908012,0.012131555005908012,0.01207767054438591,0.01207888126373291,54134
2026-01-10 12:30:00+00:00,0.01211346872150898,0.01213150192052126,0.012110082432627678,0.01213150192052126,19591
2026-01-10 12:45:00+00:00,0.012127256952226162,0.012127256952226162,0.012097058817744255,0.012112084776163101,3950
2026-01-10 13:00:00+00:00,0.012181296944618225,0.012185178697109222,0.01212726067751646,0.01212726067751646,18950
2026-01-10 13:15:00+00:00,0.012144970707595348,0.012179456651210785,0.01214392390102148,0.012175819836556911,503
2026-01-10 13:30:00+00:00,0.012144997715950012,0.01214658748358488,0.012141027487814426,0.01214404497295618,0
2026-01-10 13:45:00+00:00,0.012126696296036243,0.01214667223393917,0.012125692330300808,0.01214523147791624,0
2026-01-10 14:00:00+00:00,0.012095654383301735,0.012131423689424992,0.012095017358660698,0.012125048786401749,48150
2026-01-10 14:15:00+00:00,0.012042516842484474,0.012091397307813168,0.012042484246194363,0.012091397307813168,36414
2026-01-10 14:30:00+00:00,0.012036343105137348,0.012043355032801628,0.012014754116535187,0.012043355032801628,15584
2026-01-10 14:45:00+00:00,0.012016943655908108,0.012032143771648407,0.012016648426651955,0.012032143771648407,0
2026-01-10 15:00:00+00:00,0.012044801376760006,0.012046948075294495,0.012018470093607903,0.012018470093607903,0
2026-01-10 15:15:00+00:00,0.012014515697956085,0.012048007920384407,0.012014515697956085,0.012045522220432758,0
2026-01-10 15:30:00+00:00,0.012012762948870659,0.01201370544731617,0.012006777338683605,0.01201370544731617,0
2026-01-10 15:45:00+00:00,0.011997261084616184,0.012014376930892467,0.011997261084616184,0.01201260183006525,0
2026-01-10 16:00:00+00:00,0.01199186872690916,0.012000727467238903,0.011990801431238651,0.011996879242360592,0
2026-01-10 16:15:00+00:00,0.011985193938016891,0.011985193938016891,0.011955104768276215,0.01198214665055275,0
2026-01-10 16:30:00+00:00,0.011985363438725471,0.011988826096057892,0.011971134692430496,0.011982910335063934,0
2026-01-10 16:45:00+00:00,0.011961231008172035,0.011985559947788715,0.011961231008172035,0.011985559947788715,0
2026-01-10 17:00:00+00:00,0.011978890746831894,0.01197971124202013,0.011956816539168358,0.011961301788687706,0
2026-01-10 17:15:00+00:00,0.011998775415122509,0.011998775415122509,0.011987471021711826,0.011987471021711826,0
2026-01-10 17:30:00+00:00,0.01194747257977724,0.012002797797322273,0.01194747257977724,0.011998748406767845,0
2026-01-10 17:45:00+00:00,0.011864367872476578,0.011957081034779549,0.011864367872476578,0.011957081034779549,11420
2026-01-10 18:00:00+00:00,0.011871487833559513,0.011877979151904583,0.011865206994116306,0.011865206994116306,0
2026-01-10 18:15:00+00:00,0.01191604696214199,0.01191620621830225,0.011866159737110138,0.011872212402522564,1127
2026-01-10 18:30:00+00:00,0.01193148735910654,0.01193233858793974,0.011912915855646133,0.011913415044546127,0
2026-01-10 18:45:00+00:00,0.011935613118112087,0.011936458759009838,0.011928574182093143,0.011934340931475163,4991
2026-01-10 19:00:00+00:00,0.011991267092525959,0.011991267092525959,0.011933758854866028,0.011933758854866028,365
2026-01-10 19:15:00+00:00,0.01200089231133461,0.01200724858790636,0.011990920640528202,0.011990920640528202,615
2026-01-10 19:30:00+00:00,0.01211701799184084,0.01211701799184084,0.012000893242657185,0.012000893242657185,29524
2026-01-10 19:45:00+00:00,0.012139635160565376,0.012151271104812622,0.012109178118407726,0.012112108059227467,57724
2026-01-10 20:00:00+00:00,0.012119746766984463,0.012150275520980358,0.012119746766984463,0.01213965192437172,643
2026-01-10 20:15:00+00:00,0.01211013924330473,0.012124147266149521,0.012109179049730301,0.012122777290642262,4955
2026-01-10 20:30:00+00:00,0.012088482268154621,0.012112458236515522,0.012087478302419186,0.012110131792724133,5069
2026-01-10 20:45:00+00:00,0.012062027119100094,0.012088345363736153,0.012061553075909615,0.012088345363736153,0
2026-01-10 21:00:00+00:00,0.012032492086291313,0.012062516994774342,0.012031600810587406,0.012062516994774342,5707
2026-01-10 21:15:00+00:00,0.012013528496026993,0.012030127458274364,0.012013087049126625,0.012030127458274364,0
2026-01-10 21:30:00+00:00,0.011999724432826042,0.012011218816041946,0.011999724432826042,0.012010496109724045,2435
2026-01-10 21:45:00+00:00,0.011987794190645218,0.0120078818872571,0.011987794190645218,0.012001975439488888,0
2026-01-10 22:00:00+00:00,0.011967131868004799,0.011985361576080322,0.011950358748435974,0.011985361576080322,1845
2026-01-10 22:15:00+00:00,0.011888946406543255,0.011964882723987103,0.011888946406543255,0.011963938362896442,12017
2026-01-10 22:30:00+00:00,0.011904085986316204,0.011912543326616287,0.011884916573762894,0.011884916573762894,3957
2026-01-10 22:45:00+00:00,0.011812102049589157,0.011904044076800346,0.011812102049589157,0.011904044076800346,7804
2026-01-10 23:00:00+00:00,0.01184677891433239,0.01184677891433239,0.01179954968392849,0.01180982030928135,8293
2026-01-10 23:15:00+00:00,0.011843346059322357,0.01185146439820528,0.01183657068759203,0.011842441745102406,33795
2026-01-10 23:30:00+00:00,0.011862465180456638,0.011865628883242607,0.011846764013171196,0.011846764013171196,1651
2026-01-10 23:45:00+00:00,0.01189064048230648,0.01189318299293518,0.011867640540003777,0.011867640540003777,1264
2026-01-11 00:00:00+00:00,0.011873526498675346,0.011889198794960976,0.011872595176100731,0.011889198794960976,0
2026-01-11 00:15:00+00:00,0.011864203959703445,0.01188390888273716,0.011848843656480312,0.01187339797616005,9313
2026-01-11 00:30:00+00:00,0.011846290901303291,0.011871140450239182,0.011843175627291203,0.011864203959703445,983
2026-01-11 00:45:00+00:00,0.011879095807671547,0.01187984924763441,0.011832810938358307,0.011847119778394699,7338
2026-01-11 01:00:00+00:00,0.011861959472298622,0.01189328171312809,0.011861959472298622,0.011879065074026585,726
2026-01-11 01:15:00+00:00,0.011883601546287537,0.011883601546287537,0.011862962506711483,0.011862962506711483,0
2026-01-11 01:30:00+00:00,0.011930787935853004,0.011930787935853004,0.011883672326803207,0.011883672326803207,3037
2026-01-11 01:45:00+00:00,0.01193864457309246,0.011943095363676548,0.011928249150514603,0.011928249150514603,0
2026-01-11 02:00:00+00:00,0.011907667852938175,0.011942295357584953,0.011907667852938175,0.011938856914639473,0
2026-01-11 02:15:00+00:00,0.011923093348741531,0.011936153285205364,0.01191882323473692,0.011925017461180687,1814
2026-01-11 02:30:00+00:00,0.011897288262844086,0.011918545700609684,0.011896919459104538,0.011918545700609684,10389
2026-01-11 02:45:00+00:00,0.011879569850862026,0.011898578144609928,0.011878667399287224,0.011890293098986149,3049
2026-01-11 03:00:00+00:00,0.011887633241713047,0.011887656524777412,0.0118797542527318,0.0118797542527318,0
2026-01-11 03:15:00+00:00,0.01189181488007307,0.01189768873155117,0.011887016706168652,0.011887811124324799,0
2026-01-11 03:30:00+00:00,0.011898397468030453,0.011898397468030453,0.011886529624462128,0.011891033500432968,0
2026-01-11 03:45:00+00:00,0.011904825456440449,0.011905178427696228,0.011897706426680088,0.011897706426680088,760
2026-01-11 04:00:00+00:00,0.011891953647136688,0.011904922313988209,0.011891313828527927,0.011904922313988209,0
2026-01-11 04:15:00+00:00,0.011871802620589733,0.011892087757587433,0.011867641471326351,0.011892087757587433,774
2026-01-11 04:30:00+00:00,0.01189920213073492,0.011900984682142735,0.011871245689690113,0.01187169924378395,3746
2026-01-11 04:45:00+00:00,0.011919730342924595,0.011919798329472542,0.011884056963026524,0.011897862888872623,801
2026-01-11 05:00:00+00:00,0.011926411651074886,0.011932110413908958,0.011922112666070461,0.01192552037537098,0
2026-01-11 05:15:00+00:00,0.0118950754404068,0.011927731335163116,0.0118950754404068,0.011927731335163116,0
2026-01-11 05:30:00+00:00,0.011909225024282932,0.011912970803678036,0.011890788562595844,0.011895086616277695,3846
2026-01-11 05:45:00+00:00,0.011916020885109901,0.011932059191167355,0.011909198947250843,0.011909198947250843,3942
2026-01-11 06:00:00+00:00,0.011937016621232033,0.011939034797251225,0.011916033923625946,0.011916033923625946,3293
2026-01-11 06:15:00+00:00,0.011882897466421127,0.011936980299651623,0.011882335878908634,0.011936980299651623,28084
2026-01-11 06:30:00+00:00,0.011880814097821712,0.011883808299899101,0.011878205463290215,0.011883808299899101,215
2026-01-11 06:45:00+00:00,0.011939865536987782,0.011939865536987782,0.011881407350301743,0.011881407350301743,7001
2026-01-11 07:00:00+00:00,0.011935340240597725,0.011955425143241882,0.011935178190469742,0.0119373993948102,0
2026-01-11 07:15:00+00:00,0.011935880407691002,0.011947712861001492,0.011935880407691002,0.011937599629163742,0
2026-01-11 07:30:00+00:00,0.011952828615903854,0.011957206763327122,0.011935291811823845,0.011938254348933697,1124
2026-01-11 07:45:00+00:00,0.011952066794037819,0.01195279136300087,0.011947443708777428,0.01195279136300087,0
2026-01-11 08:00:00+00:00,0.011937061324715614,0.011954919435083866,0.011936859227716923,0.01195224653929472,72
2026-01-11 08:15:00+00:00,0.01193130761384964,0.011936910450458527,0.011930422857403755,0.011935535818338394,2071
2026-01-11 08:30:00+00:00,0.011905767023563385,0.011934320442378521,0.011905767023563385,0.011932343244552612,3734
2026-01-11 08:45:00+00:00,0.011942800134420395,0.011948647908866405,0.011891481466591358,0.011903451755642891,21474
2026-01-11 09:00:00+00:00,0.011932160705327988,0.01194135844707489,0.01193106360733509,0.01194135844707489,1443
2026-01-11 09:15:00+00:00,0.011969003826379776,0.011969262734055519,0.011934138834476471,0.011934138834476471,3482
2026-01-11 09:30:00+00:00,0.011931746266782284,0.011970162391662598,0.011931746266782284,0.011968942359089851,0
2026-01-11 09:45:00+00:00,0.01196124218404293,0.01196124218404293,0.011935185641050339,0.011935762129724026,0
2026-01-11 10:00:00+00:00,0.011950359679758549,0.011962048709392548,0.011933647096157074,0.011961146257817745,4372
2026-01-11 10:15:00+00:00,0.011937360279262066,0.01195787638425827,0.011934238485991955,0.0119511429220438,0
2026-01-11 10:30:00+00:00,0.011928056366741657,0.011937509290874004,0.01192417647689581,0.011937509290874004,0
2026-01-11 10:45:00+00:00,0.011927983723580837,0.011929403059184551,0.011924201622605324,0.011926405131816864,0
2026-01-11 11:00:00+00:00,0.011917280033230782,0.011927008628845215,0.011914588510990143,0.011927008628845215,3182
2026-01-11 11:15:00+00:00,0.011904302053153515,0.011916985735297203,0.011904302053153515,0.011916985735297203,0
2026-01-11 11:30:00+00:00,0.011921036057174206,0.011925051920115948,0.011904195882380009,0.011904195882380009,0
2026-01-11 11:45:00+00:00,0.011909025721251965,0.011918957345187664,0.01190061867237091,0.011918114498257637,281
2026-01-11 12:00:00+00:00,0.011927924118936062,0.011927924118936062,0.011903121136128902,0.011903121136128902,1732
2026-01-11 12:15:00+00:00,0.011943787336349487,0.011952756904065609,0.01193285919725895,0.01193285919725895,0
2026-01-11 12:30:00+00:00,0.011930231936275959,0.011947023682296276,0.011930231936275959,0.011943748220801353,0
2026-01-11 12:45:00+00:00,0.011948296800255775,0.011961493641138077,0.011941477656364441,0.011941477656364441,941
2026-01-11 13:00:00+00:00,0.01194219570606947,0.011953821405768394,0.011937997303903103,0.011947592720389366,0
2026-01-11 13:15:00+00:00,0.0119269834831357,0.011959315277636051,0.0119269834831357,0.011948132887482643,2150
2026-01-11 13:30:00+00:00,0.011906446889042854,0.011928711086511612,0.011898004449903965,0.011924204416573048,9447
2026-01-11 13:45:00+00:00,0.011895643547177315,0.011906200088560581,0.011893090792000294,0.011905993334949017,3623
2026-01-11 14:00:00+00:00,0.011886115185916424,0.011893197894096375,0.011875172145664692,0.011893197894096375,4637
2026-01-11 14:15:00+00:00,0.011896349489688873,0.011896349489688873,0.011882028542459011,0.01188451424241066,0
2026-01-11 14:30:00+00:00,0.011897267773747444,0.011902653612196445,0.01189554575830698,0.01189554575830698,33
2026-01-11 14:45:00+00:00,0.011916561983525753,0.011916561983525753,0.011891650035977364,0.011891890317201614,23482
2026-01-11 15:00:00+00:00,0.011885991320014,0.011935926042497158,0.011885991320014,0.011912332847714424,3711
2026-01-11 15:15:00+00:00,0.011867864988744259,0.011887064203619957,0.01186461467295885,0.011887064203619957,4930
2026-01-11 15:30:00+00:00,0.011847504414618015,0.011864281259477139,0.011847218498587608,0.011864281259477139,709
2026-01-11 15:45:00+00:00,0.011793135665357113,0.011840103194117546,0.011775744147598743,0.011840103194117546,19473
2026-01-11 16:00:00+00:00,0.01180596649646759,0.011819467879831791,0.01179230771958828,0.011793083511292934,6610
2026-01-11 16:15:00+00:00,0.01180936861783266,0.01180936861783266,0.011786002665758133,0.011804233305156231,418
2026-01-11 16:30:00+00:00,0.011906737461686134,0.011917715892195702,0.011819642037153244,0.011819642037153244,27838
2026-01-11 16:45:00+00:00,0.011851846240460873,0.011907069012522697,0.01185043528676033,0.011906720697879791,2234
2026-01-11 17:00:00+00:00,0.011880320496857166,0.011880320496857166,0.011850295588374138,0.011851713992655277,11052
2026-01-11 17:15:00+00:00,0.011863019317388535,0.011880427598953247,0.011851469986140728,0.011880427598953247,8086
2026-01-11 17:30:00+00:00,0.01181618869304657,0.011863409541547298,0.011813372373580933,0.011863409541547298,23481
2026-01-11 17:45:00+00:00,0.0118637103587389,0.01186404563486576,0.011819492094218731,0.011819492094218731,5043
2026-01-11 18:00:00+00:00,0.01184222474694252,0.011877939105033875,0.01184222474694252,0.011868701316416264,671
2026-01-11 18:15:00+00:00,0.01183660514652729,0.011852458119392395,0.01183660514652729,0.011842209845781326,0
2026-01-11 18:30:00+00:00,0.01183927059173584,0.011848515830934048,0.011837678030133247,0.011837678030133247,0
2026-01-11 18:45:00+00:00,0.011881392449140549,0.011881676502525806,0.01183950062841177,0.01183950062841177,14193
2026-01-11 19:00:00+00:00,0.01189733762294054,0.01189733762294054,0.011868121102452278,0.011870261281728745,11514
2026-01-11 19:15:00+00:00,0.011883198283612728,0.011900782585144043,0.011883198283612728,0.011897014454007149,2465
2026-01-11 19:30:00+00:00,0.011864548549056053,0.011883340775966644,0.011864548549056053,0.011883340775966644,0
2026-01-11 19:45:00+00:00,0.011845050379633904,0.01186481025069952,0.011842213571071625,0.01186481025069952,0
2026-01-11 20:00:00+00:00,0.01173320971429348,0.011843780055642128,0.01173320971429348,0.011843780055642128,6126
2026-01-11 20:15:00+00:00,0.011697319336235523,0.01174111943691969,0.011690817773342133,0.011740646325051785,11436
2026-01-11 20:30:00+00:00,0.011696605011820793,0.011701305396854877,0.011684916913509369,0.01169874519109726,811
2026-01-11 20:45:00+00:00,0.011697857640683651,0.011698140762746334,0.011687477119266987,0.011696361005306244,5076
2026-01-11 21:00:00+00:00,0.011646073311567307,0.011697917245328426,0.01162965688854456,0.011697917245328426,5278
2026-01-11 21:15:00+00:00,0.011678080074489117,0.011680529452860355,0.01164841465651989,0.01164841465651989,9525
2026-01-11 21:30:00+00:00,0.011688292026519775,0.011688347905874252,0.011671748012304306,0.011678079143166542,6518
2026-01-11 21:45:00+00:00,0.011754905804991722,0.01175953820347786,0.011691129766404629,0.011691129766404629,11865
2026-01-11 22:00:00+00:00,0.011600563302636147,0.011756419204175472,0.011596429161727428,0.011754707433283329,93684
2026-01-11 22:15:00+00:00,0.011604702100157738,0.011607484892010689,0.01158120296895504,0.011601120233535767,108803
2026-01-11 22:30:00+00:00,0.011624534614384174,0.011631559580564499,0.011602993123233318,0.011604777537286282,4269
2026-01-11 22:45:00+00:00,0.011618401855230331,0.011652692221105099,0.011618401855230331,0.011628307402133942,3305
2026-01-11 23:00:00+00:00,0.011585504747927189,0.011619463562965393,0.011518051847815514,0.011619463562965393,58025
2026-01-11 23:15:00+00:00,0.01163378544151783,0.011663855984807014,0.011585749685764313,0.011585749685764313,1498
2026-01-11 23:30:00+00:00,0.011608408764004707,0.011640517972409725,0.011606184765696526,0.011640517972409725,17244
2026-01-11 23:45:00+00:00,0.01165288407355547,0.01165288407355547,0.011610881425440311,0.011610881425440311,9575
2026-01-12 00:00:00+00:00,0.011624106205999851,0.011657250113785267,0.011623835191130638,0.011653251014649868,9345
2026-01-12 00:15:00+00:00,0.011677322909235954,0.011682260781526566,0.011626310646533966,0.011626689694821835,8716
2026-01-12 00:30:00+00:00,0.011553783901035786,0.01168322004377842,0.011550063267350197,0.011679364368319511,32463
2026-01-12 00:45:00+00:00,0.011573311872780323,0.011574939824640751,0.01149240043014288,0.011549842543900013,19083
2026-01-12 01:00:00+00:00,0.011714980937540531,0.011724366806447506,0.0115884430706501,0.0115884430706501,40334
2026-01-12 01:15:00+00:00,0.011706819757819176,0.011717967689037323,0.011690091341733932,0.011712129227817059,25201
2026-01-12 01:30:00+00:00,0.011698106303811073,0.011759833432734013,0.011698106303811073,0.011706491932272911,22806
2026-01-12 01:45:00+00:00,0.011773619800806046,0.011781863868236542,0.011708336882293224,0.011708336882293224,43817
2026-01-12 02:00:00+00:00,0.01183287613093853,0.011843842454254627,0.011770469136536121,0.01177353784441948,18522
2026-01-12 02:15:00+00:00,0.011830151081085205,0.011888433247804642,0.01182946003973484,0.011848392896354198,20753
2026-01-12 02:30:00+00:00,0.011888316832482815,0.011888316832482815,0.011836319230496883,0.011836319230496883,5554
2026-01-12 02:45:00+00:00,0.011949659325182438,0.011949659325182438,0.011888237670063972,0.011888237670063972,39315
2026-01-12 03:00:00+00:00,0.011974874883890152,0.011975781060755253,0.011933538131415844,0.011949717998504639,36381
2026-01-12 03:15:00+00:00,0.012007598765194416,0.012007598765194416,0.011974874883890152,0.011974874883890152,27655
2026-01-12 03:30:00+00:00,0.011917131952941418,0.012014546431601048,0.011914466507732868,0.012007188983261585,32795
2026-01-12 03:45:00+00:00,0.011896109208464622,0.011917970143258572,0.011896109208464622,0.011917970143258572,32177
2026-01-12 04:00:00+00:00,0.011847835034132004,0.011889641173183918,0.011823397129774094,0.011889641173183918,7017
2026-01-12 04:15:00+00:00,0.011866291984915733,0.011872939765453339,0.0118486899882555,0.0118486899882555,9695
2026-01-12 04:30:00+00:00,0.011922421865165234,0.011922421865165234,0.011865837499499321,0.011866291984915733,23685
2026-01-12 04:45:00+00:00,0.011921856552362442,0.01193768996745348,0.011919917538762093,0.011919917538762093,22532
2026-01-12 05:00:00+00:00,0.011941752396523952,0.011944631114602089,0.011903148144483566,0.011922026984393597,13639
2026-01-12 05:15:00+00:00,0.01200044248253107,0.012017308734357357,0.011932779103517532,0.011941283941268921,207979
2026-01-12 05:30:00+00:00,0.012008169665932655,0.012012203224003315,0.01199767179787159,0.012004164978861809,21837
2026-01-12 05:45:00+00:00,0.011997967027127743,0.012010009028017521,0.011990975588560104,0.012010009028017521,2033
2026-01-12 06:00:00+00:00,0.011987320147454739,0.011999581940472126,0.011976534500718117,0.011997897177934647,4694
2026-01-12 06:15:00+00:00,0.011945115402340889,0.011986088007688522,0.011944963596761227,0.011986088007688522,5646
2026-01-12 06:30:00+00:00,0.011895941570401192,0.011944999918341637,0.011892486363649368,0.011944999918341637,2434
2026-01-12 06:45:00+00:00,0.011879198253154755,0.011901762336492538,0.011876199394464493,0.011896979063749313,30545
2026-01-12 07:00:00+00:00,0.011956796050071716,0.011976145207881927,0.01188149768859148,0.01188149768859148,15291
2026-01-12 07:15:00+00:00,0.01189372781664133,0.011956978589296341,0.011885304935276508,0.011956978589296341,11363
2026-01-12 07:30:00+00:00,0.011818597093224525,0.011904052458703518,0.011811360716819763,0.011893542483448982,4144
2026-01-12 07:45:00+00:00,0.011781956069171429,0.011818376369774342,0.01177670992910862,0.011818376369774342,23504
2026-01-12 08:00:00+00:00,0.01179622020572424,0.01179622020572424,0.011771152727305889,0.011780551634728909,4509
2026-01-12 08:15:00+00:00,0.011779739521443844,0.011799498461186886,0.01177463959902525,0.011799498461186886,10292
2026-01-12 08:30:00+00:00,0.01165041048079729,0.011780207976698875,0.01165041048079729,0.011780207976698875,27075
2026-01-12 08:45:00+00:00,0.011672526597976685,0.011672526597976685,0.011597219854593277,0.01165503915399313,12233
2026-01-12 09:00:00+00:00,0.011674126610159874,0.011679856106638908,0.011654873378574848,0.011671939864754677,24150
2026-01-12 09:15:00+00:00,0.01166786253452301,0.011692855507135391,0.01166786253452301,0.011673979461193085,8453
2026-01-12 09:30:00+00:00,0.01166627835482359,0.011672304943203926,0.011652455665171146,0.011666329577565193,8848
2026-01-12 09:45:00+00:00,0.011620023287832737,0.011663024313747883,0.011620023287832737,0.011661422438919544,11529
2026-01-12 10:00:00+00:00,0.011652013286948204,0.011652013286948204,0.011610141023993492,0.011619416996836662,4842
2026-01-12 10:15:00+00:00,0.01163801085203886,0.011640106327831745,0.011628476902842522,0.011640106327831745,11180
2026-01-12 10:30:00+00:00,0.011655560694634914,0.011663184501230717,0.011638046242296696,0.011638046242296696,18393
2026-01-12 10:45:00+00:00,0.011612403206527233,0.011655471287667751,0.011611185036599636,0.011655471287667751,6792
2026-01-12 11:00:00+00:00,0.011657257564365864,0.011657257564365864,0.011611011810600758,0.01161450520157814,8160
2026-01-12 11:15:00+00:00,0.011695018969476223,0.011695818044245243,0.011646139435470104,0.011657032184302807,15020
2026-01-12 11:30:00+00:00,0.01170982327312231,0.011727816425263882,0.011695882305502892,0.011695882305502892,25368
2026-01-12 11:45:00+00:00,0.011739585548639297,0.011740094982087612,0.01171249058097601,0.01171249058097601,14161
2026-01-12 12:00:00+00:00,0.011731027625501156,0.011739876121282578,0.011722616851329803,0.011739876121282578,6364
2026-01-12 12:15:00+00:00,0.01174402516335249,0.011744622141122818,0.011721782386302948,0.011732423678040504,5533
2026-01-12 12:30:00+00:00,0.011703968048095703,0.011743035167455673,0.011703968048095703,0.011743035167455673,2483
2026-01-12 12:45:00+00:00,0.011693865060806274,0.011698168702423573,0.011691545136272907,0.011696238070726395,1536
2026-01-12 13:00:00+00:00,0.011629488319158554,0.011693688109517097,0.011629488319158554,0.011693688109517097,0
2026-01-12 13:15:00+00:00,0.011601978912949562,0.01161677110940218,0.011601551435887814,0.01161490473896265,1458
2026-01-12 13:30:00+00:00,0.011595161631703377,0.011610402725636959,0.011592202819883823,0.011602080427110195,12749
2026-01-12 13:45:00+00:00,0.01155268494039774,0.01158431451767683,0.011547278612852097,0.01158431451767683,13242
2026-01-12 14:00:00+00:00,0.011628717184066772,0.011628717184066772,0.011548900045454502,0.011548900045454502,5329
2026-01-12 14:15:00+00:00,0.011553908698260784,0.011628753505647182,0.01153369527310133,0.011628753505647182,34323
2026-01-12 14:30:00+00:00,0.011659990064799786,0.011675742454826832,0.011549788527190685,0.011551066301763058,48441
2026-01-12 14:45:00+00:00,0.011684553697705269,0.011694015935063362,0.011647197417914867,0.011656418442726135,7464
2026-01-12 15:00:00+00:00,0.011700153350830078,0.011706950142979622,0.011682421900331974,0.011684211902320385,8652
2026-01-12 15:15:00+00:00,0.011806434020400047,0.011806434020400047,0.011699962429702282,0.011699962429702282,39191
2026-01-12 15:30:00+00:00,0.011834606528282166,0.011837124824523926,0.011805339716374874,0.011809896677732468,9805
2026-01-12 15:45:00+00:00,0.011847108602523804,0.011847108602523804,0.011826214380562305,0.01184156071394682,42617
2026-01-12 16:00:00+00:00,0.011847713962197304,0.011861471459269524,0.011846210807561874,0.011846210807561874,22025
2026-01-12 16:15:00+00:00,0.011889222078025341,0.011889222078025341,0.011848235502839088,0.011848235502839088,13872
2026-01-12 16:30:00+00:00,0.011915522627532482,0.011960264295339584,0.011889547109603882,0.011890408582985401,28576
2026-01-12 16:45:00+00:00,0.011936556547880173,0.011938276700675488,0.011919393204152584,0.011919393204152584,82303
2026-01-12 17:00:00+00:00,0.011923742480576038,0.011949444189667702,0.011923742480576038,0.011936847120523453,41904
2026-01-12 17:15:00+00:00,0.01185255590826273,0.011923937126994133,0.011852486059069633,0.011923937126994133,15800
2026-01-12 17:30:00+00:00,0.011819006875157356,0.01184913795441389,0.011773928068578243,0.01184913795441389,5811
2026-01-12 17:45:00+00:00,0.011823292821645737,0.011824040673673153,0.011802615597844124,0.0118155712261796,8881
2026-01-12 18:00:00+00:00,0.011880679056048393,0.011880679056048393,0.011823663488030434,0.011823663488030434,37318
2026-01-12 18:15:00+00:00,0.011951753869652748,0.011955756694078445,0.011879878118634224,0.011879878118634224,19599
2026-01-12 18:30:00+00:00,0.011883508414030075,0.011989889666438103,0.011875285767018795,0.011959918774664402,97458
2026-01-12 18:45:00+00:00,0.01189714390784502,0.01189714390784502,0.011873861774802208,0.011881494894623756,21968
2026-01-12 19:00:00+00:00,0.011866839602589607,0.011899062432348728,0.01182452030479908,0.01189690176397562,195390
2026-01-12 19:15:00+00:00,0.011937963776290417,0.011939858086407185,0.011864734813570976,0.011864734813570976,83527
2026-01-12 19:30:00+00:00,0.011938109993934631,0.011962010525166988,0.011935260146856308,0.0119401253759861,14324
2026-01-12 19:45:00+00:00,0.011949829757213593,0.011950486339628696,0.01192910224199295,0.011941161938011646,21348
2026-01-12 20:00:00+00:00,0.012118114158511162,0.012123978696763515,0.011950483545660973,0.011950483545660973,302418
2026-01-12 20:15:00+00:00,0.012152621522545815,0.012243526056408882,0.012091165408492088,0.012119232676923275,492268
2026-01-12 20:30:00+00:00,0.012163096107542515,0.012171685695648193,0.012111211195588112,0.012151926755905151,425609
2026-01-12 20:45:00+00:00,0.012043996714055538,0.012131528928875923,0.01202990673482418,0.012131528928875923,127325
2026-01-12 21:00:00+00:00,0.012014541774988174,0.012034314684569836,0.011939729563891888,0.012034314684569836,113290
2026-01-12 21:15:00+00:00,0.01190145406872034,0.012013371102511883,0.011899137869477272,0.012013371102511883,20951
2026-01-12 21:30:00+00:00,0.011787883006036282,0.011901143938302994,0.011769291013479233,0.011901143938302994,91178
2026-01-12 21:45:00+00:00,0.011712192557752132,0.01178769487887621,0.011698326095938683,0.01178769487887621,40054
2026-01-12 22:00:00+00:00,0.011856704019010067,0.011856704019010067,0.011718565598130226,0.011718565598130226,8381
2026-01-12 22:15:00+00:00,0.011823317036032677,0.011848055757582188,0.011806451715528965,0.011848055757582188,2719
2026-01-12 22:30:00+00:00,0.01180863007903099,0.011823191307485104,0.011798583902418613,0.011823191307485104,6241
2026-01-12 22:45:00+00:00,0.011836831457912922,0.011836831457912922,0.011809760704636574,0.011809760704636574,44544
2026-01-12 23:00:00+00:00,0.011811773292720318,0.011846977286040783,0.011805136688053608,0.011844404973089695,0
2026-01-12 23:15:00+00:00,0.011908174492418766,0.011908174492418766,0.011817487888038158,0.011817487888038158,47786
2026-01-12 23:30:00+00:00,0.011893040500581264,0.01190588902682066,0.011886798776686192,0.011903285048902035,9968
2026-01-12 23:45:00+00:00,0.011908906511962414,0.01191050186753273,0.011896206997334957,0.011896206997334957,2712
2026-01-13 00:00:00+00:00,0.01194110419601202,0.01194593496620655,0.01190884318202734,0.011911135166883469,6954
2026-01-13 00:15:00+00:00,0.011984840966761112,0.011988120153546333,0.011931143701076508,0.011941635981202126,6309
2026-01-13 00:30:00+00:00,0.011948122642934322,0.011985515244305134,0.011948049068450928,0.011985515244305134,0
2026-01-13 00:45:00+00:00,0.0119795436039567,0.0119795436039567,0.011945662088692188,0.01194799691438675,0
2026-01-13 01:00:00+00:00,0.01210498996078968,0.01210498996078968,0.011979005299508572,0.011979005299508572,13065
2026-01-13 01:15:00+00:00,0.012119937688112259,0.012139087542891502,0.012105146422982216,0.012105146422982216,21422
2026-01-13 01:30:00+00:00,0.01212273444980383,0.012228529900312424,0.012120483443140984,0.012120483443140984,129938
2026-01-13 01:45:00+00:00,0.012173831462860107,0.012173855677247047,0.012110440991818905,0.012122789397835732,41085
2026-01-13 02:00:00+00:00,0.012224516831338406,0.012256741523742676,0.012174156494438648,0.012174156494438648,298342
2026-01-13 02:15:00+00:00,0.012193860486149788,0.012227767147123814,0.012187622487545013,0.012220139615237713,0
2026-01-13 02:30:00+00:00,0.01223675161600113,0.012256018817424774,0.012195326387882233,0.012195326387882233,41715
2026-01-13 02:45:00+00:00,0.012179137207567692,0.012232574634253979,0.012179137207567692,0.012232574634253979,0
2026-01-13 03:00:00+00:00,0.012125852517783642,0.012170002795755863,0.012120041064918041,0.012170002795755863,4970
2026-01-13 03:15:00+00:00,0.01220692228525877,0.012207661755383015,0.012126722373068333,0.012126722373068333,20603
2026-01-13 03:30:00+00:00,0.012235759757459164,0.012250903993844986,0.012210392393171787,0.012210392393171787,4938
2026-01-13 03:45:00+00:00,0.012327165342867374,0.012357624247670174,0.012239065021276474,0.012239065021276474,63352
2026-01-13 04:00:00+00:00,0.012456903234124184,0.012456903234124184,0.012326889671385288,0.012326889671385288,87329
2026-01-13 04:15:00+00:00,0.01262498926371336,0.01262658927589655,0.012474053539335728,0.012474053539335728,148679
2026-01-13 04:30:00+00:00,0.012697259895503521,0.012697259895503521,0.012569637037813663,0.012639574706554413,252730
2026-01-13 04:45:00+00:00,0.01271989569067955,0.012750155292451382,0.012679443694651127,0.012713407166302204,141776
2026-01-13 05:00:00+00:00,0.012644181028008461,0.01272629015147686,0.012612747959792614,0.012722933664917946,94483
2026-01-13 05:15:00+00:00,0.012666233815252781,0.012666233815252781,0.012642813846468925,0.012651405297219753,31881
2026-01-13 05:30:00+00:00,0.012662678956985474,0.012716417200863361,0.012662678956985474,0.012663640081882477,55824
2026-01-13 05:45:00+00:00,0.012678631581366062,0.012702039442956448,0.012658391147851944,0.01266413927078247,31480
2026-01-13 06:00:00+00:00,0.012779740616679192,0.012824107892811298,0.012718304060399532,0.012718304060399532,135572
2026-01-13 06:15:00+00:00,0.012837769463658333,0.012868843041360378,0.012778191827237606,0.012778191827237606,151203
2026-01-13 06:30:00+00:00,0.012907058000564575,0.01294457446783781,0.0128413001075387,0.0128413001075387,126988
2026-01-13 06:45:00+00:00,0.012903520837426186,0.012928847223520279,0.012883955612778664,0.0129068773239851,143687
2026-01-13 07:00:00+00:00,0.012727140448987484,0.012897221371531487,0.012722993269562721,0.012897221371531487,283016
2026-01-13 07:15:00+00:00,0.012633314356207848,0.01273395773023367,0.012583540752530098,0.01273395773023367,140720
2026-01-13 07:30:00+00:00,0.012723822146654129,0.01279282197356224,0.012642639689147472,0.012642639689147472,128761
2026-01-13 07:45:00+00:00,0.012689596973359585,0.01272073108702898,0.012676510959863663,0.01272073108702898,35882
2026-01-13 08:00:00+00:00,0.012780420482158661,0.012797902338206768,0.012704343535006046,0.012704343535006046,57419
2026-01-13 08:15:00+00:00,0.012804809026420116,0.012804809026420116,0.012765138410031796,0.012780825607478619,96581
2026-01-13 08:30:00+00:00,0.012846999801695347,0.012846999801695347,0.012785655446350574,0.012803273275494576,90300
2026-01-13 08:45:00+00:00,0.013061347417533398,0.013104421086609364,0.01285836286842823,0.01285836286842823,435829
2026-01-13 09:00:00+00:00,0.013126248493790627,0.013126248493790627,0.01301196962594986,0.0130562549456954,176099
2026-01-13 09:15:00+00:00,0.013118316419422626,0.01323420088738203,0.013093744404613972,0.01314502116292715,301247
2026-01-13 09:30:00+00:00,0.013240713626146317,0.013249260373413563,0.01320306770503521,0.013225100934505463,498254
2026-01-13 09:45:00+00:00,0.013167498633265495,0.013301930390298367,0.013167498633265495,0.013232974335551262,427765
2026-01-13 10:00:00+00:00,0.013247640803456306,0.013247640803456306,0.013119494542479515,0.013120196759700775,456574
2026-01-13 10:15:00+00:00,0.013172181323170662,0.01333284005522728,0.013172181323170662,0.013263016939163208,228533
2026-01-13 10:30:00+00:00,0.012979334220290184,0.013165727257728577,0.012979334220290184,0.013165727257728577,242712
2026-01-13 10:45:00+00:00,0.013085267506539822,0.013100821524858475,0.012943524867296219,0.012964650988578796,150570
2026-01-13 11:00:00+00:00,0.012981266714632511,0.013089153915643692,0.012981266714632511,0.013089153915643692,72016
2026-01-13 11:15:00+00:00,0.013229820877313614,0.013229820877313614,0.012997247278690338,0.012997247278690338,302751
2026-01-13 11:30:00+00:00,0.013473737053573132,0.013478190638124943,0.013227501884102821,0.013227501884102821,318318
2026-01-13 11:45:00+00:00,0.013266890309751034,0.013468264602124691,0.013177872635424137,0.013468264602124691,187271
2026-01-13 12:00:00+00:00,0.013479188084602356,0.013483633287250996,0.013269002549350262,0.013281552121043205,255701
2026-01-13 12:15:00+00:00,0.013300313614308834,0.013485356234014034,0.013292059302330017,0.013485356234014034,507897
2026-01-13 12:30:00+00:00,0.013354025781154633,0.013408917933702469,0.013296514749526978,0.013296514749526978,404191
2026-01-13 12:45:00+00:00,0.013533738441765308,0.013534517027437687,0.0133828641846776,0.0133828641846776,634842
2026-01-13 13:00:00+00:00,0.01341157965362072,0.013553014025092125,0.01341157965362072,0.013544997200369835,459387
2026-01-13 13:15:00+00:00,0.013287202455103397,0.01339223887771368,0.013226834125816822,0.01339223887771368,357090
2026-01-13 13:30:00+00:00,0.01341504417359829,0.01341504417359829,0.013287773355841637,0.013287773355841637,343619
2026-01-13 13:45:00+00:00,0.013364505022764206,0.013453987427055836,0.013351642526686192,0.013416151516139507,250608
2026-01-13 14:00:00+00:00,0.013421385549008846,0.013421385549008846,0.013321773149073124,0.0133781423792243,151329
2026-01-13 14:15:00+00:00,0.013692952692508698,0.013692952692508698,0.013401255942881107,0.01341768354177475,647076
2026-01-13 14:30:00+00:00,0.013641860336065292,0.013699513860046864,0.013583437539637089,0.013694871217012405,561500
2026-01-13 14:45:00+00:00,0.013487758114933968,0.013631975278258324,0.013476258143782616,0.013631975278258324,383510
2026-01-13 15:00:00+00:00,0.013495792634785175,0.013495792634785175,0.013393260538578033,0.013490135781466961,299097
2026-01-13 15:15:00+00:00,0.01347612775862217,0.013548977673053741,0.013395221903920174,0.013502316549420357,237550
2026-01-13 15:30:00+00:00,0.013468028977513313,0.01349734142422676,0.013466939330101013,0.013474782928824425,118468
2026-01-13 15:45:00+00:00,0.013254188001155853,0.013468008488416672,0.013246160931885242,0.013468008488416672,121476
2026-01-13 16:00:00+00:00,0.013253497891128063,0.013278169557452202,0.013250013813376427,0.013256410136818886,192044
2026-01-13 16:15:00+00:00,0.01327313482761383,0.013285617344081402,0.013224045746028423,0.013253070414066315,220794
2026-01-13 16:30:00+00:00,0.01320035383105278,0.013292922638356686,0.01320035383105278,0.013275345787405968,206416
2026-01-13 16:45:00+00:00,0.013156498782336712,0.013191978447139263,0.013156498782336712,0.013191978447139263,157778
2026-01-13 17:00:00+00:00,0.013104801066219807,0.01317150890827179,0.013104801066219807,0.013155614957213402,54628
2026-01-13 17:15:00+00:00,0.013123351149260998,0.013133903034031391,0.013066654093563557,0.013100547716021538,164982
2026-01-13 17:30:00+00:00,0.013117732480168343,0.013135024346411228,0.013115729205310345,0.013123389333486557,58622
2026-01-13 17:45:00+00:00,0.013145859353244305,0.013145859353244305,0.013113943859934807,0.013113943859934807,120216
2026-01-13 18:00:00+00:00,0.013099096715450287,0.013139418326318264,0.013097107410430908,0.013139418326318264,54622
2026-01-13 18:15:00+00:00,0.013050083070993423,0.013104824349284172,0.013050083070993423,0.013086913153529167,69528
2026-01-13 18:30:00+00:00,0.013033010996878147,0.01304976362735033,0.013032954186201096,0.01304976362735033,0
2026-01-13 18:45:00+00:00,0.013032819144427776,0.013065224513411522,0.01302209310233593,0.013034909032285213,27784
2026-01-13 19:00:00+00:00,0.012946833856403828,0.01303524523973465,0.012946833856403828,0.01303524523973465,0
2026-01-13 19:15:00+00:00,0.012964148074388504,0.012977096252143383,0.012944436632096767,0.01294736098498106,34856
2026-01-13 19:30:00+00:00,0.013103201985359192,0.013103201985359192,0.012968119233846664,0.012968119233846664,113056
2026-01-13 19:45:00+00:00,0.013120428659021854,0.013131553307175636,0.013098618946969509,0.013098618946969509,95066
2026-01-13 20:00:00+00:00,0.013091766275465488,0.01312350481748581,0.013091147877275944,0.013115355744957924,0
2026-01-13 20:15:00+00:00,0.013037643395364285,0.013086593709886074,0.013037287630140781,0.013086593709886074,0
2026-01-13 20:30:00+00:00,0.012966040521860123,0.013035066425800323,0.012961250729858875,0.013035066425800323,0
2026-01-13 20:45:00+00:00,0.012994769029319286,0.012994769029319286,0.012967982329428196,0.012967982329428196,24880
2026-01-13 21:00:00+00:00,0.013072333298623562,0.013102584518492222,0.012994758784770966,0.012994758784770966,104838
2026-01-13 21:15:00+00:00,0.013153922744095325,0.013171573169529438,0.013071834109723568,0.013077407144010067,36826
2026-01-13 21:30:00+00:00,0.013093018904328346,0.013155433349311352,0.013093018904328346,0.013155433349311352,7964
2026-01-13 21:45:00+00:00,0.013146202079951763,0.013146202079951763,0.013093071058392525,0.013093071058392525,1712
2026-01-13 22:00:00+00:00,0.013317885808646679,0.013323954306542873,0.013146542944014072,0.013150319457054138,178510
2026-01-13 22:15:00+00:00,0.013336025178432465,0.013338115997612476,0.013296396471560001,0.01331627182662487,87128
2026-01-13 22:30:00+00:00,0.013328847475349903,0.013342992402613163,0.013328847475349903,0.013328850269317627,43554
2026-01-13 22:45:00+00:00,0.013334833085536957,0.013341154903173447,0.013320201076567173,0.013320201076567173,2466
2026-01-13 23:00:00+00:00,0.013297809287905693,0.013335449621081352,0.013297809287905693,0.013334245420992374,0
2026-01-13 23:15:00+00:00,0.013222268782556057,0.013307161629199982,0.013222268782556057,0.013299182057380676,0
2026-01-13 23:30:00+00:00,0.013177135959267616,0.013221826404333115,0.013165405951440334,0.013221826404333115,4432
2026-01-13 23:45:00+00:00,0.013210911303758621,0.013210911303758621,0.013169173151254654,0.013181235641241074,137906
2026-01-14 00:00:00+00:00,0.013233406469225883,0.01325264573097229,0.01321574579924345,0.01321574579924345,46200
2026-01-14 00:15:00+00:00,0.013274814002215862,0.013278750702738762,0.013221894390881062,0.013233538717031479,47190
2026-01-14 00:30:00+00:00,0.013235974125564098,0.013274022378027439,0.01322051789611578,0.013274022378027439,15330
2026-01-14 00:45:00+00:00,0.013293389230966568,0.013293389230966568,0.01323508471250534,0.01323508471250534,56134
2026-01-14 01:00:00+00:00,0.013322017155587673,0.01332697831094265,0.013267341069877148,0.01328042708337307,39336
2026-01-14 01:15:00+00:00,0.013282335363328457,0.013324604369699955,0.013264968991279602,0.013324604369699955,0
2026-01-14 01:30:00+00:00,0.01322705764323473,0.013276460580527782,0.01322705764323473,0.013276460580527782,0
2026-01-14 01:45:00+00:00,0.013197752647101879,0.01323757879436016,0.013189366087317467,0.013227422721683979,15522
2026-01-14 02:00:00+00:00,0.013241538777947426,0.013241538777947426,0.013177430257201195,0.01319914497435093,4126
2026-01-14 02:15:00+00:00,0.013219493441283703,0.013261251151561737,0.013219493441283703,0.013257023878395557,754
2026-01-14 02:30:00+00:00,0.013208556920289993,0.013219923712313175,0.013204408809542656,0.013204408809542656,4324
2026-01-14 02:45:00+00:00,0.013156983070075512,0.013208542950451374,0.01313607208430767,0.013208542950451374,11446
2026-01-14 03:00:00+00:00,0.013126906007528305,0.013166106306016445,0.013119329698383808,0.01315994467586279,0
2026-01-14 03:15:00+00:00,0.013133128173649311,0.013134559616446495,0.013113635592162609,0.013126973994076252,4382
2026-01-14 03:30:00+00:00,0.01317452359944582,0.01317452359944582,0.013125180266797543,0.013125180266797543,26592
2026-01-14 03:45:00+00:00,0.013172021135687828,0.013182394206523895,0.013163232244551182,0.013174483552575111,9902
2026-01-14 04:00:00+00:00,0.013097206130623817,0.013176752254366875,0.013096744194626808,0.013174758292734623,0
2026-01-14 04:15:00+00:00,0.013163589872419834,0.013163589872419834,0.013106288388371468,0.013106288388371468,12946
2026-01-14 04:30:00+00:00,0.013172145932912827,0.013183767907321453,0.013163652271032333,0.013163652271032333,0
2026-01-14 04:45:00+00:00,0.013148668222129345,0.013170954771339893,0.013141057454049587,0.013170954771339893,0
2026-01-14 05:00:00+00:00,0.013140181079506874,0.013149067759513855,0.013136684894561768,0.013149067759513855,0
2026-01-14 05:15:00+00:00,0.013108820654451847,0.013137410394847393,0.013108569197356701,0.013137410394847393,0
2026-01-14 05:30:00+00:00,0.013213460333645344,0.013213460333645344,0.013101454824209213,0.013111288659274578,45543
2026-01-14 05:45:00+00:00,0.0132109010592103,0.013231898657977581,0.0132109010592103,0.013214458711445332,50717
2026-01-14 06:00:00+00:00,0.01322786696255207,0.01322871819138527,0.013188974931836128,0.013210027478635311,0
2026-01-14 06:15:00+00:00,0.01326550729572773,0.013268198817968369,0.013228961266577244,0.013228961266577244,0
2026-01-14 06:30:00+00:00,0.013277752324938774,0.013277752324938774,0.013210623525083065,0.013266781345009804,0
2026-01-14 06:45:00+00:00,0.013637244701385498,0.013637244701385498,0.01328372210264206,0.01328372210264206,230183
2026-01-14 07:00:00+00:00,0.013944677077233791,0.013952438719570637,0.013641340658068657,0.013641340658068657,1440914
2026-01-14 07:15:00+00:00,0.013903207145631313,0.01393856480717659,0.013878689147531986,0.01393856480717659,296304
2026-01-14 07:30:00+00:00,0.013885372318327427,0.013920559547841549,0.013885372318327427,0.013901595957577229,104336
2026-01-14 07:45:00+00:00,0.013899906538426876,0.013935443013906479,0.013891687616705894,0.0138939144089818,128656
2026-01-14 08:00:00+00:00,0.014025195501744747,0.014025428332388401,0.013892965391278267,0.013892965391278267,123084
2026-01-14 08:15:00+00:00,0.014065823517739773,0.01406843401491642,0.014023952186107635,0.014023952186107635,111038
2026-01-14 08:30:00+00:00,0.014126555062830448,0.014131497591733932,0.014065012335777283,0.014070604927837849,161478
2026-01-14 08:45:00+00:00,0.014078349806368351,0.014131933450698853,0.014076492749154568,0.014127777889370918,7422
2026-01-14 09:00:00+00:00,0.013982047326862812,0.014071691781282425,0.01397053711116314,0.014071691781282425,89078
2026-01-14 09:15:00+00:00,0.014132501557469368,0.01413463894277811,0.013984267599880695,0.013984267599880695,74908
2026-01-14 09:30:00+00:00,0.014151988551020622,0.014156774617731571,0.014098026789724827,0.014098026789724827,22926
2026-01-14 09:45:00+00:00,0.014316697604954243,0.014316697604954243,0.014142804779112339,0.014142804779112339,0
2026-01-14 10:00:00+00:00,0.014747735112905502,0.014747735112905502,0.01430948544293642,0.01430948544293642,190196
2026-01-14 10:15:00+00:00,0.014699227176606655,0.0148429861292243,0.01468121912330389,0.014742604456841946,109966
2026-01-14 10:30:00+00:00,0.01469222642481327,0.014799783006310463,0.014654341153800488,0.014700111001729965,13594
2026-01-14 10:45:00+00:00,0.014709198847413063,0.014791026711463928,0.01469533983618021,0.01469533983618021,75358
2026-01-14 11:00:00+00:00,0.01462500263005495,0.014683293178677559,0.014600449241697788,0.014683293178677559,53726
2026-01-14 11:15:00+00:00,0.01469576358795166,0.01469576358795166,0.01459856703877449,0.01463297475129366,15058
2026-01-14 11:30:00+00:00,0.01468876376748085,0.014775431714951992,0.014675612561404705,0.014699379913508892,0
2026-01-14 11:45:00+00:00,0.014630112797021866,0.014703314751386642,0.014626925811171532,0.014689171686768532,5420
2026-01-14 12:00:00+00:00,0.014612252824008465,0.014648682437837124,0.014588740654289722,0.014631441794335842,0
2026-01-14 12:15:00+00:00,0.014681637287139893,0.01468704640865326,0.01457623764872551,0.014619645662605762,0
2026-01-14 12:30:00+00:00,0.014583473093807697,0.01467250008136034,0.014554161578416824,0.01467250008136034,3806
2026-01-14 12:45:00+00:00,0.014528111554682255,0.014583331532776356,0.014522155746817589,0.014578576199710369,0
2026-01-14 13:00:00+00:00,0.014261447824537754,0.01451543252915144,0.01425578910857439,0.01451543252915144,18116
2026-01-14 13:15:00+00:00,0.014285746030509472,0.014312400482594967,0.014235318638384342,0.014245035126805305,0
2026-01-14 13:30:00+00:00,0.014225883409380913,0.014287578873336315,0.014225883409380913,0.014287578873336315,0
2026-01-14 13:45:00+00:00,0.01427888497710228,0.01427888497710228,0.014212915673851967,0.014237666502594948,0
2026-01-14 14:00:00+00:00,0.014308689162135124,0.01435165200382471,0.014282098039984703,0.014282098039984703,0
2026-01-14 14:15:00+00:00,0.014638273976743221,0.014665446244180202,0.014318075031042099,0.014318075031042099,0
2026-01-14 14:30:00+00:00,0.014520110562443733,0.01465828251093626,0.01447588112205267,0.01465828251093626,0
2026-01-14 14:45:00+00:00,0.014862543903291225,0.014865864999592304,0.01454145647585392,0.01454145647585392,40480
2026-01-14 15:00:00+00:00,0.014949929900467396,0.015040352940559387,0.014815617352724075,0.014864635653793812,154899
2026-01-14 15:15:00+00:00,0.015008672140538692,0.015018085949122906,0.014904097653925419,0.014949432574212551,105154
2026-01-14 15:30:00+00:00,0.014940568245947361,0.015012577176094055,0.014848136343061924,0.015012577176094055,157873
2026-01-14 15:45:00+00:00,0.01491781510412693,0.014986981637775898,0.01491781510412693,0.014934791252017021,47218
2026-01-14 16:00:00+00:00,0.015004439279437065,0.015004439279437065,0.014918829314410686,0.014920891262590885,0
2026-01-14 16:15:00+00:00,0.014943702146410942,0.014998313970863819,0.014926514588296413,0.014998313970863819,35203
2026-01-14 16:30:00+00:00,0.01489356067031622,0.014954185113310814,0.014882337301969528,0.014943636953830719,0
2026-01-14 16:45:00+00:00,0.01465369202196598,0.01487372163683176,0.01465369202196598,0.01487372163683176,0
2026-01-14 17:00:00+00:00,0.014672504737973213,0.014672504737973213,0.014649969525635242,0.014651976525783539,25229
2026-01-14 17:15:00+00:00,0.014664757065474987,0.014679056592285633,0.014642714522778988,0.01466716080904007,54734
2026-01-14 17:30:00+00:00,0.014543077908456326,0.014660961925983429,0.014469843357801437,0.014660961925983429,123291
2026-01-14 17:45:00+00:00,0.014567511156201363,0.014567511156201363,0.014490775763988495,0.014516635797917843,80516
2026-01-14 18:00:00+00:00,0.014490683563053608,0.014597265049815178,0.014490683563053608,0.0145747484639287,0
2026-01-14 18:15:00+00:00,0.014388895593583584,0.014500714838504791,0.014388895593583584,0.014500714838504791,100344
2026-01-14 18:30:00+00:00,0.014193885959684849,0.014379039406776428,0.014185751788318157,0.014379039406776428,87776
2026-01-14 18:45:00+00:00,0.014267350547015667,0.014289655722677708,0.014177927747368813,0.014191809110343456,40402
2026-01-14 19:00:00+00:00,0.014178162440657616,0.014266420155763626,0.014168933965265751,0.014266420155763626,40992
2026-01-14 19:15:00+00:00,0.014259612187743187,0.014259612187743187,0.014176717959344387,0.014176717959344387,34803
2026-01-14 19:30:00+00:00,0.01420424971729517,0.014358158223330975,0.014184089377522469,0.014300755225121975,64334
2026-01-14 19:45:00+00:00,0.014151118695735931,0.014201526530086994,0.01413399912416935,0.014201526530086994,21466
2026-01-14 20:00:00+00:00,0.014217905700206757,0.014223897829651833,0.014146562665700912,0.014154437929391861,58624
2026-01-14 20:15:00+00:00,0.014114410616457462,0.01422105822712183,0.014114410616457462,0.01422105822712183,8614
2026-01-14 20:30:00+00:00,0.014141717925667763,0.014145765453577042,0.014095405116677284,0.014113673008978367,2011
2026-01-14 20:45:00+00:00,0.014140136539936066,0.014140935614705086,0.014073201455175877,0.014140935614705086,55462
2026-01-14 21:00:00+00:00,0.01418322790414095,0.014199410565197468,0.014141139574348927,0.014141139574348927,43133
2026-01-14 21:15:00+00:00,0.014238810166716576,0.01426890678703785,0.014172347262501717,0.014172347262501717,43400
2026-01-14 21:30:00+00:00,0.014166407287120819,0.01423959992825985,0.014166407287120819,0.01423959992825985,253
2026-01-14 21:45:00+00:00,0.014076908119022846,0.014141202904284,0.01407647505402565,0.014141202904284,19855
2026-01-14 22:00:00+00:00,0.014000373892486095,0.014092463999986649,0.014000373892486095,0.014081345871090889,595
2026-01-14 22:15:00+00:00,0.01394861750304699,0.014015483669936657,0.013947948813438416,0.014008513651788235,33835
2026-01-14 22:30:00+00:00,0.013868027366697788,0.013960044831037521,0.0138653963804245,0.013950087130069733,15579
2026-01-14 22:45:00+00:00,0.01390401367098093,0.013928676955401897,0.0138695128262043,0.0138695128262043,27681
2026-01-14 23:00:00+00:00,0.013967026956379414,0.013967026956379414,0.01389685831964016,0.013904832303524017,60815
2026-01-14 23:15:00+00:00,0.01387037057429552,0.013977511785924435,0.013870207592844963,0.013964427635073662,62428
2026-01-14 23:30:00+00:00,0.013861224055290222,0.01387304812669754,0.01384182833135128,0.013872296549379826,11640
2026-01-14 23:45:00+00:00,0.013876885175704956,0.01390010491013527,0.01386017445474863,0.01386017445474863,17628
2026-01-15 00:00:00+00:00,0.013940131291747093,0.013940131291747093,0.013858882710337639,0.013871792703866959,31742
2026-01-15 00:15:00+00:00,0.01397530548274517,0.0139775974676013,0.013934877701103687,0.013944246806204319,71747
2026-01-15 00:30:00+00:00,0.013997413218021393,0.014002877287566662,0.013972258195281029,0.013972258195281029,89729
2026-01-15 00:45:00+00:00,0.013994528912007809,0.01399843767285347,0.01391301304101944,0.013997206464409828,56429
2026-01-15 01:00:00+00:00,0.014229771681129932,0.014262938871979713,0.014020988717675209,0.014020988717675209,177824
2026-01-15 01:15:00+00:00,0.014249946922063828,0.014254322275519371,0.014174400828778744,0.014225170947611332,67382
2026-01-15 01:30:00+00:00,0.01418495737016201,0.014266325160861015,0.014153441414237022,0.014266325160861015,34562
2026-01-15 01:45:00+00:00,0.014100711792707443,0.01420531515032053,0.014100711792707443,0.014186637476086617,45409
2026-01-15 02:00:00+00:00,0.014009807258844376,0.014103741385042667,0.014008874073624611,0.014102885499596596,0
2026-01-15 02:15:00+00:00,0.014039859175682068,0.01406707800924778,0.013998362235724926,0.013998362235724926,33637
2026-01-15 02:30:00+00:00,0.01409380603581667,0.01409380603581667,0.014012259431183338,0.014037879183888435,44352
2026-01-15 02:45:00+00:00,0.014006217010319233,0.014100111089646816,0.013991526328027248,0.014100111089646816,21326
2026-01-15 03:00:00+00:00,0.01398402638733387,0.014009375125169754,0.013972149230539799,0.01400558091700077,10594
2026-01-15 03:15:00+00:00,0.013807758688926697,0.013990105129778385,0.013801933266222477,0.013987463898956776,5592
2026-01-15 03:30:00+00:00,0.013756010681390762,0.013799923472106457,0.013748681172728539,0.013799923472106457,26604
2026-01-15 03:45:00+00:00,0.013756880536675453,0.01378845889121294,0.013755147345364094,0.013761007227003574,20437
2026-01-15 04:00:00+00:00,0.0138748399913311,0.0138748399913311,0.013726665638387203,0.01375189796090126,113718
2026-01-15 04:15:00+00:00,0.014079812914133072,0.014079812914133072,0.013867656700313091,0.013867656700313091,132838
2026-01-15 04:30:00+00:00,0.014086363837122917,0.01425451971590519,0.014080514200031757,0.014080514200031757,263055
2026-01-15 04:45:00+00:00,0.01392776146531105,0.014076024293899536,0.013922958634793758,0.014076024293899536,51667
2026-01-15 05:00:00+00:00,0.013976785354316235,0.013978795148432255,0.013901762664318085,0.01393393985927105,83516
2026-01-15 05:15:00+00:00,0.013928989879786968,0.013981589116156101,0.013908221386373043,0.013976718299090862,21759
2026-01-15 05:30:00+00:00,0.01422380842268467,0.014225497841835022,0.013965046964585781,0.013965046964585781,254153
2026-01-15 05:45:00+00:00,0.014160479418933392,0.014220673590898514,0.014140915125608444,0.014220673590898514,152066
2026-01-15 06:00:00+00:00,0.013995089568197727,0.014143046922981739,0.013989645056426525,0.014143046922981739,46414
2026-01-15 06:15:00+00:00,0.014005378820002079,0.014090070500969887,0.013992530293762684,0.013994956389069557,33244
2026-01-15 06:30:00+00:00,0.013992470689117908,0.014007575809955597,0.01397472620010376,0.01400698535144329,808
2026-01-15 06:45:00+00:00,0.014082428067922592,0.014083719812333584,0.013902445323765278,0.013984735123813152,0
2026-01-15 07:00:00+00:00,0.014106318354606628,0.014106318354606628,0.014064495451748371,0.014081359840929508,0
2026-01-15 07:15:00+00:00,0.014403019100427628,0.01446511223912239,0.01410497073084116,0.01410497073084116,162360
2026-01-15 07:30:00+00:00,0.014584224671125412,0.014584224671125412,0.014367373660206795,0.014400115236639977,17629
2026-01-15 07:45:00+00:00,0.01464505773037672,0.014788025990128517,0.014584382064640522,0.014584382064640522,115829
2026-01-15 08:00:00+00:00,0.014673328958451748,0.01467384584248066,0.014546952210366726,0.014644150622189045,152350
2026-01-15 08:15:00+00:00,0.014400198124349117,0.014699076302349567,0.014400198124349117,0.01464495062828064,193976
2026-01-15 08:30:00+00:00,0.014367812313139439,0.014416447840631008,0.014304593205451965,0.014416447840631008,70677
2026-01-15 08:45:00+00:00,0.014363848604261875,0.014381779357790947,0.014292099513113499,0.014347033575177193,120159
2026-01-15 09:00:00+00:00,0.014203657396137714,0.014383615925908089,0.014198347926139832,0.014366182498633862,4775
2026-01-15 09:15:00+00:00,0.014341604895889759,0.014354128390550613,0.014194977469742298,0.014194977469742298,148884
2026-01-15 09:30:00+00:00,0.014385959133505821,0.01448033843189478,0.01433824747800827,0.0143435662612319,84343
2026-01-15 09:45:00+00:00,0.014495848678052425,0.014495848678052425,0.014376292936503887,0.014391711913049221,91204
2026-01-15 10:00:00+00:00,0.01444086804986,0.01453318353742361,0.01443236880004406,0.01449103094637394,0
2026-01-15 10:15:00+00:00,0.01425021979957819,0.014436657540500164,0.014234323054552078,0.014436657540500164,6023
2026-01-15 10:30:00+00:00,0.014220178127288818,0.014250710606575012,0.014220178127288818,0.014250710606575012,0
2026-01-15 10:45:00+00:00,0.014317789115011692,0.014317789115011692,0.014218585565686226,0.01422565896064043,0
2026-01-15 11:00:00+00:00,0.014303972013294697,0.014321009628474712,0.014291640371084213,0.014317763969302177,0
2026-01-15 11:15:00+00:00,0.014408172108232975,0.014410430565476418,0.014302456751465797,0.014302456751465797,36810
2026-01-15 11:30:00+00:00,0.014221223071217537,0.014439621940255165,0.014221037738025188,0.014404124580323696,58888
2026-01-15 11:45:00+00:00,0.014267012476921082,0.014268970116972923,0.01422970648854971,0.01422970648854971,0
2026-01-15 12:00:00+00:00,0.014334320090711117,0.014354829676449299,0.014269925653934479,0.014269925653934479,5338
2026-01-15 12:15:00+00:00,0.014313848689198494,0.014334428124129772,0.014300812967121601,0.014334428124129772,0
2026-01-15 12:30:00+00:00,0.014318056404590607,0.014355537481606007,0.01430593803524971,0.014310888946056366,5125
2026-01-15 12:45:00+00:00,0.014419457875192165,0.014447015710175037,0.014316211454570293,0.014316211454570293,8834
2026-01-15 13:00:00+00:00,0.014386812224984169,0.014420860446989536,0.014386812224984169,0.014420860446989536,0
2026-01-15 13:15:00+00:00,0.01441895216703415,0.014419536106288433,0.014316526241600513,0.014367627911269665,0
2026-01-15 13:30:00+00:00,0.014229299500584602,0.014443176798522472,0.014226395636796951,0.014425130560994148,0
2026-01-15 13:45:00+00:00,0.014241642318665981,0.014285385608673096,0.014241642318665981,0.014242523349821568,6049
2026-01-15 14:00:00+00:00,0.014252220280468464,0.014252220280468464,0.014233636669814587,0.014244798570871353,53819
2026-01-15 14:15:00+00:00,0.014213151298463345,0.014261242933571339,0.014194297604262829,0.014259157702326775,25104
2026-01-15 14:30:00+00:00,0.013948041014373302,0.014208999462425709,0.013948041014373302,0.014208999462425709,119063
2026-01-15 14:45:00+00:00,0.01386953890323639,0.01396478246897459,0.01386953890323639,0.01396478246897459,42516
2026-01-15 15:00:00+00:00,0.013845524750649929,0.013869368471205235,0.013814656063914299,0.013868541456758976,0
2026-01-15 15:15:00+00:00,0.01372262742370367,0.013837659731507301,0.01372262742370367,0.013829083181917667,0
2026-01-15 15:30:00+00:00,0.013618753291666508,0.013713528402149677,0.01359483227133751,0.013713528402149677,0
2026-01-15 15:45:00+00:00,0.013626442290842533,0.013642063364386559,0.01353083923459053,0.013614077121019363,72046
2026-01-15 16:00:00+00:00,0.013677024282515049,0.013677024282515049,0.013599150814116001,0.013634022325277328,41433
2026-01-15 16:15:00+00:00,0.013668281957507133,0.013712217099964619,0.013668281957507133,0.013677798211574554,0
2026-01-15 16:30:00+00:00,0.013763409107923508,0.013766049407422543,0.013641064055263996,0.013665976002812386,11442
2026-01-15 16:45:00+00:00,0.01371361780911684,0.013762794435024261,0.013710533268749714,0.013757233507931232,10103
2026-01-15 17:00:00+00:00,0.013624448329210281,0.013712243176996708,0.013609791174530983,0.013712243176996708,1303
2026-01-15 17:15:00+00:00,0.013617433607578278,0.013620233163237572,0.013596553355455399,0.013620233163237572,0
2026-01-15 17:30:00+00:00,0.013673827983438969,0.013673827983438969,0.013619261793792248,0.013619261793792248,0
2026-01-15 17:45:00+00:00,0.01352812722325325,0.013684012927114964,0.013526231981813908,0.013673623092472553,0
2026-01-15 18:00:00+00:00,0.013390601612627506,0.01351992879062891,0.013389024883508682,0.01351992879062891,32221
2026-01-15 18:15:00+00:00,0.013353222981095314,0.013388508930802345,0.01329450961202383,0.013388508930802345,16423
2026-01-15 18:30:00+00:00,0.013296874240040779,0.013352193869650364,0.013289683498442173,0.013352193869650364,0
2026-01-15 18:45:00+00:00,0.013299740850925446,0.013346729800105095,0.013292863965034485,0.013292863965034485,1359
2026-01-15 19:00:00+00:00,0.013250921852886677,0.013300227001309395,0.013223550282418728,0.013300227001309395,0
2026-01-15 19:15:00+00:00,0.013212046585977077,0.013283099979162216,0.013212046585977077,0.013250068761408329,0
2026-01-15 19:30:00+00:00,0.01323675736784935,0.013279932551085949,0.013203948736190796,0.013209686614573002,0
2026-01-15 19:45:00+00:00,0.013346221297979355,0.013352534733712673,0.013239400461316109,0.013239400461316109,29729
2026-01-15 20:00:00+00:00,0.013361692428588867,0.013361692428588867,0.01332517433911562,0.013343376107513905,28627
2026-01-15 20:15:00+00:00,0.013313468545675278,0.013383646495640278,0.013313468545675278,0.013359591364860535,39097
2026-01-15 20:30:00+00:00,0.013239300809800625,0.013291631825268269,0.013239219784736633,0.013291631825268269,16973
2026-01-15 20:45:00+00:00,0.013217329978942871,0.013238418847322464,0.013209860771894455,0.013234684243798256,7894
2026-01-15 21:00:00+00:00,0.013235755264759064,0.013245637528598309,0.013211755082011223,0.013217763975262642,0
2026-01-15 21:15:00+00:00,0.013258092105388641,0.013260284438729286,0.013239486142992973,0.013239486142992973,0
2026-01-15 21:30:00+00:00,0.013245021924376488,0.013254748657345772,0.01323189027607441,0.013252791948616505,2703
2026-01-15 21:45:00+00:00,0.013237124308943748,0.013248984701931477,0.013237124308943748,0.013241797685623169,0
2026-01-15 22:00:00+00:00,0.013278616592288017,0.01328373048454523,0.013239500112831593,0.013239500112831593,0
2026-01-15 22:15:00+00:00,0.013279362581670284,0.013285784982144833,0.013272003270685673,0.013281396590173244,8632
2026-01-15 22:30:00+00:00,0.013294677250087261,0.013307232409715652,0.013282518833875656,0.013282518833875656,0
2026-01-15 22:45:00+00:00,0.01328401081264019,0.013297641649842262,0.013263938017189503,0.013294937089085579,0
2026-01-15 23:00:00+00:00,0.013289004564285278,0.013297752477228642,0.013265585526823997,0.01328413188457489,0
2026-01-15 23:15:00+00:00,0.013343571685254574,0.01335188653320074,0.013293987140059471,0.013293987140059471,16107
2026-01-15 23:30:00+00:00,0.013342109508812428,0.013359342701733112,0.013333526439964771,0.013343044556677341,7968
2026-01-15 23:45:00+00:00,0.013343247584998608,0.013346114195883274,0.01333540678024292,0.013337193988263607,10263
2026-01-16 00:00:00+00:00,0.013309582136571407,0.013342800550162792,0.013309407979249954,0.013342217542231083,0
2026-01-16 00:15:00+00:00,0.013387558050453663,0.013387558050453663,0.013309672474861145,0.013309672474861145,0
2026-01-16 00:30:00+00:00,0.013364539481699467,0.01339102815836668,0.01336267963051796,0.01339102815836668,0
2026-01-16 00:45:00+00:00,0.013304897584021091,0.013362805359065533,0.013304897584021091,0.013362805359065533,0
2026-01-16 01:00:00+00:00,0.013260255567729473,0.01329278014600277,0.013256827369332314,0.01329278014600277,0
2026-01-16 01:15:00+00:00,0.01329653151333332,0.01329653151333332,0.013247741386294365,0.013260668143630028,0
2026-01-16 01:30:00+00:00,0.013427931815385818,0.013428525999188423,0.01329676155000925,0.01329676155000925,12988
2026-01-16 01:45:00+00:00,0.013463773764669895,0.013474246487021446,0.013414948247373104,0.013425868935883045,0
2026-01-16 02:00:00+00:00,0.013331756927073002,0.013463192619383335,0.013310193084180355,0.013463192619383335,9891
2026-01-16 02:15:00+00:00,0.013642923906445503,0.013642923906445503,0.013322841376066208,0.013334543444216251,117877
2026-01-16 02:30:00+00:00,0.013808579184114933,0.013815503567457199,0.013644845224916935,0.013666567392647266,276170
2026-01-16 02:45:00+00:00,0.013837276957929134,0.013849189504981041,0.013799614273011684,0.013805214315652847,143794
2026-01-16 03:00:00+00:00,0.013938361778855324,0.013967453502118587,0.013826590031385422,0.013838522136211395,62072
2026-01-16 03:15:00+00:00,0.013914120383560658,0.013943030498921871,0.013887421227991581,0.013940693810582161,125331
2026-01-16 03:30:00+00:00,0.013788383454084396,0.013915273360908031,0.013782740570604801,0.013914186507463455,16534
2026-01-16 03:45:00+00:00,0.013786361552774906,0.013799737207591534,0.013768821023404598,0.013790064491331577,2581
2026-01-16 04:00:00+00:00,0.013738035224378109,0.013784709386527538,0.013737913221120834,0.013784709386527538,0
2026-01-16 04:15:00+00:00,0.013735832646489143,0.013761569745838642,0.01371789164841175,0.013739299029111862,9935
2026-01-16 04:30:00+00:00,0.013711626641452312,0.013730932958424091,0.01364235207438469,0.013730932958424091,0
2026-01-16 04:45:00+00:00,0.013649234548211098,0.013707452453672886,0.013633494265377522,0.013706923462450504,0
2026-01-16 05:00:00+00:00,0.013937287963926792,0.013937287963926792,0.01366496179252863,0.01366496179252863,68252
2026-01-16 05:15:00+00:00,0.013977058231830597,0.014026344753801823,0.01393212378025055,0.01393212378025055,158781
2026-01-16 05:30:00+00:00,0.014065471477806568,0.014080068096518517,0.013945488259196281,0.013945488259196281,240
2026-01-16 05:45:00+00:00,0.013959941454231739,0.014051515609025955,0.013954566791653633,0.014051515609025955,0
2026-01-16 06:00:00+00:00,0.013988583348691463,0.014006262645125389,0.013940514996647835,0.013958990573883057,0
2026-01-16 06:15:00+00:00,0.014038081280887127,0.01405429095029831,0.013965802267193794,0.013983475044369698,39894
2026-01-16 06:30:00+00:00,0.014035743661224842,0.014035743661224842,0.013965066522359848,0.014017361216247082,50631
2026-01-16 06:45:00+00:00,0.014130545780062675,0.014146970584988594,0.014044146053493023,0.014044146053493023,33321
2026-01-16 07:00:00+00:00,0.014072724618017673,0.014151952229440212,0.01407137792557478,0.014129885472357273,11356
2026-01-16 07:15:00+00:00,0.013988892547786236,0.01408581156283617,0.013983851298689842,0.01408581156283617,33311
2026-01-16 07:30:00+00:00,0.013875429518520832,0.013977308757603168,0.013875429518520832,0.013977308757603168,64269
2026-01-16 07:45:00+00:00,0.013992837630212307,0.013999998569488525,0.01386337447911501,0.01386337447911501,0
2026-01-16 08:00:00+00:00,0.014064531773328781,0.014064531773328781,0.013935194350779057,0.013990250416100025,0
2026-01-16 08:15:00+00:00,0.01409000251442194,0.014116897247731686,0.014064614661037922,0.014064614661037922,0
2026-01-16 08:30:00+00:00,0.01410030946135521,0.01410030946135521,0.01404235977679491,0.014085321687161922,7935
2026-01-16 08:45:00+00:00,0.014058902859687805,0.014116274192929268,0.014054183848202229,0.014094025827944279,0
2026-01-16 09:00:00+00:00,0.01408400945365429,0.014096076600253582,0.014017337933182716,0.014057481661438942,0
2026-01-16 09:15:00+00:00,0.01399842370301485,0.014084525406360626,0.01399842370301485,0.014084525406360626,8193
2026-01-16 09:30:00+00:00,0.0140093257650733,0.014013001695275307,0.013987944461405277,0.013996868394315243,0
2026-01-16 09:45:00+00:00,0.014132651500403881,0.014162006787955761,0.01402075681835413,0.01402075681835413,34557
2026-01-16 10:00:00+00:00,0.014074714854359627,0.014131360687315464,0.014074714854359627,0.014131360687315464,0
2026-01-16 10:15:00+00:00,0.014005264267325401,0.014068045653402805,0.01400219276547432,0.014068045653402805,0
2026-01-16 10:30:00+00:00,0.013992433436214924,0.01400844007730484,0.013992433436214924,0.01400844007730484,9436
2026-01-16 10:45:00+00:00,0.0139174098148942,0.013983023352921009,0.013910451903939247,0.013983023352921009,0
2026-01-16 11:00:00+00:00,0.013942765071988106,0.013951563276350498,0.013915739953517914,0.013915739953517914,4927
2026-01-16 11:15:00+00:00,0.013856662437319756,0.013941287994384766,0.013817954808473587,0.013941287994384766,35865
2026-01-16 11:30:00+00:00,0.013884389773011208,0.013921348378062248,0.013883878476917744,0.013885250315070152,0
2026-01-16 11:45:00+00:00,0.013937214389443398,0.013937214389443398,0.01383997406810522,0.013882217928767204,27381
2026-01-16 12:00:00+00:00,0.014004463329911232,0.014006033539772034,0.013930551707744598,0.013930551707744598,89879
2026-01-16 12:15:00+00:00,0.013966265134513378,0.01401082519441843,0.013963845558464527,0.014006935991346836,8742
2026-01-16 12:30:00+00:00,0.01392651442438364,0.013960715383291245,0.013912840746343136,0.013960715383291245,0
2026-01-16 12:45:00+00:00,0.013981473632156849,0.013988394290208817,0.013930599205195904,0.013930599205195904,6688
2026-01-16 13:00:00+00:00,0.014019406400620937,0.014050865545868874,0.013978014700114727,0.013979274779558182,23499
2026-01-16 13:15:00+00:00,0.014028002507984638,0.014028726145625114,0.013968355022370815,0.014021739363670349,16094
2026-01-16 13:30:00+00:00,0.014041990041732788,0.014041990041732788,0.013974916189908981,0.014018173329532146,6370
2026-01-16 13:45:00+00:00,0.014056100510060787,0.014100435189902782,0.014042927883565426,0.014042927883565426,11873
2026-01-16 14:00:00+00:00,0.013980843126773834,0.014046640135347843,0.013980843126773834,0.014046640135347843,2597
2026-01-16 14:15:00+00:00,0.013999251648783684,0.013999251648783684,0.01395491510629654,0.013980763964354992,4077
2026-01-16 14:30:00+00:00,0.013991422019898891,0.014123870991170406,0.013948792591691017,0.01406106911599636,18806
2026-01-16 14:45:00+00:00,0.013986642472445965,0.014006011188030243,0.013980851508677006,0.013989620842039585,0
2026-01-16 15:00:00+00:00,0.014156458899378777,0.014156458899378777,0.013987874612212181,0.013987874612212181,0
2026-01-16 15:15:00+00:00,0.013957117684185505,0.014174304902553558,0.013957117684185505,0.014159781858325005,23733
2026-01-16 15:30:00+00:00,0.01379070058465004,0.013878554105758667,0.013773484155535698,0.013878554105758667,16468
2026-01-16 15:45:00+00:00,0.013667624443769455,0.013787800446152687,0.013638737611472607,0.013785029761493206,2167
2026-01-16 16:00:00+00:00,0.013785868883132935,0.013785868883132935,0.013657880015671253,0.01366885844618082,21418
2026-01-16 16:15:00+00:00,0.013869117014110088,0.013869501650333405,0.013785235583782196,0.013787860050797462,63965
2026-01-16 16:30:00+00:00,0.013945084996521473,0.013945084996521473,0.013811505399644375,0.013873611576855183,9236
2026-01-16 16:45:00+00:00,0.013843541033565998,0.013937943615019321,0.013843541033565998,0.013937943615019321,433
2026-01-16 17:00:00+00:00,0.013798321597278118,0.013851641677320004,0.01379652414470911,0.013840199448168278,0
2026-01-16 17:15:00+00:00,0.013804818503558636,0.013828192837536335,0.01378747820854187,0.013806014321744442,0
2026-01-16 17:30:00+00:00,0.013892332091927528,0.013892535120248795,0.013824140653014183,0.013826601207256317,31370
2026-01-16 17:45:00+00:00,0.013926457613706589,0.013940097764134407,0.013890833593904972,0.0139107471331954,27801
2026-01-16 18:00:00+00:00,0.013944280333817005,0.013973651453852654,0.01393422856926918,0.013935018330812454,0
2026-01-16 18:15:00+00:00,0.01390187069773674,0.01392519660294056,0.013883077539503574,0.01392519660294056,0
2026-01-16 18:30:00+00:00,0.013895492069423199,0.0139186792075634,0.013888934627175331,0.01390184834599495,16477
2026-01-16 18:45:00+00:00,0.013858693651854992,0.013895380310714245,0.013858693651854992,0.013895380310714245,0
2026-01-16 19:00:00+00:00,0.01379296276718378,0.013846151530742645,0.013790839351713657,0.013846151530742645,0
2026-01-16 19:15:00+00:00,0.013708463869988918,0.01378346886485815,0.013697098009288311,0.01378346886485815,7046
2026-01-16 19:30:00+00:00,0.013781601563096046,0.013798956759274006,0.013702978380024433,0.013702978380024433,8593
2026-01-16 19:45:00+00:00,0.013801763765513897,0.013808201067149639,0.013777459040284157,0.013777459040284157,0
2026-01-16 20:00:00+00:00,0.013737895525991917,0.013800155371427536,0.013727668672800064,0.013800155371427536,0
2026-01-16 20:15:00+00:00,0.013894584029912949,0.013894584029912949,0.013746831566095352,0.013746831566095352,20399
2026-01-16 20:30:00+00:00,0.014035960659384727,0.014035960659384727,0.013895580545067787,0.013895580545067787,52719
2026-01-16 20:45:00+00:00,0.014067007228732109,0.014067007228732109,0.014039128087460995,0.014039128087460995,21192
2026-01-16 21:00:00+00:00,0.014045278541743755,0.014085645787417889,0.014045278541743755,0.014085645787417889,38737
2026-01-16 21:15:00+00:00,0.014014378190040588,0.0140251275151968,0.01400307472795248,0.014024253934621811,27985
2026-01-16 21:30:00+00:00,0.014078615233302116,0.014085454866290092,0.014040108770132065,0.014042279683053493,19774
2026-01-16 21:45:00+00:00,0.014085672795772552,0.014090766198933125,0.014070015400648117,0.014077003113925457,13371
2026-01-16 22:00:00+00:00,0.014282583259046078,0.014313695020973682,0.014078186824917793,0.014085844159126282,197828
2026-01-16 22:15:00+00:00,0.014329066500067711,0.014334866777062416,0.014239837415516376,0.014270051382482052,236106
2026-01-16 22:30:00+00:00,0.014486473985016346,0.014527286402881145,0.014333388768136501,0.014333388768136501,402538
2026-01-16 22:45:00+00:00,0.014433958567678928,0.014486306346952915,0.014433779753744602,0.014482049271464348,67448
2026-01-16 23:00:00+00:00,0.014356840401887894,0.014428669586777687,0.014355544000864029,0.014416826888918877,74570
2026-01-16 23:15:00+00:00,0.014361328445374966,0.014362320303916931,0.014284491539001465,0.014356063678860664,77830
2026-01-16 23:30:00+00:00,0.014351468533277512,0.01436665840446949,0.014348255470395088,0.014362129382789135,6122
2026-01-16 23:45:00+00:00,0.014379830099642277,0.014418775215744972,0.014351525343954563,0.014351525343954563,52413
2026-01-17 00:00:00+00:00,0.014213786460459232,0.014371935278177261,0.014204398728907108,0.014371935278177261,39439
2026-01-17 00:15:00+00:00,0.014203722588717937,0.014250827953219414,0.014203722588717937,0.014216053299605846,13590
2026-01-17 00:30:00+00:00,0.01414080522954464,0.014193526469171047,0.014088543131947517,0.014193526469171047,75947
2026-01-17 00:45:00+00:00,0.014111057855188847,0.014188233762979507,0.014111057855188847,0.014149454422295094,34611
2026-01-17 01:00:00+00:00,0.014102366752922535,0.014134620316326618,0.01408150140196085,0.014100492931902409,18662
2026-01-17 01:15:00+00:00,0.014125875197350979,0.014132670126855373,0.014102283865213394,0.014104102738201618,6080
2026-01-17 01:30:00+00:00,0.01411682553589344,0.014127510599792004,0.014112861827015877,0.014127510599792004,1165
2026-01-17 01:45:00+00:00,0.014171945862472057,0.014173721894621849,0.014113686978816986,0.014116784557700157,7397
2026-01-17 02:00:00+00:00,0.01416940987110138,0.014207625761628151,0.014168529771268368,0.014171984046697617,23837
2026-01-17 02:15:00+00:00,0.014072096906602383,0.014151929877698421,0.014072096906602383,0.014151929877698421,0
2026-01-17 02:30:00+00:00,0.01400770340114832,0.014068115502595901,0.014006959274411201,0.014068115502595901,0
2026-01-17 02:45:00+00:00,0.014043656177818775,0.014043656177818775,0.013990212231874466,0.014005186967551708,5530
2026-01-17 03:00:00+00:00,0.014110340736806393,0.014110340736806393,0.01404624991118908,0.01404624991118908,0
2026-01-17 03:15:00+00:00,0.014154499396681786,0.014181878417730331,0.014096852391958237,0.014105863869190216,0
2026-01-17 03:30:00+00:00,0.01414438895881176,0.014154407195746899,0.014124413952231407,0.014154407195746899,8629
2026-01-17 03:45:00+00:00,0.014160704798996449,0.014161717146635056,0.014143533073365688,0.014143533073365688,0
2026-01-17 04:00:00+00:00,0.014049643650650978,0.014160780236124992,0.014024745672941208,0.01415899395942688,52634
2026-01-17 04:15:00+00:00,0.014165817759931087,0.014165958389639854,0.014054917730391026,0.014054917730391026,58927
2026-01-17 04:30:00+00:00,0.014258685521781445,0.014278015121817589,0.014181016944348812,0.014181016944348812,81023
2026-01-17 04:45:00+00:00,0.014264772646129131,0.014276344329118729,0.014245348051190376,0.014265169389545918,1780
2026-01-17 05:00:00+00:00,0.014198260381817818,0.014264680445194244,0.014193147420883179,0.014264680445194244,0
2026-01-17 05:15:00+00:00,0.014183158054947853,0.014196225441992283,0.014169514179229736,0.014193844050168991,0
2026-01-17 05:30:00+00:00,0.014235473237931728,0.014236558228731155,0.014185923151671886,0.014185923151671886,0
2026-01-17 05:45:00+00:00,0.014108018018305302,0.014193164184689522,0.014108018018305302,0.014193164184689522,0
2026-01-17 06:00:00+00:00,0.014095100574195385,0.014097302220761776,0.014048373326659203,0.014097302220761776,1640
2026-01-17 06:15:00+00:00,0.014078541658818722,0.014138719066977501,0.01407547201961279,0.014095975086092949,3639
2026-01-17 06:30:00+00:00,0.014039847999811172,0.014085224829614162,0.01403144933283329,0.01407830324023962,0
2026-01-17 06:45:00+00:00,0.014031991362571716,0.014036263339221478,0.0140184685587883,0.014031912200152874,0
2026-01-17 07:00:00+00:00,0.014101936481893063,0.014101936481893063,0.014024736359715462,0.014057325199246407,37732
2026-01-17 07:15:00+00:00,0.014344497583806515,0.014351394027471542,0.014213334769010544,0.014213334769010544,156619
2026-01-17 07:30:00+00:00,0.014427217654883862,0.014429515227675438,0.014343817718327045,0.014343817718327045,65645
2026-01-17 07:45:00+00:00,0.014408836141228676,0.01449360977858305,0.014394816011190414,0.014445166103541851,82251
2026-01-17 08:00:00+00:00,0.014497333206236362,0.014517046511173248,0.014431658200919628,0.014452562667429447,79555
2026-01-17 08:15:00+00:00,0.01451814454048872,0.014566406607627869,0.01448814757168293,0.01448814757168293,19057
2026-01-17 08:30:00+00:00,0.014582331292331219,0.014616240747272968,0.014472360722720623,0.014498529955744743,59173
2026-01-17 08:45:00+00:00,0.014641684480011463,0.014641684480011463,0.014569747261703014,0.014581413008272648,52377
2026-01-17 09:00:00+00:00,0.01458705309778452,0.014677760191261768,0.014569307677447796,0.014641021378338337,86345
2026-01-17 09:15:00+00:00,0.014517031610012054,0.014575340785086155,0.01451120525598526,0.014575340785086155,0
2026-01-17 09:30:00+00:00,0.014495665207505226,0.01450606994330883,0.01445531751960516,0.014491458423435688,32109
2026-01-17 09:45:00+00:00,0.014393906109035015,0.014496354386210442,0.014387842267751694,0.01449549850076437,34907
2026-01-17 10:00:00+00:00,0.014405341818928719,0.01443043164908886,0.014375685714185238,0.01439216174185276,22938
2026-01-17 10:15:00+00:00,0.014352881349623203,0.014404557645320892,0.014352881349623203,0.014404557645320892,9263
2026-01-17 10:30:00+00:00,0.014335728250443935,0.014355636201798916,0.014335728250443935,0.014352024532854557,4891
2026-01-17 10:45:00+00:00,0.014316054992377758,0.014332865364849567,0.014309766702353954,0.014332865364849567,0
2026-01-17 11:00:00+00:00,0.014253741130232811,0.014341753907501698,0.014252880588173866,0.014325232245028019,14573
2026-01-17 11:15:00+00:00,0.014316742308437824,0.014316917397081852,0.01424542535096407,0.014249325729906559,0
2026-01-17 11:30:00+00:00,0.014283137395977974,0.014355591498315334,0.014283137395977974,0.014317457564175129,935
2026-01-17 11:45:00+00:00,0.014239510521292686,0.01428239792585373,0.014227159321308136,0.01428239792585373,9160
2026-01-17 12:00:00+00:00,0.014393098652362823,0.014393098652362823,0.01422884315252304,0.01423721294850111,4743
2026-01-17 12:15:00+00:00,0.014614829793572426,0.014614829793572426,0.014396432787179947,0.014396432787179947,229533
2026-01-17 12:30:00+00:00,0.014587759040296078,0.014680640771985054,0.014584175311028957,0.014678132720291615,127314
2026-01-17 12:45:00+00:00,0.014492147602140903,0.014601092785596848,0.014492147602140903,0.014592019841074944,28712
2026-01-17 13:00:00+00:00,0.014469992369413376,0.014525306411087513,0.014461375772953033,0.014494791626930237,0
2026-01-17 13:15:00+00:00,0.014341231435537338,0.014465373940765858,0.014341231435537338,0.01446384098380804,28166
2026-01-17 13:30:00+00:00,0.01435867976397276,0.01439543068408966,0.014339174143970013,0.01434120163321495,26307
2026-01-17 13:45:00+00:00,0.01430656760931015,0.014347407966852188,0.01430656760931015,0.014347407966852188,3822
2026-01-17 14:00:00+00:00,0.014295695349574089,0.014309832826256752,0.014287875965237617,0.014309832826256752,22448
2026-01-17 14:15:00+00:00,0.014251922257244587,0.01430724747478962,0.014251922257244587,0.014293755404651165,18947
2026-01-17 14:30:00+00:00,0.014329112134873867,0.014378623105585575,0.014212519861757755,0.01425253413617611,7075
2026-01-17 14:45:00+00:00,0.014284683391451836,0.01433155033737421,0.014284683391451836,0.014328275807201862,394
2026-01-17 15:00:00+00:00,0.014267833903431892,0.014272885397076607,0.014234612695872784,0.014272590167820454,158783
2026-01-17 15:15:00+00:00,0.014201534911990166,0.014266317710280418,0.014189728535711765,0.014266317710280418,841
2026-01-17 15:30:00+00:00,0.014249627478420734,0.014276266098022461,0.014206855557858944,0.014206855557858944,0
2026-01-17 15:45:00+00:00,0.014219405129551888,0.014262980781495571,0.014204173348844051,0.014248978346586227,5585
2026-01-17 16:00:00+00:00,0.014152572490274906,0.014220505021512508,0.014151274226605892,0.014220048673450947,0
2026-01-17 16:15:00+00:00,0.01397722214460373,0.014148807153105736,0.013974021188914776,0.014148807153105736,80781
2026-01-17 16:30:00+00:00,0.013950682245194912,0.01399513054639101,0.013899088837206364,0.013991916552186012,59423
2026-01-17 16:45:00+00:00,0.01393638364970684,0.01394570805132389,0.013910779729485512,0.01394570805132389,43174
2026-01-17 17:00:00+00:00,0.013988403603434563,0.013989278115332127,0.013938295654952526,0.013938295654952526,11149
2026-01-17 17:15:00+00:00,0.01400109101086855,0.014018051326274872,0.013994499109685421,0.013994499109685421,59257
2026-01-17 17:30:00+00:00,0.013976664282381535,0.014012273401021957,0.013957424089312553,0.013997003436088562,12186
2026-01-17 17:45:00+00:00,0.013969648629426956,0.013976515270769596,0.0139471385627985,0.013976515270769596,0
2026-01-17 18:00:00+00:00,0.013954538851976395,0.01399365533143282,0.013945355080068111,0.013977826572954655,0
2026-01-17 18:15:00+00:00,0.013994191773235798,0.014003346674144268,0.013953694142401218,0.013953694142401218,2009
2026-01-17 18:30:00+00:00,0.014001664705574512,0.014007865451276302,0.01398364920169115,0.01398835051804781,584
2026-01-17 18:45:00+00:00,0.014022764749825,0.014025181531906128,0.013997443951666355,0.01400010846555233,6948
2026-01-17 19:00:00+00:00,0.013997368514537811,0.014027089811861515,0.013997368514537811,0.014026626013219357,4084
2026-01-17 19:15:00+00:00,0.013984804973006248,0.013998987153172493,0.013965265825390816,0.013998987153172493,3987
2026-01-17 19:30:00+00:00,0.013977172784507275,0.013986349105834961,0.013958821073174477,0.013986349105834961,0
2026-01-17 19:45:00+00:00,0.013952433131635189,0.013964562676846981,0.013935652561485767,0.013964562676846981,1473
2026-01-17 20:00:00+00:00,0.013993886299431324,0.014008856378495693,0.01396135427057743,0.01396135427057743,5858
2026-01-17 20:15:00+00:00,0.013970693573355675,0.014005221426486969,0.01397067029029131,0.01399202086031437,7798
2026-01-17 20:30:00+00:00,0.013927001506090164,0.013969022780656815,0.013926476240158081,0.013969022780656815,0
2026-01-17 20:45:00+00:00,0.013963524252176285,0.013963524252176285,0.013926033861935139,0.013926033861935139,11919
2026-01-17 21:00:00+00:00,0.013920271769165993,0.013965575955808163,0.013920271769165993,0.01396122109144926,0
2026-01-17 21:15:00+00:00,0.013945234008133411,0.013951919041574001,0.013916914351284504,0.013916914351284504,9697
2026-01-17 21:30:00+00:00,0.01390810962766409,0.013943558558821678,0.013907072134315968,0.013943558558821678,2626
2026-01-17 21:45:00+00:00,0.013853680342435837,0.013902705162763596,0.013845724985003471,0.013902705162763596,51283
2026-01-17 22:00:00+00:00,0.013844241388142109,0.013878273777663708,0.013842949643731117,0.01386119332164526,0
2026-01-17 22:15:00+00:00,0.013794257305562496,0.01384796854108572,0.013794257305562496,0.013844402506947517,0
2026-01-17 22:30:00+00:00,0.013713699765503407,0.013795122504234314,0.013712332583963871,0.013795122504234314,0
2026-01-17 22:45:00+00:00,0.013737283647060394,0.013737283647060394,0.013701532036066055,0.013719595037400723,0
2026-01-17 23:00:00+00:00,0.013781659305095673,0.013781659305095673,0.013723347336053848,0.013739142566919327,0
2026-01-17 23:15:00+00:00,0.013732703402638435,0.013785283081233501,0.013732703402638435,0.013785283081233501,0
2026-01-17 23:30:00+00:00,0.013720668852329254,0.013746879994869232,0.013720614835619926,0.013732703402638435,38816
2026-01-17 23:45:00+00:00,0.013741632923483849,0.013741632923483849,0.013708130456507206,0.013720665127038956,0
2026-01-18 00:00:00+00:00,0.01379686500877142,0.01379686500877142,0.013735032640397549,0.013741739094257355,0
2026-01-18 00:15:00+00:00,0.01392577774822712,0.01392577774822712,0.01380146760493517,0.01380146760493517,73067
2026-01-18 00:30:00+00:00,0.013822857290506363,0.013940387405455112,0.013822797685861588,0.013925615698099136,1071
2026-01-18 00:45:00+00:00,0.013818420469760895,0.01385890319943428,0.013814989477396011,0.013831199146807194,0
2026-01-18 01:00:00+00:00,0.013719504699110985,0.013814165256917477,0.013719165697693825,0.013814165256917477,2743
2026-01-18 01:15:00+00:00,0.013782542198896408,0.01378434244543314,0.013716784305870533,0.01371693890541792,23584
2026-01-18 01:30:00+00:00,0.01374900620430708,0.013781247660517693,0.013748758472502232,0.013781247660517693,12856
2026-01-18 01:45:00+00:00,0.013712193816900253,0.01374500896781683,0.013706512749195099,0.01374500896781683,0
2026-01-18 02:00:00+00:00,0.013810783624649048,0.013821977190673351,0.013713886961340904,0.013713886961340904,2813
2026-01-18 02:15:00+00:00,0.013780788518488407,0.013821925967931747,0.013778683729469776,0.013812215998768806,0
2026-01-18 02:30:00+00:00,0.01369034219533205,0.013796069659292698,0.013685419224202633,0.013780798763036728,15037
2026-01-18 02:45:00+00:00,0.013796850107610226,0.013796850107610226,0.013691363856196404,0.013691363856196404,7572
2026-01-18 03:00:00+00:00,0.013787863776087761,0.013793762773275375,0.013766763731837273,0.013793762773275375,2870
2026-01-18 03:15:00+00:00,0.01383247971534729,0.01383337751030922,0.013790596276521683,0.013790596276521683,5624
2026-01-18 03:30:00+00:00,0.013824417255818844,0.013842200860381126,0.013822671957314014,0.013833212666213512,0
2026-01-18 03:45:00+00:00,0.01378396525979042,0.013829817064106464,0.01378396525979042,0.013821416534483433,10136
2026-01-18 04:00:00+00:00,0.013758922927081585,0.013804704882204533,0.013755994848906994,0.013756589964032173,0
2026-01-18 04:15:00+00:00,0.013794777914881706,0.013794777914881706,0.013753177598118782,0.013758659362792969,0
2026-01-18 04:30:00+00:00,0.013897817581892014,0.013897817581892014,0.013794920407235622,0.013794920407235622,0
2026-01-18 04:45:00+00:00,0.01391048263758421,0.013939251191914082,0.013909341767430305,0.013939251191914082,10029
2026-01-18 05:00:00+00:00,0.013848287053406239,0.0139088099822402,0.01384824514389038,0.0139088099822402,10921
2026-01-18 05:15:00+00:00,0.01396194938570261,0.01396194938570261,0.01386917196214199,0.01386917196214199,2569
2026-01-18 05:30:00+00:00,0.014010789804160595,0.014010903425514698,0.013926110230386257,0.013959474861621857,7375
2026-01-18 05:45:00+00:00,0.013935391791164875,0.014027985744178295,0.013934189453721046,0.014012390747666359,185
2026-01-18 06:00:00+00:00,0.013954074122011662,0.013964585959911346,0.013936743140220642,0.01394674088805914,8666
2026-01-18 06:15:00+00:00,0.01389885414391756,0.01395312137901783,0.013882508501410484,0.01395312137901783,28416
2026-01-18 06:30:00+00:00,0.013918183743953705,0.013924630358815193,0.013876859098672867,0.013899627141654491,28709
2026-01-18 06:45:00+00:00,0.01386876031756401,0.013919465243816376,0.013858641497790813,0.013919465243816376,13341
2026-01-18 07:00:00+00:00,0.013828327879309654,0.013876130804419518,0.013828327879309654,0.013870326802134514,0
2026-01-18 07:15:00+00:00,0.013847365975379944,0.013849240727722645,0.013823730871081352,0.013828394003212452,0
2026-01-18 07:30:00+00:00,0.013874202966690063,0.013890097849071026,0.01379714347422123,0.013847369700670242,12246
2026-01-18 07:45:00+00:00,0.013825517147779465,0.013852090574800968,0.013825424946844578,0.013848268426954746,0
2026-01-18 08:00:00+00:00,0.01383835170418024,0.01383835170418024,0.013803238980472088,0.013825501315295696,0
2026-01-18 08:15:00+00:00,0.013830695301294327,0.013839740306138992,0.013818047940731049,0.013837385922670364,0
2026-01-18 08:30:00+00:00,0.013804994523525238,0.013828533701598644,0.013801665045320988,0.013828533701598644,0
2026-01-18 08:45:00+00:00,0.013819725252687931,0.013833045959472656,0.013797108083963394,0.013798781670629978,0
2026-01-18 09:00:00+00:00,0.01385000254958868,0.01385000254958868,0.013794643804430962,0.013815349899232388,0
2026-01-18 09:15:00+00:00,0.0138486223295331,0.013919209130108356,0.0138486223295331,0.013860507868230343,0
2026-01-18 09:30:00+00:00,0.013844502158463001,0.01385518629103899,0.013829921372234821,0.013846717774868011,301
2026-01-18 09:45:00+00:00,0.013847576454281807,0.013849911279976368,0.013834378682076931,0.013843606226146221,0
2026-01-18 10:00:00+00:00,0.013878464698791504,0.013878464698791504,0.013835735619068146,0.013842799700796604,10743
2026-01-18 10:15:00+00:00,0.013965043239295483,0.013965043239295483,0.01387091539800167,0.013876602984964848,75309
2026-01-18 10:30:00+00:00,0.014059726148843765,0.014060902409255505,0.013961048796772957,0.013961048796772957,48535
2026-01-18 10:45:00+00:00,0.01413081493228674,0.0141342394053936,0.014060668647289276,0.014060668647289276,28196
2026-01-18 11:00:00+00:00,0.014105581678450108,0.014129068702459335,0.014073011465370655,0.014129068702459335,3653
2026-01-18 11:15:00+00:00,0.014048910699784756,0.01409734133630991,0.014048910699784756,0.01409734133630991,20329
2026-01-18 11:30:00+00:00,0.014221909455955029,0.014272489584982395,0.014098846353590488,0.014098846353590488,404750
2026-01-18 11:45:00+00:00,0.014195797964930534,0.014238947071135044,0.01418089959770441,0.014214367605745792,118628
2026-01-18 12:00:00+00:00,0.014187161810696125,0.014220941811800003,0.014186089858412743,0.014192990027368069,6382
2026-01-18 12:15:00+00:00,0.014062152244150639,0.014192269183695316,0.014060544781386852,0.014192269183695316,92730
2026-01-18 12:30:00+00:00,0.014025634154677391,0.014061804860830307,0.014019632712006569,0.014061804860830307,0
2026-01-18 12:45:00+00:00,0.013992847874760628,0.014080842956900597,0.013992847874760628,0.014032863080501556,11429
2026-01-18 13:00:00+00:00,0.01401463896036148,0.014063535258173943,0.014002992771565914,0.014002992771565914,0
2026-01-18 13:15:00+00:00,0.014008368365466595,0.01406254991889,0.014008368365466595,0.01404096744954586,1093
2026-01-18 13:30:00+00:00,0.014037393033504486,0.014037393033504486,0.013990946114063263,0.014005988836288452,22418
2026-01-18 13:45:00+00:00,0.013955434784293175,0.01403730921447277,0.013955434784293175,0.01403730921447277,827
2026-01-18 14:00:00+00:00,0.014042476192116737,0.014042476192116737,0.013946495950222015,0.013962886296212673,16988
2026-01-18 14:15:00+00:00,0.014247996732592583,0.014261242933571339,0.014074599370360374,0.014074599370360374,137126
2026-01-18 14:30:00+00:00,0.014050357043743134,0.01423607673496008,0.014049697667360306,0.01423607673496008,83917
2026-01-18 14:45:00+00:00,0.013961071148514748,0.014029202051460743,0.013961071148514748,0.014029202051460743,4551
2026-01-18 15:00:00+00:00,0.014184058643877506,0.014184058643877506,0.013955776579678059,0.013958935625851154,20801
2026-01-18 15:15:00+00:00,0.01436304859817028,0.014390595257282257,0.014215115457773209,0.014215115457773209,167960
2026-01-18 15:30:00+00:00,0.01440636720508337,0.01440636720508337,0.014317178167402744,0.014334389939904213,106504
2026-01-18 15:45:00+00:00,0.014543459750711918,0.014604886993765831,0.01440235786139965,0.01440235786139965,203580
2026-01-18 16:00:00+00:00,0.014682669192552567,0.014693092554807663,0.014532112516462803,0.014532112516462803,352287
2026-01-18 16:15:00+00:00,0.014864418655633926,0.014885153621435165,0.014672582037746906,0.014717262238264084,604865
2026-01-18 16:30:00+00:00,0.014562291093170643,0.014849197119474411,0.014562291093170643,0.014815529808402061,433622
2026-01-18 16:45:00+00:00,0.014765542931854725,0.014773400500416756,0.014538927003741264,0.014555505476891994,173824
2026-01-18 17:00:00+00:00,0.014838035218417645,0.014869729988276958,0.014783279038965702,0.014783279038965702,158214
2026-01-18 17:15:00+00:00,0.014824550598859787,0.01495715044438839,0.014824550598859787,0.014843741431832314,163098
2026-01-18 17:30:00+00:00,0.014642887748777866,0.014813490211963654,0.014640155248343945,0.014813490211963654,79520
2026-01-18 17:45:00+00:00,0.014700809493660927,0.014727815985679626,0.014656279236078262,0.014656279236078262,64612
2026-01-18 18:00:00+00:00,0.014823008328676224,0.014823008328676224,0.014634049497544765,0.014721488580107689,160564
2026-01-18 18:15:00+00:00,0.01500305999070406,0.01500305999070406,0.014809600077569485,0.014809600077569485,240908
2026-01-18 18:30:00+00:00,0.015270263887941837,0.015270263887941837,0.015004708431661129,0.015004708431661129,574446
2026-01-18 18:45:00+00:00,0.015303932130336761,0.01539405807852745,0.015233510173857212,0.015233510173857212,1053595
2026-01-18 19:00:00+00:00,0.015358200296759605,0.015440130606293678,0.015290448442101479,0.01531235408037901,448631
2026-01-18 19:15:00+00:00,0.014942804351449013,0.015373439528048038,0.014942804351449013,0.015358174219727516,528344
2026-01-18 19:30:00+00:00,0.014963675290346146,0.014963675290346146,0.01485133171081543,0.014933683909475803,221615
2026-01-18 19:45:00+00:00,0.015138717368245125,0.015152371488511562,0.014930054545402527,0.014973508194088936,238466
2026-01-18 20:00:00+00:00,0.015006480738520622,0.015126965939998627,0.014985393732786179,0.015126965939998627,111442
2026-01-18 20:15:00+00:00,0.015174242667853832,0.015241220593452454,0.01501875277608633,0.01501875277608633,254181
2026-01-18 20:30:00+00:00,0.015281501226127148,0.01535398606210947,0.015181537717580795,0.015181537717580795,351663
2026-01-18 20:45:00+00:00,0.015346908010542393,0.015346908010542393,0.01522220578044653,0.015305344015359879,363597
2026-01-18 21:00:00+00:00,0.015128453262150288,0.015351038426160812,0.015117825008928776,0.015351038426160812,256014
2026-01-18 21:15:00+00:00,0.01511487364768982,0.015130268409848213,0.015066313557326794,0.015126274898648262,202334
2026-01-18 21:30:00+00:00,0.015002046711742878,0.015137468464672565,0.015000959858298302,0.015137468464672565,175219
2026-01-18 21:45:00+00:00,0.014993607066571712,0.015020391903817654,0.01497337780892849,0.01500091515481472,104073
2026-01-18 22:00:00+00:00,0.015242085792124271,0.015286925248801708,0.015005813911557198,0.015005813911557198,289629
2026-01-18 22:15:00+00:00,0.015352805145084858,0.015377881936728954,0.015232764184474945,0.015262980945408344,229828
2026-01-18 22:30:00+00:00,0.015262454748153687,0.015315321274101734,0.015248662792146206,0.015315321274101734,52552
2026-01-18 22:45:00+00:00,0.015211604535579681,0.015284194611012936,0.015211604535579681,0.01526515930891037,39015
2026-01-18 23:00:00+00:00,0.014821844175457954,0.01518351212143898,0.014821844175457954,0.01518351212143898,141884
2026-01-18 23:15:00+00:00,0.01459116954356432,0.014865088276565075,0.01459116954356432,0.014817307703197002,311943
2026-01-18 23:30:00+00:00,0.014462672173976898,0.014600524678826332,0.014459007419645786,0.014600524678826332,154299
2026-01-18 23:45:00+00:00,0.014084230177104473,0.014451361261308193,0.014084230177104473,0.014451361261308193,281083
2026-01-19 00:00:00+00:00,0.013127553276717663,0.014076638966798782,0.013127553276717663,0.014076638966798782,1959260
2026-01-19 00:15:00+00:00,0.01302690152078867,0.013132665306329727,0.01302690152078867,0.013132665306329727,222791
2026-01-19 00:30:00+00:00,0.013317912817001343,0.013318837620317936,0.013003791682422161,0.013053203001618385,517734
2026-01-19 00:45:00+00:00,0.013709139078855515,0.013717485591769218,0.013313882052898407,0.013313882052898407,572068
2026-01-19 01:00:00+00:00,0.013613637536764145,0.013745594769716263,0.013572665862739086,0.013712843880057335,290036
2026-01-19 01:15:00+00:00,0.013522425666451454,0.013628683984279633,0.013522033579647541,0.013621577993035316,124476
2026-01-19 01:30:00+00:00,0.01353315357118845,0.013620098121464252,0.013514366000890732,0.013520033098757267,205380
2026-01-19 01:45:00+00:00,0.013590640388429165,0.013606869615614414,0.013429113663733006,0.01352647040039301,184820
2026-01-19 02:00:00+00:00,0.013516198843717575,0.013593895360827446,0.013512151315808296,0.013586066663265228,84378
2026-01-19 02:15:00+00:00,0.013766482472419739,0.013771185651421547,0.013524257577955723,0.013524257577955723,181722
2026-01-19 02:30:00+00:00,0.01391675230115652,0.01391675230115652,0.013781031593680382,0.013781031593680382,192036
2026-01-19 02:45:00+00:00,0.0139932781457901,0.014091133140027523,0.01393948309123516,0.01393948309123516,270524
2026-01-19 03:00:00+00:00,0.01413153950124979,0.014131850562989712,0.013916919939219952,0.013986760750412941,337458
2026-01-19 03:15:00+00:00,0.014247487299144268,0.014288886450231075,0.014149023219943047,0.014149023219943047,283254
2026-01-19 03:30:00+00:00,0.01450253650546074,0.014593781903386116,0.014272909611463547,0.014272909611463547,593912
2026-01-19 03:45:00+00:00,0.014763129875063896,0.014763129875063896,0.014510097913444042,0.014510097913444042,364320
2026-01-19 04:00:00+00:00,0.014720923267304897,0.014748034998774529,0.014611484482884407,0.014748034998774529,399854
2026-01-19 04:15:00+00:00,0.014815464615821838,0.014837004244327545,0.0147000877186656,0.014730123803019524,393354
2026-01-19 04:30:00+00:00,0.014654962345957756,0.014827665872871876,0.014654962345957756,0.014827665872871876,174410
2026-01-19 04:45:00+00:00,0.014461510814726353,0.014659348875284195,0.014459357596933842,0.01465418841689825,302258
2026-01-19 05:00:00+00:00,0.014544641599059105,0.014606868848204613,0.014414307661354542,0.014462235383689404,816636
2026-01-19 05:15:00+00:00,0.014761588536202908,0.014761588536202908,0.01449249405413866,0.014530514366924763,417276
2026-01-19 05:30:00+00:00,0.015391932800412178,0.015391932800412178,0.014763751067221165,0.014763751067221165,1150650
2026-01-19 05:45:00+00:00,0.01578417606651783,0.015907373279333115,0.015347783453762531,0.015432139858603477,2175546
2026-01-19 06:00:00+00:00,0.016416650265455246,0.016416650265455246,0.01584034040570259,0.015866100788116455,3478972
2026-01-19 06:15:00+00:00,0.017369061708450317,0.017369061708450317,0.016412774100899696,0.016412774100899696,2929474
2026-01-19 06:30:00+00:00,0.016013313084840775,0.01758171245455742,0.015967629849910736,0.017392730340361595,3950226
2026-01-19 06:45:00+00:00,0.01580856740474701,0.01594439148902893,0.015554245561361313,0.01594439148902893,1718552
2026-01-19 07:00:00+00:00,0.015827536582946777,0.016153402626514435,0.015812205150723457,0.015911471098661423,1771468
2026-01-19 07:15:00+00:00,0.015469837002456188,0.01581566035747528,0.015374468639492989,0.01581566035747528,906844
2026-01-19 07:30:00+00:00,0.015600853599607944,0.01562000997364521,0.015420283190906048,0.01544428151100874,936400
2026-01-19 07:45:00+00:00,0.015787232667207718,0.015787232667207718,0.01558262761682272,0.015587280504405499,779052
2026-01-19 08:00:00+00:00,0.01600469835102558,0.01600469835102558,0.015750281512737274,0.015782944858074188,1054792
2026-01-19 08:15:00+00:00,0.01602809876203537,0.01614011824131012,0.01589040271937847,0.01597115397453308,1371756
2026-01-19 08:30:00+00:00,0.016794107854366302,0.016794107854366302,0.01602570153772831,0.01602570153772831,2148792
2026-01-19 08:45:00+00:00,0.016830602660775185,0.017079677432775497,0.01674676686525345,0.01682431995868683,2379076
2026-01-19 09:00:00+00:00,0.01669851318001747,0.01677021197974682,0.01642560586333275,0.01677021197974682,1086316
2026-01-19 09:15:00+00:00,0.016398513689637184,0.016702568158507347,0.016374634578824043,0.016702568158507347,646000
2026-01-19 09:30:00+00:00,0.016352128237485886,0.01653985120356083,0.016314003616571426,0.016415653750300407,613500
2026-01-19 09:45:00+00:00,0.016311651095747948,0.01649736799299717,0.016266480088233948,0.016336949542164803,680016
2026-01-19 10:00:00+00:00,0.01645553670823574,0.016462406143546104,0.016223091632127762,0.016280340030789375,739608
2026-01-19 10:15:00+00:00,0.016044171527028084,0.01646505855023861,0.0160352885723114,0.01646505855023861,376952
2026-01-19 10:30:00+00:00,0.01598494127392769,0.01603887416422367,0.015848897397518158,0.01603887416422367,646808
2026-01-19 10:45:00+00:00,0.015825044363737106,0.016041431576013565,0.015825044363737106,0.01598529890179634,218408
2026-01-19 11:00:00+00:00,0.01547446008771658,0.015833979472517967,0.015450578182935715,0.015833979472517967,305312
2026-01-19 11:15:00+00:00,0.015491556376218796,0.015528588555753231,0.015490362420678139,0.015528588555753231,250772
2026-01-19 11:30:00+00:00,0.015660781413316727,0.015660781413316727,0.015451389364898205,0.01548268087208271,71708
2026-01-19 11:45:00+00:00,0.016145439818501472,0.016145439818501472,0.015546350739896297,0.015645697712898254,785988
2026-01-19 12:00:00+00:00,0.01638590171933174,0.016413547098636627,0.01597634330391884,0.016143491491675377,1506692
2026-01-19 12:15:00+00:00,0.016052821651101112,0.016504477709531784,0.015956668183207512,0.016504477709531784,829488
2026-01-19 12:30:00+00:00,0.016466688364744186,0.016693687066435814,0.016047291457653046,0.016047291457653046,1923508
2026-01-19 12:45:00+00:00,0.01649436540901661,0.01655781827867031,0.01632707007229328,0.01632707007229328,1132420
2026-01-19 13:00:00+00:00,0.01772996038198471,0.01772996038198471,0.016444232314825058,0.01649804227054119,4160296
2026-01-19 13:15:00+00:00,0.017801489681005478,0.017917698249220848,0.017464684322476387,0.017464684322476387,4663388
2026-01-19 13:30:00+00:00,0.01747812330722809,0.017695723101496696,0.017043936997652054,0.017695723101496696,2708528
2026-01-19 13:45:00+00:00,0.01821080408990383,0.01828911155462265,0.017490368336439133,0.017490368336439133,4009344
2026-01-19 14:00:00+00:00,0.01845928281545639,0.01845928281545639,0.01784362643957138,0.018238984048366547,3516472
2026-01-19 14:15:00+00:00,0.018154608085751534,0.01844075135886669,0.018093466758728027,0.018393168225884438,1886424
2026-01-19 14:30:00+00:00,0.01725209504365921,0.018146660178899765,0.01725139655172825,0.018146660178899765,2068984
2026-01-19 14:45:00+00:00,0.017244789749383926,0.017299652099609375,0.017076995223760605,0.017299652099609375,1314208
2026-01-19 15:00:00+00:00,0.017322422936558723,0.01736394874751568,0.017172353342175484,0.017348114401102066,982368
2026-01-19 15:15:00+00:00,0.017305521294474602,0.01757882721722126,0.017305521294474602,0.017328469082713127,1099568
2026-01-19 15:30:00+00:00,0.01771903596818447,0.01781085692346096,0.01731557957828045,0.01731557957828045,1405712
2026-01-19 15:45:00+00:00,0.017723949626088142,0.017918037250638008,0.017464574426412582,0.0177141223102808,1021232
2026-01-19 16:00:00+00:00,0.017443986609578133,0.01772133819758892,0.017439264804124832,0.01772133819758892,323544
2026-01-19 16:15:00+00:00,0.017733033746480942,0.017733033746480942,0.017351191490888596,0.01744840294122696,458544
2026-01-19 16:30:00+00:00,0.017325999215245247,0.017677128314971924,0.017313377931714058,0.01767532154917717,0
2026-01-19 16:45:00+00:00,0.017214935272932053,0.017328914254903793,0.01715743914246559,0.01732531003654003,198704
2026-01-19 17:00:00+00:00,0.016752611845731735,0.017253302037715912,0.016722053289413452,0.01722712069749832,405840
2026-01-19 17:15:00+00:00,0.016683245077729225,0.01671251468360424,0.016595952212810516,0.01670944131910801,615464
2026-01-19 17:30:00+00:00,0.01679041236639023,0.01679041236639023,0.016626758500933647,0.016663599759340286,416808
2026-01-19 17:45:00+00:00,0.01712934300303459,0.01712934300303459,0.016805026680231094,0.016805026680231094,1316080
2026-01-19 18:00:00+00:00,0.0173164252191782,0.0173706766217947,0.017094677314162254,0.017094677314162254,806992
2026-01-19 18:15:00+00:00,0.01757204346358776,0.01757204346358776,0.017173374071717262,0.017328830435872078,939192
2026-01-19 18:30:00+00:00,0.017789151519536972,0.017795288935303688,0.017525894567370415,0.017587024718523026,903320
2026-01-19 18:45:00+00:00,0.018069284036755562,0.018157649785280228,0.017795201390981674,0.017795201390981674,1386160
2026-01-19 19:00:00+00:00,0.018435850739479065,0.018518289551138878,0.01806717738509178,0.01806717738509178,2631120
2026-01-19 19:15:00+00:00,0.017955683171749115,0.018479472026228905,0.017955683171749115,0.018479472026228905,477416
2026-01-19 19:30:00+00:00,0.01778975874185562,0.01806265488266945,0.01778975874185562,0.017921289429068565,702288
2026-01-19 19:45:00+00:00,0.017465373501181602,0.017787214368581772,0.017444247379899025,0.017787214368581772,1010776
2026-01-19 20:00:00+00:00,0.017353368923068047,0.017644332721829414,0.017353368923068047,0.017467143014073372,733704
2026-01-19 20:15:00+00:00,0.017511984333395958,0.01753017120063305,0.017229866236448288,0.017354782670736313,619352
2026-01-19 20:30:00+00:00,0.01752629689872265,0.01752629689872265,0.017296452075242996,0.017502237111330032,488872
2026-01-19 20:45:00+00:00,0.01809115894138813,0.018117360770702362,0.017506737262010574,0.017506737262010574,1691336
2026-01-19 21:00:00+00:00,0.017986422404646873,0.01818094775080681,0.01787593401968479,0.018090667203068733,475568
2026-01-19 21:15:00+00:00,0.018449222669005394,0.018449243158102036,0.017994258552789688,0.017994258552789688,1450600
2026-01-19 21:30:00+00:00,0.01820114068686962,0.018800025805830956,0.018082378432154655,0.018378563225269318,2380256
2026-01-19 21:45:00+00:00,0.01831161044538021,0.018390972167253494,0.018168266862630844,0.018198996782302856,1417680
2026-01-19 22:00:00+00:00,0.01881643384695053,0.01898164488375187,0.01836285926401615,0.01836285926401615,2225544
2026-01-19 22:15:00+00:00,0.019235258921980858,0.019235258921980858,0.018518105149269104,0.018756696954369545,2616672
2026-01-19 22:30:00+00:00,0.019261673092842102,0.019426345825195312,0.019142575562000275,0.01922443136572838,1985736
2026-01-19 22:45:00+00:00,0.01908266544342041,0.019606128334999084,0.01908266544342041,0.0193028561770916,1573472
2026-01-19 23:00:00+00:00,0.018889078870415688,0.019105954095721245,0.018720373511314392,0.019105954095721245,572136
2026-01-19 23:15:00+00:00,0.020034894347190857,0.020034894347190857,0.018889982253313065,0.018889982253313065,3244896
2026-01-19 23:30:00+00:00,0.019998963922262192,0.02013465389609337,0.019888747483491898,0.019888747483491898,3508424
2026-01-19 23:45:00+00:00,0.01958644390106201,0.01999174803495407,0.01947149634361267,0.01999174803495407,722960
2026-01-20 00:00:00+00:00,0.018844129517674446,0.01967916078865528,0.018844129517674446,0.01967916078865528,187216
2026-01-20 00:15:00+00:00,0.017956631258130074,0.01884373463690281,0.017922522500157356,0.01884373463690281,466112
2026-01-20 00:30:00+00:00,0.018314827233552933,0.018314827233552933,0.01800256036221981,0.01800256036221981,940016
2026-01-20 00:45:00+00:00,0.01857852376997471,0.01857852376997471,0.01832118071615696,0.01832118071615696,545200
2026-01-20 01:00:00+00:00,0.018891921266913414,0.018963780254125595,0.018647372722625732,0.018647372722625732,1661536
2026-01-20 01:15:00+00:00,0.018994595855474472,0.019183019176125526,0.01876971684396267,0.01892862841486931,1317072
2026-01-20 01:30:00+00:00,0.018840722739696503,0.01899178884923458,0.01868593692779541,0.018978718668222427,742800
2026-01-20 01:45:00+00:00,0.018237387761473656,0.01881222054362297,0.018198173493146896,0.01881222054362297,338888
2026-01-20 02:00:00+00:00,0.018498152494430542,0.018514923751354218,0.01820504292845726,0.018215419724583626,688400
2026-01-20 02:15:00+00:00,0.018349669873714447,0.018547892570495605,0.0183461494743824,0.018491994589567184,545360
2026-01-20 02:30:00+00:00,0.018375026062130928,0.018375026062130928,0.0181167870759964,0.01836448162794113,471472
2026-01-20 02:45:00+00:00,0.01869661919772625,0.01869661919772625,0.01837139017879963,0.018421504646539688,680928
2026-01-20 03:00:00+00:00,0.018881402909755707,0.018902882933616638,0.018646107986569405,0.018646107986569405,544560
2026-01-20 03:15:00+00:00,0.019377825781702995,0.019377825781702995,0.018886102363467216,0.018886102363467216,2752384
2026-01-20 03:30:00+00:00,0.01961395889520645,0.019755041226744652,0.019350603222846985,0.019350603222846985,1659456
2026-01-20 03:45:00+00:00,0.019364582374691963,0.0196948554366827,0.019307952374219894,0.019597698003053665,433440
2026-01-20 04:00:00+00:00,0.01942947320640087,0.01942947320640087,0.019167955964803696,0.019369926303625107,355088
2026-01-20 04:15:00+00:00,0.01906389743089676,0.019848879426717758,0.01906389743089676,0.019442185759544373,735792
2026-01-20 04:30:00+00:00,0.019086461514234543,0.01917051523923874,0.01890513114631176,0.019070714712142944,775088
2026-01-20 04:45:00+00:00,0.018210293725132942,0.019085688516497612,0.018210293725132942,0.019075196236371994,363568
2026-01-20 05:00:00+00:00,0.018491122871637344,0.01851804554462433,0.018166430294513702,0.01816803775727749,1344736
2026-01-20 05:15:00+00:00,0.01821586675941944,0.0186459980905056,0.018179800361394882,0.018487362191081047,248208
2026-01-20 05:30:00+00:00,0.018137503415346146,0.018278373405337334,0.0180483628064394,0.01823151484131813,79904
2026-01-20 05:45:00+00:00,0.01774798333644867,0.018143339082598686,0.0176542978733778,0.018138932064175606,0
2026-01-20 06:00:00+00:00,0.017835751175880432,0.01783779263496399,0.01772179827094078,0.01772179827094078,0
2026-01-20 06:15:00+00:00,0.01780788041651249,0.017971711233258247,0.017794080078601837,0.01784338988363743,0
2026-01-20 06:30:00+00:00,0.017744746059179306,0.017801932990550995,0.01771174743771553,0.017757827416062355,0
2026-01-20 06:45:00+00:00,0.018146265298128128,0.018156949430704117,0.017699934542179108,0.017728717997670174,300672
2026-01-20 07:00:00+00:00,0.01826954260468483,0.018294401466846466,0.01814926415681839,0.01814926415681839,0
2026-01-20 07:15:00+00:00,0.018025042489171028,0.018223736435174942,0.0179997980594635,0.018190937116742134,0
2026-01-20 07:30:00+00:00,0.01811240427196026,0.01811833865940571,0.018033331260085106,0.01810721680521965,0
2026-01-20 07:45:00+00:00,0.017627349123358727,0.01810850016772747,0.017594866454601288,0.01810850016772747,0
2026-01-20 08:00:00+00:00,0.017680417746305466,0.017788168042898178,0.0176277793943882,0.017663784325122833,9640
2026-01-20 08:15:00+00:00,0.017197873443365097,0.017674939706921577,0.01719284988939762,0.017674939706921577,285496
2026-01-20 08:30:00+00:00,0.016825683414936066,0.017252160236239433,0.016825683414936066,0.017237018793821335,94192
2026-01-20 08:45:00+00:00,0.016786230728030205,0.016811605542898178,0.01673980988562107,0.01679178886115551,7224
2026-01-20 09:00:00+00:00,0.016774902120232582,0.01683332957327366,0.016774902120232582,0.016781099140644073,0
2026-01-20 09:15:00+00:00,0.016734415665268898,0.016777588054537773,0.016672389581799507,0.016777588054537773,106720
2026-01-20 09:30:00+00:00,0.016392728313803673,0.016736144199967384,0.016385188326239586,0.016732895746827126,335880
2026-01-20 09:45:00+00:00,0.01697063446044922,0.016984011977910995,0.016381099820137024,0.016381099820137024,902992
2026-01-20 10:00:00+00:00,0.01706353947520256,0.017140667885541916,0.016861459240317345,0.01696532964706421,534752
2026-01-20 10:15:00+00:00,0.017001526430249214,0.017136478796601295,0.01699509099125862,0.017058175057172775,5480
2026-01-20 10:30:00+00:00,0.01684521697461605,0.017066264525055885,0.01684521697461605,0.01700882613658905,0
2026-01-20 10:45:00+00:00,0.016736280173063278,0.016892071813344955,0.016736280173063278,0.016853781417012215,10168
2026-01-20 11:00:00+00:00,0.01657112129032612,0.016718093305826187,0.01657112129032612,0.01671520620584488,0
2026-01-20 11:15:00+00:00,0.01654411107301712,0.016597088426351547,0.016517024487257004,0.01656334660947323,148032
2026-01-20 11:30:00+00:00,0.01637154631316662,0.016543176025152206,0.01637069135904312,0.016525806859135628,0
2026-01-20 11:45:00+00:00,0.01655198074877262,0.016587406396865845,0.016382897272706032,0.016382897272706032,132024
2026-01-20 12:00:00+00:00,0.016475602984428406,0.016549017280340195,0.016385771334171295,0.016549017280340195,0
2026-01-20 12:15:00+00:00,0.01632961444556713,0.01649525761604309,0.01626095548272133,0.01648799702525139,211048
2026-01-20 12:30:00+00:00,0.016413861885666847,0.016413861885666847,0.016317393630743027,0.016317393630743027,0
2026-01-20 12:45:00+00:00,0.016534682363271713,0.016543954610824585,0.016411583870649338,0.016411583870649338,0
2026-01-20 13:00:00+00:00,0.016336586326360703,0.01654733717441559,0.01631992496550083,0.016523880884051323,0
2026-01-20 13:15:00+00:00,0.016294091939926147,0.016328806057572365,0.016158174723386765,0.016328806057572365,0
2026-01-20 13:30:00+00:00,0.016192518174648285,0.016316687688231468,0.016191888600587845,0.01628466323018074,0
2026-01-20 13:45:00+00:00,0.016257474198937416,0.01630483753979206,0.01620643027126789,0.01620643027126789,0
2026-01-20 14:00:00+00:00,0.0165345948189497,0.0165345948189497,0.016189096495509148,0.016258539631962776,0
2026-01-20 14:15:00+00:00,0.016519347205758095,0.016728749498724937,0.016519347205758095,0.016526758670806885,0
2026-01-20 14:30:00+00:00,0.016684019938111305,0.016684019938111305,0.0164564847946167,0.016496000811457634,0
2026-01-20 14:45:00+00:00,0.016603128984570503,0.016694560647010803,0.016560973599553108,0.016687311232089996,0
2026-01-20 15:00:00+00:00,0.016267603263258934,0.016676655039191246,0.01621830277144909,0.016650455072522163,0
2026-01-20 15:15:00+00:00,0.016349105164408684,0.016349105164408684,0.016267208382487297,0.016267208382487297,0
2026-01-20 15:30:00+00:00,0.016342923045158386,0.01641867868602276,0.016342923045158386,0.016346432268619537,0
2026-01-20 15:45:00+00:00,0.016507824882864952,0.016593147069215775,0.016278721392154694,0.016331052407622337,0
2026-01-20 16:00:00+00:00,0.016489075496792793,0.016507094725966454,0.016369342803955078,0.016507094725966454,0
2026-01-20 16:15:00+00:00,0.016584940254688263,0.016722874715924263,0.01648872159421444,0.01648872159421444,0
2026-01-20 16:30:00+00:00,0.016063431277871132,0.016578886657953262,0.016063431277871132,0.016578886657953262,71304
2026-01-20 16:45:00+00:00,0.016035128384828568,0.016085198149085045,0.01600201241672039,0.016044480726122856,0
2026-01-20 17:00:00+00:00,0.016262199729681015,0.016273103654384613,0.016021471470594406,0.016021471470594406,0
2026-01-20 17:15:00+00:00,0.016042117029428482,0.016241975128650665,0.016041548922657967,0.016241975128650665,0
2026-01-20 17:30:00+00:00,0.015991149470210075,0.01607787236571312,0.015991149470210075,0.016070472076535225,30952
2026-01-20 17:45:00+00:00,0.01600741222500801,0.016023365780711174,0.01599450781941414,0.01599450781941414,0
2026-01-20 18:00:00+00:00,0.016134368255734444,0.016134368255734444,0.016009844839572906,0.016009844839572906,0
2026-01-20 18:15:00+00:00,0.01601797342300415,0.016146957874298096,0.01601797342300415,0.016131963580846786,0
2026-01-20 18:30:00+00:00,0.015797903761267662,0.016015425324440002,0.01577957533299923,0.016015425324440002,0
2026-01-20 18:45:00+00:00,0.015739260241389275,0.015825318172574043,0.015736036002635956,0.015785515308380127,0
2026-01-20 19:00:00+00:00,0.01576988771557808,0.01580611616373062,0.01573851890861988,0.0157428290694952,0
2026-01-20 19:15:00+00:00,0.01586264558136463,0.015866562724113464,0.015769468620419502,0.015780653804540634,0
2026-01-20 19:30:00+00:00,0.015736471861600876,0.015854232013225555,0.015736471861600876,0.015854232013225555,0
2026-01-20 19:45:00+00:00,0.01583065278828144,0.01583770103752613,0.015674665570259094,0.015733594074845314,0
2026-01-20 20:00:00+00:00,0.015839027240872383,0.015839027240872383,0.01573031023144722,0.015834273770451546,0
2026-01-20 20:15:00+00:00,0.016083605587482452,0.016083605587482452,0.015839803963899612,0.015839803963899612,21312
2026-01-20 20:30:00+00:00,0.015903105959296227,0.016099408268928528,0.015828410163521767,0.01608087308704853,0
2026-01-20 20:45:00+00:00,0.01605353131890297,0.016058143228292465,0.015888091176748276,0.015888091176748276,0
2026-01-20 21:00:00+00:00,0.015958886593580246,0.01606803387403488,0.015940813347697258,0.016053996980190277,0
2026-01-20 21:15:00+00:00,0.01589951477944851,0.016043374314904213,0.01589951477944851,0.015996098518371582,0
2026-01-20 21:30:00+00:00,0.015899106860160828,0.015899106860160828,0.015836268663406372,0.015859199687838554,0
2026-01-20 21:45:00+00:00,0.015842318534851074,0.015896286815404892,0.015834910795092583,0.015896286815404892,0
2026-01-20 22:00:00+00:00,0.01576015166938305,0.015870152041316032,0.0157539751380682,0.01584724523127079,0
2026-01-20 22:15:00+00:00,0.01583211123943329,0.01587829552590847,0.015766752883791924,0.015766752883791924,0
2026-01-20 22:30:00+00:00,0.016181008890271187,0.016182631254196167,0.015839792788028717,0.015839792788028717,0
2026-01-20 22:45:00+00:00,0.016079213470220566,0.016255784779787064,0.016079213470220566,0.016210544854402542,0
2026-01-20 23:00:00+00:00,0.016397222876548767,0.01646485924720764,0.01607261784374714,0.01607932150363922,40152
2026-01-20 23:15:00+00:00,0.016409650444984436,0.01643257960677147,0.016358308494091034,0.01640920341014862,0
2026-01-20 23:30:00+00:00,0.01648053340613842,0.01657477207481861,0.01641039177775383,0.01641039177775383,0
2026-01-20 23:45:00+00:00,0.01652468740940094,0.01652468740940094,0.0164318960160017,0.01648966409265995,0
2026-01-21 00:00:00+00:00,0.016446927562355995,0.01664127968251705,0.016446927562355995,0.016558872535824776,0
2026-01-21 00:15:00+00:00,0.016224877908825874,0.01644831895828247,0.016224520280957222,0.01644831895828247,0
2026-01-21 00:30:00+00:00,0.01604379713535309,0.01639069989323616,0.016041485592722893,0.016234906390309334,0
2026-01-21 00:45:00+00:00,0.016055801883339882,0.016095366328954697,0.016055801883339882,0.01606510952115059,0
2026-01-21 01:00:00+00:00,0.016682643443346024,0.016682643443346024,0.01605246402323246,0.01605246402323246,0
2026-01-21 01:15:00+00:00,0.016816304996609688,0.016851121559739113,0.016721250489354134,0.016721250489354134,0
2026-01-21 01:30:00+00:00,0.016658417880535126,0.016812002286314964,0.01658233255147934,0.016812002286314964,454532
2026-01-21 01:45:00+00:00,0.016519423574209213,0.016640515998005867,0.01651594042778015,0.016640515998005867,0
2026-01-21 02:00:00+00:00,0.016587937250733376,0.016653629019856453,0.01649593561887741,0.016521170735359192,0
2026-01-21 02:15:00+00:00,0.017435036599636078,0.017631234601140022,0.016629913821816444,0.016629913821816444,1377204
2026-01-21 02:30:00+00:00,0.017867503687739372,0.01789049804210663,0.01754411868751049,0.017789114266633987,836128
2026-01-21 02:45:00+00:00,0.017707906663417816,0.01799684204161167,0.017690662294626236,0.017877724021673203,255328
2026-01-21 03:00:00+00:00,0.017821183428168297,0.017876142635941505,0.0177156999707222,0.0177156999707222,59552
2026-01-21 03:15:00+00:00,0.018233712762594223,0.01843692548573017,0.017883513122797012,0.017883513122797012,432828
2026-01-21 03:30:00+00:00,0.01808270253241062,0.01837434619665146,0.018041733652353287,0.018284188583493233,0
2026-01-21 03:45:00+00:00,0.018340755254030228,0.01839595101773739,0.018117249011993408,0.018117249011993408,267072
2026-01-21 04:00:00+00:00,0.018140507861971855,0.018340755254030228,0.018140507861971855,0.018340755254030228,0
2026-01-21 04:15:00+00:00,0.01810869760811329,0.018375717103481293,0.01808861270546913,0.01815936155617237,0
2026-01-21 04:30:00+00:00,0.018150510266423225,0.018223309889435768,0.01805688440799713,0.01808188669383526,0
2026-01-21 04:45:00+00:00,0.01839853636920452,0.018464917317032814,0.018151164054870605,0.0181568693369627,0
2026-01-21 05:00:00+00:00,0.018321333453059196,0.018556669354438782,0.018286114558577538,0.018399594351649284,0
2026-01-21 05:15:00+00:00,0.018269075080752373,0.018342649564146996,0.018229074776172638,0.018342649564146996,0
2026-01-21 05:30:00+00:00,0.018875258043408394,0.018875258043408394,0.018050238490104675,0.01826229877769947,643716
2026-01-21 05:45:00+00:00,0.018432732671499252,0.018813561648130417,0.01839618757367134,0.018813561648130417,0
2026-01-21 06:00:00+00:00,0.0187786053866148,0.0187786053866148,0.01841900683939457,0.01841900683939457,50256
2026-01-21 06:15:00+00:00,0.01937050372362137,0.01937050372362137,0.018810464069247246,0.018810464069247246,911396
2026-01-21 06:30:00+00:00,0.018952950835227966,0.01930786296725273,0.018783442676067352,0.01930786296725273,809620
2026-01-21 06:45:00+00:00,0.018620269373059273,0.019009677693247795,0.018620269373059273,0.018952494487166405,0
2026-01-21 07:00:00+00:00,0.019033480435609818,0.019033480435609818,0.018623854964971542,0.018623854964971542,382816
2026-01-21 07:15:00+00:00,0.018655577674508095,0.019003916531801224,0.018655577674508095,0.018938681110739708,143524
2026-01-21 07:30:00+00:00,0.018333498388528824,0.018741467967629433,0.018331751227378845,0.018721099942922592,197852
2026-01-21 07:45:00+00:00,0.018245600163936615,0.01836208812892437,0.018245600163936615,0.01833275705575943,0
2026-01-21 08:00:00+00:00,0.01815926656126976,0.01838313229382038,0.01812695525586605,0.018259195610880852,86960
2026-01-21 08:15:00+00:00,0.017476586624979973,0.018133176490664482,0.017476586624979973,0.018133176490664482,0
2026-01-21 08:30:00+00:00,0.017186427488923073,0.017557891085743904,0.017186427488923073,0.01747797057032585,0
2026-01-21 08:45:00+00:00,0.017254246398806572,0.017254246398806572,0.01716689206659794,0.01718720979988575,0
2026-01-21 09:00:00+00:00,0.01753998175263405,0.01753998175263405,0.017267610877752304,0.017267610877752304,144904
2026-01-21 09:15:00+00:00,0.018349427729845047,0.018349427729845047,0.01754244789481163,0.01754244789481163,1092792
2026-01-21 09:30:00+00:00,0.018963903188705444,0.018963903188705444,0.018350981175899506,0.018350981175899506,368472
2026-01-21 09:45:00+00:00,0.01876235194504261,0.01895754784345627,0.018696339800953865,0.01895754784345627,530248
2026-01-21 10:00:00+00:00,0.018704919144511223,0.018812470138072968,0.018616363406181335,0.018728552386164665,0
2026-01-21 10:15:00+00:00,0.01904003694653511,0.01904003694653511,0.01868942379951477,0.018722161650657654,401284
2026-01-21 10:30:00+00:00,0.019336048513650894,0.019463397562503815,0.01898876577615738,0.01898876577615738,2696604
2026-01-21 10:45:00+00:00,0.019278105348348618,0.019595155492424965,0.019234733656048775,0.019353380426764488,1280896
2026-01-21 11:00:00+00:00,0.018837733194231987,0.019273046404123306,0.018766645342111588,0.019273046404123306,472260
2026-01-21 11:15:00+00:00,0.01892685890197754,0.01892685890197754,0.018502794206142426,0.01874306984245777,1443500
2026-01-21 11:30:00+00:00,0.018759965896606445,0.019198102876544,0.018759965896606445,0.019009580835700035,653004
2026-01-21 11:45:00+00:00,0.018333492800593376,0.018809091299772263,0.01832735724747181,0.018770406022667885,403528
2026-01-21 12:00:00+00:00,0.018331564962863922,0.01845504716038704,0.018331564962863922,0.018341051414608955,95948
2026-01-21 12:15:00+00:00,0.01830030046403408,0.01830332539975643,0.018216293305158615,0.018289191648364067,0
2026-01-21 12:30:00+00:00,0.01895020343363285,0.019044354557991028,0.01837242767214775,0.01837242767214775,1955092
2026-01-21 12:45:00+00:00,0.018638096749782562,0.018990324810147285,0.018638096749782562,0.01895020343363285,175676
2026-01-21 13:00:00+00:00,0.018640991300344467,0.018646564334630966,0.018413273617625237,0.018646564334630966,579260
2026-01-21 13:15:00+00:00,0.018522048369050026,0.018705423921346664,0.018494613468647003,0.018614325672388077,159916
2026-01-21 13:30:00+00:00,0.01857343316078186,0.018670978024601936,0.01853601261973381,0.01853601261973381,285216
2026-01-21 13:45:00+00:00,0.018640190362930298,0.018654074519872665,0.018559766933321953,0.01860617659986019,817188
2026-01-21 14:00:00+00:00,0.019191263243556023,0.019205885007977486,0.018682247027754784,0.018682247027754784,1198660
2026-01-21 14:15:00+00:00,0.019168807193636894,0.019275980070233345,0.018793081864714622,0.019144263118505478,948124
2026-01-21 14:30:00+00:00,0.019355429336428642,0.019355429336428642,0.019020579755306244,0.019157476723194122,1248708
2026-01-21 14:45:00+00:00,0.01914363168179989,0.019515231251716614,0.01914363168179989,0.019327312707901,1875056
2026-01-21 15:00:00+00:00,0.019467733800411224,0.019491983577609062,0.01907990127801895,0.019146664068102837,263348
2026-01-21 15:15:00+00:00,0.019707849249243736,0.019795754924416542,0.019318420439958572,0.01932232454419136,2037012
2026-01-21 15:30:00+00:00,0.020153779536485672,0.020153779536485672,0.019683972001075745,0.019723940640687943,2612720
2026-01-21 15:45:00+00:00,0.021526332944631577,0.02160710096359253,0.02026207186281681,0.02026207186281681,7174968
2026-01-21 16:00:00+00:00,0.020884588360786438,0.02158367447555065,0.020884588360786438,0.02158367447555065,2542016
2026-01-21 16:15:00+00:00,0.02133052796125412,0.021365614607930183,0.02082870528101921,0.02089080400764942,3469448
2026-01-21 16:30:00+00:00,0.020517734810709953,0.021295292302966118,0.02048066258430481,0.021295292302966118,2116096
2026-01-21 16:45:00+00:00,0.020552754402160645,0.020952342078089714,0.020365258678793907,0.02048586681485176,2171720
2026-01-21 17:00:00+00:00,0.020535564050078392,0.020765671506524086,0.020535564050078392,0.020590228959918022,1020208
2026-01-21 17:15:00+00:00,0.020212780684232712,0.02056417614221573,0.020180467516183853,0.020500559359788895,1661024
2026-01-21 17:30:00+00:00,0.02023174613714218,0.02023174613714218,0.019847484305500984,0.020171912387013435,2141776
2026-01-21 17:45:00+00:00,0.020085081458091736,0.020245935767889023,0.020007623359560966,0.020212434232234955,787744
2026-01-21 18:00:00+00:00,0.020418062806129456,0.02044832892715931,0.02009718492627144,0.02009718492627144,876144
2026-01-21 18:15:00+00:00,0.02075757086277008,0.02079017087817192,0.020390240475535393,0.020390240475535393,1624632
2026-01-21 18:30:00+00:00,0.021084025502204895,0.021084025502204895,0.020821448415517807,0.020821448415517807,1718464
2026-01-21 18:45:00+00:00,0.021268703043460846,0.021681269630789757,0.02114030160009861,0.02114030160009861,3762352
2026-01-21 19:00:00+00:00,0.020858008414506912,0.021070562303066254,0.02082487754523754,0.021070562303066254,976328
2026-01-21 19:15:00+00:00,0.021433627232909203,0.021433627232909203,0.020872753113508224,0.020872753113508224,1636560
2026-01-21 19:30:00+00:00,0.022230258211493492,0.022418415173888206,0.021526610478758812,0.021526610478758812,5749944
2026-01-21 19:45:00+00:00,0.022246558219194412,0.022353162989020348,0.02217579260468483,0.022226305678486824,2048944
2026-01-21 20:00:00+00:00,0.021639179438352585,0.022199001163244247,0.02159171923995018,0.022199001163244247,1521648
2026-01-21 20:15:00+00:00,0.021360432729125023,0.021656084805727005,0.02134394645690918,0.021656084805727005,525968
2026-01-21 20:30:00+00:00,0.021400723606348038,0.02155454084277153,0.021289868280291557,0.021335052326321602,937672
2026-01-21 20:45:00+00:00,0.02155904285609722,0.021562209352850914,0.021406667307019234,0.021406667307019234,540576
2026-01-21 21:00:00+00:00,0.021276989951729774,0.021682873368263245,0.021196821704506874,0.021582024171948433,766232
2026-01-21 21:15:00+00:00,0.021284859627485275,0.021343346685171127,0.021217167377471924,0.021256528794765472,976984
2026-01-21 21:30:00+00:00,0.022083934396505356,0.022097794339060783,0.021315040066838264,0.021315040066838264,2069752
2026-01-21 21:45:00+00:00,0.02188776060938835,0.022055845707654953,0.021724769845604897,0.022055845707654953,1065328
2026-01-21 22:00:00+00:00,0.02155483327805996,0.021862929686903954,0.021552179008722305,0.02186213620007038,234576
2026-01-21 22:15:00+00:00,0.021565090864896774,0.021570328623056412,0.021391982212662697,0.021525856107473373,729352
2026-01-21 22:30:00+00:00,0.021213291212916374,0.021564479917287827,0.021206757053732872,0.021564479917287827,16848
2026-01-21 22:45:00+00:00,0.02124079130589962,0.021323464810848236,0.021186186000704765,0.02120940014719963,85008
2026-01-21 23:00:00+00:00,0.021089790388941765,0.021225260570645332,0.020902078598737717,0.021225260570645332,473168
2026-01-21 23:15:00+00:00,0.02160978689789772,0.021666869521141052,0.021086199209094048,0.021086199209094048,1255536
2026-01-21 23:30:00+00:00,0.02138517238199711,0.021590545773506165,0.021357180550694466,0.021590545773506165,102776
2026-01-21 23:45:00+00:00,0.021324027329683304,0.021419228985905647,0.021324027329683304,0.021388862282037735,588488
2026-01-22 00:00:00+00:00,0.02173725701868534,0.021778402850031853,0.021319672465324402,0.021417640149593353,982400
2026-01-22 00:15:00+00:00,0.021650100126862526,0.021924663335084915,0.021650100126862526,0.02174258790910244,487800
2026-01-22 00:30:00+00:00,0.021069075912237167,0.02185111865401268,0.021063368767499924,0.021641263738274574,263120
2026-01-22 00:45:00+00:00,0.021072084084153175,0.0211836788803339,0.021000852808356285,0.021093878895044327,373296
2026-01-22 01:00:00+00:00,0.020774416625499725,0.02104816399514675,0.020762156695127487,0.02104816399514675,241104
2026-01-22 01:15:00+00:00,0.020555973052978516,0.020757654681801796,0.020555973052978516,0.020757654681801796,456328
2026-01-22 01:30:00+00:00,0.020434217527508736,0.020545538514852524,0.020321577787399292,0.020497096702456474,460624
2026-01-22 01:45:00+00:00,0.020390015095472336,0.02059713937342167,0.02034616842865944,0.020440204069018364,180544
2026-01-22 02:00:00+00:00,0.02067970484495163,0.020692382007837296,0.02039499208331108,0.02039499208331108,451008
2026-01-22 02:15:00+00:00,0.02049851417541504,0.0207610335201025,0.020497705787420273,0.020647192373871803,0
2026-01-22 02:30:00+00:00,0.02046068012714386,0.02048870362341404,0.020428325980901718,0.020474540069699287,0
2026-01-22 02:45:00+00:00,0.020557964220643044,0.020580599084496498,0.020428447052836418,0.020443780347704887,0
2026-01-22 03:00:00+00:00,0.020502954721450806,0.020577937364578247,0.02042960375547409,0.0205498356372118,0
2026-01-22 03:15:00+00:00,0.02036234736442566,0.020505474880337715,0.020333271473646164,0.020505474880337715,0
2026-01-22 03:30:00+00:00,0.02025306224822998,0.020390048623085022,0.020218363031744957,0.020371880382299423,12736
2026-01-22 03:45:00+00:00,0.020260557532310486,0.02030159905552864,0.020203933119773865,0.02024911157786846,0
2026-01-22 04:00:00+00:00,0.02006930485367775,0.020261485129594803,0.02006930485367775,0.020261485129594803,244064
2026-01-22 04:15:00+00:00,0.020071232691407204,0.020071301609277725,0.020018743351101875,0.020065797492861748,90000
2026-01-22 04:30:00+00:00,0.02000216208398342,0.020091496407985687,0.02000216208398342,0.020073752850294113,159256
2026-01-22 04:45:00+00:00,0.01988033764064312,0.02000315673649311,0.019866248592734337,0.019985560327768326,151456
2026-01-22 05:00:00+00:00,0.019876722246408463,0.020018314942717552,0.019876722246408463,0.019889187067747116,72984
2026-01-22 05:15:00+00:00,0.019825946539640427,0.019952401518821716,0.019780905917286873,0.01988282985985279,220144
2026-01-22 05:30:00+00:00,0.019763778895139694,0.019819878041744232,0.019757341593503952,0.019819878041744232,85240
2026-01-22 05:45:00+00:00,0.019833171740174294,0.019887804985046387,0.019771229475736618,0.019771229475736618,204592
2026-01-22 06:00:00+00:00,0.01968373730778694,0.01983623020350933,0.019642531871795654,0.01983623020350933,194592
2026-01-22 06:15:00+00:00,0.019753118976950645,0.019753504544496536,0.01965170167386532,0.01965170167386532,0
2026-01-22 06:30:00+00:00,0.019906198605895042,0.019923176616430283,0.019767703488469124,0.019767703488469124,0
2026-01-22 06:45:00+00:00,0.019995544105768204,0.019995544105768204,0.01983821392059326,0.019904082641005516,282160
2026-01-22 07:00:00+00:00,0.019876210018992424,0.02010340243577957,0.019876137375831604,0.020011138170957565,0
2026-01-22 07:15:00+00:00,0.020145857706665993,0.020149657502770424,0.01989099755883217,0.01989099755883217,234976
2026-01-22 07:30:00+00:00,0.020382322371006012,0.020382732152938843,0.02019282430410385,0.02019282430410385,439008
2026-01-22 07:45:00+00:00,0.020454945042729378,0.02047618292272091,0.020376380532979965,0.020407190546393394,177400
2026-01-22 08:00:00+00:00,0.0209382101893425,0.020942509174346924,0.020475657656788826,0.020475657656788826,1321504
2026-01-22 08:15:00+00:00,0.02152516134083271,0.021576182916760445,0.020955469459295273,0.020955469459295273,2503288
2026-01-22 08:30:00+00:00,0.020851435139775276,0.02125854603946209,0.020583035424351692,0.02125854603946209,1596088
2026-01-22 08:45:00+00:00,0.0206356942653656,0.02100410684943199,0.020623184740543365,0.02087249606847763,491984
2026-01-22 09:00:00+00:00,0.020844601094722748,0.020844601094722748,0.020573748275637627,0.020573748275637627,550392
2026-01-22 09:15:00+00:00,0.020709462463855743,0.0209310632199049,0.020646672695875168,0.020848028361797333,0
2026-01-22 09:30:00+00:00,0.02086956426501274,0.02093835547566414,0.02069913223385811,0.02076711691915989,194752
2026-01-22 09:45:00+00:00,0.0205689687281847,0.020862460136413574,0.0205689687281847,0.020862460136413574,0
2026-01-22 10:00:00+00:00,0.02063683420419693,0.020678192377090454,0.020581169053912163,0.020605696365237236,0
2026-01-22 10:15:00+00:00,0.021169884130358696,0.021361105144023895,0.020671481266617775,0.020671481266617775,1747976
2026-01-22 10:30:00+00:00,0.021371370181441307,0.021423935890197754,0.020997172221541405,0.021145207807421684,155472
2026-01-22 10:45:00+00:00,0.020840412005782127,0.02134106121957302,0.020840412005782127,0.02134106121957302,0
2026-01-22 11:00:00+00:00,0.020929746329784393,0.02100958675146103,0.02075154148042202,0.020842591300606728,163768
2026-01-22 11:15:00+00:00,0.02083798311650753,0.02108616940677166,0.020774025470018387,0.02093495987355709,0
2026-01-22 11:30:00+00:00,0.020654970780014992,0.02100316248834133,0.020645560696721077,0.020865337923169136,0
2026-01-22 11:45:00+00:00,0.020661259070038795,0.020851092413067818,0.020645031705498695,0.020645031705498695,274448
2026-01-22 12:00:00+00:00,0.021301165223121643,0.021301165223121643,0.02066916413605213,0.02066916413605213,852048
2026-01-22 12:15:00+00:00,0.02149069868028164,0.02149069868028164,0.021249115467071533,0.02131587080657482,1149888
2026-01-22 12:30:00+00:00,0.021843673661351204,0.02188940718770027,0.02148832567036152,0.02148832567036152,493504
2026-01-22 12:45:00+00:00,0.02172660455107689,0.02188640460371971,0.021668972447514534,0.021832190454006195,105832
2026-01-22 13:00:00+00:00,0.021075543016195297,0.02163100801408291,0.021075543016195297,0.02163100801408291,135736
2026-01-22 13:15:00+00:00,0.021150808781385422,0.021233772858977318,0.021084072068333626,0.02109081856906414,326712
2026-01-22 13:30:00+00:00,0.02124881185591221,0.021263334900140762,0.02106616273522377,0.02111983299255371,400256
2026-01-22 13:45:00+00:00,0.021708449348807335,0.02171299047768116,0.0212459284812212,0.0212459284812212,396640
2026-01-22 14:00:00+00:00,0.02152792364358902,0.02170424349606037,0.02151106484234333,0.02170424349606037,0
2026-01-22 14:15:00+00:00,0.021316079422831535,0.021533308550715446,0.021304139867424965,0.021533308550715446,0
2026-01-22 14:30:00+00:00,0.02090698480606079,0.02133021503686905,0.020906785503029823,0.02133021503686905,0
2026-01-22 14:45:00+00:00,0.021008282899856567,0.021008282899856567,0.02084728144109249,0.020903199911117554,131920
2026-01-22 15:00:00+00:00,0.020797917619347572,0.020996613427996635,0.020770525559782982,0.020981119945645332,106488
2026-01-22 15:15:00+00:00,0.02124607190489769,0.02128678373992443,0.020815562456846237,0.020815562456846237,0
2026-01-22 15:30:00+00:00,0.02123771607875824,0.021400276571512222,0.02123584970831871,0.02125837467610836,0
2026-01-22 15:45:00+00:00,0.02078227326273918,0.021220851689577103,0.020741760730743408,0.021220851689577103,0
2026-01-22 16:00:00+00:00,0.02091139368712902,0.021057244390249252,0.020754842087626457,0.020754842087626457,0
2026-01-22 16:15:00+00:00,0.020373208448290825,0.02110527828335762,0.020373208448290825,0.02090396359562874,0
2026-01-22 16:30:00+00:00,0.02010786347091198,0.020335840061306953,0.019971152767539024,0.020335840061306953,0
2026-01-22 16:45:00+00:00,0.02033313363790512,0.020359590649604797,0.02011352777481079,0.02011352777481079,0
2026-01-22 17:00:00+00:00,0.02029830776154995,0.020409055054187775,0.020262382924556732,0.02033570036292076,0
2026-01-22 17:15:00+00:00,0.01970311999320984,0.020248953253030777,0.019646817818284035,0.020248953253030777,136536
2026-01-22 17:30:00+00:00,0.019936706870794296,0.01994122937321663,0.019710974767804146,0.019710974767804146,0
2026-01-22 17:45:00+00:00,0.020192056894302368,0.020223835483193398,0.019965607672929764,0.019965607672929764,0
2026-01-22 18:00:00+00:00,0.019932622089982033,0.02018282189965248,0.019923368468880653,0.02018282189965248,0
2026-01-22 18:15:00+00:00,0.01999879814684391,0.020038776099681854,0.019923260435461998,0.019923260435461998,3760
2026-01-22 18:30:00+00:00,0.01990571618080139,0.01998978666961193,0.019905172288417816,0.01998978666961193,0
2026-01-22 18:45:00+00:00,0.019727839156985283,0.0199077557772398,0.019725795835256577,0.0199077557772398,0
2026-01-22 19:00:00+00:00,0.01989097334444523,0.01989097334444523,0.019742319360375404,0.019743256270885468,0
2026-01-22 19:15:00+00:00,0.019938845187425613,0.01994624175131321,0.019800228998064995,0.019894065335392952,0
2026-01-22 19:30:00+00:00,0.019966982305049896,0.020022062584757805,0.019945206120610237,0.01998688280582428,0
2026-01-22 19:45:00+00:00,0.019901296123862267,0.019971339032053947,0.019843967631459236,0.019971339032053947,0
2026-01-22 20:00:00+00:00,0.019948629662394524,0.01999570243060589,0.01979728229343891,0.019894737750291824,0
2026-01-22 20:15:00+00:00,0.019925560802221298,0.020031018182635307,0.019925560802221298,0.019966967403888702,0
2026-01-22 20:30:00+00:00,0.01963203027844429,0.019932441413402557,0.019603649154305458,0.019932441413402557,19512
2026-01-22 20:45:00+00:00,0.01972166821360588,0.019764862954616547,0.019625939428806305,0.019625939428806305,0
2026-01-22 21:00:00+00:00,0.01930447854101658,0.01970648393034935,0.01930447854101658,0.01970648393034935,0
2026-01-22 21:15:00+00:00,0.019388070330023766,0.019399315118789673,0.019279547035694122,0.019326239824295044,0
2026-01-22 21:30:00+00:00,0.019313007593154907,0.019382720813155174,0.01929630897939205,0.019382720813155174,0
2026-01-22 21:45:00+00:00,0.01922375150024891,0.019340844824910164,0.0192149318754673,0.019309628754854202,0
2026-01-22 22:00:00+00:00,0.018919091671705246,0.019221898168325424,0.01891155354678631,0.019221898168325424,124920
2026-01-22 22:15:00+00:00,0.018880434334278107,0.018918786197900772,0.018803976476192474,0.018918786197900772,166904
2026-01-22 22:30:00+00:00,0.018969085067510605,0.018980884924530983,0.018882643431425095,0.018882643431425095,0
2026-01-22 22:45:00+00:00,0.018885761499404907,0.018991276621818542,0.018885761499404907,0.01897156797349453,0
2026-01-22 23:00:00+00:00,0.018672063946723938,0.01883024163544178,0.01864842139184475,0.01883024163544178,18664
2026-01-22 23:15:00+00:00,0.018757745623588562,0.01875818334519863,0.018689559772610664,0.018689559772610664,0
2026-01-22 23:30:00+00:00,0.01876891404390335,0.018860863521695137,0.018762439489364624,0.018762867897748947,11888
2026-01-22 23:45:00+00:00,0.01883552595973015,0.01883552595973015,0.01873234286904335,0.018759559839963913,85504
2026-01-23 00:00:00+00:00,0.019124150276184082,0.019124150276184082,0.018807081505656242,0.01882898434996605,0
2026-01-23 00:15:00+00:00,0.019127486273646355,0.01927843689918518,0.019112808629870415,0.019156021997332573,91008
2026-01-23 00:30:00+00:00,0.019035300239920616,0.019258033484220505,0.019023288041353226,0.019150182604789734,0
2026-01-23 00:45:00+00:00,0.019287196919322014,0.019287196919322014,0.01901995949447155,0.01901995949447155,0
2026-01-23 01:00:00+00:00,0.02002655528485775,0.020044147968292236,0.01932055503129959,0.01932055503129959,560240
2026-01-23 01:15:00+00:00,0.020022043958306313,0.020073845982551575,0.019995126873254776,0.02003815770149231,281168
2026-01-23 01:30:00+00:00,0.01990055851638317,0.019989464432001114,0.01990055851638317,0.019988853484392166,0
2026-01-23 01:45:00+00:00,0.019906286150217056,0.019927198067307472,0.019761767238378525,0.019895685836672783,46480
2026-01-23 02:00:00+00:00,0.020004773512482643,0.020099394023418427,0.01986142061650753,0.01986142061650753,81296
2026-01-23 02:15:00+00:00,0.01997450925409794,0.020089643076062202,0.01997450925409794,0.020015479996800423,0
2026-01-23 02:30:00+00:00,0.019674962386488914,0.019964460283517838,0.01963098719716072,0.019964460283517838,307960
2026-01-23 02:45:00+00:00,0.01948830857872963,0.019696183502674103,0.01948830857872963,0.019690556451678276,44616
2026-01-23 03:00:00+00:00,0.01938064955174923,0.019483372569084167,0.01938064955174923,0.019481465220451355,78912
2026-01-23 03:15:00+00:00,0.01935255154967308,0.019413167610764503,0.01927594095468521,0.019383598119020462,50512
2026-01-23 03:30:00+00:00,0.019229993224143982,0.01935194618999958,0.019187072291970253,0.01935194618999958,0
2026-01-23 03:45:00+00:00,0.019086122512817383,0.019228795543313026,0.019086122512817383,0.019228795543313026,76632
2026-01-23 04:00:00+00:00,0.018943803384900093,0.019173650071024895,0.018943803384900093,0.019092224538326263,0
2026-01-23 04:15:00+00:00,0.018946751952171326,0.018946751952171326,0.018886122852563858,0.018943803384900093,67056
2026-01-23 04:30:00+00:00,0.01909700036048889,0.01909700036048889,0.018917284905910492,0.018939990550279617,0
2026-01-23 04:45:00+00:00,0.01910368725657463,0.01925794780254364,0.019097572192549706,0.019097572192549706,28012
2026-01-23 05:00:00+00:00,0.019089635461568832,0.019204583019018173,0.019087836146354675,0.019097454845905304,0
2026-01-23 05:15:00+00:00,0.01902143470942974,0.019095325842499733,0.018999315798282623,0.019095325842499733,0
2026-01-23 05:30:00+00:00,0.019073670729994774,0.019178954884409904,0.0190413910895586,0.0190413910895586,0
2026-01-23 05:45:00+00:00,0.01906004175543785,0.019067447632551193,0.019010499119758606,0.0190582312643528,14396
2026-01-23 06:00:00+00:00,0.018972985446453094,0.019091350957751274,0.01896459423005581,0.01906576193869114,5344
2026-01-23 06:15:00+00:00,0.019316069781780243,0.01937970332801342,0.01897316984832287,0.01897316984832287,818604
2026-01-23 06:30:00+00:00,0.019166061654686928,0.019296446815133095,0.01913091167807579,0.01926756463944912,0
2026-01-23 06:45:00+00:00,0.018319470807909966,0.01916605606675148,0.018319470807909966,0.01916605606675148,646852
2026-01-23 07:00:00+00:00,0.0179694052785635,0.01830732449889183,0.017961010336875916,0.01830732449889183,707560
2026-01-23 07:15:00+00:00,0.01740710437297821,0.017964690923690796,0.01740710437297821,0.017964690923690796,788336
2026-01-23 07:30:00+00:00,0.017454100772738457,0.017454100772738457,0.017067505046725273,0.01740129664540291,1691208
2026-01-23 07:45:00+00:00,0.0178372859954834,0.0178372859954834,0.017445283010601997,0.017445283010601997,1034328
2026-01-23 08:00:00+00:00,0.017871519550681114,0.01791471801698208,0.01775096356868744,0.01783827506005764,0
2026-01-23 08:15:00+00:00,0.017837362363934517,0.01798095367848873,0.017775271087884903,0.017920957878232002,0
2026-01-23 08:30:00+00:00,0.017596296966075897,0.017886970192193985,0.017573446035385132,0.017850130796432495,0
2026-01-23 08:45:00+00:00,0.017714953050017357,0.017789192497730255,0.017589712515473366,0.017589712515473366,0
2026-01-23 09:00:00+00:00,0.01760132424533367,0.01775425300002098,0.01760132424533367,0.017716102302074432,0
2026-01-23 09:15:00+00:00,0.017422238364815712,0.017637046054005623,0.017422238364815712,0.01761450618505478,54720
2026-01-23 09:30:00+00:00,0.017441149801015854,0.017450228333473206,0.01739807426929474,0.017431536689400673,0
2026-01-23 09:45:00+00:00,0.017481757327914238,0.017484255135059357,0.017367621883749962,0.017428865656256676,33100
2026-01-23 10:00:00+00:00,0.017288368195295334,0.017599616199731827,0.017288368195295334,0.01747240498661995,353252
2026-01-23 10:15:00+00:00,0.017240453511476517,0.01728655770421028,0.017235537990927696,0.01728655770421028,0
2026-01-23 10:30:00+00:00,0.017150958999991417,0.017275363206863403,0.01711566559970379,0.017240192741155624,0
2026-01-23 10:45:00+00:00,0.017137348651885986,0.017204556614160538,0.017137348651885986,0.01716216653585434,0
2026-01-23 11:00:00+00:00,0.017057934775948524,0.017145570367574692,0.017057934775948524,0.01713631860911846,0
2026-01-23 11:15:00+00:00,0.017088115215301514,0.017088115215301514,0.01688329689204693,0.017053645104169846,486064
2026-01-23 11:30:00+00:00,0.01707836426794529,0.01712602935731411,0.01707836426794529,0.017080362886190414,102772
2026-01-23 11:45:00+00:00,0.017167506739497185,0.017167506739497185,0.017078446224331856,0.017078446224331856,52604
2026-01-23 12:00:00+00:00,0.017144231125712395,0.017362244427204132,0.017144231125712395,0.017171896994113922,0
2026-01-23 12:15:00+00:00,0.017154738306999207,0.017179587855935097,0.01711644046008587,0.017145035788416862,0
2026-01-23 12:30:00+00:00,0.017103485763072968,0.0171956829726696,0.017103485763072968,0.017157085239887238,0
2026-01-23 12:45:00+00:00,0.016994375735521317,0.017134640365839005,0.016994375735521317,0.01711324229836464,0
2026-01-23 13:00:00+00:00,0.017010347917675972,0.017047293484210968,0.016956206411123276,0.01699431985616684,0
2026-01-23 13:15:00+00:00,0.017106983810663223,0.01711376942694187,0.016948385164141655,0.01699385792016983,2032
2026-01-23 13:30:00+00:00,0.016976816579699516,0.01711016148328781,0.016906650736927986,0.01709468476474285,103944
2026-01-23 13:45:00+00:00,0.017045974731445312,0.017061492428183556,0.016974136233329773,0.016974136233329773,0
2026-01-23 14:00:00+00:00,0.017180893570184708,0.017180893570184708,0.017003048211336136,0.017051951959729195,28016
2026-01-23 14:15:00+00:00,0.017046673223376274,0.017164215445518494,0.016984503716230392,0.017164215445518494,0
2026-01-23 14:30:00+00:00,0.01704590767621994,0.017177946865558624,0.017015649005770683,0.01704614982008934,0
2026-01-23 14:45:00+00:00,0.01698155514895916,0.017032593488693237,0.01685655117034912,0.017032593488693237,110680
2026-01-23 15:00:00+00:00,0.016971157863736153,0.01701931655406952,0.016967006027698517,0.01698683388531208,0
2026-01-23 15:15:00+00:00,0.016927462071180344,0.016964882612228394,0.01680591329932213,0.016964882612228394,171640
2026-01-23 15:30:00+00:00,0.01697603426873684,0.017013536766171455,0.01691392995417118,0.016916338354349136,0
2026-01-23 15:45:00+00:00,0.017336487770080566,0.01733824983239174,0.01697794906795025,0.01697794906795025,228824
2026-01-23 16:00:00+00:00,0.01754581928253174,0.017596324905753136,0.017348723486065865,0.017348723486065865,332900
2026-01-23 16:15:00+00:00,0.017462708055973053,0.017652595415711403,0.017462708055973053,0.017586763948202133,357580
2026-01-23 16:30:00+00:00,0.017593571916222572,0.017593571916222572,0.01734068989753723,0.01747692935168743,97948
2026-01-23 16:45:00+00:00,0.01767188496887684,0.017723718658089638,0.01761423982679844,0.01761423982679844,107396
2026-01-23 17:00:00+00:00,0.01750761643052101,0.017670853063464165,0.017488647252321243,0.017670853063464165,55900
2026-01-23 17:15:00+00:00,0.01776336506009102,0.017768751829862595,0.017513062804937363,0.017513062804937363,231036
2026-01-23 17:30:00+00:00,0.017824862152338028,0.017937418073415756,0.017797041684389114,0.017797041684389114,184512
2026-01-23 17:45:00+00:00,0.01805742271244526,0.01813783124089241,0.017834672704339027,0.017834672704339027,621672
2026-01-23 18:00:00+00:00,0.01784716546535492,0.018041511997580528,0.017832571640610695,0.018041511997580528,255416
2026-01-23 18:15:00+00:00,0.017630336806178093,0.017894191667437553,0.017630336806178093,0.01782987080514431,6220
2026-01-23 18:30:00+00:00,0.017674878239631653,0.017705567181110382,0.017636572942137718,0.017636572942137718,198316
2026-01-23 18:45:00+00:00,0.017434140667319298,0.017670556902885437,0.017375372350215912,0.017670556902885437,184292
2026-01-23 19:00:00+00:00,0.017315931618213654,0.01743110455572605,0.017296120524406433,0.01743110455572605,36596
2026-01-23 19:15:00+00:00,0.017214395105838776,0.017307788133621216,0.017094923183321953,0.017307788133621216,132924
2026-01-23 19:30:00+00:00,0.017071595415472984,0.017105963081121445,0.017020123079419136,0.017105963081121445,1324
2026-01-23 19:45:00+00:00,0.017084607854485512,0.017088867723941803,0.017055997624993324,0.01707608811557293,69024
2026-01-23 20:00:00+00:00,0.01700603775680065,0.017088815569877625,0.016932928934693336,0.01708296686410904,214084
2026-01-23 20:15:00+00:00,0.01692444272339344,0.016999641433358192,0.01692311465740204,0.016999641433358192,0
2026-01-23 20:30:00+00:00,0.016941633075475693,0.016966477036476135,0.01690574362874031,0.0169266015291214,223708
2026-01-23 20:45:00+00:00,0.01694600097835064,0.01694600097835064,0.01687186025083065,0.016934944316744804,88380
2026-01-23 21:00:00+00:00,0.017074504867196083,0.017105069011449814,0.016926510259509087,0.016926510259509087,53288
2026-01-23 21:15:00+00:00,0.017103660851716995,0.017145942896604538,0.01702924817800522,0.01707235909998417,0
2026-01-23 21:30:00+00:00,0.01703285239636898,0.017107058316469193,0.01703285239636898,0.017107058316469193,0
2026-01-23 21:45:00+00:00,0.0169952604919672,0.01704077050089836,0.0169952604919672,0.017031777650117874,16
2026-01-23 22:00:00+00:00,0.01695363037288189,0.017070656642317772,0.016951674595475197,0.016980966553092003,0
2026-01-23 22:15:00+00:00,0.017007656395435333,0.017007656395435333,0.016958950087428093,0.016958950087428093,0
2026-01-23 22:30:00+00:00,0.017109282314777374,0.017172889783978462,0.01700383424758911,0.017007699236273766,144200
2026-01-23 22:45:00+00:00,0.017061948776245117,0.017107000574469566,0.017057368531823158,0.017107000574469566,0
2026-01-23 23:00:00+00:00,0.016980085521936417,0.017052268609404564,0.01693391054868698,0.017052268609404564,0
2026-01-23 23:15:00+00:00,0.017040234059095383,0.017040234059095383,0.016957053914666176,0.01696472242474556,0
2026-01-23 23:30:00+00:00,0.017043188214302063,0.017051447182893753,0.01703636720776558,0.01704220660030842,0
2026-01-23 23:45:00+00:00,0.01711617223918438,0.01711617223918438,0.017026005312800407,0.017040204256772995,24068
2026-01-24 00:00:00+00:00,0.01702764816582203,0.017123283818364143,0.01702764816582203,0.017119018360972404,0
2026-01-24 00:15:00+00:00,0.016827039420604706,0.017030101269483566,0.016827039420604706,0.017030101269483566,0
2026-01-24 00:30:00+00:00,0.016650186851620674,0.01682646945118904,0.016642125323414803,0.01682646945118904,84888
2026-01-24 00:45:00+00:00,0.016635514795780182,0.016727827489376068,0.016635514795780182,0.016648251563310623,59420
2026-01-24 01:00:00+00:00,0.016615187749266624,0.01664411649107933,0.016569389030337334,0.016637474298477173,0
2026-01-24 01:15:00+00:00,0.016674930229783058,0.016682172194123268,0.016619937494397163,0.016619937494397163,0
2026-01-24 01:30:00+00:00,0.01662350259721279,0.016689352691173553,0.01662350259721279,0.016673583537340164,0
2026-01-24 01:45:00+00:00,0.01666261814534664,0.016663474962115288,0.016615957021713257,0.016628636047244072,0
2026-01-24 02:00:00+00:00,0.016527313739061356,0.01670764572918415,0.016514666378498077,0.016663115471601486,0
2026-01-24 02:15:00+00:00,0.01652161031961441,0.016530606895685196,0.016470499336719513,0.016530606895685196,52808
2026-01-24 02:30:00+00:00,0.01655248925089836,0.016587812453508377,0.016522329300642014,0.016522329300642014,0
2026-01-24 02:45:00+00:00,0.01647591032087803,0.016550729051232338,0.016457613557577133,0.016550729051232338,0
2026-01-24 03:00:00+00:00,0.01659228280186653,0.01659228280186653,0.016463913023471832,0.01648327335715294,0
2026-01-24 03:15:00+00:00,0.01647440902888775,0.01660158671438694,0.016458922997117043,0.016591019928455353,132332
2026-01-24 03:30:00+00:00,0.016524944454431534,0.016536233946681023,0.01647106185555458,0.01648559235036373,80256
2026-01-24 03:45:00+00:00,0.016398580744862556,0.016517959535121918,0.01638942025601864,0.016517959535121918,0
2026-01-24 04:00:00+00:00,0.016475684940814972,0.016517404466867447,0.016400916501879692,0.016400916501879692,0
2026-01-24 04:15:00+00:00,0.016434939578175545,0.016498612239956856,0.016433941200375557,0.016480086371302605,2852
2026-01-24 04:30:00+00:00,0.01650148816406727,0.01651500165462494,0.016435755416750908,0.01644023135304451,19588
2026-01-24 04:45:00+00:00,0.016528913751244545,0.016531482338905334,0.01646224968135357,0.016489043831825256,0
2026-01-24 05:00:00+00:00,0.016575699672102928,0.016598861664533615,0.01650966890156269,0.01652340777218342,48884
2026-01-24 05:15:00+00:00,0.016585025936365128,0.016645807772874832,0.01654878258705139,0.01654878258705139,186276
2026-01-24 05:30:00+00:00,0.01648232527077198,0.016589630395174026,0.01648232527077198,0.016589630395174026,19476
2026-01-24 05:45:00+00:00,0.01665085181593895,0.016668405383825302,0.01649431139230728,0.01649431139230728,49476
2026-01-24 06:00:00+00:00,0.01662304438650608,0.0166771337389946,0.016622336581349373,0.01665985956788063,0
2026-01-24 06:15:00+00:00,0.01653718203306198,0.016618600115180016,0.01653718203306198,0.016618600115180016,0
2026-01-24 06:30:00+00:00,0.016598282381892204,0.01661471463739872,0.016533486545085907,0.016533486545085907,0
2026-01-24 06:45:00+00:00,0.016745885834097862,0.016760602593421936,0.016606459394097328,0.016606459394097328,0
2026-01-24 07:00:00+00:00,0.016790220513939857,0.016795160248875618,0.016739916056394577,0.016739916056394577,0
2026-01-24 07:15:00+00:00,0.017062470316886902,0.017141131684184074,0.01679769903421402,0.01679769903421402,797820
2026-01-24 07:30:00+00:00,0.016986411064863205,0.017061607912182808,0.016908900812268257,0.017061607912182808,0
2026-01-24 07:45:00+00:00,0.01690458133816719,0.0169980488717556,0.016886217519640923,0.01698664389550686,0
2026-01-24 08:00:00+00:00,0.016801433637738228,0.01695050485432148,0.016793450340628624,0.016914237290620804,0
2026-01-24 08:15:00+00:00,0.016802318394184113,0.016847360879182816,0.01680108718574047,0.01680108718574047,0
2026-01-24 08:30:00+00:00,0.016805317252874374,0.016817165538668633,0.0167698971927166,0.01681375317275524,0
2026-01-24 08:45:00+00:00,0.016761157661676407,0.01679912395775318,0.016726341098546982,0.01679912395775318,0
2026-01-24 09:00:00+00:00,0.01704009622335434,0.017041916027665138,0.016767799854278564,0.016767799854278564,187824
2026-01-24 09:15:00+00:00,0.016949864104390144,0.016998400911688805,0.016914451494812965,0.016998400911688805,0
2026-01-24 09:30:00+00:00,0.016926443204283714,0.0169592946767807,0.016926443204283714,0.01694532297551632,0
2026-01-24 09:45:00+00:00,0.016803357750177383,0.016925672069191933,0.016802266240119934,0.016925672069191933,0
2026-01-24 10:00:00+00:00,0.01693606562912464,0.016989754512906075,0.01680298149585724,0.01680298149585724,0
2026-01-24 10:15:00+00:00,0.016909822821617126,0.016937443986535072,0.01686282642185688,0.016937443986535072,4616
2026-01-24 10:30:00+00:00,0.016929036006331444,0.016968851909041405,0.016903677955269814,0.016913248226046562,0
2026-01-24 10:45:00+00:00,0.01698140799999237,0.01701420731842518,0.01690966635942459,0.016923386603593826,13936
2026-01-24 11:00:00+00:00,0.016959859058260918,0.01706632599234581,0.016959212720394135,0.016984211280941963,23176
2026-01-24 11:15:00+00:00,0.016727061942219734,0.016894588246941566,0.016727061942219734,0.016894588246941566,0
2026-01-24 11:30:00+00:00,0.016794443130493164,0.016811009496450424,0.01670149713754654,0.01673373021185398,0
2026-01-24 11:45:00+00:00,0.01672453060746193,0.016783544793725014,0.01672453060746193,0.016783544793725014,0
2026-01-24 12:00:00+00:00,0.01681896485388279,0.016819149255752563,0.016713345423340797,0.016723664477467537,0
2026-01-24 12:15:00+00:00,0.016695987433195114,0.016817694529891014,0.016695987433195114,0.01681734435260296,0
2026-01-24 12:30:00+00:00,0.016682306304574013,0.016713352873921394,0.01665700413286686,0.016713352873921394,400600
2026-01-24 12:45:00+00:00,0.016601355746388435,0.016667837277054787,0.01659902185201645,0.016667837277054787,0
2026-01-24 13:00:00+00:00,0.016550051048398018,0.016599807888269424,0.016550051048398018,0.016596458852291107,0
2026-01-24 13:15:00+00:00,0.016605272889137268,0.016628282144665718,0.016548320651054382,0.016548320651054382,0
2026-01-24 13:30:00+00:00,0.01652935892343521,0.016630567610263824,0.016525568440556526,0.016630122438073158,0
2026-01-24 13:45:00+00:00,0.016534218564629555,0.016590509563684464,0.01653086580336094,0.01653086580336094,0
2026-01-24 14:00:00+00:00,0.016331909224390984,0.01652643270790577,0.016331909224390984,0.01652643270790577,138768
2026-01-24 14:15:00+00:00,0.016392432153224945,0.016407279297709465,0.016334017738699913,0.016334017738699913,0
2026-01-24 14:30:00+00:00,0.016529088839888573,0.016529088839888573,0.01640027016401291,0.01640027016401291,0
2026-01-24 14:45:00+00:00,0.016511131078004837,0.016537180170416832,0.016511131078004837,0.016526546329259872,0
2026-01-24 15:00:00+00:00,0.016553819179534912,0.016559550538659096,0.016490144655108452,0.0165090374648571,10744
2026-01-24 15:15:00+00:00,0.016541220247745514,0.01655849814414978,0.016523486003279686,0.01655849814414978,0
2026-01-24 15:30:00+00:00,0.016614187508821487,0.01670237071812153,0.01652737334370613,0.016536233946681023,324684
2026-01-24 15:45:00+00:00,0.016377244144678116,0.016581039875745773,0.016362691298127174,0.016581039875745773,527956
2026-01-24 16:00:00+00:00,0.01639443077147007,0.016413167119026184,0.016376856714487076,0.016378290951251984,0
2026-01-24 16:15:00+00:00,0.016378458589315414,0.016379809007048607,0.01630612276494503,0.016379809007048607,0
2026-01-24 16:30:00+00:00,0.016418933868408203,0.016418933868408203,0.01636975072324276,0.016378432512283325,0
2026-01-24 16:45:00+00:00,0.016340332105755806,0.016402272507548332,0.0163396168500185,0.016402272507548332,0
2026-01-24 17:00:00+00:00,0.01631738804280758,0.01633181795477867,0.0162963904440403,0.016317056491971016,0
2026-01-24 17:15:00+00:00,0.01632579043507576,0.016333121806383133,0.016309518367052078,0.01631173864006996,0
2026-01-24 17:30:00+00:00,0.016298260539770126,0.016325796023011208,0.016249988228082657,0.016319306567311287,0
2026-01-24 17:45:00+00:00,0.016294827684760094,0.016294827684760094,0.016253050416707993,0.01629325933754444,0
2026-01-24 18:00:00+00:00,0.016358640044927597,0.016358640044927597,0.01631852425634861,0.01631852425634861,0
2026-01-24 18:15:00+00:00,0.016379989683628082,0.016379989683628082,0.016346124932169914,0.01635991595685482,0
2026-01-24 18:30:00+00:00,0.016403023153543472,0.016428235918283463,0.016384894028306007,0.016384894028306007,0
2026-01-24 18:45:00+00:00,0.016363082453608513,0.01639961637556553,0.016338903456926346,0.01639961637556553,0
2026-01-24 19:00:00+00:00,0.016327451914548874,0.016374779865145683,0.016327451914548874,0.016362996771931648,0
2026-01-24 19:15:00+00:00,0.016262192279100418,0.016314368695020676,0.016256337985396385,0.016314368695020676,0
2026-01-24 19:30:00+00:00,0.016278941184282303,0.016278941184282303,0.0162669625133276,0.0162669625133276,32636
2026-01-24 19:45:00+00:00,0.016165167093276978,0.01627822034060955,0.016165167093276978,0.01627822034060955,61606
2026-01-24 20:00:00+00:00,0.016171429306268692,0.016173718497157097,0.016162125393748283,0.016162125393748283,0
2026-01-24 20:15:00+00:00,0.016178566962480545,0.016185570508241653,0.016151458024978638,0.016162311658263206,4392
2026-01-24 20:30:00+00:00,0.016156375408172607,0.016173364594578743,0.016148367896676064,0.016173364594578743,0
2026-01-24 20:45:00+00:00,0.016214916482567787,0.016214916482567787,0.01615271158516407,0.016164541244506836,153744
2026-01-24 21:00:00+00:00,0.016164511442184448,0.016258833929896355,0.01616227626800537,0.01623774692416191,138016
2026-01-24 21:15:00+00:00,0.01624692790210247,0.016256382688879967,0.016177304089069366,0.016177304089069366,42810
2026-01-24 21:30:00+00:00,0.016222678124904633,0.016247063875198364,0.016222678124904633,0.016247063875198364,2444
2026-01-24 21:45:00+00:00,0.016251301392912865,0.016251301392912865,0.016212690621614456,0.016224216669797897,0
2026-01-24 22:00:00+00:00,0.01620546542108059,0.016253149136900902,0.016198834404349327,0.016244525089859962,0
2026-01-24 22:15:00+00:00,0.0161513090133667,0.016208624467253685,0.0161513090133667,0.016203170642256737,24764
2026-01-24 22:30:00+00:00,0.016201015561819077,0.01620386727154255,0.01615169830620289,0.016155783087015152,5766
2026-01-24 22:45:00+00:00,0.016172315925359726,0.016191665083169937,0.016172315925359726,0.016191665083169937,4544
2026-01-24 23:00:00+00:00,0.01617301255464554,0.01618286408483982,0.016158485785126686,0.016173703595995903,7184
2026-01-24 23:15:00+00:00,0.016177386045455933,0.01620103418827057,0.01615217514336109,0.016173720359802246,35282
2026-01-24 23:30:00+00:00,0.016182325780391693,0.01622120849788189,0.016182325780391693,0.016194036230444908,0
2026-01-24 23:45:00+00:00,0.01616024039685726,0.016214601695537567,0.01616024039685726,0.0161824319511652,0
2026-01-25 00:00:00+00:00,0.016171792522072792,0.016184335574507713,0.01614721678197384,0.01614721678197384,3386
2026-01-25 00:15:00+00:00,0.016258735209703445,0.016258735209703445,0.016144143417477608,0.016171611845493317,42938
2026-01-25 00:30:00+00:00,0.016221143305301666,0.016312722116708755,0.01615270785987377,0.016280362382531166,7120
2026-01-25 00:45:00+00:00,0.016216587275266647,0.016276726499199867,0.0161881260573864,0.016220513731241226,0
2026-01-25 01:00:00+00:00,0.016383260488510132,0.016420213505625725,0.01621611975133419,0.01621611975133419,0
2026-01-25 01:15:00+00:00,0.016326598823070526,0.016389844939112663,0.016326598823070526,0.016384806483983994,16174
2026-01-25 01:30:00+00:00,0.016099564731121063,0.016328129917383194,0.016099564731121063,0.016328129917383194,28178
2026-01-25 01:45:00+00:00,0.016468077898025513,0.016468077898025513,0.016101673245429993,0.016101673245429993,397352
2026-01-25 02:00:00+00:00,0.016318103298544884,0.01652807556092739,0.01631072908639908,0.016448915004730225,188598
2026-01-25 02:15:00+00:00,0.01646779291331768,0.016485096886754036,0.016336878761649132,0.016336878761649132,98410
2026-01-25 02:30:00+00:00,0.01644204370677471,0.01644204370677471,0.01637149043381214,0.016436506062746048,25424
2026-01-25 02:45:00+00:00,0.016511153429746628,0.016515783965587616,0.016437793150544167,0.016437793150544167,75468
2026-01-25 03:00:00+00:00,0.01646108366549015,0.016560515388846397,0.01645990088582039,0.016512658447027206,87778
2026-01-25 03:15:00+00:00,0.016645925119519234,0.01665322110056877,0.016394149512052536,0.016460126265883446,143932
2026-01-25 03:30:00+00:00,0.016759155318140984,0.016790032386779785,0.01660887710750103,0.01667911559343338,323836
2026-01-25 03:45:00+00:00,0.016611482948064804,0.016751151531934738,0.016592446714639664,0.016751151531934738,173582
2026-01-25 04:00:00+00:00,0.017251405864953995,0.01727914810180664,0.016564493998885155,0.01660776324570179,1323190
2026-01-25 04:15:00+00:00,0.016958318650722504,0.017271224409341812,0.016958318650722504,0.017271224409341812,1106996
2026-01-25 04:30:00+00:00,0.016864653676748276,0.016986573114991188,0.016864653676748276,0.01695672795176506,436974
2026-01-25 04:45:00+00:00,0.01679571159183979,0.01699448935687542,0.016769595444202423,0.01687183789908886,186610
2026-01-25 05:00:00+00:00,0.016909891739487648,0.016909891739487648,0.016719231382012367,0.016800928860902786,126598
2026-01-25 05:15:00+00:00,0.017171641811728477,0.017171641811728477,0.01691264472901821,0.01691264472901821,446776
2026-01-25 05:30:00+00:00,0.017270831391215324,0.017286183312535286,0.017144644632935524,0.01721767708659172,922516
2026-01-25 05:45:00+00:00,0.017671000212430954,0.017671000212430954,0.01730327121913433,0.01731717959046364,1557188
2026-01-25 06:00:00+00:00,0.01789320632815361,0.018149489536881447,0.017633089795708656,0.017633089795708656,2151270
2026-01-25 06:15:00+00:00,0.018429329618811607,0.018508633598685265,0.017936917021870613,0.017936917021870613,1788474
2026-01-25 06:30:00+00:00,0.018885333091020584,0.018897393718361855,0.01846209168434143,0.01846311241388321,1643598
2026-01-25 06:45:00+00:00,0.017835091799497604,0.018805142492055893,0.017835091799497604,0.018805142492055893,1089986
2026-01-25 07:00:00+00:00,0.017806431278586388,0.0180639810860157,0.01779518462717533,0.017839914187788963,558000
2026-01-25 07:15:00+00:00,0.017692478373646736,0.017836425453424454,0.017692478373646736,0.017783239483833313,0
2026-01-25 07:30:00+00:00,0.018377523869276047,0.018377523869276047,0.017672844231128693,0.017672844231128693,517496
2026-01-25 07:45:00+00:00,0.018260976299643517,0.018341178074479103,0.018088052049279213,0.018341178074479103,474460
2026-01-25 08:00:00+00:00,0.017954954877495766,0.01828518696129322,0.017943929880857468,0.01828518696129322,266852
2026-01-25 08:15:00+00:00,0.01782679185271263,0.01792277954518795,0.017773935571312904,0.01792277954518795,105344
2026-01-25 08:30:00+00:00,0.017535213381052017,0.017785660922527313,0.017535213381052017,0.017768144607543945,641792
2026-01-25 08:45:00+00:00,0.01772984303534031,0.01772984303534031,0.017504379153251648,0.017537731677293777,258404
2026-01-25 09:00:00+00:00,0.017919600009918213,0.017919600009918213,0.017626512795686722,0.017725812271237373,185344
2026-01-25 09:15:00+00:00,0.018295587971806526,0.018629008904099464,0.01822737790644169,0.018299264833331108,1966992
2026-01-25 09:30:00+00:00,0.01860533282160759,0.018647992983460426,0.01778464764356613,0.018160372972488403,3087104
2026-01-25 09:45:00+00:00,0.018886961042881012,0.018949365243315697,0.018649909645318985,0.018649909645318985,1658960
2026-01-25 10:00:00+00:00,0.018247313797473907,0.01883210614323616,0.018207291141152382,0.01883210614323616,430484
2026-01-25 10:15:00+00:00,0.017993208020925522,0.018344702199101448,0.01795762963593006,0.018279172480106354,936888
2026-01-25 10:30:00+00:00,0.01818586327135563,0.018205342814326286,0.018024764955043793,0.018024764955043793,454068
2026-01-25 10:45:00+00:00,0.018069831654429436,0.018206320703029633,0.018069831654429436,0.018176820129156113,196124
2026-01-25 11:00:00+00:00,0.017919039353728294,0.01805352047085762,0.017854461446404457,0.01805352047085762,337812
2026-01-25 11:15:00+00:00,0.018264446407556534,0.018376590684056282,0.01790487952530384,0.017913997173309326,606572
2026-01-25 11:30:00+00:00,0.018237903714179993,0.018381139263510704,0.018233150243759155,0.01825769990682602,179856
2026-01-25 11:45:00+00:00,0.018278153613209724,0.01830160804092884,0.01818949542939663,0.018270086497068405,129012
2026-01-25 12:00:00+00:00,0.018180057406425476,0.01830563135445118,0.01813068613409996,0.018259694799780846,152432
2026-01-25 12:15:00+00:00,0.018192514777183533,0.018192514777183533,0.018112264573574066,0.01814507134258747,194684
2026-01-25 12:30:00+00:00,0.01784622110426426,0.018192071467638016,0.017811300233006477,0.018192071467638016,263936
2026-01-25 12:45:00+00:00,0.017777176573872566,0.017900537699460983,0.017705038189888,0.017877312377095222,437784
2026-01-25 13:00:00+00:00,0.017675431445240974,0.017850983887910843,0.017675431445240974,0.017758511006832123,195168
2026-01-25 13:15:00+00:00,0.017695095390081406,0.01771143078804016,0.017651405185461044,0.01769660785794258,310044
2026-01-25 13:30:00+00:00,0.01777065545320511,0.01777544617652893,0.01763078011572361,0.017695343121886253,274632
2026-01-25 13:45:00+00:00,0.01777130365371704,0.01777130365371704,0.017559658735990524,0.017759038135409355,214812
2026-01-25 14:00:00+00:00,0.017553038895130157,0.017764901742339134,0.017553038895130157,0.017764901742339134,0
2026-01-25 14:15:00+00:00,0.01752159558236599,0.017552779987454414,0.01747910864651203,0.01747910864651203,17092
2026-01-25 14:30:00+00:00,0.017423974350094795,0.017514651641249657,0.01735944114625454,0.017507806420326233,345556
2026-01-25 14:45:00+00:00,0.017232878133654594,0.017425019294023514,0.017196500673890114,0.017425019294023514,344936
2026-01-25 15:00:00+00:00,0.01726553961634636,0.01726553961634636,0.017173225060105324,0.017216380685567856,201848
2026-01-25 15:15:00+00:00,0.017386214807629585,0.017386214807629585,0.01720155030488968,0.017275338992476463,268024
2026-01-25 15:30:00+00:00,0.017380885779857635,0.01746314950287342,0.017380885779857635,0.017402881756424904,184920
2026-01-25 15:45:00+00:00,0.017240652814507484,0.01735631190240383,0.017221607267856598,0.01735631190240383,183504
2026-01-25 16:00:00+00:00,0.016896255314350128,0.017244363203644753,0.016892975196242332,0.017243370413780212,459736
2026-01-25 16:15:00+00:00,0.01672421768307686,0.016880130395293236,0.01665252074599266,0.016880130395293236,878360
2026-01-25 16:30:00+00:00,0.016778642311692238,0.016783399507403374,0.016711615025997162,0.016711615025997162,122044
2026-01-25 16:45:00+00:00,0.016783401370048523,0.016786416992545128,0.01674540899693966,0.016779989004135132,144588
2026-01-25 17:00:00+00:00,0.01684233732521534,0.016942203044891357,0.01678653247654438,0.01678653247654438,219512
2026-01-25 17:15:00+00:00,0.016664113849401474,0.016802826896309853,0.016628477722406387,0.016802826896309853,88472
2026-01-25 17:30:00+00:00,0.016714926809072495,0.016728103160858154,0.016682593151926994,0.016682593151926994,191652
2026-01-25 17:45:00+00:00,0.01653989963233471,0.016779359430074692,0.01653989963233471,0.016720643267035484,196420
2026-01-25 18:00:00+00:00,0.016366159543395042,0.01654503494501114,0.016362827271223068,0.01654503494501114,313272
2026-01-25 18:15:00+00:00,0.016377469524741173,0.01645185798406601,0.016377469524741173,0.01639273576438427,167484
2026-01-25 18:30:00+00:00,0.01640082709491253,0.01640082709491253,0.016360877081751823,0.0163824874907732,393716
2026-01-25 18:45:00+00:00,0.01654089242219925,0.01654089242219925,0.01639755629003048,0.01639796607196331,308632
2026-01-25 19:00:00+00:00,0.016547851264476776,0.01666002720594406,0.016466377303004265,0.016594046726822853,617688
2026-01-25 19:15:00+00:00,0.01653273217380047,0.01667984388768673,0.016489893198013306,0.016544006764888763,510456
2026-01-25 19:30:00+00:00,0.01710820011794567,0.01710820011794567,0.016481027007102966,0.016532352194190025,1454016
2026-01-25 19:45:00+00:00,0.0171772800385952,0.017251895740628242,0.017028165981173515,0.01712108962237835,2092492
2026-01-25 20:00:00+00:00,0.01799936220049858,0.018070746213197708,0.01722046174108982,0.01722046174108982,3317736
2026-01-25 20:15:00+00:00,0.017681952565908432,0.01831095851957798,0.017681952565908432,0.017970526590943336,6002604
2026-01-25 20:30:00+00:00,0.017295392230153084,0.017689701169729233,0.01718151569366455,0.017689701169729233,1397768
2026-01-25 20:45:00+00:00,0.016911234706640244,0.017288336530327797,0.016901448369026184,0.01725625805556774,908936
2026-01-25 21:00:00+00:00,0.017012516036629677,0.017186297103762627,0.01693381741642952,0.01693381741642952,291752
2026-01-25 21:15:00+00:00,0.01730247773230076,0.017310606315732002,0.017045753076672554,0.017045753076672554,664220
2026-01-25 21:30:00+00:00,0.01725810393691063,0.01738545671105385,0.01723419316112995,0.01729658804833889,511648
2026-01-25 21:45:00+00:00,0.017497193068265915,0.017497193068265915,0.01723085716366768,0.01724713295698166,415392
2026-01-25 22:00:00+00:00,0.017986709251999855,0.01800014264881611,0.01754302904009819,0.01754302904009819,1698840
2026-01-25 22:15:00+00:00,0.017692720517516136,0.018032601103186607,0.017671305686235428,0.017989199608564377,584384
2026-01-25 22:30:00+00:00,0.01819789595901966,0.01819789595901966,0.017548581585288048,0.01764821447432041,1151552
2026-01-25 22:45:00+00:00,0.018003815785050392,0.018213246017694473,0.017892364412546158,0.01815265789628029,578584
2026-01-25 23:00:00+00:00,0.018420619890093803,0.018420619890093803,0.017942169681191444,0.01801200956106186,975200
2026-01-25 23:15:00+00:00,0.01821410469710827,0.018656788393855095,0.01821410469710827,0.01838485710322857,1581296
2026-01-25 23:30:00+00:00,0.018302293494343758,0.01844509318470955,0.018252354115247726,0.018252354115247726,934168
2026-01-25 23:45:00+00:00,0.018237430602312088,0.01829453371465206,0.018204815685749054,0.018264615908265114,247160
2026-01-26 00:00:00+00:00,0.017760444432497025,0.018198348581790924,0.017736384645104408,0.018198348581790924,359376
2026-01-26 00:15:00+00:00,0.017611099407076836,0.017852548509836197,0.017611099407076836,0.017752408981323242,186952
2026-01-26 00:30:00+00:00,0.017596827819943428,0.017648840323090553,0.017544537782669067,0.017582081258296967,345360
2026-01-26 00:45:00+00:00,0.018311060965061188,0.018344493582844734,0.017639581114053726,0.017639581114053726,1494864
2026-01-26 01:00:00+00:00,0.018920674920082092,0.018920674920082092,0.01828882284462452,0.01828882284462452,2081824
2026-01-26 01:15:00+00:00,0.019019195809960365,0.019019195809960365,0.018607765436172485,0.01890408620238304,1733896
2026-01-26 01:30:00+00:00,0.01946123130619526,0.019494861364364624,0.018974551931023598,0.018974551931023598,3050664
2026-01-26 01:45:00+00:00,0.019994590431451797,0.020048243924975395,0.019400926306843758,0.019440408796072006,5040888
2026-01-26 02:00:00+00:00,0.019178610295057297,0.019945237785577774,0.018829617649316788,0.019945237785577774,1941392
2026-01-26 02:15:00+00:00,0.0193987637758255,0.019789934158325195,0.019140224903821945,0.019140224903821945,1598912
2026-01-26 02:30:00+00:00,0.01926649734377861,0.01990533247590065,0.01926649734377861,0.01940358243882656,838176
2026-01-26 02:45:00+00:00,0.019584819674491882,0.01964684948325157,0.019238604232668877,0.01925511099398136,854424
2026-01-26 03:00:00+00:00,0.019358646124601364,0.019568290561437607,0.019358646124601364,0.019568290561437607,183952
2026-01-26 03:15:00+00:00,0.019912561401724815,0.019922001287341118,0.019359761849045753,0.019359761849045753,1319248
2026-01-26 03:30:00+00:00,0.019425712525844574,0.020024465397000313,0.019425712525844574,0.019920770078897476,507144
2026-01-26 03:45:00+00:00,0.019803691655397415,0.019803691655397415,0.0194428488612175,0.0194428488612175,776896
2026-01-26 04:00:00+00:00,0.019876493141055107,0.020038826391100883,0.019807472825050354,0.019807472825050354,156488
2026-01-26 04:15:00+00:00,0.01929333433508873,0.01985335722565651,0.01929333433508873,0.01985335722565651,0
2026-01-26 04:30:00+00:00,0.018746694549918175,0.019270215183496475,0.01866854913532734,0.019270215183496475,41008
2026-01-26 04:45:00+00:00,0.018458284437656403,0.018733439967036247,0.01845712773501873,0.018733439967036247,306408
2026-01-26 05:00:00+00:00,0.018638907000422478,0.018638907000422478,0.018458377569913864,0.018459228798747063,349112
2026-01-26 05:15:00+00:00,0.019485849887132645,0.019485849887132645,0.01865273155272007,0.01865273155272007,1542984
2026-01-26 05:30:00+00:00,0.019412517547607422,0.019611909985542297,0.01934647560119629,0.019611909985542297,0
2026-01-26 05:45:00+00:00,0.019038008525967598,0.019461411982774734,0.019038008525967598,0.019412236288189888,0
2026-01-26 06:00:00+00:00,0.01873857155442238,0.019161399453878403,0.01873857155442238,0.01902233064174652,0
2026-01-26 06:15:00+00:00,0.018796473741531372,0.018796473741531372,0.018622498959302902,0.018700791522860527,0
2026-01-26 06:30:00+00:00,0.01901731640100479,0.01905239187180996,0.01880490407347679,0.01880490407347679,0
2026-01-26 06:45:00+00:00,0.019585322588682175,0.019585322588682175,0.01893601007759571,0.019010601565241814,288352
2026-01-26 07:00:00+00:00,0.01964026689529419,0.019770260900259018,0.019635101780295372,0.01967562362551689,301640
2026-01-26 07:15:00+00:00,0.019376501441001892,0.019599858671426773,0.019376501441001892,0.019566234201192856,57976
2026-01-26 07:30:00+00:00,0.019456442445516586,0.019474919885396957,0.019298400729894638,0.01937752217054367,32120
2026-01-26 07:45:00+00:00,0.019285473972558975,0.019483255222439766,0.019285352900624275,0.019462186843156815,0
2026-01-26 08:00:00+00:00,0.01899353414773941,0.019267333671450615,0.01899353414773941,0.019267333671450615,215824
2026-01-26 08:15:00+00:00,0.018543921411037445,0.01894919015467167,0.01853719912469387,0.01894919015467167,409760
2026-01-26 08:30:00+00:00,0.018360186368227005,0.018544914200901985,0.018360186368227005,0.018544914200901985,74744
2026-01-26 08:45:00+00:00,0.0182652547955513,0.01834925450384617,0.018262868747115135,0.01833890751004219,7952
2026-01-26 09:00:00+00:00,0.01819363795220852,0.01826300658285618,0.01819363795220852,0.01826300658285618,79040
2026-01-26 09:15:00+00:00,0.018229536712169647,0.01824154332280159,0.0181423369795084,0.018187997862696648,0
2026-01-26 09:30:00+00:00,0.018501978367567062,0.018501978367567062,0.018217748031020164,0.018217748031020164,71488
2026-01-26 09:45:00+00:00,0.018337400630116463,0.0185074619948864,0.018333472311496735,0.01849031075835228,0
2026-01-26 10:00:00+00:00,0.01845954731106758,0.01856645755469799,0.018339037895202637,0.018339037895202637,0
2026-01-26 10:15:00+00:00,0.01858123019337654,0.018589362502098083,0.0183164793998003,0.018431732431054115,135744
2026-01-26 10:30:00+00:00,0.018380342051386833,0.018559511750936508,0.01832800917327404,0.018559511750936508,13008
2026-01-26 10:45:00+00:00,0.018364107236266136,0.018429534509778023,0.018325330689549446,0.018382703885436058,0
2026-01-26 11:00:00+00:00,0.018273020163178444,0.01836603693664074,0.018273020163178444,0.01836603693664074,0
2026-01-26 11:15:00+00:00,0.01818842813372612,0.01828107051551342,0.01818842813372612,0.018273156136274338,0
2026-01-26 11:30:00+00:00,0.018157267943024635,0.018195876851677895,0.018133126199245453,0.018195876851677895,0
2026-01-26 11:45:00+00:00,0.0181367639452219,0.018179181963205338,0.018132202327251434,0.018168339505791664,0
2026-01-26 12:00:00+00:00,0.018129920586943626,0.01816388964653015,0.018128450959920883,0.018135420978069305,0
2026-01-26 12:15:00+00:00,0.017980771139264107,0.018122553825378418,0.01793741248548031,0.018122553825378418,140512
2026-01-26 12:30:00+00:00,0.0180385559797287,0.018048545345664024,0.017957067117094994,0.01796744577586651,0
2026-01-26 12:45:00+00:00,0.01823972724378109,0.01823972724378109,0.017997317016124725,0.01803198829293251,0
2026-01-26 13:00:00+00:00,0.018592415377497673,0.018592415377497673,0.01825791411101818,0.01825791411101818,643352
2026-01-26 13:15:00+00:00,0.01873789355158806,0.018815970048308372,0.018614165484905243,0.018614165484905243,729920
2026-01-26 13:30:00+00:00,0.018994396552443504,0.018994396552443504,0.018731003627181053,0.018737751990556717,586880
2026-01-26 13:45:00+00:00,0.019046150147914886,0.019261434674263,0.019032737240195274,0.019032737240195274,1364808
2026-01-26 14:00:00+00:00,0.019269779324531555,0.01927761361002922,0.018909020349383354,0.019029874354600906,802864
2026-01-26 14:15:00+00:00,0.01912830024957657,0.019306102767586708,0.019085846841335297,0.01928073540329933,165968
2026-01-26 14:30:00+00:00,0.01887303590774536,0.0191135685890913,0.018810482695698738,0.0191135685890913,180432
2026-01-26 14:45:00+00:00,0.018735958263278008,0.018880091607570648,0.018697459250688553,0.01886904239654541,0
2026-01-26 15:00:00+00:00,0.018944988027215004,0.018944988027215004,0.018748577684164047,0.018748577684164047,155552
2026-01-26 15:15:00+00:00,0.01933472976088524,0.019364088773727417,0.0189556572586298,0.0189556572586298,759568
2026-01-26 15:30:00+00:00,0.01908557303249836,0.019338684156537056,0.01908213086426258,0.019338684156537056,0
2026-01-26 15:45:00+00:00,0.01928986795246601,0.019492466002702713,0.019029436632990837,0.01906459778547287,589456
2026-01-26 16:00:00+00:00,0.01985560916364193,0.01985560916364193,0.019392110407352448,0.019392110407352448,994864
2026-01-26 16:15:00+00:00,0.01923953741788864,0.01982051692903042,0.01923953741788864,0.01982051692903042,13304
2026-01-26 16:30:00+00:00,0.01912645995616913,0.019249211996793747,0.018804805353283882,0.019249211996793747,1059144
2026-01-26 16:45:00+00:00,0.019126273691654205,0.019195005297660828,0.019022230058908463,0.01910800114274025,283568
2026-01-26 17:00:00+00:00,0.018868228420615196,0.01912192441523075,0.018868228420615196,0.01912192441523075,0
2026-01-26 17:15:00+00:00,0.018886791542172432,0.018888460472226143,0.018791165202856064,0.01883646845817566,180808
2026-01-26 17:30:00+00:00,0.019141744822263718,0.019141744822263718,0.018823647871613503,0.018888862803578377,591456
2026-01-26 17:45:00+00:00,0.019017573446035385,0.01926790177822113,0.019017573446035385,0.01914476417005062,131960
2026-01-26 18:00:00+00:00,0.018933847546577454,0.01901734434068203,0.018933847546577454,0.01901734434068203,0
2026-01-26 18:15:00+00:00,0.01884239725768566,0.018924400210380554,0.01879929006099701,0.018924400210380554,107928
2026-01-26 18:30:00+00:00,0.018853809684515,0.01891333982348442,0.01884802058339119,0.01884802058339119,0
2026-01-26 18:45:00+00:00,0.019000111147761345,0.019031435251235962,0.018846966326236725,0.018869249150156975,183336
2026-01-26 19:00:00+00:00,0.01882670447230339,0.019003622233867645,0.01882670447230339,0.019003622233867645,0
2026-01-26 19:15:00+00:00,0.018817642703652382,0.01885116472840309,0.0188126340508461,0.018832197412848473,0
2026-01-26 19:30:00+00:00,0.018978148698806763,0.018978148698806763,0.018791906535625458,0.018819672986865044,0
2026-01-26 19:45:00+00:00,0.018797485157847404,0.018972860649228096,0.018797485157847404,0.018971404060721397,0
2026-01-26 20:00:00+00:00,0.018504584208130836,0.018803168088197708,0.018504584208130836,0.018803168088197708,0
2026-01-26 20:15:00+00:00,0.01845625787973404,0.018509728834033012,0.018404854461550713,0.018509728834033012,0
2026-01-26 20:30:00+00:00,0.018475525081157684,0.018542049452662468,0.018442325294017792,0.01844809018075466,0
2026-01-26 20:45:00+00:00,0.01826592907309532,0.0184460561722517,0.01826592907309532,0.0184460561722517,0
2026-01-26 21:00:00+00:00,0.018368033692240715,0.018368033692240715,0.018265491351485252,0.018265491351485252,11808
2026-01-26 21:15:00+00:00,0.018275558948516846,0.01835142821073532,0.018229998648166656,0.01835142821073532,0
2026-01-26 21:30:00+00:00,0.018482843413949013,0.018482843413949013,0.018279364332556725,0.018284380435943604,177704
2026-01-26 21:45:00+00:00,0.01841837354004383,0.0184707660228014,0.018412111327052116,0.0184707660228014,0
2026-01-26 22:00:00+00:00,0.018413128331303596,0.018416037783026695,0.018355777487158775,0.018416037783026695,0
2026-01-26 22:15:00+00:00,0.01830410584807396,0.018420543521642685,0.01830235682427883,0.018420543521642685,0
2026-01-26 22:30:00+00:00,0.018392229452729225,0.018469881266355515,0.018308941274881363,0.018308941274881363,0
2026-01-26 22:45:00+00:00,0.018417883664369583,0.018425513058900833,0.018377989530563354,0.018380042165517807,0
2026-01-26 23:00:00+00:00,0.0185911413282156,0.01859484240412712,0.018482398241758347,0.018492335453629494,8168
2026-01-26 23:15:00+00:00,0.01874440535902977,0.018788781017065048,0.018582599237561226,0.018615353852510452,0
2026-01-26 23:30:00+00:00,0.018712587654590607,0.018758980557322502,0.01868611015379429,0.018758980557322502,0
2026-01-26 23:45:00+00:00,0.018547644838690758,0.018682297319173813,0.018545422703027725,0.018682297319173813,0
2026-01-27 00:00:00+00:00,0.018459003418684006,0.01852514035999775,0.01844780147075653,0.01849260926246643,0
2026-01-27 00:15:00+00:00,0.01857132650911808,0.018579969182610512,0.01841682381927967,0.01841682381927967,125024
2026-01-27 00:30:00+00:00,0.019115176051855087,0.019115176051855087,0.01860370859503746,0.01860370859503746,649400
2026-01-27 00:45:00+00:00,0.01890598237514496,0.01906142570078373,0.018842054530978203,0.01906142570078373,54936
2026-01-27 01:00:00+00:00,0.01887575536966324,0.018903210759162903,0.018753062933683395,0.018903210759162903,0
2026-01-27 01:15:00+00:00,0.01877606473863125,0.018964871764183044,0.01877606473863125,0.018859688192605972,0
2026-01-27 01:30:00+00:00,0.018722763285040855,0.018777944147586823,0.018643923103809357,0.018777944147586823,0
2026-01-27 01:45:00+00:00,0.018636370077729225,0.018710855394601822,0.01861007884144783,0.018710855394601822,0
2026-01-27 02:00:00+00:00,0.018600983545184135,0.0187046118080616,0.018569810315966606,0.018569810315966606,0
2026-01-27 02:15:00+00:00,0.018651319667696953,0.018653525039553642,0.018553078174591064,0.01859666034579277,0
2026-01-27 02:30:00+00:00,0.018635643646121025,0.018656620755791664,0.01855982281267643,0.018650570884346962,0
2026-01-27 02:45:00+00:00,0.018681610003113747,0.018681610003113747,0.018608935177326202,0.018635233864188194,0
2026-01-27 03:00:00+00:00,0.01856827735900879,0.018768703565001488,0.01856827735900879,0.01872042566537857,0
2026-01-27 03:15:00+00:00,0.018452877178788185,0.01852666214108467,0.018452877178788185,0.01852666214108467,0
2026-01-27 03:30:00+00:00,0.018401511013507843,0.01850827969610691,0.018401511013507843,0.018456773832440376,0
2026-01-27 03:45:00+00:00,0.018298713490366936,0.018396371975541115,0.018288204446434975,0.018396371975541115,0
2026-01-27 04:00:00+00:00,0.018256478011608124,0.018367890268564224,0.018256478011608124,0.018302401527762413,0
2026-01-27 04:15:00+00:00,0.01808524876832962,0.018241897225379944,0.01808524876832962,0.018241897225379944,0
2026-01-27 04:30:00+00:00,0.01812763512134552,0.0181762482970953,0.01809586212038994,0.01809586212038994,0
2026-01-27 04:45:00+00:00,0.018178928643465042,0.018181070685386658,0.018125295639038086,0.018134258687496185,0
2026-01-27 05:00:00+00:00,0.018022380769252777,0.018174048513174057,0.018007967621088028,0.018174048513174057,10692
2026-01-27 05:15:00+00:00,0.0179879292845726,0.01802050694823265,0.01793847791850567,0.01802050694823265,40268
2026-01-27 05:30:00+00:00,0.017965644598007202,0.01801236905157566,0.017965644598007202,0.01799500361084938,0
2026-01-27 05:45:00+00:00,0.017927974462509155,0.017968183383345604,0.017917253077030182,0.017968183383345604,0
2026-01-27 06:00:00+00:00,0.017961369827389717,0.017965171486139297,0.017929354682564735,0.017929354682564735,0
2026-01-27 06:15:00+00:00,0.018033364787697792,0.018049705773591995,0.017963631078600883,0.017963631078600883,0
2026-01-27 06:30:00+00:00,0.01778850331902504,0.018036121502518654,0.017781002447009087,0.018036121502518654,77752
2026-01-27 06:45:00+00:00,0.017879929393529892,0.01788416877388954,0.017775528132915497,0.01778983138501644,5428
2026-01-27 07:00:00+00:00,0.017922261729836464,0.017951950430870056,0.017835523933172226,0.01787756383419037,0
2026-01-27 07:15:00+00:00,0.017774730920791626,0.017907721921801567,0.01777275651693344,0.017902381718158722,0
2026-01-27 07:30:00+00:00,0.01777857355773449,0.01777857355773449,0.017688075080513954,0.017736170440912247,0
2026-01-27 07:45:00+00:00,0.01787499338388443,0.0179409459233284,0.017784006893634796,0.017784006893634796,0
2026-01-27 08:00:00+00:00,0.017906714230775833,0.017950288951396942,0.017886722460389137,0.017886722460389137,0
2026-01-27 08:15:00+00:00,0.01782928593456745,0.017872601747512817,0.01774613745510578,0.017872601747512817,0
2026-01-27 08:30:00+00:00,0.01776093803346157,0.017878571525216103,0.01776093803346157,0.01782665029168129,62732
2026-01-27 08:45:00+00:00,0.01776367425918579,0.01776367425918579,0.017726914957165718,0.017741555348038673,0
2026-01-27 09:00:00+00:00,0.017624082043766975,0.01775922067463398,0.017619868740439415,0.017757931724190712,0
2026-01-27 09:15:00+00:00,0.017627405002713203,0.017627405002713203,0.01758221723139286,0.017619315534830093,0
2026-01-27 09:30:00+00:00,0.017731091007590294,0.017731091007590294,0.017627118155360222,0.017627118155360222,0
2026-01-27 09:45:00+00:00,0.01766052097082138,0.01774934120476246,0.017658408731222153,0.017741097137331963,0
2026-01-27 10:00:00+00:00,0.017750801518559456,0.017756761983036995,0.017665980383753777,0.017665980383753777,0
2026-01-27 10:15:00+00:00,0.017567887902259827,0.01775488257408142,0.017567887902259827,0.01775488257408142,0
2026-01-27 10:30:00+00:00,0.017536651343107224,0.01754368469119072,0.017530377954244614,0.017531655728816986,0
2026-01-27 10:45:00+00:00,0.017543500289320946,0.017549362033605576,0.017530160024762154,0.01753864996135235,0
2026-01-27 11:00:00+00:00,0.017573826014995575,0.01760348118841648,0.017543790861964226,0.017559750005602837,161900
2026-01-27 11:15:00+00:00,0.017535001039505005,0.0175961721688509,0.017535001039505005,0.01757929101586342,0
2026-01-27 11:30:00+00:00,0.017687436193227768,0.017698783427476883,0.017525751143693924,0.017531592398881912,181088
2026-01-27 11:45:00+00:00,0.017687233164906502,0.017709411680698395,0.017680400982499123,0.017693636938929558,31104
2026-01-27 12:00:00+00:00,0.01768929325044155,0.01768929325044155,0.017648478969931602,0.01768467016518116,0
2026-01-27 12:15:00+00:00,0.017591634765267372,0.01772223599255085,0.017591634765267372,0.01769139990210533,0
2026-01-27 12:30:00+00:00,0.017493106424808502,0.017580334097146988,0.017493106424808502,0.017580334097146988,163984
2026-01-27 12:45:00+00:00,0.017559656873345375,0.017561689019203186,0.017460500821471214,0.01748747006058693,27464
2026-01-27 13:00:00+00:00,0.017553551122546196,0.01758158765733242,0.0175456739962101,0.01756061054766178,0
2026-01-27 13:15:00+00:00,0.01749550551176071,0.017551809549331665,0.01749550551176071,0.017551809549331665,0
2026-01-27 13:30:00+00:00,0.017625130712985992,0.017630685120821,0.017505424097180367,0.017505424097180367,0
2026-01-27 13:45:00+00:00,0.017576877027750015,0.017619915306568146,0.017564278095960617,0.017619915306568146,0
2026-01-27 14:00:00+00:00,0.01749589294195175,0.01754908822476864,0.01747261919081211,0.01754908822476864,0
2026-01-27 14:15:00+00:00,0.01753171533346176,0.017588766291737556,0.017489319667220116,0.017499776557087898,646
2026-01-27 14:30:00+00:00,0.01734071783721447,0.01754758507013321,0.01734071783721447,0.017529577016830444,0
2026-01-27 14:45:00+00:00,0.017369059845805168,0.017369059845805168,0.01730750873684883,0.017332451418042183,96
2026-01-27 15:00:00+00:00,0.01752033643424511,0.01752033643424511,0.017350709065794945,0.017363836988806725,0
2026-01-27 15:15:00+00:00,0.017431583255529404,0.017540402710437775,0.017428208142518997,0.017527775838971138,0
2026-01-27 15:30:00+00:00,0.01742664910852909,0.017433736473321915,0.017371632158756256,0.017433736473321915,0
2026-01-27 15:45:00+00:00,0.01795867271721363,0.01796230487525463,0.017424587160348892,0.017424587160348892,353860
2026-01-27 16:00:00+00:00,0.018088528886437416,0.018088528886437416,0.017959872260689735,0.017966974526643753,0
2026-01-27 16:15:00+00:00,0.018383309245109558,0.018415069207549095,0.018079299479722977,0.018079299479722977,0
2026-01-27 16:30:00+00:00,0.01885407790541649,0.018879219889640808,0.01839514821767807,0.01839514821767807,559834
2026-01-27 16:45:00+00:00,0.019237017259001732,0.019237017259001732,0.018749071285128593,0.01885412633419037,465778
2026-01-27 17:00:00+00:00,0.0189615860581398,0.0192498080432415,0.018908407539129257,0.0192498080432415,372126
2026-01-27 17:15:00+00:00,0.01899060234427452,0.018998293206095695,0.018807485699653625,0.018949542194604874,433666
2026-01-27 17:30:00+00:00,0.019051657989621162,0.019199015572667122,0.018976740539073944,0.018976740539073944,298780
2026-01-27 17:45:00+00:00,0.018901661038398743,0.019048992544412613,0.018856406211853027,0.019048992544412613,139584
2026-01-27 18:00:00+00:00,0.018843725323677063,0.018893908709287643,0.018813667818903923,0.018893908709287643,94262
2026-01-27 18:15:00+00:00,0.01891644112765789,0.01895059086382389,0.01881997659802437,0.01881997659802437,91796
2026-01-27 18:30:00+00:00,0.01928003504872322,0.01930825784802437,0.018836550414562225,0.0189118143171072,746870
2026-01-27 18:45:00+00:00,0.019023969769477844,0.019281191751360893,0.019021620973944664,0.019281191751360893,67850
2026-01-27 19:00:00+00:00,0.01899685151875019,0.01900448277592659,0.018936149775981903,0.01900448277592659,93130
2026-01-27 19:15:00+00:00,0.019109345972537994,0.019140515476465225,0.018952693790197372,0.01899859309196472,468266
2026-01-27 19:30:00+00:00,0.019081387668848038,0.01910584419965744,0.018950119614601135,0.01910584419965744,188388
2026-01-27 19:45:00+00:00,0.019625209271907806,0.019625209271907806,0.019139546900987625,0.019139546900987625,1136078
2026-01-27 20:00:00+00:00,0.02021695487201214,0.02021695487201214,0.019630717113614082,0.019630717113614082,898240
2026-01-27 20:15:00+00:00,0.020149722695350647,0.020239338278770447,0.019901813939213753,0.020239338278770447,1668884
2026-01-27 20:30:00+00:00,0.020641528069972992,0.020703278481960297,0.020165355876088142,0.020165355876088142,1716278
2026-01-27 20:45:00+00:00,0.020364293828606606,0.02084311842918396,0.020364293828606606,0.02061551995575428,1291656
2026-01-27 21:00:00+00:00,0.020307455211877823,0.02044960856437683,0.02023814059793949,0.020344054326415062,915292
2026-01-27 21:15:00+00:00,0.020156975835561752,0.020237408578395844,0.02008860372006893,0.020237408578395844,626584
2026-01-27 21:30:00+00:00,0.020461225882172585,0.020461637526750565,0.02016172744333744,0.02016172744333744,851624
2026-01-27 21:45:00+00:00,0.020594224333763123,0.0206352137029171,0.02040162868797779,0.020447613671422005,1205708
2026-01-27 22:00:00+00:00,0.02039814367890358,0.02066909708082676,0.02039814367890358,0.02055336907505989,616092
2026-01-27 22:15:00+00:00,0.020400511100888252,0.020435236394405365,0.020291827619075775,0.020376959815621376,390028
2026-01-27 22:30:00+00:00,0.02037273533642292,0.02049047313630581,0.020362529903650284,0.020398292690515518,316364
2026-01-27 22:45:00+00:00,0.02048196643590927,0.02049015276134014,0.02039213664829731,0.02039213664829731,414644
2026-01-27 23:00:00+00:00,0.020636869594454765,0.020636869594454765,0.02047680877149105,0.02047680877149105,152592
2026-01-27 23:15:00+00:00,0.020969664677977562,0.020969664677977562,0.020653264597058296,0.020653264597058296,1209236
2026-01-27 23:30:00+00:00,0.0213593952357769,0.021426547318696976,0.021002652123570442,0.021002652123570442,1829460
2026-01-27 23:45:00+00:00,0.021490830928087234,0.021530309692025185,0.021366216242313385,0.021366216242313385,894896
2026-01-28 00:00:00+00:00,0.021314244717359543,0.021600332111120224,0.021244287490844727,0.021492524072527885,649652
2026-01-28 00:15:00+00:00,0.02105141058564186,0.021475905552506447,0.021039556711912155,0.02131900005042553,590712
2026-01-28 00:30:00+00:00,0.02100026048719883,0.02106740139424801,0.020991729572415352,0.021066250279545784,196324
2026-01-28 00:45:00+00:00,0.020957814529538155,0.021011026576161385,0.020952321588993073,0.020989522337913513,0
2026-01-28 01:00:00+00:00,0.020923646166920662,0.02105852961540222,0.02088620513677597,0.020969346165657043,61128
2026-01-28 01:15:00+00:00,0.020871881395578384,0.021005071699619293,0.020856527611613274,0.02092880755662918,78796
2026-01-28 01:30:00+00:00,0.02081470377743244,0.020935390144586563,0.020785348489880562,0.020875655114650726,141980
2026-01-28 01:45:00+00:00,0.020933277904987335,0.020933277904987335,0.02081962861120701,0.02081962861120701,121868
2026-01-28 02:00:00+00:00,0.021016504615545273,0.021030288189649582,0.02092239074409008,0.020930301398038864,159972
2026-01-28 02:15:00+00:00,0.021195776760578156,0.02125595323741436,0.02098751999437809,0.02100946754217148,257588
2026-01-28 02:30:00+00:00,0.02056942507624626,0.02118835784494877,0.020542526617646217,0.02118835784494877,436896
2026-01-28 02:45:00+00:00,0.02107209526002407,0.02107209526002407,0.020571548491716385,0.020571548491716385,329128
2026-01-28 03:00:00+00:00,0.021239642053842545,0.021432094275951385,0.021075977012515068,0.021075977012515068,290664
2026-01-28 03:15:00+00:00,0.02125871554017067,0.021277697756886482,0.021121960133314133,0.021253816783428192,248556
2026-01-28 03:30:00+00:00,0.02143854647874832,0.021448977291584015,0.021267451345920563,0.021287407726049423,299596
2026-01-28 03:45:00+00:00,0.021648338064551353,0.021648338064551353,0.021472027525305748,0.021489150822162628,485128
2026-01-28 04:00:00+00:00,0.021573998034000397,0.02185109257698059,0.021573998034000397,0.021667512133717537,659780
2026-01-28 04:15:00+00:00,0.02137363702058792,0.021576812490820885,0.021317804232239723,0.021576812490820885,216652
2026-01-28 04:30:00+00:00,0.02135186456143856,0.02162528783082962,0.02129034698009491,0.02162528783082962,587724
2026-01-28 04:45:00+00:00,0.02164917252957821,0.02165675349533558,0.021317031234502792,0.02133956179022789,589228
2026-01-28 05:00:00+00:00,0.021997559815645218,0.02201102487742901,0.02166697010397911,0.02166697010397911,800160
2026-01-28 05:15:00+00:00,0.021943502128124237,0.02198760397732258,0.021838754415512085,0.021974626928567886,1079900
2026-01-28 05:30:00+00:00,0.021880069747567177,0.02201910875737667,0.021880069747567177,0.022009845823049545,1018320
2026-01-28 05:45:00+00:00,0.021986300125718117,0.021988216787576675,0.021861542016267776,0.021881692111492157,389328
2026-01-28 06:00:00+00:00,0.02188112959265709,0.021981356665492058,0.02186271734535694,0.021981356665492058,113988
2026-01-28 06:15:00+00:00,0.02226126752793789,0.022356532514095306,0.021902428939938545,0.021902428939938545,1097068
2026-01-28 06:30:00+00:00,0.022096900269389153,0.022357458248734474,0.022096900269389153,0.022263789549469948,409936
2026-01-28 06:45:00+00:00,0.02218783088028431,0.022240303456783295,0.021839573979377747,0.02209658734500408,693944
2026-01-28 07:00:00+00:00,0.021929088979959488,0.022139783948659897,0.021929088979959488,0.022139783948659897,314204
2026-01-28 07:15:00+00:00,0.02133980393409729,0.021927062422037125,0.02133980393409729,0.021927062422037125,756792
2026-01-28 07:30:00+00:00,0.021144164726138115,0.021349163725972176,0.021144164726138115,0.021349163725972176,492292
2026-01-28 07:45:00+00:00,0.021158605813980103,0.02120537869632244,0.02111535333096981,0.02111535333096981,492960
2026-01-28 08:00:00+00:00,0.021037017926573753,0.021225960925221443,0.021037017926573753,0.021165698766708374,122008
2026-01-28 08:15:00+00:00,0.02086935006082058,0.021023159846663475,0.02086935006082058,0.021023159846663475,183344
2026-01-28 08:30:00+00:00,0.02056327648460865,0.02080223150551319,0.02056327648460865,0.02080223150551319,252956
2026-01-28 08:45:00+00:00,0.02049841918051243,0.020625893026590347,0.02049841918051243,0.020625893026590347,246408
2026-01-28 09:00:00+00:00,0.020754249766469002,0.02076292783021927,0.020485276356339455,0.020495295524597168,589512
2026-01-28 09:15:00+00:00,0.020722324028611183,0.02079756371676922,0.02065475657582283,0.02079756371676922,253992
2026-01-28 09:30:00+00:00,0.02067079395055771,0.020702729001641273,0.020595751702785492,0.02069183625280857,136448
2026-01-28 09:45:00+00:00,0.020792370662093163,0.020792370662093163,0.02067808248102665,0.02067808248102665,169312
2026-01-28 10:00:00+00:00,0.020772287622094154,0.02084575966000557,0.02075585350394249,0.02079714462161064,168136
2026-01-28 10:15:00+00:00,0.020525246858596802,0.020732780918478966,0.020522521808743477,0.020732780918478966,154896
2026-01-28 10:30:00+00:00,0.020515935495495796,0.020621489733457565,0.020515935495495796,0.020538296550512314,59000
2026-01-28 10:45:00+00:00,0.020576221868395805,0.020576221868395805,0.02047947607934475,0.02051985263824463,133596
2026-01-28 11:00:00+00:00,0.02046360820531845,0.020559636875987053,0.02046360820531845,0.020559636875987053,0
2026-01-28 11:15:00+00:00,0.02031814679503441,0.02055692858994007,0.02031525783240795,0.020468739792704582,483840
2026-01-28 11:30:00+00:00,0.02047763392329216,0.020480629056692123,0.02032467909157276,0.02032467909157276,146464
2026-01-28 11:45:00+00:00,0.020448124036192894,0.020489191636443138,0.02043754979968071,0.020489191636443138,100536
2026-01-28 12:00:00+00:00,0.02032899670302868,0.02045704796910286,0.020328091457486153,0.020447012037038803,75024
2026-01-28 12:15:00+00:00,0.020378734916448593,0.020378734916448593,0.020291516557335854,0.020323578268289566,151372
2026-01-28 12:30:00+00:00,0.020299911499023438,0.02039177156984806,0.020299911499023438,0.020377306267619133,0
2026-01-28 12:45:00+00:00,0.020457908511161804,0.020457908511161804,0.02025998756289482,0.0203075110912323,206096
2026-01-28 13:00:00+00:00,0.020710092037916183,0.020710092037916183,0.020458610728383064,0.020458610728383064,672324
2026-01-28 13:15:00+00:00,0.02070426009595394,0.020798565819859505,0.020692750811576843,0.020692750811576843,861596
2026-01-28 13:30:00+00:00,0.020370233803987503,0.020631415769457817,0.020369132980704308,0.020631415769457817,372756
2026-01-28 13:45:00+00:00,0.020364437252283096,0.020429544150829315,0.020340729504823685,0.020385179668664932,230516
2026-01-28 14:00:00+00:00,0.020539026707410812,0.020597167313098907,0.020368078723549843,0.020368078723549843,669692
2026-01-28 14:15:00+00:00,0.02048218436539173,0.02060769498348236,0.02047894522547722,0.020529327914118767,44488
2026-01-28 14:30:00+00:00,0.020623352378606796,0.020626060664653778,0.020532405003905296,0.020532405003905296,76012
2026-01-28 14:45:00+00:00,0.021016176789999008,0.021016176789999008,0.020571507513523102,0.0206309724599123,1141152
2026-01-28 15:00:00+00:00,0.021428873762488365,0.021571066230535507,0.020973702892661095,0.020973702892661095,3247404
2026-01-28 15:15:00+00:00,0.020997969433665276,0.021434983238577843,0.02095077745616436,0.021434983238577843,1013648
2026-01-28 15:30:00+00:00,0.020835889503359795,0.021103516221046448,0.020835889503359795,0.021018922328948975,447192
2026-01-28 15:45:00+00:00,0.020758667960762978,0.020849043503403664,0.020758667960762978,0.020841682329773903,17664
2026-01-28 16:00:00+00:00,0.020544197410345078,0.020727163180708885,0.020544197410345078,0.020727163180708885,211824
2026-01-28 16:15:00+00:00,0.020819993689656258,0.020819993689656258,0.020537301898002625,0.020537301898002625,364424
2026-01-28 16:30:00+00:00,0.02090248093008995,0.02090248093008995,0.020675968378782272,0.020874088630080223,0
2026-01-28 16:45:00+00:00,0.02091209962964058,0.021161271259188652,0.02091209962964058,0.020930781960487366,150704
2026-01-28 17:00:00+00:00,0.021166915073990822,0.021239733323454857,0.020904378965497017,0.020915919914841652,347608
2026-01-28 17:15:00+00:00,0.02096542716026306,0.021227015182375908,0.02096542716026306,0.021156158298254013,0
2026-01-28 17:30:00+00:00,0.020870748907327652,0.020970797166228294,0.020864661782979965,0.020970797166228294,70680
2026-01-28 17:45:00+00:00,0.02097032219171524,0.020973453298211098,0.020872754976153374,0.020877130329608917,27480
2026-01-28 18:00:00+00:00,0.02098640240728855,0.02099321223795414,0.020851705223321915,0.02093113400042057,31288
2026-01-28 18:15:00+00:00,0.020979193970561028,0.02107398770749569,0.020979193970561028,0.021016385406255722,76080
2026-01-28 18:30:00+00:00,0.020821237936615944,0.020907681435346603,0.02081921137869358,0.020893162116408348,0
2026-01-28 18:45:00+00:00,0.020868074148893356,0.020868074148893356,0.020815391093492508,0.020817788317799568,2288
2026-01-28 19:00:00+00:00,0.020664840936660767,0.020904524251818657,0.020664840936660767,0.020869961008429527,21860
2026-01-28 19:15:00+00:00,0.020624512806534767,0.02069186419248581,0.020624512806534767,0.020659267902374268,24684
2026-01-28 19:30:00+00:00,0.020458592101931572,0.020623495802283287,0.02045825868844986,0.020623495802283287,102000
2026-01-28 19:45:00+00:00,0.020590288564562798,0.020590288564562798,0.0204550102353096,0.02045564353466034,0
2026-01-28 20:00:00+00:00,0.020676540210843086,0.02068205736577511,0.02057160995900631,0.02057160995900631,0
2026-01-28 20:15:00+00:00,0.020492689684033394,0.020667407661676407,0.020450223237276077,0.020667407661676407,0
2026-01-28 20:30:00+00:00,0.02012331783771515,0.02048259600996971,0.02012331783771515,0.02047947607934475,0
2026-01-28 20:45:00+00:00,0.01996493898332119,0.020118921995162964,0.019905580207705498,0.020118921995162964,0
2026-01-28 21:00:00+00:00,0.019704924896359444,0.01994122564792633,0.019680049270391464,0.01994122564792633,64580
2026-01-28 21:15:00+00:00,0.019536197185516357,0.019821861758828163,0.019536197185516357,0.01972752995789051,0
2026-01-28 21:30:00+00:00,0.01935685984790325,0.019530169665813446,0.01935685984790325,0.019530169665813446,89756
2026-01-28 21:45:00+00:00,0.019320867955684662,0.019377652555704117,0.01931326650083065,0.01936536654829979,0
2026-01-28 22:00:00+00:00,0.019155947491526604,0.019319945946335793,0.019155947491526604,0.019319945946335793,0
2026-01-28 22:15:00+00:00,0.019276391714811325,0.019288495182991028,0.019125036895275116,0.019150400534272194,94896
2026-01-28 22:30:00+00:00,0.019337955862283707,0.019400257617235184,0.019258087500929832,0.019258087500929832,0
2026-01-28 22:45:00+00:00,0.019412795081734657,0.019412795081734657,0.019337639212608337,0.01934361644089222,0
2026-01-28 23:00:00+00:00,0.019317684695124626,0.019429747015237808,0.019316071644425392,0.01941690593957901,0
2026-01-28 23:15:00+00:00,0.019344761967658997,0.019401591271162033,0.019299129024147987,0.019316541031003,0
2026-01-28 23:30:00+00:00,0.01930411532521248,0.019350817427039146,0.019265810027718544,0.019350817427039146,0
2026-01-28 23:45:00+00:00,0.01937885954976082,0.01937885954976082,0.019309991970658302,0.019309991970658302,0
2026-01-29 00:00:00+00:00,0.01926269568502903,0.01931331679224968,0.01926269568502903,0.01930726133286953,0
2026-01-29 00:15:00+00:00,0.019311729818582535,0.0193514171987772,0.019243719056248665,0.019243719056248665,0
2026-01-29 00:30:00+00:00,0.019381925463676453,0.01939118094742298,0.019203899428248405,0.019273018464446068,0
2026-01-29 00:45:00+00:00,0.01922137849032879,0.019358627498149872,0.01921621337532997,0.019358627498149872,176968
2026-01-29 01:00:00+00:00,0.01929153874516487,0.019306622445583344,0.01921689324080944,0.01921689324080944,38904
2026-01-29 01:15:00+00:00,0.019249659031629562,0.019304363057017326,0.019232600927352905,0.01927926018834114,1060796
2026-01-29 01:30:00+00:00,0.019415725022554398,0.019425222650170326,0.01927231065928936,0.019277110695838928,4048
2026-01-29 01:45:00+00:00,0.019397282972931862,0.01942470110952854,0.019360719248652458,0.019422216340899467,13572
2026-01-29 02:00:00+00:00,0.019480688497424126,0.019481180235743523,0.01938108168542385,0.01938108168542385,96120
2026-01-29 02:15:00+00:00,0.019813278689980507,0.019813278689980507,0.019482387229800224,0.019482387229800224,1029844
2026-01-29 02:30:00+00:00,0.019760863855481148,0.019834116101264954,0.019738970324397087,0.019834116101264954,458312
2026-01-29 02:45:00+00:00,0.019427955150604248,0.019759418442845345,0.019381316378712654,0.019759418442845345,56312
2026-01-29 03:00:00+00:00,0.019488492980599403,0.01958526484668255,0.01945572905242443,0.01945572905242443,0
2026-01-29 03:15:00+00:00,0.01938769407570362,0.01951003447175026,0.019381357356905937,0.01951003447175026,164448
2026-01-29 03:30:00+00:00,0.019384633749723434,0.019391892477869987,0.01934838853776455,0.019363880157470703,145564
2026-01-29 03:45:00+00:00,0.019332818686962128,0.019434697926044464,0.019318120554089546,0.01939072646200657,0
2026-01-29 04:00:00+00:00,0.01937762275338173,0.019380582496523857,0.019311942160129547,0.019328871741890907,0
2026-01-29 04:15:00+00:00,0.019490892067551613,0.019581971690058708,0.019397782161831856,0.019397782161831856,22668
2026-01-29 04:30:00+00:00,0.01951836235821247,0.019669068977236748,0.019513409584760666,0.019533051177859306,0
2026-01-29 04:45:00+00:00,0.019461793825030327,0.019515732303261757,0.019453000277280807,0.01949239894747734,0
2026-01-29 05:00:00+00:00,0.019296919927001,0.019459329545497894,0.019296919927001,0.019459329545497894,0
2026-01-29 05:15:00+00:00,0.0188247412443161,0.01929047890007496,0.018773913383483887,0.01929047890007496,0
2026-01-29 05:30:00+00:00,0.01893368549644947,0.01894097775220871,0.018822554498910904,0.018822554498910904,0
2026-01-29 05:45:00+00:00,0.018913021311163902,0.018946131691336632,0.01888204738497734,0.018918834626674652,0
2026-01-29 06:00:00+00:00,0.018924729898571968,0.018924729898571968,0.01887613721191883,0.01890624314546585,0
2026-01-29 06:15:00+00:00,0.019111882895231247,0.019146637991070747,0.01892821304500103,0.01892821304500103,0
2026-01-29 06:30:00+00:00,0.019690334796905518,0.019690334796905518,0.019121522083878517,0.019121522083878517,224052
2026-01-29 06:45:00+00:00,0.019681649282574654,0.019791502505540848,0.01966140605509281,0.019680382683873177,177468
2026-01-29 07:00:00+00:00,0.019350644201040268,0.01969742402434349,0.019350644201040268,0.01969742402434349,0
2026-01-29 07:15:00+00:00,0.019419709220528603,0.019536368548870087,0.019390769302845,0.019390769302845,0
2026-01-29 07:30:00+00:00,0.01927311159670353,0.019413001835346222,0.019269514828920364,0.019413001835346222,0
2026-01-29 07:45:00+00:00,0.01927754655480385,0.01927754655480385,0.019177747890353203,0.019275780767202377,0
2026-01-29 08:00:00+00:00,0.019208021461963654,0.019272249191999435,0.019159037619829178,0.019272249191999435,0
2026-01-29 08:15:00+00:00,0.019361181184649467,0.019371142610907555,0.01919517293572426,0.01920095644891262,44324
2026-01-29 08:30:00+00:00,0.019186098128557205,0.01931220479309559,0.019078806042671204,0.01931220479309559,13120
2026-01-29 08:45:00+00:00,0.019277187064290047,0.019277187064290047,0.01911965198814869,0.019173262640833855,87804
2026-01-29 09:00:00+00:00,0.019669676199555397,0.019671548157930374,0.01929192617535591,0.01929192617535591,105324
2026-01-29 09:15:00+00:00,0.0196487195789814,0.019769422709941864,0.0196487195789814,0.019650764763355255,289124
2026-01-29 09:30:00+00:00,0.019667649641633034,0.019677065312862396,0.01960328035056591,0.01960328035056591,17140
2026-01-29 09:45:00+00:00,0.019716236740350723,0.019751138985157013,0.019650576636195183,0.01965666003525257,245784
2026-01-29 10:00:00+00:00,0.020519180223345757,0.02054433524608612,0.019711751490831375,0.019719956442713737,1455908
2026-01-29 10:15:00+00:00,0.020128073170781136,0.020525891333818436,0.020004456862807274,0.020525891333818436,250360
2026-01-29 10:30:00+00:00,0.02048092894256115,0.02053348906338215,0.020109279081225395,0.020109279081225395,987284
2026-01-29 10:45:00+00:00,0.020776646211743355,0.020776646211743355,0.020366869866847992,0.02049398422241211,777608
2026-01-29 11:00:00+00:00,0.02062232792377472,0.020809590816497803,0.0205024853348732,0.02075333520770073,591588
2026-01-29 11:15:00+00:00,0.02037329599261284,0.020607812330126762,0.020364152267575264,0.020607812330126762,395048
2026-01-29 11:30:00+00:00,0.01994689740240574,0.02034427598118782,0.019914081320166588,0.02034427598118782,276552
2026-01-29 11:45:00+00:00,0.019965030252933502,0.020024040713906288,0.01994870975613594,0.020024040713906288,47144
2026-01-29 12:00:00+00:00,0.020232301205396652,0.020232301205396652,0.019920051097869873,0.019920051097869873,299384
2026-01-29 12:15:00+00:00,0.02005118690431118,0.02045554667711258,0.020047497004270554,0.02025003358721733,459472
2026-01-29 12:30:00+00:00,0.01987796649336815,0.020143695175647736,0.01987796649336815,0.02005849964916706,353396
2026-01-29 12:45:00+00:00,0.020200250670313835,0.02027060277760029,0.019892660900950432,0.019892660900950432,430208
2026-01-29 13:00:00+00:00,0.020062388852238655,0.020198550075292587,0.020062388852238655,0.020198550075292587,0
2026-01-29 13:15:00+00:00,0.019945843145251274,0.02015191875398159,0.019945843145251274,0.020058326423168182,0
2026-01-29 13:30:00+00:00,0.019858920946717262,0.01994425617158413,0.019858920946717262,0.01994425617158413,0
2026-01-29 13:45:00+00:00,0.019859369844198227,0.019905738532543182,0.019827138632535934,0.019842546433210373,44084
2026-01-29 14:00:00+00:00,0.02018655091524124,0.020299794152379036,0.019955823197960854,0.019955823197960854,264824
2026-01-29 14:15:00+00:00,0.020734112709760666,0.020792298018932343,0.02017142064869404,0.02017142064869404,1248360
2026-01-29 14:30:00+00:00,0.02043236419558525,0.02082115411758423,0.02043236419558525,0.020749760791659355,467480
2026-01-29 14:45:00+00:00,0.020312294363975525,0.0204225592315197,0.020312294363975525,0.020342985168099403,68012
2026-01-29 15:00:00+00:00,0.02014210820198059,0.0203127171844244,0.02001737616956234,0.0203127171844244,0
2026-01-29 15:15:00+00:00,0.020580964162945747,0.020580964162945747,0.020074402913451195,0.020101986825466156,1228364
2026-01-29 15:30:00+00:00,0.02024119347333908,0.020551757887005806,0.02024119347333908,0.020551757887005806,164092
2026-01-29 15:45:00+00:00,0.019564690068364143,0.020243315026164055,0.019564690068364143,0.02024136297404766,1790608
2026-01-29 16:00:00+00:00,0.019222265109419823,0.019505303353071213,0.019222265109419823,0.019505303353071213,596296
2026-01-29 16:15:00+00:00,0.019299259409308434,0.019310999661684036,0.01922307163476944,0.01922307163476944,85992
2026-01-29 16:30:00+00:00,0.01958210952579975,0.019587934017181396,0.019244158640503883,0.01929258182644844,659528
2026-01-29 16:45:00+00:00,0.01978890970349312,0.019861945882439613,0.01975482515990734,0.01977822557091713,197908
2026-01-29 17:00:00+00:00,0.019973836839199066,0.020091479644179344,0.019811592996120453,0.019811592996120453,221080
2026-01-29 17:15:00+00:00,0.020213590934872627,0.020215317606925964,0.01996176689863205,0.019986353814601898,335284
2026-01-29 17:30:00+00:00,0.019998718053102493,0.020328974351286888,0.019998718053102493,0.02024259604513645,119960
2026-01-29 17:45:00+00:00,0.019823024049401283,0.02003319375216961,0.019823024049401283,0.019986538216471672,88188
2026-01-29 18:00:00+00:00,0.019840387627482414,0.02001110091805458,0.019792571663856506,0.01980595849454403,268996
2026-01-29 18:15:00+00:00,0.01975473389029503,0.019827697426080704,0.01969458907842636,0.01981005258858204,291724
2026-01-29 18:30:00+00:00,0.020100394263863564,0.0201285257935524,0.019781121984124184,0.019781121984124184,546064
2026-01-29 18:45:00+00:00,0.019858185201883316,0.020060492679476738,0.01971268653869629,0.020039698109030724,518176
2026-01-29 19:00:00+00:00,0.0197060015052557,0.01985413208603859,0.0197060015052557,0.01985413208603859,0
2026-01-29 19:15:00+00:00,0.019468827173113823,0.01970773935317993,0.01946602389216423,0.01970773935317993,298376
2026-01-29 19:30:00+00:00,0.01960044726729393,0.019620265811681747,0.019491970539093018,0.019491970539093018,190196
2026-01-29 19:45:00+00:00,0.019721362739801407,0.01973569579422474,0.019656527787446976,0.019666241481900215,145648
2026-01-29 20:00:00+00:00,0.019773568958044052,0.020087892189621925,0.01968260109424591,0.019696807488799095,393016
2026-01-29 20:15:00+00:00,0.01955210603773594,0.019772054627537727,0.01955210603773594,0.019772054627537727,6328
2026-01-29 20:30:00+00:00,0.019556650891900063,0.019637348130345345,0.019505564123392105,0.019505564123392105,7032
2026-01-29 20:45:00+00:00,0.019755659624934196,0.01978602074086666,0.019583119079470634,0.019583119079470634,11832
2026-01-29 21:00:00+00:00,0.019757268950343132,0.019945982843637466,0.019717760384082794,0.019762825220823288,0
2026-01-29 21:15:00+00:00,0.020070698112249374,0.020070698112249374,0.01975635252892971,0.01975635252892971,446788
2026-01-29 21:30:00+00:00,0.020215721800923347,0.02021842449903488,0.020046403631567955,0.020046403631567955,350572
2026-01-29 21:45:00+00:00,0.020442040637135506,0.020541168749332428,0.020292261615395546,0.020292261615395546,896800
2026-01-29 22:00:00+00:00,0.020284835249185562,0.020470747724175453,0.020146435126662254,0.020461656153202057,169612
2026-01-29 22:15:00+00:00,0.02033684216439724,0.020444542169570923,0.020178787410259247,0.020276853814721107,213464
2026-01-29 22:30:00+00:00,0.02023213915526867,0.020368140190839767,0.020216433331370354,0.020368140190839767,48540
2026-01-29 22:45:00+00:00,0.020594961941242218,0.020594961941242218,0.020265886560082436,0.020265886560082436,422700
2026-01-29 23:00:00+00:00,0.020941991358995438,0.020941991358995438,0.02058325707912445,0.02059427835047245,1413168
2026-01-29 23:15:00+00:00,0.021113265305757523,0.021113265305757523,0.02080199308693409,0.020873794332146645,1236860
2026-01-29 23:30:00+00:00,0.021016716957092285,0.021169541403651237,0.020957855507731438,0.021166367456316948,477428
2026-01-29 23:45:00+00:00,0.02124614827334881,0.021313196048140526,0.021087460219860077,0.021099712699651718,630232
2026-01-30 00:00:00+00:00,0.0208685752004385,0.02119257301092148,0.02081194892525673,0.021156489849090576,670032
2026-01-30 00:15:00+00:00,0.020713575184345245,0.020829636603593826,0.020707188174128532,0.020829636603593826,217576
2026-01-30 00:30:00+00:00,0.02136104740202427,0.021413642913103104,0.020719261839985847,0.020719261839985847,789196
2026-01-30 00:45:00+00:00,0.02140430361032486,0.021509835496544838,0.021273978054523468,0.02138935588300228,967200
2026-01-30 01:00:00+00:00,0.02131531946361065,0.02155703492462635,0.02131531946361065,0.021406594663858414,259592
2026-01-30 01:15:00+00:00,0.02147761918604374,0.021617284044623375,0.021288899704813957,0.021328236907720566,867024
2026-01-30 01:30:00+00:00,0.021228214725852013,0.021711984649300575,0.021228214725852013,0.021548714488744736,773016
2026-01-30 01:45:00+00:00,0.021714333444833755,0.021714333444833755,0.021076301112771034,0.021076301112771034,1585908
2026-01-30 02:00:00+00:00,0.02134006842970848,0.02172520011663437,0.02130286581814289,0.02172520011663437,240136
2026-01-30 02:15:00+00:00,0.02114655263721943,0.02141953818500042,0.021021457388997078,0.021351538598537445,0
2026-01-30 02:30:00+00:00,0.02114793285727501,0.021255891770124435,0.02110479213297367,0.02116462215781212,179876
2026-01-30 02:45:00+00:00,0.020714005455374718,0.02105732075870037,0.020714005455374718,0.02105732075870037,0
2026-01-30 03:00:00+00:00,0.021078353747725487,0.021078353747725487,0.020729776471853256,0.020729776471853256,423312
2026-01-30 03:15:00+00:00,0.02098272368311882,0.021307069808244705,0.020977389067411423,0.021072203293442726,33328
2026-01-30 03:30:00+00:00,0.0209977850317955,0.021157626062631607,0.020997727289795876,0.021006135269999504,122648
2026-01-30 03:45:00+00:00,0.021148638799786568,0.02118309587240219,0.020998835563659668,0.021012665703892708,323068
2026-01-30 04:00:00+00:00,0.02155006304383278,0.021560171619057655,0.021128159016370773,0.021128159016370773,641244
2026-01-30 04:15:00+00:00,0.0218703243881464,0.0218703243881464,0.02151007018983364,0.021533925086259842,893276
2026-01-30 04:30:00+00:00,0.02188027836382389,0.022024869918823242,0.021842224523425102,0.02196558006107807,829032
2026-01-30 04:45:00+00:00,0.022421663627028465,0.022421663627028465,0.021900983527302742,0.021900983527302742,1363468
2026-01-30 05:00:00+00:00,0.022339265793561935,0.022558383643627167,0.022297056391835213,0.022413333877921104,1457900
2026-01-30 05:15:00+00:00,0.022098712623119354,0.02230784110724926,0.021970154717564583,0.02230784110724926,229048
2026-01-30 05:30:00+00:00,0.022046003490686417,0.022046003490686417,0.021779760718345642,0.021963566541671753,329864
2026-01-30 05:45:00+00:00,0.02191753126680851,0.022276749834418297,0.021899733692407608,0.022276749834418297,4974624
2026-01-30 06:00:00+00:00,0.021966610103845596,0.02201852761209011,0.021893857046961784,0.021907739341259003,221704
2026-01-30 06:15:00+00:00,0.02178291790187359,0.02209807187318802,0.02178291790187359,0.021984955295920372,102488
2026-01-30 06:30:00+00:00,0.021702047437429428,0.021787293255329132,0.021563544869422913,0.021563544869422913,450040
2026-01-30 06:45:00+00:00,0.02170936018228531,0.0218398068100214,0.021700531244277954,0.021712781861424446,0
2026-01-30 07:00:00+00:00,0.022193728014826775,0.022193728014826775,0.021717257797718048,0.021717257797718048,686696
2026-01-30 07:15:00+00:00,0.022488148882985115,0.02256491221487522,0.022335918620228767,0.02235385589301586,585784
2026-01-30 07:30:00+00:00,0.022389482706785202,0.02253652736544609,0.022389482706785202,0.02252487652003765,565768
2026-01-30 07:45:00+00:00,0.022466348484158516,0.02247053012251854,0.022212641313672066,0.022396115586161613,757968
2026-01-30 08:00:00+00:00,0.022252624854445457,0.022466903552412987,0.022252624854445457,0.022466903552412987,521576
2026-01-30 08:15:00+00:00,0.022179938852787018,0.022343890741467476,0.022178890183568,0.022267667576670647,97648
2026-01-30 08:30:00+00:00,0.02174484357237816,0.022147083654999733,0.02174484357237816,0.022147083654999733,394096
2026-01-30 08:45:00+00:00,0.02131636068224907,0.02171171084046364,0.021269578486680984,0.02171171084046364,297120
2026-01-30 09:00:00+00:00,0.02113962359726429,0.021495237946510315,0.02113962359726429,0.021316275000572205,461768
2026-01-30 09:15:00+00:00,0.020994888618588448,0.021151527762413025,0.020817315205931664,0.021151527762413025,592200
2026-01-30 09:30:00+00:00,0.02146216481924057,0.021535515785217285,0.021007848903536797,0.021007848903536797,1134872
2026-01-30 09:45:00+00:00,0.021366599947214127,0.021505534648895264,0.02136259153485298,0.021505534648895264,210152
2026-01-30 10:00:00+00:00,0.021363839507102966,0.021363839507102966,0.021227475255727768,0.0213551577180624,0
2026-01-30 10:15:00+00:00,0.021465888246893883,0.021598292514681816,0.021382180973887444,0.021382180973887444,0
2026-01-30 10:30:00+00:00,0.020985247567296028,0.021510519087314606,0.020985247567296028,0.021469732746481895,0
2026-01-30 10:45:00+00:00,0.020923003554344177,0.020991232246160507,0.02078401669859886,0.020991232246160507,99720
2026-01-30 11:00:00+00:00,0.02094455249607563,0.021007241681218147,0.020852576941251755,0.020852576941251755,0
2026-01-30 11:15:00+00:00,0.020882947370409966,0.020999792963266373,0.02084963582456112,0.02094508334994316,0
2026-01-30 11:30:00+00:00,0.020863158628344536,0.02088126540184021,0.020804736763238907,0.020881228148937225,0
2026-01-30 11:45:00+00:00,0.020769309252500534,0.020847605541348457,0.02074141800403595,0.020820215344429016,197328
2026-01-30 12:00:00+00:00,0.02123940922319889,0.02128169871866703,0.021130617707967758,0.021130617707967758,605424
2026-01-30 12:15:00+00:00,0.02135160006582737,0.0213603675365448,0.021205075085163116,0.021239738911390305,332296
2026-01-30 12:30:00+00:00,0.020993547514081,0.02134053036570549,0.02096743695437908,0.02134053036570549,117168
2026-01-30 12:45:00+00:00,0.02097507379949093,0.021010801196098328,0.020832989364862442,0.020994773134589195,99736
2026-01-30 13:00:00+00:00,0.02059859037399292,0.020854881033301353,0.02053404040634632,0.020843505859375,417168
2026-01-30 13:15:00+00:00,0.02021673507988453,0.020641790702939034,0.02021673507988453,0.02058997191488743,189992
2026-01-30 13:30:00+00:00,0.020108360797166824,0.02023470588028431,0.020095955580472946,0.02021624706685543,1095440
2026-01-30 13:45:00+00:00,0.020111870020627975,0.020111870020627975,0.020000681281089783,0.020088832825422287,503648
2026-01-30 14:00:00+00:00,0.020178833976387978,0.020178833976387978,0.02003350295126438,0.02010965533554554,135392
2026-01-30 14:15:00+00:00,0.02016473188996315,0.020201874896883965,0.020080529153347015,0.02016638033092022,0
2026-01-30 14:30:00+00:00,0.020395386964082718,0.020395386964082718,0.02013072930276394,0.02013072930276394,99480
2026-01-30 14:45:00+00:00,0.020293330773711205,0.02048598602414131,0.02027384378015995,0.02038579434156418,123720
2026-01-30 15:00:00+00:00,0.020443646237254143,0.02046656422317028,0.020291078835725784,0.020316535606980324,0
2026-01-30 15:15:00+00:00,0.02031179517507553,0.020593076944351196,0.02031179517507553,0.020443817600607872,0
2026-01-30 15:30:00+00:00,0.020618842914700508,0.020618842914700508,0.020245224237442017,0.020245224237442017,33300
2026-01-30 15:45:00+00:00,0.021201735362410545,0.021362217143177986,0.020672138780355453,0.020672138780355453,734584
2026-01-30 16:00:00+00:00,0.02077295258641243,0.021256400272250175,0.02077295258641243,0.021256400272250175,0
2026-01-30 16:15:00+00:00,0.02079102396965027,0.02079102396965027,0.020683977752923965,0.02077852003276348,169464
2026-01-30 16:30:00+00:00,0.021329598501324654,0.021329598501324654,0.020742176100611687,0.02075848914682865,525608
2026-01-30 16:45:00+00:00,0.021337490528821945,0.02149265445768833,0.021316247060894966,0.021365942433476448,142916
2026-01-30 17:00:00+00:00,0.020917469635605812,0.02134178951382637,0.020917469635605812,0.02134178951382637,0
2026-01-30 17:15:00+00:00,0.021287284791469574,0.02130727656185627,0.02085414156317711,0.02092631906270981,459272
2026-01-30 17:30:00+00:00,0.020902981981635094,0.02128041535615921,0.020902981981635094,0.02128041535615921,0
2026-01-30 17:45:00+00:00,0.020769761875271797,0.020905202254652977,0.02076587826013565,0.020905202254652977,14472
2026-01-30 18:00:00+00:00,0.020711446180939674,0.020914413034915924,0.020656000822782516,0.020914413034915924,32044
2026-01-30 18:15:00+00:00,0.020744362846016884,0.020756660029292107,0.02051508240401745,0.02072230353951454,161860
2026-01-30 18:30:00+00:00,0.02097589150071144,0.02097589150071144,0.020752890035510063,0.020752890035510063,161196
2026-01-30 18:45:00+00:00,0.02106902375817299,0.02120489440858364,0.02096271701157093,0.02096271701157093,0
2026-01-30 19:00:00+00:00,0.02096324786543846,0.021141527220606804,0.02095755748450756,0.021066155284643173,311872
2026-01-30 19:15:00+00:00,0.021463556215167046,0.021484078839421272,0.02102014422416687,0.02102014422416687,371300
2026-01-30 19:30:00+00:00,0.0214703232049942,0.021520964801311493,0.021318502724170685,0.02144407108426094,966968
2026-01-30 19:45:00+00:00,0.021307270973920822,0.021473783999681473,0.021298041567206383,0.02145760878920555,4060
2026-01-30 20:00:00+00:00,0.021019361913204193,0.02129378728568554,0.021017836406826973,0.02129378728568554,0
2026-01-30 20:15:00+00:00,0.020979871973395348,0.02117578312754631,0.020979871973395348,0.02102631889283657,239248
2026-01-30 20:30:00+00:00,0.020802976563572884,0.02100534364581108,0.02079906314611435,0.02097358927130699,173964
2026-01-30 20:45:00+00:00,0.02085457555949688,0.02090836688876152,0.020769929513335228,0.020806435495615005,22640
2026-01-30 21:00:00+00:00,0.0208600927144289,0.02089713141322136,0.020841585472226143,0.020872091874480247,13400
2026-01-30 21:15:00+00:00,0.020741291344165802,0.02088797464966774,0.020741291344165802,0.020864080637693405,33712
2026-01-30 21:30:00+00:00,0.02065221592783928,0.020748857408761978,0.020650072023272514,0.020745158195495605,0
2026-01-30 21:45:00+00:00,0.02062954567372799,0.020664265379309654,0.020622804760932922,0.020650891587138176,0
2026-01-30 22:00:00+00:00,0.020686566829681396,0.020699074491858482,0.020629260689020157,0.020629260689020157,0
2026-01-30 22:15:00+00:00,0.020377524197101593,0.020656896755099297,0.020377524197101593,0.020656896755099297,91056
2026-01-30 22:30:00+00:00,0.020372619852423668,0.020381590351462364,0.020268356427550316,0.020381590351462364,179872
2026-01-30 22:45:00+00:00,0.020404979586601257,0.02041316032409668,0.020379208028316498,0.020379208028316498,0
2026-01-30 23:00:00+00:00,0.020375840365886688,0.020483974367380142,0.020369261503219604,0.020414531230926514,0
2026-01-30 23:15:00+00:00,0.020289743319153786,0.02041073702275753,0.020289743319153786,0.020404160022735596,0
2026-01-30 23:30:00+00:00,0.020177075639367104,0.020298704504966736,0.020173130556941032,0.020298704504966736,0
2026-01-30 23:45:00+00:00,0.020295098423957825,0.020295098423957825,0.020188946276903152,0.020188946276903152,0
2026-01-31 00:00:00+00:00,0.020056162029504776,0.020299308001995087,0.020046813413500786,0.020299308001995087,0
2026-01-31 00:15:00+00:00,0.019874241203069687,0.020013723522424698,0.019859204068779945,0.020013723522424698,181912
2026-01-31 00:30:00+00:00,0.019899938255548477,0.019899938255548477,0.019858751446008682,0.01987309567630291,0
2026-01-31 00:45:00+00:00,0.019382288679480553,0.01989028975367546,0.019382288679480553,0.01989028975367546,0
2026-01-31 01:00:00+00:00,0.019120991230010986,0.01939690299332142,0.019120991230010986,0.01939690299332142,281152
2026-01-31 01:15:00+00:00,0.019120601937174797,0.019125372171401978,0.01898958720266819,0.019100166857242584,0
2026-01-31 01:30:00+00:00,0.019007625058293343,0.019132940098643303,0.01896878145635128,0.019132593646645546,0
2026-01-31 01:45:00+00:00,0.018899135291576385,0.019005509093403816,0.01873156987130642,0.018979961052536964,0
2026-01-31 02:00:00+00:00,0.01904575526714325,0.01908164657652378,0.018913885578513145,0.018913885578513145,0
2026-01-31 02:15:00+00:00,0.019035786390304565,0.01904676854610443,0.01899404637515545,0.019042115658521652,0
2026-01-31 02:30:00+00:00,0.019116118550300598,0.019172167405486107,0.018992731347680092,0.019028129056096077,41032
2026-01-31 02:45:00+00:00,0.019183222204446793,0.019193150103092194,0.019092997536063194,0.01912323385477066,15120
2026-01-31 03:00:00+00:00,0.01914975605905056,0.019202174618840218,0.01914408430457115,0.019189007580280304,233920
2026-01-31 03:15:00+00:00,0.019375212490558624,0.019385285675525665,0.01922656036913395,0.01922656036913395,72244
2026-01-31 03:30:00+00:00,0.01923541910946369,0.019371774047613144,0.01923541910946369,0.019371774047613144,82100
2026-01-31 03:45:00+00:00,0.019290471449494362,0.019332589581608772,0.01925077475607395,0.019258618354797363,13940
2026-01-31 04:00:00+00:00,0.01916046440601349,0.019284941256046295,0.019137457013130188,0.019284941256046295,0
2026-01-31 04:15:00+00:00,0.019347872585058212,0.019347872585058212,0.019199956208467484,0.019199956208467484,0
2026-01-31 04:30:00+00:00,0.019269155338406563,0.01941538043320179,0.019260026514530182,0.01941538043320179,0
2026-01-31 04:45:00+00:00,0.019372476264834404,0.019376292824745178,0.019265038892626762,0.019269563257694244,0
2026-01-31 05:00:00+00:00,0.019155653193593025,0.019378773868083954,0.019155653193593025,0.019378773868083954,0
2026-01-31 05:15:00+00:00,0.019213704392313957,0.019213704392313957,0.019113481044769287,0.019159579649567604,0
2026-01-31 05:30:00+00:00,0.019154740497469902,0.019196076318621635,0.019149651750922203,0.019193125888705254,0
2026-01-31 05:45:00+00:00,0.01919875107705593,0.01919875107705593,0.019122952595353127,0.01914294622838497,0
2026-01-31 06:00:00+00:00,0.019182799383997917,0.019234366714954376,0.019182799383997917,0.019203973934054375,0
2026-01-31 06:15:00+00:00,0.019043076783418655,0.019189758226275444,0.019043000414967537,0.019189758226275444,0
2026-01-31 06:30:00+00:00,0.01841709204018116,0.019013257697224617,0.01841709204018116,0.019013257697224617,1015036
2026-01-31 06:45:00+00:00,0.01858467049896717,0.01858467049896717,0.018412088975310326,0.018412088975310326,347444
2026-01-31 07:00:00+00:00,0.018655551597476006,0.018665935844182968,0.018596697598695755,0.018596697598695755,1112
2026-01-31 07:15:00+00:00,0.01856285147368908,0.018692396581172943,0.018554896116256714,0.01865495555102825,0
2026-01-31 07:30:00+00:00,0.018525445833802223,0.018577249720692635,0.018479952588677406,0.018576981499791145,0
2026-01-31 07:45:00+00:00,0.018860267475247383,0.018867215141654015,0.018533654510974884,0.018533654510974884,0
2026-01-31 08:00:00+00:00,0.018826287239789963,0.018974725157022476,0.01881643570959568,0.018856870010495186,0
2026-01-31 08:15:00+00:00,0.01890321634709835,0.018944911658763885,0.018870258703827858,0.018870258703827858,100440
2026-01-31 08:30:00+00:00,0.018623054027557373,0.01890859380364418,0.018623054027557373,0.01890859380364418,0
2026-01-31 08:45:00+00:00,0.018629489466547966,0.018629489466547966,0.018469128757715225,0.018615316599607468,0
2026-01-31 09:00:00+00:00,0.01872115768492222,0.01886066421866417,0.018640128895640373,0.018640128895640373,0
2026-01-31 09:15:00+00:00,0.018682876601815224,0.01874086819589138,0.01867888867855072,0.018709154799580574,0
2026-01-31 09:30:00+00:00,0.018755650147795677,0.018832257017493248,0.018689431250095367,0.018689431250095367,0
2026-01-31 09:45:00+00:00,0.01874411851167679,0.018776122480630875,0.018670380115509033,0.018776122480630875,0
2026-01-31 10:00:00+00:00,0.01855182833969593,0.01873178407549858,0.01854797825217247,0.01873178407549858,0
2026-01-31 10:15:00+00:00,0.01879475638270378,0.01879475638270378,0.018552029505372047,0.018552029505372047,8252
2026-01-31 10:30:00+00:00,0.018787013366818428,0.018858877941966057,0.018779652193188667,0.018857324495911598,163724
2026-01-31 10:45:00+00:00,0.01908130757510662,0.01913824863731861,0.018787963315844536,0.018787963315844536,1004460
2026-01-31 11:00:00+00:00,0.019149204716086388,0.019149204716086388,0.019027940928936005,0.019073691219091415,50224
2026-01-31 11:15:00+00:00,0.019363125786185265,0.019363125786185265,0.019140474498271942,0.019140474498271942,355948
2026-01-31 11:30:00+00:00,0.019531119614839554,0.019531119614839554,0.01924792490899563,0.019373707473278046,170804
2026-01-31 11:45:00+00:00,0.0194140262901783,0.01959221623837948,0.019367530941963196,0.01952953077852726,41432
2026-01-31 12:00:00+00:00,0.019298993051052094,0.01951916515827179,0.019298993051052094,0.019403789192438126,31380
2026-01-31 12:15:00+00:00,0.019275279715657234,0.019362810999155045,0.019178645685315132,0.019311660900712013,86012
2026-01-31 12:30:00+00:00,0.019522322341799736,0.019531918689608574,0.019142482429742813,0.019280361011624336,247668
2026-01-31 12:45:00+00:00,0.019484005868434906,0.019578702747821808,0.019452454522252083,0.01953842118382454,114368
2026-01-31 13:00:00+00:00,0.01965145207941532,0.019677652046084404,0.019493289291858673,0.019494639709591866,30024
2026-01-31 13:15:00+00:00,0.019661543890833855,0.01968717947602272,0.01964205503463745,0.01967005431652069,0
2026-01-31 13:30:00+00:00,0.019565964117646217,0.019730139523744583,0.01953935995697975,0.019679956138134003,0
2026-01-31 13:45:00+00:00,0.019454538822174072,0.019545486196875572,0.01942094974219799,0.019545486196875572,18416
2026-01-31 14:00:00+00:00,0.019211644306778908,0.01945267990231514,0.019211644306778908,0.019426092505455017,29836
2026-01-31 14:15:00+00:00,0.01871560513973236,0.019208593294024467,0.01871560513973236,0.01919383555650711,814804
2026-01-31 14:30:00+00:00,0.018878357484936714,0.019021250307559967,0.01872834376990795,0.01872834376990795,1016084
2026-01-31 14:45:00+00:00,0.01881454326212406,0.018915342167019844,0.018756968900561333,0.018874574452638626,111260
2026-01-31 15:00:00+00:00,0.01875235326588154,0.01889037899672985,0.018747348338365555,0.018819859251379967,35060
2026-01-31 15:15:00+00:00,0.01858721673488617,0.018752289935946465,0.01858721673488617,0.018715867772698402,107648
2026-01-31 15:30:00+00:00,0.018324317410588264,0.018537839874625206,0.018324317410588264,0.018537839874625206,389060
2026-01-31 15:45:00+00:00,0.018234768882393837,0.018427295610308647,0.018224069848656654,0.018313195556402206,0
2026-01-31 16:00:00+00:00,0.01785917952656746,0.018281688913702965,0.017786670476198196,0.018242379650473595,1051180
2026-01-31 16:15:00+00:00,0.01806607097387314,0.018201306462287903,0.017794795334339142,0.017842736095190048,742036
2026-01-31 16:30:00+00:00,0.018088744953274727,0.018127480521798134,0.01796790398657322,0.01806521974503994,44848
2026-01-31 16:45:00+00:00,0.018082212656736374,0.01829446665942669,0.018073871731758118,0.018077906221151352,16908
2026-01-31 17:00:00+00:00,0.01774139143526554,0.018073922023177147,0.01758740283548832,0.018073922023177147,651112
2026-01-31 17:15:00+00:00,0.017570747062563896,0.017789416015148163,0.017570747062563896,0.017789416015148163,787652
2026-01-31 17:30:00+00:00,0.017298776656389236,0.017573848366737366,0.017289191484451294,0.017573848366737366,323048
2026-01-31 17:45:00+00:00,0.01724780909717083,0.017426615580916405,0.0172465518116951,0.01735750027000904,466292
2026-01-31 18:00:00+00:00,0.017043640837073326,0.01722700521349907,0.017043640837073326,0.017220256850123405,454836
2026-01-31 18:15:00+00:00,0.017059605568647385,0.017059605568647385,0.016928143799304962,0.017053905874490738,441484
2026-01-31 18:30:00+00:00,0.016737191006541252,0.01710696890950203,0.016737191006541252,0.017056839540600777,535920
2026-01-31 18:45:00+00:00,0.016891412436962128,0.017014168202877045,0.01684008538722992,0.01684008538722992,2174912
2026-01-31 19:00:00+00:00,0.016980169340968132,0.017001617699861526,0.016817141324281693,0.016900373622775078,405432
2026-01-31 19:15:00+00:00,0.01699463091790676,0.017080411314964294,0.01692989654839039,0.01698766089975834,447004
2026-01-31 19:30:00+00:00,0.016990292817354202,0.017176935449242592,0.016990292817354202,0.017031779512763023,324180
2026-01-31 19:45:00+00:00,0.017051968723535538,0.017052024602890015,0.016937781125307083,0.01697988621890545,355064
2026-01-31 20:00:00+00:00,0.0168194267898798,0.01704138144850731,0.0168194267898798,0.01704138144850731,79712
2026-01-31 20:15:00+00:00,0.016880113631486893,0.016885671764612198,0.016782818362116814,0.016818270087242126,167396
2026-01-31 20:30:00+00:00,0.016833551228046417,0.016868749633431435,0.01674271747469902,0.016868749633431435,0
2026-01-31 20:45:00+00:00,0.016897551715373993,0.016911832615733147,0.01682458445429802,0.01682458445429802,3188
2026-01-31 21:00:00+00:00,0.016799908131361008,0.016914036124944687,0.01674698479473591,0.016896191984415054,70412
2026-01-31 21:15:00+00:00,0.01715179532766342,0.01715179532766342,0.0168007742613554,0.0168007742613554,473304
2026-01-31 21:30:00+00:00,0.0175250843167305,0.0175250843167305,0.017157407477498055,0.017157407477498055,909872
2026-01-31 21:45:00+00:00,0.01788104511797428,0.01788104511797428,0.017508409917354584,0.017508409917354584,867304
2026-01-31 22:00:00+00:00,0.017987577244639397,0.018009893596172333,0.01790124922990799,0.01790124922990799,996344
2026-01-31 22:15:00+00:00,0.0178048238158226,0.017975399270653725,0.017750320956110954,0.01796451210975647,240824
2026-01-31 22:30:00+00:00,0.017771754413843155,0.01787249557673931,0.01776362583041191,0.017811620607972145,0
2026-01-31 22:45:00+00:00,0.017872663214802742,0.017913170158863068,0.01775999367237091,0.01777331344783306,147220
2026-01-31 23:00:00+00:00,0.017629582434892654,0.01786743849515915,0.01759117841720581,0.01786743849515915,132436
2026-01-31 23:15:00+00:00,0.017700104042887688,0.017761902883648872,0.017604688182473183,0.017620820552110672,174760
2026-01-31 23:30:00+00:00,0.017680929973721504,0.017731454223394394,0.017652684822678566,0.01770325005054474,103660
2026-01-31 23:45:00+00:00,0.017539942637085915,0.01769113354384899,0.017539942637085915,0.01768573187291622,120736
2026-02-01 00:00:00+00:00,0.0175571758300066,0.017570877447724342,0.017437947914004326,0.017535997554659843,1528
2026-02-01 00:15:00+00:00,0.017679598182439804,0.017762959003448486,0.017572607845067978,0.017572607845067978,21652
2026-02-01 00:30:00+00:00,0.01772448979318142,0.017753323540091515,0.017594128847122192,0.01767045259475708,115972
2026-02-01 00:45:00+00:00,0.01763918623328209,0.017721431329846382,0.01763918623328209,0.017721431329846382,0
2026-02-01 01:00:00+00:00,0.01734992116689682,0.017644494771957397,0.017337199300527573,0.017635004594922066,0
2026-02-01 01:15:00+00:00,0.017306368798017502,0.01736488938331604,0.017239628359675407,0.017358940094709396,68052
2026-02-01 01:30:00+00:00,0.01744980737566948,0.01744980737566948,0.017347190529108047,0.017347190529108047,13356
2026-02-01 01:45:00+00:00,0.017709247767925262,0.017725499346852303,0.017454402521252632,0.017454402521252632,0
2026-02-01 02:00:00+00:00,0.017633851617574692,0.017697039991617203,0.01748420111835003,0.017697039991617203,167712
2026-02-01 02:15:00+00:00,0.017466749995946884,0.01766059920191765,0.017466749995946884,0.017641959711909294,11288
2026-02-01 02:30:00+00:00,0.01751113124191761,0.01751113124191761,0.017397571355104446,0.01745619811117649,28528
2026-02-01 02:45:00+00:00,0.017420554533600807,0.01753205992281437,0.017420554533600807,0.017508063465356827,17472
2026-02-01 03:00:00+00:00,0.01747904159128666,0.01747904159128666,0.01729731634259224,0.017429916188120842,0
2026-02-01 03:15:00+00:00,0.017370767891407013,0.01750107854604721,0.017370767891407013,0.017477476969361305,1232
2026-02-01 03:30:00+00:00,0.01749569922685623,0.017496079206466675,0.017360620200634003,0.01737205684185028,2432
2026-02-01 03:45:00+00:00,0.017440611496567726,0.017520377412438393,0.01742228865623474,0.017495421692728996,17148
2026-02-01 04:00:00+00:00,0.017322322353720665,0.017448926344513893,0.01729525439441204,0.017446815967559814,544
2026-02-01 04:15:00+00:00,0.017383208498358727,0.017467128112912178,0.017325321212410927,0.017325321212410927,0
2026-02-01 04:30:00+00:00,0.017341412603855133,0.0174137931317091,0.017340844497084618,0.017386700958013535,39124
2026-02-01 04:45:00+00:00,0.017444727942347527,0.017450395971536636,0.017325054854154587,0.0173381045460701,67540
2026-02-01 05:00:00+00:00,0.017435086891055107,0.017463572323322296,0.017326505854725838,0.0174106452614069,24588
2026-02-01 05:15:00+00:00,0.017489437013864517,0.017489437013864517,0.017374586313962936,0.017430206760764122,41956
2026-02-01 05:30:00+00:00,0.017540298402309418,0.017622854560613632,0.01748095080256462,0.017482619732618332,22800
2026-02-01 05:45:00+00:00,0.01749962568283081,0.017566032707691193,0.01749962568283081,0.017540261149406433,18180
2026-02-01 06:00:00+00:00,0.01763538271188736,0.017679447308182716,0.017515096813440323,0.017515096813440323,0
2026-02-01 06:15:00+00:00,0.01761843077838421,0.017844798043370247,0.01761843077838421,0.017710557207465172,129288
2026-02-01 06:30:00+00:00,0.017444470897316933,0.017689088359475136,0.017444470897316933,0.01761133037507534,0
2026-02-01 06:45:00+00:00,0.017476761713624,0.017476761713624,0.01740512251853943,0.017441460862755775,0
2026-02-01 07:00:00+00:00,0.01752767153084278,0.01766066811978817,0.017512936145067215,0.017512936145067215,0
2026-02-01 07:15:00+00:00,0.017693134024739265,0.017693134024739265,0.01754145324230194,0.01754145324230194,0
2026-02-01 07:30:00+00:00,0.01773728057742119,0.01773812808096409,0.01763533428311348,0.017687059938907623,20532
2026-02-01 07:45:00+00:00,0.01777650974690914,0.017856113612651825,0.017736079171299934,0.01774248667061329,0
2026-02-01 08:00:00+00:00,0.017997780814766884,0.01800726167857647,0.017756879329681396,0.017756879329681396,80268
2026-02-01 08:15:00+00:00,0.018013210967183113,0.018039315938949585,0.017908893525600433,0.01795765571296215,118636
2026-02-01 08:30:00+00:00,0.018047653138637543,0.018073461949825287,0.018021827563643456,0.018021827563643456,0
2026-02-01 08:45:00+00:00,0.018033038824796677,0.018038609996438026,0.017894322052598,0.018024533987045288,32856
2026-02-01 09:00:00+00:00,0.018060622736811638,0.01817157492041588,0.018010780215263367,0.01808062568306923,22192
2026-02-01 09:15:00+00:00,0.01810915768146515,0.018142657354474068,0.017945196479558945,0.01805095747113228,546248
2026-02-01 09:30:00+00:00,0.018476486206054688,0.01856229081749916,0.018123110756278038,0.018123110756278038,884012
2026-02-01 09:45:00+00:00,0.0184524767100811,0.018501073122024536,0.018283607438206673,0.01840978115797043,734464
2026-02-01 10:00:00+00:00,0.018683215603232384,0.018683215603232384,0.018379690125584602,0.018414344638586044,431520
2026-02-01 10:15:00+00:00,0.01859370805323124,0.01873202994465828,0.01859370805323124,0.01868283934891224,395124
2026-02-01 10:30:00+00:00,0.018062815070152283,0.018602730706334114,0.01804034784436226,0.018602730706334114,414684
2026-02-01 10:45:00+00:00,0.018485236912965775,0.01853283867239952,0.01803497038781643,0.0180668942630291,445436
2026-02-01 11:00:00+00:00,0.018323926255106926,0.018509594723582268,0.018310703337192535,0.018486248329281807,139180
2026-02-01 11:15:00+00:00,0.018193315714597702,0.018378576263785362,0.018193315714597702,0.01834430731832981,0
2026-02-01 11:30:00+00:00,0.018323766067624092,0.018323766067624092,0.018179846927523613,0.018194543197751045,45996
2026-02-01 11:45:00+00:00,0.018356090411543846,0.018413864076137543,0.018318621441721916,0.018333675339818,0
2026-02-01 12:00:00+00:00,0.018676593899726868,0.01868659257888794,0.018354522064328194,0.018354522064328194,433032
2026-02-01 12:15:00+00:00,0.018487103283405304,0.018685970455408096,0.018468692898750305,0.018685970455408096,101100
2026-02-01 12:30:00+00:00,0.01840977743268013,0.018552789464592934,0.01840071566402912,0.01852874830365181,0
2026-02-01 12:45:00+00:00,0.018511299043893814,0.018545564264059067,0.018397724255919456,0.018397724255919456,44776
2026-02-01 13:00:00+00:00,0.018730679526925087,0.018730679526925087,0.018475191667675972,0.01852109655737877,87812
2026-02-01 13:15:00+00:00,0.018368689343333244,0.018690424039959908,0.018368689343333244,0.018690424039959908,281292
2026-02-01 13:30:00+00:00,0.018181540071964264,0.018252862617373466,0.018181540071964264,0.018252460286021233,52240
2026-02-01 13:45:00+00:00,0.01806996762752533,0.01822773739695549,0.018049145117402077,0.01822773739695549,33316
2026-02-01 14:00:00+00:00,0.01832403801381588,0.01845485344529152,0.018076540902256966,0.018084263429045677,77544
2026-02-01 14:15:00+00:00,0.018142657354474068,0.01837441511452198,0.018142657354474068,0.01837441511452198,0
2026-02-01 14:30:00+00:00,0.018010804429650307,0.018139829859137535,0.017992785200476646,0.018139829859137535,0
2026-02-01 14:45:00+00:00,0.018142981454730034,0.018146652728319168,0.01797136478126049,0.01800200715661049,147364
2026-02-01 15:00:00+00:00,0.01784912310540676,0.018096933141350746,0.01784912310540676,0.018096933141350746,0
2026-02-01 15:15:00+00:00,0.017639266327023506,0.017856964841485023,0.017639266327023506,0.017856964841485023,99128
2026-02-01 15:30:00+00:00,0.017298854887485504,0.017572693526744843,0.017276663333177567,0.017572693526744843,262488
2026-02-01 15:45:00+00:00,0.017616458237171173,0.017653703689575195,0.017283564433455467,0.017287176102399826,20888
2026-02-01 16:00:00+00:00,0.017920125275850296,0.017920125275850296,0.017638074234128,0.017638074234128,0
2026-02-01 16:15:00+00:00,0.018032874912023544,0.018032874912023544,0.017771253362298012,0.017918605357408524,153208
2026-02-01 16:30:00+00:00,0.01804604008793831,0.018046315759420395,0.017950771376490593,0.017988190054893494,0
2026-02-01 16:45:00+00:00,0.017992090433835983,0.01803635247051716,0.017984062433242798,0.01801392249763012,0
2026-02-01 17:00:00+00:00,0.018330080434679985,0.018330080434679985,0.017980260774493217,0.017987379804253578,146776
2026-02-01 17:15:00+00:00,0.018233034759759903,0.018401620909571648,0.018212812021374702,0.018342001363635063,0
2026-02-01 17:30:00+00:00,0.01820060797035694,0.018275555223226547,0.018132200464606285,0.018221303820610046,503160
2026-02-01 17:45:00+00:00,0.018008550629019737,0.018172966316342354,0.017970861867070198,0.018172966316342354,1356
2026-02-01 18:00:00+00:00,0.018199626356363297,0.018265144899487495,0.018039513379335403,0.018039513379335403,0
2026-02-01 18:15:00+00:00,0.01800472103059292,0.018177667632699013,0.017974067479372025,0.018177667632699013,61620
2026-02-01 18:30:00+00:00,0.017825540155172348,0.01799854263663292,0.017825540155172348,0.01799854263663292,0
2026-02-01 18:45:00+00:00,0.01766660064458847,0.017809612676501274,0.01766660064458847,0.017809612676501274,0
2026-02-01 19:00:00+00:00,0.017713233828544617,0.01773102954030037,0.017688274383544922,0.01768903061747551,0
2026-02-01 19:15:00+00:00,0.017820371314883232,0.017820807173848152,0.017716841772198677,0.017716841772198677,0
2026-02-01 19:30:00+00:00,0.017834635451436043,0.017883282154798508,0.017829028889536858,0.0178369227796793,0
2026-02-01 19:45:00+00:00,0.01775612309575081,0.017858633771538734,0.017731359228491783,0.017848532646894455,14276
2026-02-01 20:00:00+00:00,0.017677413299679756,0.01776753179728985,0.01761176809668541,0.01774565503001213,0
2026-02-01 20:15:00+00:00,0.017569517716765404,0.01768127642571926,0.017569517716765404,0.017666468396782875,0
2026-02-01 20:30:00+00:00,0.017733410000801086,0.017778733745217323,0.017551861703395844,0.01755264401435852,106794
2026-02-01 20:45:00+00:00,0.017607230693101883,0.017742663621902466,0.017598532140254974,0.017741112038493156,0
2026-02-01 21:00:00+00:00,0.017865188419818878,0.017890578135848045,0.01761077158153057,0.01761077158153057,179922
2026-02-01 21:15:00+00:00,0.017792265862226486,0.01787804439663887,0.01778196170926094,0.01785900816321373,0
2026-02-01 21:30:00+00:00,0.018014125525951385,0.018014125525951385,0.017795363441109657,0.017795363441109657,66420
2026-02-01 21:45:00+00:00,0.017802875488996506,0.017985478043556213,0.01779981143772602,0.017985478043556213,0
2026-02-01 22:00:00+00:00,0.017980031669139862,0.018006164580583572,0.017779376357793808,0.01781737618148327,0
2026-02-01 22:15:00+00:00,0.01767568849027157,0.01798371411859989,0.01762697473168373,0.01798371411859989,110650
2026-02-01 22:30:00+00:00,0.017747918143868446,0.0178533885627985,0.01769835874438286,0.01769835874438286,140260
2026-02-01 22:45:00+00:00,0.017575837671756744,0.017706526443362236,0.017542345449328423,0.017706526443362236,9470
2026-02-01 23:00:00+00:00,0.017136745154857635,0.01757637783885002,0.01700347475707531,0.01757637783885002,434130
2026-02-01 23:15:00+00:00,0.017772052437067032,0.017779959365725517,0.017125079408288002,0.017125079408288002,766372
2026-02-01 23:30:00+00:00,0.017845982685685158,0.01790878176689148,0.01779048517346382,0.01781778782606125,160352
2026-02-01 23:45:00+00:00,0.017757665365934372,0.017857499420642853,0.01770121231675148,0.017857499420642853,54908
2026-02-02 00:00:00+00:00,0.017763307318091393,0.017774591222405434,0.01754567213356495,0.01772533543407917,145154
2026-02-02 00:15:00+00:00,0.01785784773528576,0.01789439097046852,0.017763875424861908,0.017763875424861908,0
2026-02-02 00:30:00+00:00,0.018018938601017,0.018018938601017,0.01786378026008606,0.01786600798368454,303816
2026-02-02 00:45:00+00:00,0.018017636612057686,0.01805678755044937,0.017941489815711975,0.01798839308321476,493818
2026-02-02 01:00:00+00:00,0.017856381833553314,0.0180097296833992,0.017856381833553314,0.0180097296833992,58812
2026-02-02 01:15:00+00:00,0.018216434866189957,0.01822114735841751,0.017826581373810768,0.01786102168262005,342474
2026-02-02 01:30:00+00:00,0.018090151250362396,0.01822621189057827,0.018081463873386383,0.01822621189057827,33518
2026-02-02 01:45:00+00:00,0.01795472390949726,0.018099699169397354,0.01795351691544056,0.018086181953549385,15276
2026-02-02 02:00:00+00:00,0.01772947423160076,0.017961066216230392,0.01772947423160076,0.017961066216230392,0
2026-02-02 02:15:00+00:00,0.01763182505965233,0.017791427671909332,0.01763182505965233,0.017742469906806946,10390
2026-02-02 02:30:00+00:00,0.017608366906642914,0.01763639599084854,0.017599279060959816,0.017627617344260216,152926
2026-02-02 02:45:00+00:00,0.017503291368484497,0.0176245104521513,0.017503291368484497,0.01759849674999714,26034
2026-02-02 03:00:00+00:00,0.01733562722802162,0.017465857788920403,0.01733562722802162,0.0174634400755167,20846
2026-02-02 03:15:00+00:00,0.016987474635243416,0.017291061580181122,0.016987474635243416,0.017291061580181122,139850
2026-02-02 03:30:00+00:00,0.01687587797641754,0.016968833282589912,0.01675363816320896,0.016968833282589912,417958
2026-02-02 03:45:00+00:00,0.017414823174476624,0.017421703785657883,0.016906896606087685,0.016906896606087685,523530
2026-02-02 04:00:00+00:00,0.017168713733553886,0.017406517639756203,0.017164967954158783,0.017406517639756203,0
2026-02-02 04:15:00+00:00,0.017461063340306282,0.017461063340306282,0.017153406515717506,0.01715492270886898,163912
2026-02-02 04:30:00+00:00,0.01753646321594715,0.017600011080503464,0.01745634898543358,0.01745634898543358,197578
2026-02-02 04:45:00+00:00,0.017427919432520866,0.01754068210721016,0.017413679510354996,0.01754068210721016,0
2026-02-02 05:00:00+00:00,0.017178231850266457,0.0174314733594656,0.017178231850266457,0.017423659563064575,0
2026-02-02 05:15:00+00:00,0.016982847824692726,0.017174208536744118,0.01697528176009655,0.017174208536744118,618
2026-02-02 05:30:00+00:00,0.017008252441883087,0.017053736373782158,0.016909422352910042,0.0170133113861084,17012
2026-02-02 05:45:00+00:00,0.01708722487092018,0.01714281179010868,0.017005955800414085,0.017005955800414085,42388
2026-02-02 06:00:00+00:00,0.017193131148815155,0.01720878668129444,0.017106639221310616,0.0171099454164505,39732
2026-02-02 06:15:00+00:00,0.01704229973256588,0.017205797135829926,0.01704229973256588,0.017168473452329636,0
2026-02-02 06:30:00+00:00,0.017281750217080116,0.017281750217080116,0.016975171864032745,0.01708277128636837,313504
2026-02-02 06:45:00+00:00,0.01752372831106186,0.01761760003864765,0.017216647043824196,0.017216647043824196,288318
2026-02-02 07:00:00+00:00,0.017645874992012978,0.017663510516285896,0.01751987636089325,0.01751987636089325,19006
2026-02-02 07:15:00+00:00,0.017485881224274635,0.017630841583013535,0.017485881224274635,0.017630841583013535,29602
2026-02-02 07:30:00+00:00,0.017491085454821587,0.017514653503894806,0.017470987513661385,0.01748659275472164,50924
2026-02-02 07:45:00+00:00,0.017586512491106987,0.017621953040361404,0.017487065866589546,0.017487065866589546,4116
2026-02-02 08:00:00+00:00,0.017575576901435852,0.01760200411081314,0.017556220293045044,0.01757477968931198,0
2026-02-02 08:15:00+00:00,0.017505712807178497,0.017577238380908966,0.017496775835752487,0.017577238380908966,0
2026-02-02 08:30:00+00:00,0.017538132146000862,0.017574239522218704,0.017509151250123978,0.017509151250123978,2858
2026-02-02 08:45:00+00:00,0.017434537410736084,0.017538467422127724,0.017409678548574448,0.017538467422127724,0
2026-02-02 09:00:00+00:00,0.017232945188879967,0.017419729381799698,0.017226148396730423,0.017419729381799698,0
2026-02-02 09:15:00+00:00,0.017153851687908173,0.01720743253827095,0.017115386202931404,0.01720743253827095,0
2026-02-02 09:30:00+00:00,0.017176495864987373,0.017293361946940422,0.017176495864987373,0.017191806808114052,0
2026-02-02 09:45:00+00:00,0.017239069566130638,0.017308056354522705,0.017183780670166016,0.017183780670166016,0
2026-02-02 10:00:00+00:00,0.017103666439652443,0.01723169907927513,0.017088593915104866,0.01723169907927513,0
2026-02-02 10:15:00+00:00,0.016984092071652412,0.017107469961047173,0.016977721825242043,0.017098896205425262,0
2026-02-02 10:30:00+00:00,0.016926361247897148,0.017058968544006348,0.016925286501646042,0.016975905746221542,42072
2026-02-02 10:45:00+00:00,0.016933554783463478,0.01694256067276001,0.016913576051592827,0.016919447109103203,0
2026-02-02 11:00:00+00:00,0.016802886500954628,0.01694469526410103,0.016794322058558464,0.016933469101786613,0
2026-02-02 11:15:00+00:00,0.016774984076619148,0.01680925115942955,0.01675255037844181,0.016807502135634422,30500
2026-02-02 11:30:00+00:00,0.016786674037575722,0.01687570847570896,0.01677362248301506,0.01677362248301506,151998
2026-02-02 11:45:00+00:00,0.016747014597058296,0.016831593587994576,0.016747014597058296,0.016796760261058807,6752
2026-02-02 12:00:00+00:00,0.016665413975715637,0.016747815534472466,0.016642488539218903,0.016747118905186653,0
2026-02-02 12:15:00+00:00,0.016462597995996475,0.01666131243109703,0.016462597995996475,0.016649840399622917,171024
2026-02-02 12:30:00+00:00,0.016385339200496674,0.016469301655888557,0.0163168553262949,0.016469301655888557,277282
2026-02-02 12:45:00+00:00,0.01647341251373291,0.016474002972245216,0.01640072651207447,0.01640072651207447,127824
2026-02-02 13:00:00+00:00,0.01632118783891201,0.016451295465230942,0.016320636495947838,0.016451295465230942,9422
2026-02-02 13:15:00+00:00,0.016422314569354057,0.016450345516204834,0.016286231577396393,0.01632649451494217,6494
2026-02-02 13:30:00+00:00,0.016399327665567398,0.016440264880657196,0.016385231167078018,0.016440264880657196,4418
2026-02-02 13:45:00+00:00,0.01647084951400757,0.016508759930729866,0.016388440504670143,0.016398312523961067,52108
2026-02-02 14:00:00+00:00,0.01625494658946991,0.016467131674289703,0.01625494658946991,0.016467131674289703,91676
2026-02-02 14:15:00+00:00,0.016411801800131798,0.016434183344244957,0.016143931075930595,0.01618344336748123,264906
2026-02-02 14:30:00+00:00,0.01675201579928398,0.01676156185567379,0.0164217296987772,0.0164217296987772,81752
2026-02-02 14:45:00+00:00,0.016641901805996895,0.016764486208558083,0.016622819006443024,0.016764486208558083,7086
2026-02-02 15:00:00+00:00,0.016509896144270897,0.01664932444691658,0.016487400978803635,0.016637401655316353,56002
2026-02-02 15:15:00+00:00,0.016852445900440216,0.016852445900440216,0.016513483598828316,0.016517456620931625,424710
2026-02-02 15:30:00+00:00,0.017318498343229294,0.017501838505268097,0.01694904826581478,0.01694904826581478,282142
2026-02-02 15:45:00+00:00,0.017311306670308113,0.01759267784655094,0.017294373363256454,0.017363540828227997,710128
2026-02-02 16:00:00+00:00,0.017472241073846817,0.017523575574159622,0.017302710562944412,0.017302710562944412,0
2026-02-02 16:15:00+00:00,0.01745585724711418,0.01766868494451046,0.01744229719042778,0.017504358664155006,402960
2026-02-02 16:30:00+00:00,0.017071042209863663,0.017458902671933174,0.017071042209863663,0.017458902671933174,172276
2026-02-02 16:45:00+00:00,0.01710633374750614,0.01710696890950203,0.01695222780108452,0.017045706510543823,142976
2026-02-02 17:00:00+00:00,0.01735241338610649,0.01738554984331131,0.017107516527175903,0.017107516527175903,133712
2026-02-02 17:15:00+00:00,0.01728356070816517,0.01739143393933773,0.01728356070816517,0.017366982996463776,0
2026-02-02 17:30:00+00:00,0.017051002010703087,0.017226334661245346,0.017051002010703087,0.017226334661245346,79484
2026-02-02 17:45:00+00:00,0.016866223886609077,0.017067009583115578,0.016862919554114342,0.01705985888838768,0
2026-02-02 18:00:00+00:00,0.016944753006100655,0.016990888863801956,0.016878562048077583,0.016878562048077583,15798
2026-02-02 18:15:00+00:00,0.01687232032418251,0.016949091106653214,0.01687232032418251,0.016945406794548035,0
2026-02-02 18:30:00+00:00,0.016971629112958908,0.01699221506714821,0.016869816929101944,0.01687886193394661,23408
2026-02-02 18:45:00+00:00,0.016947047784924507,0.016962260007858276,0.0169342253357172,0.016962260007858276,0
2026-02-02 19:00:00+00:00,0.016934160143136978,0.016953295096755028,0.01687755435705185,0.01695210300385952,66874
2026-02-02 19:15:00+00:00,0.016907406970858574,0.016927536576986313,0.01689119078218937,0.016927536576986313,0
2026-02-02 19:30:00+00:00,0.01689194329082966,0.016907939687371254,0.016870470717549324,0.016907939687371254,8804
2026-02-02 19:45:00+00:00,0.01704205945134163,0.01704799383878708,0.01689145155251026,0.01689145155251026,27384
2026-02-02 20:00:00+00:00,0.017075849696993828,0.017086250707507133,0.016992153599858284,0.017033563926815987,0
2026-02-02 20:15:00+00:00,0.017075717449188232,0.017149630934000015,0.017070215195417404,0.017106708139181137,31622
2026-02-02 20:30:00+00:00,0.01684507541358471,0.017070861533284187,0.016841039061546326,0.017070861533284187,52288
2026-02-02 20:45:00+00:00,0.016652259975671768,0.016837604343891144,0.01664806716144085,0.016837604343891144,240540
2026-02-02 21:00:00+00:00,0.01666688546538353,0.016757220029830933,0.016651291400194168,0.016651291400194168,0
2026-02-02 21:15:00+00:00,0.016517138108611107,0.016653424128890038,0.016494309529662132,0.016653424128890038,10984
2026-02-02 21:30:00+00:00,0.016610806807875633,0.01661728322505951,0.01651168428361416,0.016516854986548424,27446
2026-02-02 21:45:00+00:00,0.016711825504899025,0.016713811084628105,0.01660146564245224,0.016604511067271233,24352
2026-02-02 22:00:00+00:00,0.016954336315393448,0.016965776681900024,0.01671207882463932,0.01671207882463932,211730
2026-02-02 22:15:00+00:00,0.01702873595058918,0.01705671101808548,0.016868846490979195,0.016933800652623177,51738
2026-02-02 22:30:00+00:00,0.017019663006067276,0.017043113708496094,0.017015548422932625,0.017033645883202553,0
2026-02-02 22:45:00+00:00,0.01722087897360325,0.01722087897360325,0.01701897382736206,0.01701897382736206,63858
2026-02-02 23:00:00+00:00,0.017034025862812996,0.017266876995563507,0.017034025862812996,0.017266876995563507,0
2026-02-02 23:15:00+00:00,0.016924092546105385,0.017033595591783524,0.016924092546105385,0.017033595591783524,0
2026-02-02 23:30:00+00:00,0.01684866100549698,0.016925368458032608,0.01684608869254589,0.016925368458032608,0
2026-02-02 23:45:00+00:00,0.01684817671775818,0.016868147999048233,0.01684562861919403,0.01685299165546894,0
2026-02-03 00:00:00+00:00,0.01672941818833351,0.01684737391769886,0.016721775755286217,0.016842961311340332,0
2026-02-03 00:15:00+00:00,0.0168038047850132,0.016818556934595108,0.0167415551841259,0.0167415551841259,0
2026-02-03 00:30:00+00:00,0.01675928570330143,0.01680937223136425,0.01675928570330143,0.01680205948650837,5024
2026-02-03 00:45:00+00:00,0.01661386340856552,0.01676422543823719,0.016597164794802666,0.01676422543823719,0
2026-02-03 01:00:00+00:00,0.016705255955457687,0.01674003154039383,0.016627497971057892,0.016627497971057892,0
2026-02-03 01:15:00+00:00,0.016672413796186447,0.016715524718165398,0.01663714461028576,0.01671491377055645,0
2026-02-03 01:30:00+00:00,0.016659772023558617,0.01671534776687622,0.016654295846819878,0.01666860096156597,12180
2026-02-03 01:45:00+00:00,0.016705317422747612,0.016706809401512146,0.016638468950986862,0.016655633226037025,3628
2026-02-03 02:00:00+00:00,0.01659553498029709,0.016704408451914787,0.01659553498029709,0.016704408451914787,0
2026-02-03 02:15:00+00:00,0.01651756837964058,0.01660127565264702,0.01651756837964058,0.01657911017537117,15800
2026-02-03 02:30:00+00:00,0.01628108136355877,0.016516171395778656,0.016260340809822083,0.016516171395778656,39128
2026-02-03 02:45:00+00:00,0.01608957350254059,0.0162773746997118,0.01608957350254059,0.0162773746997118,100012
2026-02-03 03:00:00+00:00,0.015940843150019646,0.01601162739098072,0.01587231457233429,0.01601162739098072,251338
2026-02-03 03:15:00+00:00,0.016096023842692375,0.016096023842692375,0.015941176563501358,0.015941176563501358,15188
2026-02-03 03:30:00+00:00,0.016500599682331085,0.016500599682331085,0.01609705574810505,0.01609705574810505,0
2026-02-03 03:45:00+00:00,0.016434622928500175,0.01654765009880066,0.016421770676970482,0.016509996727108955,0
2026-02-03 04:00:00+00:00,0.01641652174293995,0.01641652174293995,0.016355732455849648,0.016414962708950043,2696
2026-02-03 04:15:00+00:00,0.016341309994459152,0.016449378803372383,0.016341309994459152,0.01641104556620121,0
2026-02-03 04:30:00+00:00,0.016352659091353416,0.016352659091353416,0.016263620927929878,0.016318684443831444,4044
2026-02-03 04:45:00+00:00,0.016492469236254692,0.016585970297455788,0.016398126259446144,0.016398126259446144,107680
2026-02-03 05:00:00+00:00,0.01638384349644184,0.01650620996952057,0.016370417550206184,0.01650620996952057,0
2026-02-03 05:15:00+00:00,0.016311639919877052,0.016384178772568703,0.016311639919877052,0.016384178772568703,0
2026-02-03 05:30:00+00:00,0.016147026792168617,0.016308199614286423,0.016145583242177963,0.016308199614286423,45718
2026-02-03 05:45:00+00:00,0.016093038022518158,0.016186349093914032,0.016093038022518158,0.01614321395754814,116294
2026-02-03 06:00:00+00:00,0.01605002023279667,0.016114134341478348,0.015997769311070442,0.01609683595597744,68714
2026-02-03 06:15:00+00:00,0.016225678846240044,0.016225678846240044,0.016029294580221176,0.016044845804572105,23310
2026-02-03 06:30:00+00:00,0.016320882365107536,0.016327086836099625,0.016239317134022713,0.01624259352684021,0
2026-02-03 06:45:00+00:00,0.016317181289196014,0.016331743448972702,0.016233356669545174,0.016293952241539955,0
2026-02-03 07:00:00+00:00,0.01626620627939701,0.016296744346618652,0.016136085614562035,0.016296744346618652,42970
2026-02-03 07:15:00+00:00,0.016313502565026283,0.016321036964654922,0.016255786642432213,0.016260769218206406,42054
2026-02-03 07:30:00+00:00,0.017011143267154694,0.017011143267154694,0.016298623755574226,0.01631700061261654,771878
2026-02-03 07:45:00+00:00,0.017092255875468254,0.01713508553802967,0.01703622192144394,0.01713508553802967,602746
2026-02-03 08:00:00+00:00,0.017469940707087517,0.017469940707087517,0.017077401280403137,0.017077401280403137,712404
2026-02-03 08:15:00+00:00,0.017664287239313126,0.01773056574165821,0.017447631806135178,0.017447631806135178,1079868
2026-02-03 08:30:00+00:00,0.017868515104055405,0.017868515104055405,0.017544638365507126,0.017563752830028534,1100306
2026-02-03 08:45:00+00:00,0.01782802678644657,0.01790626533329487,0.017766568809747696,0.01783076301217079,878518
2026-02-03 09:00:00+00:00,0.017923478037118912,0.01799928769469261,0.01781982183456421,0.01781982183456421,280762
2026-02-03 09:15:00+00:00,0.017535917460918427,0.017858097329735756,0.017526602372527122,0.017858097329735756,371136
2026-02-03 09:30:00+00:00,0.017681574448943138,0.017681574448943138,0.017532706260681152,0.017532706260681152,143690
2026-02-03 09:45:00+00:00,0.017746761441230774,0.017774013802409172,0.01769203133881092,0.01769203133881092,0
2026-02-03 10:00:00+00:00,0.01760871149599552,0.017771175131201744,0.01760871149599552,0.01774376630783081,147866
2026-02-03 10:15:00+00:00,0.01785571500658989,0.017856871709227562,0.017605628818273544,0.017614057287573814,364460
2026-02-03 10:30:00+00:00,0.017911545932292938,0.017924468964338303,0.01776927337050438,0.017867974936962128,497300
2026-02-03 10:45:00+00:00,0.017759840935468674,0.017929166555404663,0.0177497286349535,0.017929166555404663,34684
2026-02-03 11:00:00+00:00,0.017729995772242546,0.0179530568420887,0.017729995772242546,0.017770297825336456,24288
2026-02-03 11:15:00+00:00,0.017621180042624474,0.01776532456278801,0.01760914735496044,0.017736906185746193,442320
2026-02-03 11:30:00+00:00,0.01771003007888794,0.01771003007888794,0.01749134063720703,0.01761379837989807,226160
2026-02-03 11:45:00+00:00,0.017672071233391762,0.017825549468398094,0.017672071233391762,0.017705829814076424,151808
2026-02-03 12:00:00+00:00,0.01786496303975582,0.01786496303975582,0.01763644814491272,0.017671827226877213,93988
2026-02-03 12:15:00+00:00,0.01802021637558937,0.01802021637558937,0.01784869097173214,0.01784869097173214,266438
2026-02-03 12:30:00+00:00,0.017841963097453117,0.018081756308674812,0.017837848514318466,0.01801867038011551,238696
2026-02-03 12:45:00+00:00,0.01777048595249653,0.017850501462817192,0.01777048595249653,0.017835650593042374,0
2026-02-03 13:00:00+00:00,0.01768643409013748,0.017749333754181862,0.017587684094905853,0.017749333754181862,40404
2026-02-03 13:15:00+00:00,0.01795031689107418,0.01795031689107418,0.01771661266684532,0.01771661266684532,90570
2026-02-03 13:30:00+00:00,0.0180802159011364,0.018107395619153976,0.01794828660786152,0.01794828660786152,632462
2026-02-03 13:45:00+00:00,0.01798837259411812,0.018106510862708092,0.017955485731363297,0.018106510862708092,117028
2026-02-03 14:00:00+00:00,0.017831865698099136,0.01798049546778202,0.017820918932557106,0.01798049546778202,7234
2026-02-03 14:15:00+00:00,0.017826730385422707,0.017826730385422707,0.017696354538202286,0.017789026722311974,99752
2026-02-03 14:30:00+00:00,0.017548851668834686,0.017789386212825775,0.017548851668834686,0.017789386212825775,53096
2026-02-03 14:45:00+00:00,0.017380883917212486,0.017556678503751755,0.01737005077302456,0.017547661438584328,212818
2026-02-03 15:00:00+00:00,0.01723574288189411,0.017366455867886543,0.01723574288189411,0.017361260950565338,188226
2026-02-03 15:15:00+00:00,0.017402803525328636,0.017421577125787735,0.017100093886256218,0.01720903441309929,229250
2026-02-03 15:30:00+00:00,0.017302947118878365,0.01744888536632061,0.017302947118878365,0.017390988767147064,0
2026-02-03 15:45:00+00:00,0.017381247133016586,0.01747075468301773,0.017271339893341064,0.017304016277194023,0
2026-02-03 16:00:00+00:00,0.017116716131567955,0.017380833625793457,0.017116716131567955,0.017378954216837883,7930
2026-02-03 16:15:00+00:00,0.016931725665926933,0.01710382103919983,0.016866881400346756,0.01710382103919983,35866
2026-02-03 16:30:00+00:00,0.01683058775961399,0.016924463212490082,0.01683058775961399,0.016923444345593452,0
2026-02-03 16:45:00+00:00,0.016801510006189346,0.016862211748957634,0.016794392839074135,0.01683325506746769,2704
2026-02-03 17:00:00+00:00,0.016554590314626694,0.016793979331851006,0.016554590314626694,0.016793979331851006,476310
2026-02-03 17:15:00+00:00,0.016542837023735046,0.016779610887169838,0.016542837023735046,0.01656164787709713,1289244
2026-02-03 17:30:00+00:00,0.01636231690645218,0.016557183116674423,0.016359740868210793,0.016557183116674423,175408
2026-02-03 17:45:00+00:00,0.01638656109571457,0.016414541751146317,0.01636376976966858,0.01636376976966858,28530
2026-02-03 18:00:00+00:00,0.01630748063325882,0.016363393515348434,0.01628982461988926,0.016363393515348434,27522
2026-02-03 18:15:00+00:00,0.016181625425815582,0.016284018754959106,0.016144393011927605,0.016284018754959106,594642
2026-02-03 18:30:00+00:00,0.016293246299028397,0.016351284459233284,0.01617932878434658,0.01617932878434658,574124
2026-02-03 18:45:00+00:00,0.01629246585071087,0.01645423285663128,0.01628563180565834,0.016309047117829323,811886
2026-02-03 19:00:00+00:00,0.016619890928268433,0.016619890928268433,0.01627054065465927,0.016293473541736603,414368
2026-02-03 19:15:00+00:00,0.01685766875743866,0.017010170966386795,0.016655029729008675,0.016655029729008675,803248
2026-02-03 19:30:00+00:00,0.017092980444431305,0.017103658989071846,0.016864215955138206,0.016867807134985924,335942
2026-02-03 19:45:00+00:00,0.01685335673391819,0.017094546929001808,0.01685335673391819,0.017094546929001808,133436
2026-02-03 20:00:00+00:00,0.016683707013726234,0.016862653195858,0.01666724495589733,0.016856258735060692,57124
2026-02-03 20:15:00+00:00,0.016894258558750153,0.0168989896774292,0.01667199097573757,0.016677120700478554,263112
2026-02-03 20:30:00+00:00,0.017193462699651718,0.017217572778463364,0.016894245520234108,0.016894245520234108,345740
2026-02-03 20:45:00+00:00,0.01718723028898239,0.017199130728840828,0.017150932922959328,0.017183620482683182,0
2026-02-03 21:00:00+00:00,0.017256371676921844,0.01732071489095688,0.017197396606206894,0.017197396606206894,97472
2026-02-03 21:15:00+00:00,0.016988227143883705,0.01725859008729458,0.016988227143883705,0.01725859008729458,65760
2026-02-03 21:30:00+00:00,0.016791392117738724,0.016988063231110573,0.016789168119430542,0.016988063231110573,78460
2026-02-03 21:45:00+00:00,0.016741203144192696,0.016810348257422447,0.016741203144192696,0.016791963949799538,30560
2026-02-03 22:00:00+00:00,0.016659803688526154,0.01674054004251957,0.016606371849775314,0.01674054004251957,0
2026-02-03 22:15:00+00:00,0.01666894741356373,0.01666894741356373,0.01656009629368782,0.01664869673550129,115712
2026-02-03 22:30:00+00:00,0.01666441187262535,0.016699397936463356,0.016623834148049355,0.016669725999236107,29140
2026-02-03 22:45:00+00:00,0.016427762806415558,0.01665475405752659,0.016427762806415558,0.01665475405752659,6848
2026-02-03 23:00:00+00:00,0.01635136641561985,0.01642557606101036,0.016334950923919678,0.01642557606101036,28924
2026-02-03 23:15:00+00:00,0.01635124534368515,0.016375670209527016,0.01634015329182148,0.016352491453289986,4532
2026-02-03 23:30:00+00:00,0.016333872452378273,0.016353534534573555,0.016323955729603767,0.01634392887353897,7460
2026-02-03 23:45:00+00:00,0.016250263899564743,0.016348568722605705,0.016239726915955544,0.016336463391780853,75452
2026-02-04 00:00:00+00:00,0.016240021213889122,0.016338571906089783,0.016220999881625175,0.016338571906089783,56240
2026-02-04 00:15:00+00:00,0.016317615285515785,0.016317615285515785,0.01619558036327362,0.01621313765645027,147400
2026-02-04 00:30:00+00:00,0.016566170379519463,0.016581527888774872,0.016325073316693306,0.016325073316693306,145680
2026-02-04 00:45:00+00:00,0.016494721174240112,0.01661103405058384,0.016494721174240112,0.016570698469877243,9764
2026-02-04 01:00:00+00:00,0.01675373874604702,0.016754504293203354,0.016474716365337372,0.016494382172822952,141076
2026-02-04 01:15:00+00:00,0.016723619773983955,0.016757484525442123,0.01670471765100956,0.016755009070038795,50408
2026-02-04 01:30:00+00:00,0.016773646697402,0.016792962327599525,0.016712268814444542,0.01672203652560711,51928
2026-02-04 01:45:00+00:00,0.01671629585325718,0.016773441806435585,0.016712965443730354,0.016773441806435585,11796
2026-02-04 02:00:00+00:00,0.016587192192673683,0.016720429062843323,0.016587192192673683,0.016720429062843323,9144
2026-02-04 02:15:00+00:00,0.016523949801921844,0.016606127843260765,0.016523949801921844,0.016588082537055016,67608
2026-02-04 02:30:00+00:00,0.016271740198135376,0.01652098260819912,0.01626911200582981,0.01652098260819912,48300
2026-02-04 02:45:00+00:00,0.016243694350123405,0.01632862538099289,0.01621858961880207,0.016279201954603195,7336
2026-02-04 03:00:00+00:00,0.016368217766284943,0.016368217766284943,0.016163723543286324,0.016241999343037605,0
2026-02-04 03:15:00+00:00,0.016264107078313828,0.016365859657526016,0.01626347191631794,0.01635826751589775,0
2026-02-04 03:30:00+00:00,0.01645183004438877,0.016467053443193436,0.016246791929006577,0.01626610942184925,14520
2026-02-04 03:45:00+00:00,0.01643075793981552,0.016446752473711967,0.01640733703970909,0.016446752473711967,0
2026-02-04 04:00:00+00:00,0.01643059030175209,0.01643059030175209,0.016389772295951843,0.016427647322416306,29244
2026-02-04 04:15:00+00:00,0.01649187132716179,0.01656748354434967,0.016430508345365524,0.016430508345365524,129118
2026-02-04 04:30:00+00:00,0.016453508287668228,0.01648564077913761,0.016430286690592766,0.01648564077913761,12374
2026-02-04 04:45:00+00:00,0.01645391806960106,0.01646193489432335,0.016447320580482483,0.01645137555897236,98
2026-02-04 05:00:00+00:00,0.016495538875460625,0.016495538875460625,0.016441216692328453,0.016453782096505165,21112
2026-02-04 05:15:00+00:00,0.016649404540657997,0.016649479046463966,0.016464892774820328,0.016490759328007698,212482
2026-02-04 05:30:00+00:00,0.016624605283141136,0.016626207157969475,0.016531353816390038,0.016626207157969475,93156
2026-02-04 05:45:00+00:00,0.01643095351755619,0.016683410853147507,0.016424966976046562,0.016623105853796005,21102
2026-02-04 06:00:00+00:00,0.016570549458265305,0.016570549458265305,0.016436414793133736,0.016436414793133736,95204
2026-02-04 06:15:00+00:00,0.016658717766404152,0.016706248745322227,0.016589559614658356,0.016589559614658356,158060
2026-02-04 06:30:00+00:00,0.016761023551225662,0.016764745116233826,0.016621118411421776,0.016656432300806046,79500
2026-02-04 06:45:00+00:00,0.016862519085407257,0.016862519085407257,0.016748584806919098,0.01677183248102665,93184
2026-02-04 07:00:00+00:00,0.016730261966586113,0.01686079613864422,0.01672578603029251,0.01686079613864422,4144
2026-02-04 07:15:00+00:00,0.016689306125044823,0.016770951449871063,0.016660654917359352,0.016766676679253578,0
2026-02-04 07:30:00+00:00,0.016857828944921494,0.016857828944921494,0.0167139433324337,0.0167139433324337,0
2026-02-04 07:45:00+00:00,0.01677013374865055,0.016849512234330177,0.01675177551805973,0.016849512234330177,0
2026-02-04 08:00:00+00:00,0.016871029511094093,0.016871029511094093,0.016766566783189774,0.016766566783189774,0
2026-02-04 08:15:00+00:00,0.016782691702246666,0.016921039670705795,0.016777684912085533,0.016892731189727783,0
2026-02-04 08:30:00+00:00,0.01685415580868721,0.01685415580868721,0.01677108369767666,0.016790762543678284,0
2026-02-04 08:45:00+00:00,0.016768019646406174,0.016849897801876068,0.016762247309088707,0.016849897801876068,0
2026-02-04 09:00:00+00:00,0.01695120707154274,0.01695120707154274,0.01678117923438549,0.01678117923438549,0
2026-02-04 09:15:00+00:00,0.016882887110114098,0.016958804801106453,0.016882887110114098,0.016946714371442795,0
2026-02-04 09:30:00+00:00,0.016723893582820892,0.01688622310757637,0.016695724800229073,0.016886087134480476,0
2026-02-04 09:45:00+00:00,0.016667695716023445,0.016725122928619385,0.01666511781513691,0.016723860055208206,0
2026-02-04 10:00:00+00:00,0.016636164858937263,0.016690008342266083,0.016614342108368874,0.016689075157046318,0
2026-02-04 10:15:00+00:00,0.01664612628519535,0.01668453961610794,0.016644425690174103,0.01664556935429573,0
2026-02-04 10:30:00+00:00,0.016752349212765694,0.016764119267463684,0.0166401918977499,0.0166401918977499,0
2026-02-04 10:45:00+00:00,0.01669416017830372,0.0167509987950325,0.016693808138370514,0.016739066690206528,0
2026-02-04 11:00:00+00:00,0.01642129011452198,0.01669326424598694,0.01642129011452198,0.01669326424598694,27246
2026-02-04 11:15:00+00:00,0.016476396471261978,0.016476396471261978,0.016383225098252296,0.016412997618317604,1712
2026-02-04 11:30:00+00:00,0.016535330563783646,0.016584765166044235,0.0164738018065691,0.0164738018065691,25254
2026-02-04 11:45:00+00:00,0.01643136329948902,0.016537263989448547,0.016430392861366272,0.016537263989448547,0
2026-02-04 12:00:00+00:00,0.016441598534584045,0.016441598534584045,0.016415121033787727,0.016434160992503166,0
2026-02-04 12:15:00+00:00,0.016425786539912224,0.016476312652230263,0.016419947147369385,0.01643984019756317,0
2026-02-04 12:30:00+00:00,0.016505630686879158,0.016507254913449287,0.01636122167110443,0.01641318015754223,0
2026-02-04 12:45:00+00:00,0.01655934751033783,0.01656040921807289,0.016474977135658264,0.01650487445294857,0
2026-02-04 13:00:00+00:00,0.016504129394888878,0.01656903140246868,0.016494281589984894,0.016561808064579964,0
2026-02-04 13:15:00+00:00,0.016380127519369125,0.016507189720869064,0.016377924010157585,0.016507189720869064,0
2026-02-04 13:30:00+00:00,0.016262494027614594,0.016381416469812393,0.016262494027614594,0.016379958018660545,0
2026-02-04 13:45:00+00:00,0.01613352634012699,0.016264671459794044,0.01613352634012699,0.016264671459794044,25598
2026-02-04 14:00:00+00:00,0.016091177240014076,0.016131840646266937,0.016020769253373146,0.016131840646266937,66778
2026-02-04 14:15:00+00:00,0.016080737113952637,0.016099240630865097,0.01607394963502884,0.016092736274003983,0
2026-02-04 14:30:00+00:00,0.016207696869969368,0.016207696869969368,0.015989404171705246,0.01607993058860302,196030
2026-02-04 14:45:00+00:00,0.016359573230147362,0.016359573230147362,0.016217045485973358,0.016217825934290886,110726
2026-02-04 15:00:00+00:00,0.016452744603157043,0.01647242344915867,0.01628381945192814,0.016320044174790382,19534
2026-02-04 15:15:00+00:00,0.016189515590667725,0.01645066775381565,0.016189515590667725,0.01645066775381565,0
2026-02-04 15:30:00+00:00,0.016062850132584572,0.01620067097246647,0.016030412167310715,0.01620067097246647,73536
2026-02-04 15:45:00+00:00,0.015992864966392517,0.016112644225358963,0.01598716527223587,0.016080813482403755,157126
2026-02-04 16:00:00+00:00,0.015949659049510956,0.015983793884515762,0.015879368409514427,0.015983793884515762,88580
2026-02-04 16:15:00+00:00,0.015857065096497536,0.01593756675720215,0.015703165903687477,0.01593756675720215,142290
2026-02-04 16:30:00+00:00,0.015726283192634583,0.015917889773845673,0.01572449877858162,0.01588045246899128,19972
2026-02-04 16:45:00+00:00,0.015819786116480827,0.015829885378479958,0.015688467770814896,0.015727080404758453,70860
2026-02-04 17:00:00+00:00,0.015646010637283325,0.015812398865818977,0.015576725825667381,0.015812398865818977,0
2026-02-04 17:15:00+00:00,0.01563248410820961,0.015748465433716774,0.015616134740412235,0.015650322660803795,0
2026-02-04 17:30:00+00:00,0.01585189253091812,0.01585189253091812,0.01563476398587227,0.01563476398587227,28258
2026-02-04 17:45:00+00:00,0.01583128049969673,0.01590309850871563,0.01577061042189598,0.015863196924328804,23202
2026-02-04 18:00:00+00:00,0.01570902206003666,0.01586158201098442,0.015679895877838135,0.015828311443328857,48102
2026-02-04 18:15:00+00:00,0.01564871147274971,0.015707867220044136,0.01558843906968832,0.015707867220044136,0
2026-02-04 18:30:00+00:00,0.015958743169903755,0.015958743169903755,0.015718385577201843,0.015718385577201843,15818
2026-02-04 18:45:00+00:00,0.015756571665406227,0.01595229282975197,0.015756571665406227,0.015948446467518806,0
2026-02-04 19:00:00+00:00,0.015687381848692894,0.015763437375426292,0.015684213489294052,0.015690259635448456,0
2026-02-04 19:15:00+00:00,0.015658777207136154,0.015728246420621872,0.015638040378689766,0.015689894556999207,0
2026-02-04 19:30:00+00:00,0.015925925225019455,0.015925925225019455,0.015665065497159958,0.015665065497159958,62918
2026-02-04 19:45:00+00:00,0.016112009063363075,0.016112009063363075,0.015916746109724045,0.015916746109724045,41664
2026-02-04 20:00:00+00:00,0.016105499118566513,0.016175920143723488,0.016105499118566513,0.01612895168364048,11718
2026-02-04 20:15:00+00:00,0.01613563299179077,0.016217583790421486,0.016104184091091156,0.016104184091091156,86270
2026-02-04 20:30:00+00:00,0.015967439860105515,0.016117211431264877,0.015967439860105515,0.016117211431264877,0
2026-02-04 20:45:00+00:00,0.015921911224722862,0.01595889776945114,0.015910310670733452,0.01595889776945114,21940
2026-02-04 21:00:00+00:00,0.015812251716852188,0.015942219644784927,0.015794582664966583,0.015919964760541916,21304
2026-02-04 21:15:00+00:00,0.015690380707383156,0.0158242154866457,0.01568392850458622,0.01581598073244095,0
2026-02-04 21:30:00+00:00,0.01573294587433338,0.015741659328341484,0.015702808275818825,0.01571214757859707,0
2026-02-04 21:45:00+00:00,0.015615719370543957,0.015709931030869484,0.015597601421177387,0.015709931030869484,22194
2026-02-04 22:00:00+00:00,0.015413662418723106,0.015632309019565582,0.015404804609715939,0.015620552934706211,120938
2026-02-04 22:15:00+00:00,0.01573021709918976,0.015736140310764313,0.015422062948346138,0.015422062948346138,53108
2026-02-04 22:30:00+00:00,0.015467015095055103,0.015752537176012993,0.015467015095055103,0.01573190651834011,111288
2026-02-04 22:45:00+00:00,0.015369882807135582,0.015452537685632706,0.01536579430103302,0.015449422411620617,61442
2026-02-04 23:00:00+00:00,0.015307553112506866,0.015365769155323505,0.015271734446287155,0.015365769155323505,23694
2026-02-04 23:15:00+00:00,0.015439263544976711,0.015465037897229195,0.015307019464671612,0.015307019464671612,248414
2026-02-04 23:30:00+00:00,0.015403155237436295,0.015445413999259472,0.015398665331304073,0.015434568747878075,116394
2026-02-04 23:45:00+00:00,0.015260758809745312,0.015395202673971653,0.015260758809745312,0.015395202673971653,12316
2026-02-05 00:00:00+00:00,0.01502331905066967,0.015261231921613216,0.01500592939555645,0.01525648683309555,548136
2026-02-05 00:15:00+00:00,0.015061342157423496,0.01508200354874134,0.014978747814893723,0.015021894127130508,36918
2026-02-05 00:30:00+00:00,0.014972197823226452,0.015066403895616531,0.014953093603253365,0.015066403895616531,36052
2026-02-05 00:45:00+00:00,0.014976014383137226,0.015004699118435383,0.014963665045797825,0.014977794140577316,29510
2026-02-05 01:00:00+00:00,0.015208880417048931,0.015208880417048931,0.01497271005064249,0.01497271005064249,149186
2026-02-05 01:15:00+00:00,0.015142119489610195,0.01521354354918003,0.015058936551213264,0.01521354354918003,252228
2026-02-05 01:30:00+00:00,0.015350580215454102,0.015449647791683674,0.015271633863449097,0.015271633863449097,399812
2026-02-05 01:45:00+00:00,0.015350603498518467,0.015407673083245754,0.015336168929934502,0.015355965122580528,70364
2026-02-05 02:00:00+00:00,0.01520051620900631,0.01533952821046114,0.015197758562862873,0.01533952821046114,0
2026-02-05 02:15:00+00:00,0.01523137092590332,0.015260722488164902,0.015157921239733696,0.015211149118840694,111182
2026-02-05 02:30:00+00:00,0.01524218637496233,0.015275897458195686,0.015230034478008747,0.015234223566949368,62184
2026-02-05 02:45:00+00:00,0.015181315131485462,0.015235689468681812,0.015149065293371677,0.015235689468681812,14830
2026-02-05 03:00:00+00:00,0.01511965598911047,0.015170065686106682,0.015098189003765583,0.015170065686106682,11588
2026-02-05 03:15:00+00:00,0.015146530233323574,0.015146530233323574,0.015053589828312397,0.015118288807570934,90284
2026-02-05 03:30:00+00:00,0.014997810125350952,0.015145809389650822,0.014973903074860573,0.015145809389650822,116724
2026-02-05 03:45:00+00:00,0.014956704340875149,0.01499035581946373,0.014956704340875149,0.01498389896005392,21008
2026-02-05 04:00:00+00:00,0.014997627586126328,0.015002676285803318,0.0149491922929883,0.014962206594645977,60620
2026-02-05 04:15:00+00:00,0.01488771103322506,0.014969924464821815,0.01485517993569374,0.014969924464821815,191056
2026-02-05 04:30:00+00:00,0.014933099038898945,0.014934930019080639,0.01482121180742979,0.014886146411299706,101818
2026-02-05 04:45:00+00:00,0.014837795868515968,0.014925509691238403,0.0148333590477705,0.014925509691238403,4148
2026-02-05 05:00:00+00:00,0.014907259494066238,0.014907259494066238,0.014842464588582516,0.014842464588582516,16584
2026-02-05 05:15:00+00:00,0.014913056045770645,0.015037279576063156,0.014885486103594303,0.014945896342396736,66120
2026-02-05 05:30:00+00:00,0.015105157159268856,0.015106027014553547,0.014932946301996708,0.014932946301996708,42148
2026-02-05 05:45:00+00:00,0.014889695681631565,0.015112673863768578,0.014880473725497723,0.015112673863768578,0
2026-02-05 06:00:00+00:00,0.014744899235665798,0.014878806658089161,0.014743950217962265,0.014878806658089161,41698
2026-02-05 06:15:00+00:00,0.014672976918518543,0.01474800519645214,0.014666777104139328,0.014735392294824123,83542
2026-02-05 06:30:00+00:00,0.014653786085546017,0.014695205725729465,0.014633068814873695,0.014675796963274479,261596
2026-02-05 06:45:00+00:00,0.014674347825348377,0.014674347825348377,0.014592025429010391,0.014647822827100754,155492
2026-02-05 07:00:00+00:00,0.015025857836008072,0.015040690079331398,0.014671548269689083,0.014674150384962559,394002
2026-02-05 07:15:00+00:00,0.01496326643973589,0.015017544850707054,0.014924752525985241,0.015017544850707054,61950
2026-02-05 07:30:00+00:00,0.014889296144247055,0.014958304353058338,0.014886701479554176,0.014958304353058338,52718
2026-02-05 07:45:00+00:00,0.015131713822484016,0.015145834535360336,0.014891794882714748,0.014891794882714748,752940
2026-02-05 08:00:00+00:00,0.01535158883780241,0.01535158883780241,0.015088994987308979,0.015125522390007973,630496
2026-02-05 08:15:00+00:00,0.015579049475491047,0.015581519342958927,0.015345078893005848,0.015345078893005848,561908
2026-02-05 08:30:00+00:00,0.01539112813770771,0.015550650656223297,0.01539112813770771,0.015543373301625252,394358
2026-02-05 08:45:00+00:00,0.015342367812991142,0.015401427634060383,0.015325604937970638,0.015401427634060383,49078
2026-02-05 09:00:00+00:00,0.0153651749715209,0.015442562289536,0.015350072644650936,0.015350072644650936,120132
2026-02-05 09:15:00+00:00,0.015196317806839943,0.01535591296851635,0.015163452364504337,0.01535591296851635,149840
2026-02-05 09:30:00+00:00,0.015207888558506966,0.015242055989801884,0.015176390297710896,0.015201172791421413,163048
2026-02-05 09:45:00+00:00,0.015162247233092785,0.015208885073661804,0.015162247233092785,0.015207963064312935,686
2026-02-05 10:00:00+00:00,0.015063371509313583,0.01516084186732769,0.015047576278448105,0.01516084186732769,20134
2026-02-05 10:15:00+00:00,0.015151120722293854,0.01516783144325018,0.015070021152496338,0.015070021152496338,19042
2026-02-05 10:30:00+00:00,0.015080811455845833,0.015142966993153095,0.015068670734763145,0.015142966993153095,0
2026-02-05 10:45:00+00:00,0.014952504076063633,0.015079555101692677,0.01494775153696537,0.015078609809279442,132402
2026-02-05 11:00:00+00:00,0.014961176551878452,0.015026822686195374,0.014957530423998833,0.014957530423998833,0
2026-02-05 11:15:00+00:00,0.014745238237082958,0.014956965111196041,0.014745238237082958,0.014956965111196041,131800
2026-02-05 11:30:00+00:00,0.014972410164773464,0.014986075460910797,0.014751171693205833,0.014752806164324284,197380
2026-02-05 11:45:00+00:00,0.014806805178523064,0.014963463880121708,0.014801480807363987,0.014963463880121708,7388
2026-02-05 12:00:00+00:00,0.014934484846889973,0.014934484846889973,0.014801728539168835,0.014804407022893429,153218
2026-02-05 12:15:00+00:00,0.015037888661026955,0.015056329779326916,0.014847956597805023,0.014924409799277782,721804
2026-02-05 12:30:00+00:00,0.014971072785556316,0.015028808265924454,0.014970543794333935,0.015028808265924454,18246
2026-02-05 12:45:00+00:00,0.014867878518998623,0.014958770014345646,0.014849468134343624,0.014958770014345646,129334
2026-02-05 13:00:00+00:00,0.01480310782790184,0.014901576563715935,0.01479450985789299,0.01488450076431036,237188
2026-02-05 13:15:00+00:00,0.014635594561696053,0.014794956892728806,0.014632927253842354,0.01479342207312584,203304
2026-02-05 13:30:00+00:00,0.014417679980397224,0.014615924097597599,0.014408969320356846,0.014584781602025032,728938
2026-02-05 13:45:00+00:00,0.014508716762065887,0.014512534253299236,0.01436841581016779,0.014426127076148987,339264
2026-02-05 14:00:00+00:00,0.014559703879058361,0.014640574343502522,0.014489865861833096,0.014489865861833096,11828
2026-02-05 14:15:00+00:00,0.014742616564035416,0.014748917892575264,0.014558851718902588,0.014558851718902588,308680
2026-02-05 14:30:00+00:00,0.014880619011819363,0.014895286411046982,0.014735235832631588,0.014743768610060215,5322
2026-02-05 14:45:00+00:00,0.014711281284689903,0.014894693158566952,0.014711281284689903,0.014880617149174213,0
2026-02-05 15:00:00+00:00,0.014271670952439308,0.014702213928103447,0.014271102845668793,0.01469853799790144,52100
2026-02-05 15:15:00+00:00,0.01439299713820219,0.01443855743855238,0.014266674406826496,0.014266674406826496,336030
2026-02-05 15:30:00+00:00,0.014321209862828255,0.014368477277457714,0.014236046932637691,0.014335832558572292,357568
2026-02-05 15:45:00+00:00,0.014346306212246418,0.014513911679387093,0.014325813390314579,0.014325813390314579,267458
2026-02-05 16:00:00+00:00,0.01409182883799076,0.014336913824081421,0.014079364947974682,0.014336913824081421,24450
2026-02-05 16:15:00+00:00,0.014239448122680187,0.014245681464672089,0.013998203910887241,0.01406099647283554,245448
2026-02-05 16:30:00+00:00,0.014169865287840366,0.014305680058896542,0.014169865287840366,0.01421932503581047,100616
2026-02-05 16:45:00+00:00,0.01411682739853859,0.014208395965397358,0.014055631123483181,0.014149989001452923,117336
2026-02-05 17:00:00+00:00,0.013786975294351578,0.014116748236119747,0.013786975294351578,0.014116748236119747,0
2026-02-05 17:15:00+00:00,0.013916173949837685,0.013921665959060192,0.013622032478451729,0.01379887294024229,259382
2026-02-05 17:30:00+00:00,0.01388851460069418,0.013913551345467567,0.013740255497395992,0.013913551345467567,272044
2026-02-05 17:45:00+00:00,0.013741402886807919,0.01388490479439497,0.013741402886807919,0.01387785654515028,22930
2026-02-05 18:00:00+00:00,0.013834234327077866,0.013862342573702335,0.013742721639573574,0.013742721639573574,49176
2026-02-05 18:15:00+00:00,0.013722010888159275,0.013826044276356697,0.013664367608726025,0.013826044276356697,58204
2026-02-05 18:30:00+00:00,0.013749305158853531,0.013762488029897213,0.013678735122084618,0.013730749487876892,0
2026-02-05 18:45:00+00:00,0.013849614188075066,0.013872358947992325,0.013706745579838753,0.013752111233770847,32286
2026-02-05 19:00:00+00:00,0.013696872629225254,0.013859030790627003,0.013696872629225254,0.013859030790627003,105322
2026-02-05 19:15:00+00:00,0.013587594963610172,0.013689495623111725,0.013578170910477638,0.013689495623111725,19300
2026-02-05 19:30:00+00:00,0.01354955043643713,0.013645091094076633,0.01354955043643713,0.013590780086815357,140500
2026-02-05 19:45:00+00:00,0.013439015485346317,0.013554581440985203,0.013426609337329865,0.013554581440985203,153406
2026-02-05 20:00:00+00:00,0.013391324318945408,0.013459046371281147,0.01337901409715414,0.013444534502923489,271924
2026-02-05 20:15:00+00:00,0.01298932172358036,0.013382053934037685,0.012891572900116444,0.013382053934037685,295978
2026-02-05 20:30:00+00:00,0.013200080953538418,0.013233264908194542,0.01294390857219696,0.01294390857219696,341410
2026-02-05 20:45:00+00:00,0.012945005670189857,0.013202416710555553,0.01284253504127264,0.013202416710555553,100668
2026-02-05 21:00:00+00:00,0.01298533845692873,0.013209061697125435,0.012920028530061245,0.012920028530061245,358612
2026-02-05 21:15:00+00:00,0.013069642707705498,0.013175408355891705,0.012822512537240982,0.01297812256962061,285178
2026-02-05 21:30:00+00:00,0.013066518120467663,0.013197832740843296,0.013066518120467663,0.013120648451149464,137612
2026-02-05 21:45:00+00:00,0.01289638876914978,0.01304719503968954,0.012895088642835617,0.01304719503968954,0
2026-02-05 22:00:00+00:00,0.01296655461192131,0.012981720268726349,0.01286251563578844,0.012888895347714424,31566
2026-02-05 22:15:00+00:00,0.012834284454584122,0.012968973256647587,0.012772689573466778,0.012968973256647587,114362
2026-02-05 22:30:00+00:00,0.013046156615018845,0.013115499168634415,0.012887528166174889,0.012887528166174889,255290
2026-02-05 22:45:00+00:00,0.013017958030104637,0.013081898912787437,0.013017958030104637,0.013045988976955414,35338
2026-02-05 23:00:00+00:00,0.013306450098752975,0.013306450098752975,0.012987763620913029,0.01300225593149662,164468
2026-02-05 23:15:00+00:00,0.01320633850991726,0.013317590579390526,0.01319341640919447,0.013308588415384293,86894
2026-02-05 23:30:00+00:00,0.013036639429628849,0.01324512343853712,0.013030020520091057,0.013212088495492935,0
2026-02-05 23:45:00+00:00,0.013018752448260784,0.01308382023125887,0.012987309135496616,0.013036515563726425,72430
2026-02-06 00:00:00+00:00,0.012651930563151836,0.013045163825154305,0.012651930563151836,0.013016726821660995,48282
2026-02-06 00:15:00+00:00,0.012189331464469433,0.012523956596851349,0.012045466341078281,0.012523956596851349,2411826
2026-02-06 00:30:00+00:00,0.012958775274455547,0.013024457730352879,0.012222370132803917,0.012222370132803917,731294
2026-02-06 00:45:00+00:00,0.013102589175105095,0.013234863057732582,0.012987351976335049,0.012987351976335049,357798
2026-02-06 01:00:00+00:00,0.013528907671570778,0.01354503259062767,0.013080411590635777,0.013098708353936672,438600
2026-02-06 01:15:00+00:00,0.013644908554852009,0.013749276287853718,0.013513030484318733,0.013541710563004017,194640
2026-02-06 01:30:00+00:00,0.01350438129156828,0.013665315695106983,0.013485782779753208,0.013638320378959179,7466
2026-02-06 01:45:00+00:00,0.013692148961126804,0.01369647216051817,0.013532553799450397,0.013532553799450397,225174
2026-02-06 02:00:00+00:00,0.013658259995281696,0.013755246065557003,0.013654392212629318,0.013689568266272545,15452
2026-02-06 02:15:00+00:00,0.013428674079477787,0.013634981587529182,0.013428674079477787,0.0136219197884202,0
2026-02-06 02:30:00+00:00,0.013507741503417492,0.013517056591808796,0.013435532338917255,0.013435532338917255,171626
2026-02-06 02:45:00+00:00,0.013374900445342064,0.013509147800505161,0.013371497392654419,0.013509147800505161,18720
2026-02-06 03:00:00+00:00,0.013315364718437195,0.013448361307382584,0.013315364718437195,0.01337907649576664,10544
2026-02-06 03:15:00+00:00,0.013312609866261482,0.013358606956899166,0.01329838763922453,0.013312132097780704,38958
2026-02-06 03:30:00+00:00,0.013426431454718113,0.013428350910544395,0.01332165952771902,0.01332165952771902,40188
2026-02-06 03:45:00+00:00,0.013506267219781876,0.013524339534342289,0.013414750806987286,0.013425201177597046,84172
2026-02-06 04:00:00+00:00,0.01342479232698679,0.01350775919854641,0.01340517308562994,0.01350775919854641,0
2026-02-06 04:15:00+00:00,0.013465385884046555,0.013469411991536617,0.013418374583125114,0.013418374583125114,0
2026-02-06 04:30:00+00:00,0.013417799025774002,0.013479907065629959,0.013413467444479465,0.013468761928379536,0
2026-02-06 04:45:00+00:00,0.013470757752656937,0.013483180664479733,0.013425099663436413,0.013425099663436413,42122
2026-02-06 05:00:00+00:00,0.013612903654575348,0.013647697865962982,0.013474250212311745,0.013474250212311745,149204
2026-02-06 05:15:00+00:00,0.013584424741566181,0.013651535846292973,0.013579411432147026,0.013629450462758541,0
2026-02-06 05:30:00+00:00,0.013715342618525028,0.013715342618525028,0.013591678813099861,0.013591678813099861,65834
2026-02-06 05:45:00+00:00,0.01375957764685154,0.013782273977994919,0.01371228601783514,0.013718185015022755,215578
2026-02-06 06:00:00+00:00,0.013825028203427792,0.013869903981685638,0.013760101981461048,0.013760101981461048,0
2026-02-06 06:15:00+00:00,0.013747463002800941,0.0138228265568614,0.013721677474677563,0.0138228265568614,57402
2026-02-06 06:30:00+00:00,0.013668116182088852,0.013774664141237736,0.013664208352565765,0.013748071156442165,27462
2026-02-06 06:45:00+00:00,0.013605319894850254,0.01365533098578453,0.013604577630758286,0.013650976121425629,0
2026-02-06 07:00:00+00:00,0.013427961617708206,0.013592159375548363,0.013416369445621967,0.013592159375548363,0
2026-02-06 07:15:00+00:00,0.01358511671423912,0.01358511671423912,0.01343250460922718,0.01343250460922718,275010
2026-02-06 07:30:00+00:00,0.01398119144141674,0.01398119144141674,0.013581497594714165,0.013581497594714165,331950
2026-02-06 07:45:00+00:00,0.013829343020915985,0.014006152749061584,0.013829343020915985,0.013966064900159836,0
2026-02-06 08:00:00+00:00,0.014067081734538078,0.014149305410683155,0.013848879374563694,0.013848879374563694,9948
2026-02-06 08:15:00+00:00,0.01416904479265213,0.014215374365448952,0.014029275625944138,0.014062055386602879,88380
2026-02-06 08:30:00+00:00,0.013903133571147919,0.014159522950649261,0.013901174068450928,0.014159522950649261,156140
2026-02-06 08:45:00+00:00,0.013917348347604275,0.013971767388284206,0.013897908851504326,0.013897908851504326,39788
2026-02-06 09:00:00+00:00,0.013753828592598438,0.013917623087763786,0.013753828592598438,0.013917623087763786,1772
2026-02-06 09:15:00+00:00,0.013931912370026112,0.013931912370026112,0.013756153173744678,0.013767698779702187,0
2026-02-06 09:30:00+00:00,0.013993351720273495,0.014033489860594273,0.013927970081567764,0.013927970081567764,80750
2026-02-06 09:45:00+00:00,0.013935687020421028,0.014005057513713837,0.013934025540947914,0.013989727012813091,83086
2026-02-06 10:00:00+00:00,0.013857495039701462,0.013935407623648643,0.013853417709469795,0.013935407623648643,12244
2026-02-06 10:15:00+00:00,0.01396663673222065,0.01397289615124464,0.013864593580365181,0.013864593580365181,228430
2026-02-06 10:30:00+00:00,0.013986965641379356,0.014039562083780766,0.013970288448035717,0.013970288448035717,43614
2026-02-06 10:45:00+00:00,0.01400144025683403,0.014004250057041645,0.013978634960949421,0.01397919375449419,0
2026-02-06 11:00:00+00:00,0.014165357686579227,0.014165357686579227,0.013993335887789726,0.014010116457939148,146278
2026-02-06 11:15:00+00:00,0.014007749035954475,0.0141499824821949,0.014007749035954475,0.014140392653644085,0
2026-02-06 11:30:00+00:00,0.014080106280744076,0.014093735255300999,0.014009952545166016,0.014009952545166016,0
2026-02-06 11:45:00+00:00,0.014125114306807518,0.014133636839687824,0.014063302427530289,0.014078076928853989,16782
2026-02-06 12:00:00+00:00,0.0140010304749012,0.014124038629233837,0.013994253240525723,0.014124038629233837,8898
2026-02-06 12:15:00+00:00,0.01399996131658554,0.014006532728672028,0.013989032246172428,0.014003037475049496,0
2026-02-06 12:30:00+00:00,0.013910870999097824,0.0139993317425251,0.013908487744629383,0.0139993317425251,0
2026-02-06 12:45:00+00:00,0.013914065435528755,0.013916741125285625,0.013882114551961422,0.013910968787968159,0
2026-02-06 13:00:00+00:00,0.014005087316036224,0.014005087316036224,0.013915710151195526,0.013915710151195526,0
2026-02-06 13:15:00+00:00,0.013886883854866028,0.014019915834069252,0.013886883854866028,0.014004173688590527,0
2026-02-06 13:30:00+00:00,0.01378654595464468,0.01388612575829029,0.01378654595464468,0.013882990926504135,0
2026-02-06 13:45:00+00:00,0.01382057461887598,0.013830641284584999,0.013739533722400665,0.013789868913590908,0
2026-02-06 14:00:00+00:00,0.013827425427734852,0.013841708190739155,0.013803095556795597,0.01382291316986084,0
2026-02-06 14:15:00+00:00,0.013791963458061218,0.013833178207278252,0.013777232728898525,0.013831430114805698,0
2026-02-06 14:30:00+00:00,0.014129995368421078,0.014163888059556484,0.013795070350170135,0.013795070350170135,261774
2026-02-06 14:45:00+00:00,0.014084183610975742,0.014179402031004429,0.014071039855480194,0.01415967009961605,194842
2026-02-06 15:00:00+00:00,0.013982665725052357,0.014068389311432838,0.013982665725052357,0.014068389311432838,0
2026-02-06 15:15:00+00:00,0.01396632008254528,0.013988076709210873,0.013927220366895199,0.01396753266453743,0
2026-02-06 15:30:00+00:00,0.013980778865516186,0.013980778865516186,0.013939158990979195,0.013968139886856079,0
2026-02-06 15:45:00+00:00,0.013948832638561726,0.01401856355369091,0.013948832638561726,0.013988007791340351,0
2026-02-06 16:00:00+00:00,0.014066081494092941,0.014066081494092941,0.0139127466827631,0.013952106237411499,4786
2026-02-06 16:15:00+00:00,0.014139462262392044,0.014152389019727707,0.014075282029807568,0.014075282029807568,0
2026-02-06 16:30:00+00:00,0.014296325854957104,0.01431945525109768,0.014146394096314907,0.014146394096314907,106380
2026-02-06 16:45:00+00:00,0.014332124032080173,0.014406809583306313,0.014310117810964584,0.014310117810964584,136576
2026-02-06 17:00:00+00:00,0.01430791150778532,0.014334011822938919,0.014266821555793285,0.014334011822938919,24766
2026-02-06 17:15:00+00:00,0.014347674325108528,0.014360100030899048,0.014285742305219173,0.014308154582977295,0
2026-02-06 17:30:00+00:00,0.014409701339900494,0.014464162290096283,0.014337990432977676,0.014348572120070457,0
2026-02-06 17:45:00+00:00,0.014317636378109455,0.014433564618229866,0.01429753564298153,0.014414443634450436,103928
2026-02-06 18:00:00+00:00,0.014045379124581814,0.014307561330497265,0.014045379124581814,0.014307561330497265,28394
2026-02-06 18:15:00+00:00,0.013994626700878143,0.014025433920323849,0.013942331075668335,0.014009426347911358,37018
2026-02-06 18:30:00+00:00,0.014128084294497967,0.014128084294497967,0.013991093263030052,0.014003452844917774,84358
2026-02-06 18:45:00+00:00,0.014019481837749481,0.014110061340034008,0.014004148542881012,0.014110061340034008,0
2026-02-06 19:00:00+00:00,0.013960030861198902,0.014014074578881264,0.013960030861198902,0.014014074578881264,48786
2026-02-06 19:15:00+00:00,0.014038166962563992,0.014040729030966759,0.013922718353569508,0.013959415256977081,0
2026-02-06 19:30:00+00:00,0.013967383652925491,0.014038044959306717,0.013967383652925491,0.014038044959306717,0
2026-02-06 19:45:00+00:00,0.014087066054344177,0.014091148041188717,0.013971148058772087,0.013971148058772087,0
2026-02-06 20:00:00+00:00,0.01398527342826128,0.014097793959081173,0.01398527342826128,0.01409079134464264,0
2026-02-06 20:15:00+00:00,0.013947999104857445,0.013988588936626911,0.013889653608202934,0.013988588936626911,0
2026-02-06 20:30:00+00:00,0.014032870531082153,0.014156000688672066,0.01395371463149786,0.01395371463149786,39482
2026-02-06 20:45:00+00:00,0.014017636887729168,0.01406081486493349,0.014005724340677261,0.014037021435797215,0
2026-02-06 21:00:00+00:00,0.013996227644383907,0.014030870981514454,0.013981442898511887,0.014030870981514454,0
2026-02-06 21:15:00+00:00,0.01404331810772419,0.01404331810772419,0.013996382243931293,0.013996382243931293,0
2026-02-06 21:30:00+00:00,0.013961365446448326,0.014036363922059536,0.013961365446448326,0.014036363922059536,0
2026-02-06 21:45:00+00:00,0.013933835551142693,0.013948301784694195,0.013933835551142693,0.013947968371212482,0
2026-02-06 22:00:00+00:00,0.01396983116865158,0.013987168669700623,0.013907806016504765,0.013934100046753883,4484
2026-02-06 22:15:00+00:00,0.014023739844560623,0.014023739844560623,0.013938416726887226,0.013963772915303707,0
2026-02-06 22:30:00+00:00,0.014102870598435402,0.0141232218593359,0.014015240594744682,0.014019738882780075,75486
2026-02-06 22:45:00+00:00,0.014175373129546642,0.01418547797948122,0.014081918634474277,0.014103124849498272,15480
2026-02-06 23:00:00+00:00,0.014234489761292934,0.014319644309580326,0.014186110347509384,0.014186110347509384,0
2026-02-06 23:15:00+00:00,0.014142806641757488,0.014234217815101147,0.014125790446996689,0.014234217815101147,0
2026-02-06 23:30:00+00:00,0.014086580835282803,0.014156119897961617,0.014086580835282803,0.014128289185464382,0
2026-02-06 23:45:00+00:00,0.013970703817903996,0.014075547456741333,0.013970703817903996,0.014075547456741333,0
2026-02-07 00:00:00+00:00,0.013941706158220768,0.013985461555421352,0.013921886682510376,0.01398091483861208,0
2026-02-07 00:15:00+00:00,0.013918489217758179,0.014000996015965939,0.013918489217758179,0.013942524790763855,0
2026-02-07 00:30:00+00:00,0.013748296536505222,0.013916365802288055,0.013744886964559555,0.013916365802288055,0
2026-02-07 00:45:00+00:00,0.013831042684614658,0.01386089064180851,0.013745978474617004,0.013746881857514381,0
2026-02-07 01:00:00+00:00,0.013765224255621433,0.013831169344484806,0.013765224255621433,0.013831169344484806,0
2026-02-07 01:15:00+00:00,0.01373007521033287,0.013763726688921452,0.013693690299987793,0.013738512992858887,0
2026-02-07 01:30:00+00:00,0.013725480996072292,0.013739538379013538,0.013648120686411858,0.013730871491134167,0
2026-02-07 01:45:00+00:00,0.01381298340857029,0.013849920593202114,0.013723406940698624,0.013723406940698624,32246
2026-02-07 02:00:00+00:00,0.013796706683933735,0.013811647891998291,0.013775183819234371,0.013811647891998291,0
2026-02-07 02:15:00+00:00,0.014014289714396,0.014024320989847183,0.01380099542438984,0.01380099542438984,88455
2026-02-07 02:30:00+00:00,0.013849591836333275,0.013997425325214863,0.01384705025702715,0.013997425325214863,0
2026-02-07 02:45:00+00:00,0.013856057077646255,0.013864702545106411,0.013814074918627739,0.01385441143065691,10981
2026-02-07 03:00:00+00:00,0.013980578631162643,0.013981991447508335,0.013857647776603699,0.013857647776603699,56227
2026-02-07 03:15:00+00:00,0.01399438176304102,0.013996146619319916,0.013930403627455235,0.013971671462059021,13559
2026-02-07 03:30:00+00:00,0.013998660258948803,0.0140357231721282,0.013986892998218536,0.013995490968227386,0
2026-02-07 03:45:00+00:00,0.014060775749385357,0.014091246761381626,0.013999695889651775,0.014019617810845375,46833
2026-02-07 04:00:00+00:00,0.014065996743738651,0.014075997285544872,0.013985507190227509,0.014075997285544872,24635
2026-02-07 04:15:00+00:00,0.014066040515899658,0.014119957573711872,0.014049196615815163,0.014063925482332706,77178
2026-02-07 04:30:00+00:00,0.013927158899605274,0.014062331058084965,0.013927158899605274,0.014062331058084965,6566
2026-02-07 04:45:00+00:00,0.013877375051379204,0.013928205706179142,0.013877375051379204,0.013928205706179142,0
2026-02-07 05:00:00+00:00,0.013974728062748909,0.01397657860070467,0.013880454003810883,0.013880454003810883,0
2026-02-07 05:15:00+00:00,0.013923976570367813,0.01399113517254591,0.013923976570367813,0.01397202629595995,32941
2026-02-07 05:30:00+00:00,0.013873637653887272,0.013929140754044056,0.013873637653887272,0.013922668062150478,0
2026-02-07 05:45:00+00:00,0.013822786509990692,0.013930005952715874,0.013818331062793732,0.013871897011995316,0
2026-02-07 06:00:00+00:00,0.013869170099496841,0.013891712762415409,0.013835113495588303,0.013835113495588303,0
2026-02-07 06:15:00+00:00,0.013872047886252403,0.01387208141386509,0.013829747214913368,0.013871997594833374,0
2026-02-07 06:30:00+00:00,0.013877099379897118,0.013884938322007656,0.01385166123509407,0.01387112122029066,0
2026-02-07 06:45:00+00:00,0.013665638864040375,0.013854208402335644,0.013665638864040375,0.013854208402335644,13959
2026-02-07 07:00:00+00:00,0.013522942550480366,0.013649704866111279,0.013477534055709839,0.013649704866111279,42607
2026-02-07 07:15:00+00:00,0.013558510690927505,0.013558510690927505,0.01336774043738842,0.013504719361662865,0
2026-02-07 07:30:00+00:00,0.013597570359706879,0.013615482486784458,0.013459018431603909,0.013558534905314445,32130
2026-02-07 07:45:00+00:00,0.013528265058994293,0.013638229109346867,0.013528265058994293,0.013595256954431534,276137
2026-02-07 08:00:00+00:00,0.013534319587051868,0.013541683554649353,0.013508561998605728,0.01352956984192133,0
2026-02-07 08:15:00+00:00,0.013562831096351147,0.013562831096351147,0.01348874717950821,0.013530878350138664,0
2026-02-07 08:30:00+00:00,0.013532259501516819,0.013578998856246471,0.013524298556149006,0.013563696295022964,0
2026-02-07 08:45:00+00:00,0.013571799732744694,0.01359753031283617,0.013532329350709915,0.013532329350709915,9936
2026-02-07 09:00:00+00:00,0.01355210691690445,0.01358071155846119,0.01355210691690445,0.013576516881585121,27811
2026-02-07 09:15:00+00:00,0.013443873263895512,0.013544963672757149,0.013443873263895512,0.013544963672757149,92470
2026-02-07 09:30:00+00:00,0.013385328464210033,0.01343601569533348,0.013376040384173393,0.01343601569533348,46306
2026-02-07 09:45:00+00:00,0.013378879055380821,0.013393105939030647,0.013367630541324615,0.013390300795435905,1767
2026-02-07 10:00:00+00:00,0.01340415608137846,0.0134419621899724,0.013363666832447052,0.01338162925094366,52149
2026-02-07 10:15:00+00:00,0.013435522094368935,0.013435522094368935,0.013400553725659847,0.013400553725659847,0
2026-02-07 10:30:00+00:00,0.013359186239540577,0.013442009687423706,0.013329491950571537,0.01343599520623684,10436
2026-02-07 10:45:00+00:00,0.01339096762239933,0.01339096762239933,0.01333942636847496,0.013359847478568554,88248
2026-02-07 11:00:00+00:00,0.013376067392528057,0.013389445841312408,0.013373910449445248,0.01338355801999569,0
2026-02-07 11:15:00+00:00,0.013285993598401546,0.013369359076023102,0.013282573781907558,0.013369359076023102,3432
2026-02-07 11:30:00+00:00,0.013357878662645817,0.013361223042011261,0.013289925642311573,0.013289925642311573,54538
2026-02-07 11:45:00+00:00,0.013381432741880417,0.013402136042714119,0.01336036529392004,0.01336036529392004,42753
2026-02-07 12:00:00+00:00,0.013498589396476746,0.013498589396476746,0.013376547954976559,0.013376547954976559,65653
2026-02-07 12:15:00+00:00,0.013686451129615307,0.013716462068259716,0.013500059954822063,0.013500059954822063,604204
2026-02-07 12:30:00+00:00,0.013681200332939625,0.013764381408691406,0.013673110865056515,0.013673110865056515,169933
2026-02-07 12:45:00+00:00,0.013602013699710369,0.013691278174519539,0.0136012127622962,0.013673217967152596,56969
2026-02-07 13:00:00+00:00,0.01341476384550333,0.013602620922029018,0.01341476384550333,0.013602620922029018,94531
2026-02-07 13:15:00+00:00,0.013378971256315708,0.01341812964528799,0.013370095752179623,0.01341812964528799,141077
2026-02-07 13:30:00+00:00,0.013307297602295876,0.013394441455602646,0.013307297602295876,0.01337962131947279,0
2026-02-07 13:45:00+00:00,0.013303530402481556,0.013322343118488789,0.013272174634039402,0.01330028660595417,3614
2026-02-07 14:00:00+00:00,0.013237296603620052,0.013305258005857468,0.013237296603620052,0.013300902210175991,62437
2026-02-07 14:15:00+00:00,0.013264602981507778,0.013286671601235867,0.013219280168414116,0.013235880061984062,51970
2026-02-07 14:30:00+00:00,0.013188717886805534,0.013267355971038342,0.013133838772773743,0.013267355971038342,93705
2026-02-07 14:45:00+00:00,0.013207829557359219,0.013208937831223011,0.013143697753548622,0.01319893728941679,0
2026-02-07 15:00:00+00:00,0.01325796078890562,0.013304062187671661,0.013205360621213913,0.013205360621213913,37771
2026-02-07 15:15:00+00:00,0.013357957825064659,0.013360251672565937,0.013271513395011425,0.013274075463414192,30820
2026-02-07 15:30:00+00:00,0.01338962372392416,0.013402222655713558,0.013358712196350098,0.013358712196350098,86309
2026-02-07 15:45:00+00:00,0.013295471668243408,0.01338730938732624,0.013286094181239605,0.01338730938732624,0
2026-02-07 16:00:00+00:00,0.013608166016638279,0.013608166016638279,0.013296698220074177,0.013296698220074177,453783
2026-02-07 16:15:00+00:00,0.01356387697160244,0.013642063364386559,0.01355602964758873,0.01355602964758873,253331
2026-02-07 16:30:00+00:00,0.013508250936865807,0.013563103042542934,0.013508250936865807,0.013562144711613655,13754
2026-02-07 16:45:00+00:00,0.013417745940387249,0.013508063741028309,0.013417745940387249,0.013508063741028309,0
2026-02-07 17:00:00+00:00,0.013360274024307728,0.013428597711026669,0.013355224393308163,0.01342019997537136,0
2026-02-07 17:15:00+00:00,0.013413285836577415,0.013413285836577415,0.01335213053971529,0.013357662595808506,0
2026-02-07 17:30:00+00:00,0.013452170416712761,0.013452170416712761,0.013382251374423504,0.013412727043032646,0
2026-02-07 17:45:00+00:00,0.013365179300308228,0.013436345383524895,0.013362686149775982,0.013435485772788525,0
2026-02-07 18:00:00+00:00,0.013361326418817043,0.013377940282225609,0.013345233164727688,0.013366097584366798,0
2026-02-07 18:15:00+00:00,0.013386515900492668,0.013409428298473358,0.013351460918784142,0.013358094729483128,0
2026-02-07 18:30:00+00:00,0.013467845506966114,0.013502056710422039,0.013406741432845592,0.013406741432845592,0
2026-02-07 18:45:00+00:00,0.013340605422854424,0.013456941582262516,0.013340605422854424,0.013456941582262516,90656
2026-02-07 19:00:00+00:00,0.013271767646074295,0.013339487835764885,0.013268147595226765,0.013339487835764885,0
2026-02-07 19:15:00+00:00,0.013291648589074612,0.013292438350617886,0.013248502276837826,0.013269280083477497,317
2026-02-07 19:30:00+00:00,0.013233830220997334,0.013292650692164898,0.013233830220997334,0.013292650692164898,8131
2026-02-07 19:45:00+00:00,0.013149842619895935,0.013241291046142578,0.013148424215614796,0.013241291046142578,25762
2026-02-07 20:00:00+00:00,0.013215932063758373,0.01321753952652216,0.013141673058271408,0.013148513622581959,144697
2026-02-07 20:15:00+00:00,0.01324901171028614,0.01324901171028614,0.01321334857493639,0.013218470849096775,0
2026-02-07 20:30:00+00:00,0.013282587751746178,0.013302025385200977,0.01324585173279047,0.013248330913484097,0
2026-02-07 20:45:00+00:00,0.013318078592419624,0.013335536234080791,0.013275372795760632,0.013280105777084827,1851
2026-02-07 21:00:00+00:00,0.013262183405458927,0.013357974588871002,0.013262183405458927,0.013337570242583752,25459
2026-02-07 21:15:00+00:00,0.013245342299342155,0.013263802975416183,0.01323835738003254,0.013263802975416183,0
2026-02-07 21:30:00+00:00,0.013194081373512745,0.013280872255563736,0.013194081373512745,0.013245305977761745,35078
2026-02-07 21:45:00+00:00,0.01316521130502224,0.013186334632337093,0.013142631389200687,0.013186277821660042,39286
2026-02-07 22:00:00+00:00,0.013057944364845753,0.013163558207452297,0.013050967827439308,0.01316160149872303,23807
2026-02-07 22:15:00+00:00,0.013056119903922081,0.01307708490639925,0.013056119903922081,0.01307704672217369,29492
2026-02-07 22:30:00+00:00,0.012995477765798569,0.013060860335826874,0.012992626056075096,0.013049979694187641,12948
2026-02-07 22:45:00+00:00,0.012977772392332554,0.013009918853640556,0.012977772392332554,0.012997066602110863,37940
2026-02-07 23:00:00+00:00,0.012951354496181011,0.01297631487250328,0.012927918694913387,0.01297631487250328,0
2026-02-07 23:15:00+00:00,0.01296970248222351,0.012978955172002316,0.012948697432875633,0.012965312227606773,157844
2026-02-07 23:30:00+00:00,0.012965275906026363,0.012985995970666409,0.01296460721641779,0.012971069663763046,2392
2026-02-07 23:45:00+00:00,0.01295076310634613,0.012967579066753387,0.01295076310634613,0.012965159490704536,0
2026-02-08 00:00:00+00:00,0.012919940985739231,0.012964293360710144,0.012915924191474915,0.0129547119140625,89064
2026-02-08 00:15:00+00:00,0.012861168012022972,0.012918117456138134,0.012846960686147213,0.012918117456138134,21846
2026-02-08 00:30:00+00:00,0.012793215923011303,0.012868491932749748,0.012793215923011303,0.012854132801294327,80866
2026-02-08 00:45:00+00:00,0.012827262282371521,0.012838601134717464,0.01280340738594532,0.01280340738594532,9007
2026-02-08 01:00:00+00:00,0.012815902940928936,0.01285827811807394,0.01278997678309679,0.012828430160880089,35044
2026-02-08 01:15:00+00:00,0.012735318392515182,0.012846511788666248,0.012732557021081448,0.01281670667231083,57437
2026-02-08 01:30:00+00:00,0.012714086100459099,0.012747650034725666,0.012714086100459099,0.012736308388411999,44861
2026-02-08 01:45:00+00:00,0.012694060802459717,0.01272172387689352,0.012693528085947037,0.012715698219835758,71922
2026-02-08 02:00:00+00:00,0.012696098536252975,0.012711596675217152,0.012690341100096703,0.012706361711025238,109253
2026-02-08 02:15:00+00:00,0.012721545994281769,0.01272608432918787,0.012683838605880737,0.012695588171482086,0
2026-02-08 02:30:00+00:00,0.012674545869231224,0.01272606011480093,0.01267263013869524,0.012722674757242203,5271
2026-02-08 02:45:00+00:00,0.012688261456787586,0.012689348310232162,0.012663147412240505,0.012674905359745026,7692
2026-02-08 03:00:00+00:00,0.012676495127379894,0.012740652076900005,0.012676495127379894,0.012684990651905537,938
2026-02-08 03:15:00+00:00,0.012676602229475975,0.012678657658398151,0.012674116529524326,0.01267665158957243,0
2026-02-08 03:30:00+00:00,0.012742603197693825,0.012748003005981445,0.012640945613384247,0.012660136446356773,33874
2026-02-08 03:45:00+00:00,0.012820523232221603,0.012854681350290775,0.012728432193398476,0.012744276784360409,128910
2026-02-08 04:00:00+00:00,0.01278239767998457,0.012817240320146084,0.012758803553879261,0.012817240320146084,0
2026-02-08 04:15:00+00:00,0.012815622612833977,0.012815622612833977,0.012738844379782677,0.01277928240597248,0
2026-02-08 04:30:00+00:00,0.012807411141693592,0.01282021775841713,0.01277879998087883,0.012815499678254128,11491
2026-02-08 04:45:00+00:00,0.012858470901846886,0.012858634814620018,0.012809430249035358,0.012809430249035358,36716
2026-02-08 05:00:00+00:00,0.012807206250727177,0.012858375906944275,0.012758145108819008,0.012858375906944275,12401
2026-02-08 05:15:00+00:00,0.012781772762537003,0.012826446443796158,0.012781772762537003,0.012812647968530655,18516
2026-02-08 05:30:00+00:00,0.012752940878272057,0.012780727818608284,0.012731642462313175,0.012780727818608284,17796
2026-02-08 05:45:00+00:00,0.012762472964823246,0.012778295204043388,0.012751021422445774,0.012751021422445774,8187
2026-02-08 06:00:00+00:00,0.01263148058205843,0.012763758189976215,0.01263148058205843,0.012763758189976215,0
2026-02-08 06:15:00+00:00,0.012647314928472042,0.01264961902052164,0.012640330940485,0.01264386996626854,2802
2026-02-08 06:30:00+00:00,0.012566225603222847,0.012655135244131088,0.012566225603222847,0.012645172886550426,122639
2026-02-08 06:45:00+00:00,0.01249249093234539,0.012566409073770046,0.012490754947066307,0.012566409073770046,143843
2026-02-08 07:00:00+00:00,0.012464512139558792,0.012497955933213234,0.012457847595214844,0.012489920482039452,0
2026-02-08 07:15:00+00:00,0.012498833239078522,0.012535984627902508,0.012477463111281395,0.012477463111281395,0
2026-02-08 07:30:00+00:00,0.012426146306097507,0.012494218535721302,0.012424441985785961,0.012494218535721302,0
2026-02-08 07:45:00+00:00,0.01247639860957861,0.01247639860957861,0.012412700802087784,0.012426000088453293,7687
2026-02-08 08:00:00+00:00,0.012601126916706562,0.0126218656077981,0.01259022019803524,0.01259022019803524,248483
2026-02-08 08:15:00+00:00,0.012700255028903484,0.012700255028903484,0.012601732276380062,0.012608235701918602,51746
2026-02-08 08:30:00+00:00,0.01270525436848402,0.012758487835526466,0.012666341848671436,0.012707113288342953,69113
2026-02-08 08:45:00+00:00,0.012703903019428253,0.0127106923609972,0.012687552720308304,0.0127106923609972,79244
2026-02-08 09:00:00+00:00,0.012759079225361347,0.01278904639184475,0.012704904191195965,0.012704904191195965,43611
2026-02-08 09:15:00+00:00,0.012689514085650444,0.012759877368807793,0.012689514085650444,0.012759877368807793,5695
2026-02-08 09:30:00+00:00,0.012554571963846684,0.012685264460742474,0.012554268352687359,0.012685264460742474,25467
2026-02-08 09:45:00+00:00,0.01258249394595623,0.012585795484483242,0.01255772914737463,0.01255947258323431,103446
2026-02-08 10:00:00+00:00,0.012510331347584724,0.012585535645484924,0.012510331347584724,0.012581356801092625,120918
2026-02-08 10:15:00+00:00,0.01238153874874115,0.012512242421507835,0.012361625209450722,0.012512242421507835,183811
2026-02-08 10:30:00+00:00,0.012400207109749317,0.01242868136614561,0.0123636769130826,0.0123636769130826,75291
2026-02-08 10:45:00+00:00,0.012380417436361313,0.012425575405359268,0.01237846165895462,0.012416277080774307,19366
2026-02-08 11:00:00+00:00,0.012505312450230122,0.012505312450230122,0.012375040911138058,0.012380985543131828,79499
2026-02-08 11:15:00+00:00,0.012540323659777641,0.012604856863617897,0.012514748610556126,0.012514748610556126,83831
2026-02-08 11:30:00+00:00,0.012532838620245457,0.012551667168736458,0.012527856044471264,0.012534679844975471,18240
2026-02-08 11:45:00+00:00,0.01260594092309475,0.012625851668417454,0.012534759938716888,0.012534759938716888,140657
2026-02-08 12:00:00+00:00,0.012515381909906864,0.012621109373867512,0.012515381909906864,0.012609517201781273,52151
2026-02-08 12:15:00+00:00,0.01243843138217926,0.012509333901107311,0.01243820134550333,0.012509333901107311,15862
2026-02-08 12:30:00+00:00,0.012369886040687561,0.012455201707780361,0.012369000352919102,0.012455201707780361,60234
2026-02-08 12:45:00+00:00,0.012555927969515324,0.012555927969515324,0.012373700737953186,0.012373760342597961,297493
2026-02-08 13:00:00+00:00,0.012630259618163109,0.012636998668313026,0.012553182430565357,0.012553182430565357,0
2026-02-08 13:15:00+00:00,0.01258106529712677,0.012630080804228783,0.012567874044179916,0.012630080804228783,96944
2026-02-08 13:30:00+00:00,0.01260620728135109,0.012615007348358631,0.012593035586178303,0.012593035586178303,25489
2026-02-08 13:45:00+00:00,0.012653936631977558,0.012653936631977558,0.012592779472470284,0.012609471566975117,315802
2026-02-08 14:00:00+00:00,0.012880435213446617,0.01289741788059473,0.012658577412366867,0.012658577412366867,545297
2026-02-08 14:15:00+00:00,0.012965918518602848,0.012970523908734322,0.012867715209722519,0.012882322072982788,413245
2026-02-08 14:30:00+00:00,0.013621985912322998,0.013621985912322998,0.012983003631234169,0.012983003631234169,2712584
2026-02-08 14:45:00+00:00,0.013888399116694927,0.014185368083417416,0.013607772067189217,0.013607772067189217,2398956
2026-02-08 15:00:00+00:00,0.013559156097471714,0.013825302012264729,0.013439848087728024,0.013825302012264729,874490
2026-02-08 15:15:00+00:00,0.013437728397548199,0.013686602003872395,0.013437728397548199,0.013595173135399818,352090
2026-02-08 15:30:00+00:00,0.013336057774722576,0.013473428785800934,0.01332045067101717,0.013473428785800934,315260
2026-02-08 15:45:00+00:00,0.013277525082230568,0.013360542245209217,0.013277046382427216,0.013346187770366669,227806
2026-02-08 16:00:00+00:00,0.013325420208275318,0.013420835137367249,0.013141443021595478,0.013275032863020897,230856
2026-02-08 16:15:00+00:00,0.013342621736228466,0.013361693359911442,0.013275714591145515,0.013326550833880901,56630
2026-02-08 16:30:00+00:00,0.013057255186140537,0.013328068889677525,0.01304090116173029,0.013328068889677525,150272
2026-02-08 16:45:00+00:00,0.012906316667795181,0.013069499284029007,0.012900729663670063,0.013060206547379494,148076
2026-02-08 17:00:00+00:00,0.013318469747900963,0.013318469747900963,0.01291626039892435,0.01291626039892435,509490
2026-02-08 17:15:00+00:00,0.01327910553663969,0.013557657599449158,0.013277074322104454,0.013366807252168655,578832
2026-02-08 17:30:00+00:00,0.013337885960936546,0.013337885960936546,0.013231009244918823,0.013286132365465164,86032
2026-02-08 17:45:00+00:00,0.013370605185627937,0.013422170653939247,0.01334408763796091,0.01334408763796091,193216
2026-02-08 18:00:00+00:00,0.01376289315521717,0.013771788217127323,0.013375836424529552,0.013375836424529552,806220
2026-02-08 18:15:00+00:00,0.013631828129291534,0.013776654377579689,0.013605873100459576,0.01376156322658062,894932
2026-02-08 18:30:00+00:00,0.013981103897094727,0.013981103897094727,0.01362617127597332,0.01362617127597332,1020038
2026-02-08 18:45:00+00:00,0.014368810690939426,0.014427428133785725,0.014026409015059471,0.014026409015059471,3418992
2026-02-08 19:00:00+00:00,0.014441417530179024,0.01466123852878809,0.014360826462507248,0.014360826462507248,3376266
2026-02-08 19:15:00+00:00,0.01452571526169777,0.014528049156069756,0.014236816205084324,0.014446880668401718,1224756
2026-02-08 19:30:00+00:00,0.014654252678155899,0.014720316044986248,0.014466901309788227,0.014508595690131187,950820
2026-02-08 19:45:00+00:00,0.014478922821581364,0.014651346951723099,0.01441637147217989,0.014651346951723099,1374544
2026-02-08 20:00:00+00:00,0.014318282715976238,0.014444999396800995,0.014295341446995735,0.014444631524384022,305976
2026-02-08 20:15:00+00:00,0.014397373422980309,0.014556188136339188,0.014314550906419754,0.014314550906419754,853412
2026-02-08 20:30:00+00:00,0.014414941892027855,0.014416942372918129,0.014275752007961273,0.0143869174644351,474300
2026-02-08 20:45:00+00:00,0.014343911781907082,0.014464819803833961,0.01432633027434349,0.014406363479793072,265776
2026-02-08 21:00:00+00:00,0.014547540806233883,0.014582282863557339,0.014335708692669868,0.014335708692669868,437092
2026-02-08 21:15:00+00:00,0.014364678412675858,0.01445694174617529,0.014360886067152023,0.014405086636543274,297692
2026-02-08 21:30:00+00:00,0.014394408091902733,0.014457552693784237,0.01435061264783144,0.014351087622344494,328476
2026-02-08 21:45:00+00:00,0.014427396468818188,0.014427396468818188,0.01429162360727787,0.01437391061335802,504960
2026-02-08 22:00:00+00:00,0.014531433582305908,0.014619184657931328,0.014463902451097965,0.014463902451097965,409436
2026-02-08 22:15:00+00:00,0.014578022062778473,0.014599238522350788,0.014473004266619682,0.014554678462445736,259932
2026-02-08 22:30:00+00:00,0.014673830941319466,0.01467822678387165,0.014554888941347599,0.014576018787920475,294644
2026-02-08 22:45:00+00:00,0.014801383018493652,0.014825437217950821,0.014679273590445518,0.014692967757582664,546124
2026-02-08 23:00:00+00:00,0.014906874857842922,0.015090178698301315,0.01474830973893404,0.014768499881029129,810728
2026-02-08 23:15:00+00:00,0.014736773446202278,0.014895959757268429,0.014644722454249859,0.014895959757268429,513844
2026-02-08 23:30:00+00:00,0.014629525132477283,0.014731301926076412,0.014592714607715607,0.014731301926076412,402420
2026-02-08 23:45:00+00:00,0.014472453854978085,0.014721807092428207,0.014472453854978085,0.014633085578680038,101776
2026-02-09 00:00:00+00:00,0.01424350030720234,0.014457019977271557,0.01424350030720234,0.014457019977271557,254492
2026-02-09 00:15:00+00:00,0.014079754240810871,0.014250488020479679,0.014072198420763016,0.014245505444705486,111012
2026-02-09 00:30:00+00:00,0.014152160845696926,0.014152160845696926,0.01402907446026802,0.014073756523430347,239936
2026-02-09 00:45:00+00:00,0.014308755286037922,0.014313260093331337,0.014159450307488441,0.014159450307488441,268412
2026-02-09 01:00:00+00:00,0.014133259654045105,0.014473785646259785,0.01397468987852335,0.01431705616414547,281944
2026-02-09 01:15:00+00:00,0.014177724719047546,0.014218837954103947,0.014160464517772198,0.014177852310240269,163004
2026-02-09 01:30:00+00:00,0.014076169580221176,0.01416882872581482,0.014076169580221176,0.01416882872581482,115236
2026-02-09 01:45:00+00:00,0.01408607792109251,0.014110220596194267,0.014033479616045952,0.014084810391068459,104872
2026-02-09 02:00:00+00:00,0.014136996120214462,0.014136996120214462,0.014031941071152687,0.014101831242442131,19608
2026-02-09 02:15:00+00:00,0.01412923727184534,0.014162941835820675,0.01412923727184534,0.01416151225566864,169884
2026-02-09 02:30:00+00:00,0.014114277437329292,0.014152860268950462,0.01408783532679081,0.014123986475169659,193724
2026-02-09 02:45:00+00:00,0.014162949286401272,0.014251788146793842,0.014115480706095695,0.014130092225968838,238660
2026-02-09 03:00:00+00:00,0.014105674810707569,0.014115032739937305,0.014060243032872677,0.014115032739937305,61664
2026-02-09 03:15:00+00:00,0.014052070677280426,0.014131092466413975,0.014049027115106583,0.014107837341725826,88360
2026-02-09 03:30:00+00:00,0.013995886780321598,0.014057079330086708,0.013989640399813652,0.01405213214457035,16908
2026-02-09 03:45:00+00:00,0.013979678973555565,0.014018535614013672,0.013979678973555565,0.014011797495186329,28472
2026-02-09 04:00:00+00:00,0.013933178968727589,0.013971807435154915,0.013911356218159199,0.013971807435154915,95612
2026-02-09 04:15:00+00:00,0.01396622322499752,0.01396622322499752,0.013845637440681458,0.013937433250248432,125908
2026-02-09 04:30:00+00:00,0.013954710215330124,0.01404252927750349,0.013954710215330124,0.013989144936203957,79720
2026-02-09 04:45:00+00:00,0.01392724085599184,0.014022787101566792,0.01391073688864708,0.013967112638056278,35320
2026-02-09 05:00:00+00:00,0.013911224901676178,0.014046761207282543,0.013906916603446007,0.013965646736323833,437900
2026-02-09 05:15:00+00:00,0.013876108452677727,0.013912278227508068,0.013850132934749126,0.013912278227508068,143328
2026-02-09 05:30:00+00:00,0.013836641795933247,0.013884144835174084,0.013831068761646748,0.013878567144274712,117104
2026-02-09 05:45:00+00:00,0.013851679861545563,0.013851942494511604,0.01381697878241539,0.013844269327819347,82364
2026-02-09 06:00:00+00:00,0.013722548261284828,0.013852525502443314,0.01372190099209547,0.013850565068423748,195032
2026-02-09 06:15:00+00:00,0.013746668584644794,0.013757090084254742,0.013716839253902435,0.013734482228755951,146440
2026-02-09 06:30:00+00:00,0.013871432282030582,0.01388306450098753,0.013763237744569778,0.013763237744569778,57744
2026-02-09 06:45:00+00:00,0.013703130185604095,0.013868534937500954,0.013699784874916077,0.013868534937500954,22648
2026-02-09 07:00:00+00:00,0.013749577105045319,0.01375172846019268,0.013707452453672886,0.013707452453672886,100708
2026-02-09 07:15:00+00:00,0.013937369920313358,0.014039669185876846,0.013771526515483856,0.013771526515483856,279868
2026-02-09 07:30:00+00:00,0.013953271321952343,0.014000693336129189,0.013939506374299526,0.013939699158072472,278816
2026-02-09 07:45:00+00:00,0.013883798383176327,0.013956048525869846,0.013881365768611431,0.013956048525869846,172888
2026-02-09 08:00:00+00:00,0.014027060009539127,0.014027060009539127,0.013856415636837482,0.013875904493033886,369716
2026-02-09 08:15:00+00:00,0.013921345584094524,0.014025425538420677,0.013907276093959808,0.014018998481333256,110296
2026-02-09 08:30:00+00:00,0.013790862634778023,0.013927691616117954,0.013790862634778023,0.013927691616117954,12864
2026-02-09 08:45:00+00:00,0.01376020535826683,0.013788548298180103,0.013753426261246204,0.013756785541772842,78100
2026-02-09 09:00:00+00:00,0.013634830713272095,0.013758202083408833,0.013634830713272095,0.013758202083408833,93140
2026-02-09 09:15:00+00:00,0.013502346351742744,0.01363466028124094,0.013487267307937145,0.01363466028124094,95252
2026-02-09 09:30:00+00:00,0.013455945067107677,0.013504293747246265,0.013454332947731018,0.013498874381184578,15176
2026-02-09 09:45:00+00:00,0.013536068610846996,0.013537959195673466,0.013467012904584408,0.013467012904584408,38164
2026-02-09 10:00:00+00:00,0.01359440479427576,0.0136251300573349,0.013544990681111813,0.013547008857131004,59508
2026-02-09 10:15:00+00:00,0.013424030505120754,0.013599191792309284,0.013413495384156704,0.013599191792309284,0
2026-02-09 10:30:00+00:00,0.01325957290828228,0.013404334895312786,0.01325957290828228,0.013404334895312786,125540
2026-02-09 10:45:00+00:00,0.013333234935998917,0.013333234935998917,0.013259282335639,0.013276777230203152,134372
2026-02-09 11:00:00+00:00,0.013416019268333912,0.013455966487526894,0.013340172357857227,0.013340172357857227,87056
2026-02-09 11:15:00+00:00,0.013422592543065548,0.013422592543065548,0.01336937490850687,0.013403664343059063,77716
2026-02-09 11:30:00+00:00,0.013424509204924107,0.013452671468257904,0.013422182761132717,0.013422182761132717,80080
2026-02-09 11:45:00+00:00,0.013316233642399311,0.013430561870336533,0.013316233642399311,0.013430561870336533,0
2026-02-09 12:00:00+00:00,0.013402758166193962,0.013402758166193962,0.013318197801709175,0.013319671154022217,29048
2026-02-09 12:15:00+00:00,0.01348956674337387,0.013493766076862812,0.013401815667748451,0.013401815667748451,71912
2026-02-09 12:30:00+00:00,0.013478848151862621,0.013491179794073105,0.013445974327623844,0.013491179794073105,8340
2026-02-09 12:45:00+00:00,0.013490079902112484,0.01349477656185627,0.013460095971822739,0.013479079119861126,0
2026-02-09 13:00:00+00:00,0.013495971448719501,0.01350328791886568,0.013384934514760971,0.013490334153175354,193480
2026-02-09 13:15:00+00:00,0.01359428558498621,0.013627965934574604,0.01348215714097023,0.01348961517214775,143552
2026-02-09 13:30:00+00:00,0.013409760780632496,0.013591829687356949,0.013409760780632496,0.013591829687356949,104128
2026-02-09 13:45:00+00:00,0.013227654621005058,0.01340814121067524,0.01322475541383028,0.01340814121067524,169932
2026-02-09 14:00:00+00:00,0.013173114508390427,0.013273367658257484,0.013139563612639904,0.013226673938333988,0
2026-02-09 14:15:00+00:00,0.013192908838391304,0.013193314895033836,0.013138004578649998,0.013161365874111652,0
2026-02-09 14:30:00+00:00,0.013460719026625156,0.013460719026625156,0.013179237022995949,0.01319295633584261,0
2026-02-09 14:45:00+00:00,0.013522082939743996,0.013522118330001831,0.013466417789459229,0.013466417789459229,0
2026-02-09 15:00:00+00:00,0.013505575247108936,0.013610968366265297,0.013502301648259163,0.013524912297725677,0
2026-02-09 15:15:00+00:00,0.013412038795650005,0.013528191484510899,0.013406314887106419,0.013505440205335617,34660
2026-02-09 15:30:00+00:00,0.013781276531517506,0.013781276531517506,0.0134065430611372,0.0134065430611372,132996
2026-02-09 15:45:00+00:00,0.013680323027074337,0.013794222846627235,0.013680323027074337,0.013794222846627235,76484
2026-02-09 16:00:00+00:00,0.013484540395438671,0.013685686513781548,0.013484540395438671,0.013685686513781548,0
2026-02-09 16:15:00+00:00,0.013418914750218391,0.013485029339790344,0.01338351983577013,0.013485029339790344,325848
2026-02-09 16:30:00+00:00,0.013385152444243431,0.01342818047851324,0.01334892213344574,0.013426092453300953,0
2026-02-09 16:45:00+00:00,0.013454570434987545,0.013516166247427464,0.013397222384810448,0.013397222384810448,79436
2026-02-09 17:00:00+00:00,0.013423696160316467,0.013496564701199532,0.013423696160316467,0.01344846747815609,0
2026-02-09 17:15:00+00:00,0.013453003950417042,0.013469241559505463,0.013422911986708641,0.013429557904601097,0
2026-02-09 17:30:00+00:00,0.013608310371637344,0.013623066246509552,0.013423287309706211,0.013445360586047173,131764
2026-02-09 17:45:00+00:00,0.01349173579365015,0.013643291778862476,0.01349173579365015,0.013643291778862476,0
2026-02-09 18:00:00+00:00,0.013434230349957943,0.013513429090380669,0.013434230349957943,0.013495362363755703,0
2026-02-09 18:15:00+00:00,0.013341731391847134,0.013434178195893764,0.013341731391847134,0.013434178195893764,0
2026-02-09 18:30:00+00:00,0.013382995501160622,0.01343750860542059,0.013336935080587864,0.01334242895245552,0
2026-02-09 18:45:00+00:00,0.01338918600231409,0.013406655751168728,0.013374462723731995,0.01337941363453865,0
2026-02-09 19:00:00+00:00,0.013412142172455788,0.013417999260127544,0.01338911522179842,0.01338911522179842,0
2026-02-09 19:15:00+00:00,0.013425267301499844,0.013442914001643658,0.013411623425781727,0.013411623425781727,0
2026-02-09 19:30:00+00:00,0.013478298671543598,0.01348317414522171,0.013418003916740417,0.013418003916740417,0
2026-02-09 19:45:00+00:00,0.013463706709444523,0.013485106639564037,0.013443808071315289,0.0134808998554945,0
2026-02-09 20:00:00+00:00,0.013402140699326992,0.013448156416416168,0.013370002619922161,0.013448156416416168,0
2026-02-09 20:15:00+00:00,0.01317495759576559,0.013403461314737797,0.013173287734389305,0.013403461314737797,0
2026-02-09 20:30:00+00:00,0.01335260458290577,0.01335260458290577,0.013179273344576359,0.013179273344576359,0
2026-02-09 20:45:00+00:00,0.013363768346607685,0.01339736394584179,0.0133319441229105,0.013334273360669613,0
2026-02-09 21:00:00+00:00,0.013293638825416565,0.01336613204330206,0.013293638825416565,0.01336613204330206,0
2026-02-09 21:15:00+00:00,0.01328404899686575,0.013292953372001648,0.013258105143904686,0.013292953372001648,0
2026-02-09 21:30:00+00:00,0.013224225491285324,0.013283920474350452,0.013179583474993706,0.01327130664139986,0
2026-02-09 21:45:00+00:00,0.013386177830398083,0.013386177830398083,0.013211882673203945,0.013227882795035839,0
2026-02-09 22:00:00+00:00,0.01343789603561163,0.013440956361591816,0.013389662839472294,0.013389662839472294,0
2026-02-09 22:15:00+00:00,0.013473938219249249,0.01348128542304039,0.013441838324069977,0.013441838324069977,0
2026-02-09 22:30:00+00:00,0.0134591618552804,0.013487741351127625,0.013433975167572498,0.013457748107612133,0
2026-02-09 22:45:00+00:00,0.013509418815374374,0.013516945764422417,0.013467179611325264,0.013467179611325264,0
2026-02-09 23:00:00+00:00,0.013563008047640324,0.013563008047640324,0.013518360443413258,0.013520242646336555,0
2026-02-09 23:15:00+00:00,0.013590443879365921,0.013608003035187721,0.013556292280554771,0.013556292280554771,0
2026-02-09 23:30:00+00:00,0.013584773056209087,0.0136055713519454,0.013536372222006321,0.013590453192591667,0
2026-02-09 23:45:00+00:00,0.013442827388644218,0.013551916927099228,0.013428582809865475,0.013551916927099228,0
2026-02-10 00:00:00+00:00,0.013484128750860691,0.013484128750860691,0.013446414843201637,0.013446414843201637,0
2026-02-10 00:15:00+00:00,0.013473172672092915,0.013531077653169632,0.013473172672092915,0.013491455465555191,0
2026-02-10 00:30:00+00:00,0.01343697588890791,0.013482504524290562,0.013434178195893764,0.01347047183662653,0
2026-02-10 00:45:00+00:00,0.013487345539033413,0.0135019076988101,0.013436089269816875,0.013436089269816875,0
2026-02-10 01:00:00+00:00,0.013605853542685509,0.013607620261609554,0.01347939670085907,0.013485725037753582,0
2026-02-10 01:15:00+00:00,0.013571308925747871,0.013671159744262695,0.013571308925747871,0.013625229708850384,0
2026-02-10 01:30:00+00:00,0.013717209920287132,0.013732253573834896,0.013574413023889065,0.013574413023889065,130900
2026-02-10 01:45:00+00:00,0.013678480871021748,0.013698513619601727,0.013675462454557419,0.013698513619601727,0
2026-02-10 02:00:00+00:00,0.013717986643314362,0.013717986643314362,0.013627763837575912,0.013693750835955143,87326
2026-02-10 02:15:00+00:00,0.013657789677381516,0.013786290772259235,0.013657789677381516,0.013786290772259235,13558
2026-02-10 02:30:00+00:00,0.013677423819899559,0.013703337870538235,0.013658693060278893,0.013658693060278893,13126
2026-02-10 02:45:00+00:00,0.013693448156118393,0.013708467595279217,0.013676226139068604,0.013678264804184437,0
2026-02-10 03:00:00+00:00,0.013454152271151543,0.013682867400348186,0.013454152271151543,0.013682867400348186,732
2026-02-10 03:15:00+00:00,0.013308946043252945,0.013449537567794323,0.013306565582752228,0.013449537567794323,96778
2026-02-10 03:30:00+00:00,0.013258439488708973,0.013308020308613777,0.013239135965704918,0.013308020308613777,47746
2026-02-10 03:45:00+00:00,0.013268684037029743,0.013268684037029743,0.013243979774415493,0.013257335871458054,328
2026-02-10 04:00:00+00:00,0.013373537920415401,0.013375654816627502,0.013276875019073486,0.013276875019073486,26624
2026-02-10 04:15:00+00:00,0.01343589834868908,0.013438409194350243,0.013376845046877861,0.013376845046877861,11376
2026-02-10 04:30:00+00:00,0.013363184407353401,0.01345072966068983,0.013363184407353401,0.013441353105008602,0
2026-02-10 04:45:00+00:00,0.013422149233520031,0.013425812125205994,0.01336454413831234,0.01336454413831234,37326
2026-02-10 05:00:00+00:00,0.013482900336384773,0.01349300891160965,0.013417961075901985,0.013422136195003986,0
2026-02-10 05:15:00+00:00,0.013399558141827583,0.013488266617059708,0.013399558141827583,0.01348639652132988,3896
2026-02-10 05:30:00+00:00,0.013352886773645878,0.01340167224407196,0.013347459957003593,0.01340167224407196,6682
2026-02-10 05:45:00+00:00,0.013259061612188816,0.013332078233361244,0.013237574137747288,0.013332078233361244,812
2026-02-10 06:00:00+00:00,0.013274370692670345,0.013282050378620625,0.013243445195257664,0.013255681842565536,0
2026-02-10 06:15:00+00:00,0.013224217109382153,0.013287394307553768,0.013200451619923115,0.013273613527417183,14042
2026-02-10 06:30:00+00:00,0.0131179578602314,0.013234599493443966,0.0131179578602314,0.013227848336100578,45436
2026-02-10 06:45:00+00:00,0.013032658025622368,0.01310750562697649,0.012996086850762367,0.01310750562697649,166732
2026-02-10 07:00:00+00:00,0.013192061334848404,0.013202313333749771,0.013044471852481365,0.013044471852481365,4242
2026-02-10 07:15:00+00:00,0.013171733357012272,0.013185065239667892,0.013127130456268787,0.01316971704363823,0
2026-02-10 07:30:00+00:00,0.01311439462006092,0.013188301585614681,0.013112884014844894,0.013161128386855125,0
2026-02-10 07:45:00+00:00,0.013143426738679409,0.013143426738679409,0.013091422617435455,0.013114267028868198,12858
2026-02-10 08:00:00+00:00,0.013097129762172699,0.013143685646355152,0.013097129762172699,0.013143685646355152,0
2026-02-10 08:15:00+00:00,0.01311213243752718,0.01311213243752718,0.013063195161521435,0.013094729743897915,21702
2026-02-10 08:30:00+00:00,0.01306795235723257,0.013108424842357635,0.013047942891716957,0.013108424842357635,0
2026-02-10 08:45:00+00:00,0.013189435936510563,0.013189435936510563,0.013079994358122349,0.013079994358122349,10004
2026-02-10 09:00:00+00:00,0.013118949718773365,0.013192673213779926,0.013118949718773365,0.013184151612222195,14937
2026-02-10 09:15:00+00:00,0.013172958046197891,0.013178246095776558,0.013102088123559952,0.013117488473653793,0
2026-02-10 09:30:00+00:00,0.01312975026667118,0.013154429383575916,0.013114659115672112,0.013154351152479649,0
2026-02-10 09:45:00+00:00,0.01307760551571846,0.013156464323401451,0.01307760551571846,0.013132679276168346,31599
2026-02-10 10:00:00+00:00,0.013083532452583313,0.013087160885334015,0.013076134957373142,0.013076776638627052,10718
2026-02-10 10:15:00+00:00,0.013126599602401257,0.013126599602401257,0.01306754257529974,0.01308146957308054,15847
2026-02-10 10:30:00+00:00,0.013054250739514828,0.013139094226062298,0.013051639311015606,0.013135839253664017,0
2026-02-10 10:45:00+00:00,0.012983585707843304,0.013054969720542431,0.012978358194231987,0.013054969720542431,0
2026-02-10 11:00:00+00:00,0.012920159846544266,0.012981653213500977,0.01291937567293644,0.012981653213500977,40729
2026-02-10 11:15:00+00:00,0.012945861555635929,0.012955889105796814,0.01291473675519228,0.012919035740196705,0
2026-02-10 11:30:00+00:00,0.012879341840744019,0.012953636236488819,0.012879341840744019,0.012944397516548634,0
2026-02-10 11:45:00+00:00,0.012827369384467602,0.012882486917078495,0.012823039665818214,0.012870291247963905,16197
2026-02-10 12:00:00+00:00,0.012856624089181423,0.012887364253401756,0.012836094945669174,0.012836094945669174,34874
2026-02-10 12:15:00+00:00,0.012905827723443508,0.0129084512591362,0.012831611558794975,0.012856736779212952,29725
2026-02-10 12:30:00+00:00,0.012898273766040802,0.012913534417748451,0.01286854688078165,0.012902860529720783,0
2026-02-10 12:45:00+00:00,0.01288773212581873,0.012904360890388489,0.01288773212581873,0.012897409498691559,0
2026-02-10 13:00:00+00:00,0.012831800617277622,0.012891131453216076,0.012826978228986263,0.012888290919363499,0
2026-02-10 13:15:00+00:00,0.012879430316388607,0.012889922596514225,0.012843863107264042,0.01284613087773323,0
2026-02-10 13:30:00+00:00,0.012870239093899727,0.0129496855661273,0.01286761648952961,0.01288339588791132,78231
2026-02-10 13:45:00+00:00,0.012951036915183067,0.012951036915183067,0.012874172069132328,0.012874172069132328,0
2026-02-10 14:00:00+00:00,0.01298664603382349,0.013032429851591587,0.012952771969139576,0.012952771969139576,109286
2026-02-10 14:15:00+00:00,0.012996561825275421,0.013027917593717575,0.012980377301573753,0.012980377301573753,7796
2026-02-10 14:30:00+00:00,0.01286684162914753,0.013015125878155231,0.01286684162914753,0.013001736253499985,0
2026-02-10 14:45:00+00:00,0.012987373396754265,0.012987373396754265,0.012875987216830254,0.012903481721878052,0
2026-02-10 15:00:00+00:00,0.013088438659906387,0.013121876865625381,0.012978806160390377,0.012988708913326263,0
2026-02-10 15:15:00+00:00,0.013085548765957355,0.01310359500348568,0.013055065646767616,0.01307368278503418,220110
2026-02-10 15:30:00+00:00,0.013127691112458706,0.013182401657104492,0.013087174855172634,0.013087174855172634,87665
2026-02-10 15:45:00+00:00,0.013033166527748108,0.013130901381373405,0.013027552515268326,0.013130901381373405,0
2026-02-10 16:00:00+00:00,0.013030383735895157,0.013048665598034859,0.012973910197615623,0.013033650815486908,35432
2026-02-10 16:15:00+00:00,0.013011675328016281,0.013115880079567432,0.01301155798137188,0.013115880079567432,0
2026-02-10 16:30:00+00:00,0.012983925640583038,0.01301242783665657,0.01295396126806736,0.01301242783665657,4790
2026-02-10 16:45:00+00:00,0.012860529124736786,0.0129762664437294,0.012833048589527607,0.0129762664437294,0
2026-02-10 17:00:00+00:00,0.012837524525821209,0.01286569144576788,0.012824902310967445,0.01286569144576788,84783
2026-02-10 17:15:00+00:00,0.012826547026634216,0.012848149053752422,0.012798857875168324,0.01281262468546629,55313
2026-02-10 17:30:00+00:00,0.012867681682109833,0.012867681682109833,0.012789921835064888,0.012793712317943573,28514
2026-02-10 17:45:00+00:00,0.01277698390185833,0.012860668823122978,0.012773033231496811,0.012860439717769623,133218
2026-02-10 18:00:00+00:00,0.012699470855295658,0.012827162630856037,0.012699470855295658,0.012827162630856037,28711
2026-02-10 18:15:00+00:00,0.01264210231602192,0.01273544505238533,0.012634407728910446,0.012699117884039879,107343
2026-02-10 18:30:00+00:00,0.012624275870621204,0.012657316401600838,0.012624275870621204,0.012643811292946339,75256
2026-02-10 18:45:00+00:00,0.012622238136827946,0.01262667030096054,0.012560737319290638,0.01262667030096054,99829
2026-02-10 19:00:00+00:00,0.012652079574763775,0.012672641314566135,0.01261927094310522,0.012620560824871063,66223
2026-02-10 19:15:00+00:00,0.01258344016969204,0.012657754123210907,0.01258331723511219,0.012654950842261314,61562
2026-02-10 19:30:00+00:00,0.012739216908812523,0.012751705013215542,0.012581735849380493,0.012581735849380493,139135
2026-02-10 19:45:00+00:00,0.012759764678776264,0.012759764678776264,0.012722600251436234,0.012731995433568954,83362
2026-02-10 20:00:00+00:00,0.01276285108178854,0.012768205255270004,0.012724707834422588,0.012765898369252682,9257
2026-02-10 20:15:00+00:00,0.012867189012467861,0.012867189012467861,0.012761631980538368,0.012761631980538368,1005
2026-02-10 20:30:00+00:00,0.01285468228161335,0.012869217433035374,0.012818731367588043,0.012867189012467861,74989
2026-02-10 20:45:00+00:00,0.012876204214990139,0.012907653115689754,0.012858275324106216,0.012858275324106216,52810
2026-02-10 21:00:00+00:00,0.012813609093427658,0.012877516448497772,0.012813609093427658,0.012875339016318321,0
2026-02-10 21:15:00+00:00,0.012763422913849354,0.012816022150218487,0.012763422913849354,0.01280998159199953,15574
2026-02-10 21:30:00+00:00,0.01279531791806221,0.012833325192332268,0.012730748392641544,0.012764298357069492,141972
2026-02-10 21:45:00+00:00,0.012822207063436508,0.012864906340837479,0.01279911957681179,0.01279911957681179,73758
2026-02-10 22:00:00+00:00,0.012769993394613266,0.012803916819393635,0.012760908342897892,0.012798639945685863,0
2026-02-10 22:15:00+00:00,0.012708999216556549,0.012762549333274364,0.012681161984801292,0.012762549333274364,85555
2026-02-10 22:30:00+00:00,0.012900427915155888,0.012900427915155888,0.012734003365039825,0.012734003365039825,83616
2026-02-10 22:45:00+00:00,0.012857887893915176,0.012925718910992146,0.01283147744834423,0.012925718910992146,51855
2026-02-10 23:00:00+00:00,0.012881605885922909,0.012905288487672806,0.012848607264459133,0.01286198478192091,109414
2026-02-10 23:15:00+00:00,0.012889111414551735,0.012913703918457031,0.012882658280432224,0.012882658280432224,0
2026-02-10 23:30:00+00:00,0.012807299382984638,0.01288342010229826,0.012807299382984638,0.01288342010229826,0
2026-02-10 23:45:00+00:00,0.012787711806595325,0.012839184142649174,0.012787711806595325,0.012825198471546173,0
2026-02-11 00:00:00+00:00,0.012833848595619202,0.012833848595619202,0.012776613235473633,0.01278890110552311,21348
2026-02-11 00:15:00+00:00,0.01289255078881979,0.01289297267794609,0.012833534739911556,0.012833534739911556,215898
2026-02-11 00:30:00+00:00,0.012806939892470837,0.012897402048110962,0.012806939892470837,0.012893514707684517,22294
2026-02-11 00:45:00+00:00,0.012918109074234962,0.012918109074234962,0.012807435356080532,0.012807435356080532,41143
2026-02-11 01:00:00+00:00,0.013001582585275173,0.013036484830081463,0.012906546704471111,0.012920591980218887,394939
2026-02-11 01:15:00+00:00,0.012998807244002819,0.013012481853365898,0.012962380424141884,0.012999409809708595,31392
2026-02-11 01:30:00+00:00,0.012947050854563713,0.012999015860259533,0.012947050854563713,0.012999015860259533,0
2026-02-11 01:45:00+00:00,0.012948567979037762,0.012964450754225254,0.012932327575981617,0.012958871200680733,0
2026-02-11 02:00:00+00:00,0.013011526316404343,0.013030176050961018,0.012949404306709766,0.012949404306709766,0
2026-02-11 02:15:00+00:00,0.013134170323610306,0.013137748464941978,0.013020088896155357,0.013020088896155357,87643
2026-02-11 02:30:00+00:00,0.013456487096846104,0.013571414165198803,0.013130796141922474,0.01313555147498846,1178092
2026-02-11 02:45:00+00:00,0.013311248272657394,0.013473089784383774,0.013305001892149448,0.013473089784383774,68755
2026-02-11 03:00:00+00:00,0.013225123286247253,0.013312213122844696,0.013224413618445396,0.013312213122844696,100972
2026-02-11 03:15:00+00:00,0.013114654459059238,0.013213329948484898,0.013050890527665615,0.013213329948484898,86639
2026-02-11 03:30:00+00:00,0.013086621649563313,0.013108523562550545,0.013081411831080914,0.013108523562550545,0
2026-02-11 03:45:00+00:00,0.013039221055805683,0.013086408376693726,0.012975395657122135,0.013086408376693726,1158
2026-02-11 04:00:00+00:00,0.013083169236779213,0.013092235662043095,0.013038656674325466,0.013038656674325466,70982
2026-02-11 04:15:00+00:00,0.013045077212154865,0.013084477744996548,0.013028917834162712,0.013083169236779213,43897
2026-02-11 04:30:00+00:00,0.012999804690480232,0.013045888394117355,0.012999804690480232,0.013045888394117355,89924
2026-02-11 04:45:00+00:00,0.012981940060853958,0.013032946735620499,0.012978854589164257,0.012993143871426582,7396
2026-02-11 05:00:00+00:00,0.013012549839913845,0.013053775765001774,0.012974455021321774,0.012974455021321774,108461
2026-02-11 05:15:00+00:00,0.012933207675814629,0.013010173104703426,0.012933207675814629,0.013010173104703426,44906
2026-02-11 05:30:00+00:00,0.01282121054828167,0.012915161438286304,0.01282121054828167,0.012915161438286304,50185
2026-02-11 05:45:00+00:00,0.01283388864248991,0.012840834446251392,0.012797300703823566,0.012816794216632843,22509
2026-02-11 06:00:00+00:00,0.012736858800053596,0.01282996591180563,0.012736858800053596,0.01282996591180563,32117
2026-02-11 06:15:00+00:00,0.012701510451734066,0.012726850807666779,0.012673660181462765,0.012726850807666779,87999
2026-02-11 06:30:00+00:00,0.012632672674953938,0.012706626206636429,0.012632672674953938,0.012695809826254845,24972
2026-02-11 06:45:00+00:00,0.012517761439085007,0.012610016390681267,0.012492907233536243,0.012610016390681267,37113
2026-02-11 07:00:00+00:00,0.012431013397872448,0.012525031343102455,0.012431013397872448,0.012516704387962818,107196
2026-02-11 07:15:00+00:00,0.01252853311598301,0.01252853311598301,0.012446091510355473,0.012446091510355473,91650
2026-02-11 07:30:00+00:00,0.012669652700424194,0.012682109139859676,0.012536555528640747,0.012536555528640747,76283
2026-02-11 07:45:00+00:00,0.012709393166005611,0.012737909331917763,0.012670774944126606,0.012670774944126606,30790
2026-02-11 08:00:00+00:00,0.012678301893174648,0.01270230021327734,0.012676527723670006,0.012699488550424576,8925
2026-02-11 08:15:00+00:00,0.012631877325475216,0.012683159671723843,0.012631877325475216,0.012683159671723843,0
2026-02-11 08:30:00+00:00,0.012631049379706383,0.012675167061388493,0.012631049379706383,0.012631712481379509,28189
2026-02-11 08:45:00+00:00,0.012546508572995663,0.012645727954804897,0.012539147399365902,0.012628696858882904,452101
2026-02-11 09:00:00+00:00,0.012594775296747684,0.012642652727663517,0.012570208869874477,0.012578370049595833,54937
2026-02-11 09:15:00+00:00,0.01269293949007988,0.012694809585809708,0.012575238943099976,0.012595622800290585,230211
2026-02-11 09:30:00+00:00,0.012694391421973705,0.012711687944829464,0.0126906493678689,0.012696132995188236,72994
2026-02-11 09:45:00+00:00,0.01282606739550829,0.01282606739550829,0.012646147981286049,0.012686551548540592,223331
2026-02-11 10:00:00+00:00,0.012788018211722374,0.012852123938500881,0.012752488255500793,0.012833289802074432,182527
2026-02-11 10:15:00+00:00,0.012742324732244015,0.01278594695031643,0.012742324732244015,0.01278594695031643,39352
2026-02-11 10:30:00+00:00,0.012668217532336712,0.012753891758620739,0.012668217532336712,0.012749417684972286,23674
2026-02-11 10:45:00+00:00,0.012517658062279224,0.012658576481044292,0.012510542757809162,0.012658576481044292,239398
2026-02-11 11:00:00+00:00,0.012533677741885185,0.012546918354928493,0.012522378005087376,0.012522378005087376,34190
2026-02-11 11:15:00+00:00,0.012593022547662258,0.012593219056725502,0.012520301155745983,0.012533328495919704,49064
2026-02-11 11:30:00+00:00,0.012708590365946293,0.012708590365946293,0.012607235461473465,0.012607235461473465,106883
2026-02-11 11:45:00+00:00,0.012783742509782314,0.012783742509782314,0.012698340229690075,0.012707837857306004,4346
2026-02-11 12:00:00+00:00,0.01275160163640976,0.012776602990925312,0.012730262242257595,0.012776602990925312,0
2026-02-11 12:15:00+00:00,0.012817630544304848,0.012817630544304848,0.01273523923009634,0.01275076624006033,0
2026-02-11 12:30:00+00:00,0.0127872284501791,0.01281873881816864,0.0127872284501791,0.012817350216209888,6411
2026-02-11 12:45:00+00:00,0.012776436284184456,0.012781462632119656,0.01271111611276865,0.012781462632119656,11773
2026-02-11 13:00:00+00:00,0.012913077138364315,0.012942671775817871,0.012785530649125576,0.012785530649125576,102308
2026-02-11 13:15:00+00:00,0.01290168333798647,0.012918747030198574,0.01286656130105257,0.012912002392113209,56251
2026-02-11 13:30:00+00:00,0.012928077951073647,0.012993737123906612,0.012891585938632488,0.012891585938632488,195984
2026-02-11 13:45:00+00:00,0.01293330267071724,0.01293330267071724,0.012895368039608002,0.012926015071570873,18176
2026-02-11 14:00:00+00:00,0.012992450036108494,0.013015485368669033,0.012938532046973705,0.012939086183905602,61560
2026-02-11 14:15:00+00:00,0.012966789305210114,0.013075816445052624,0.012960033491253853,0.012989350594580173,58900
2026-02-11 14:30:00+00:00,0.012834698893129826,0.012964148074388504,0.012830859050154686,0.012959725223481655,326
2026-02-11 14:45:00+00:00,0.012811333872377872,0.012877767905592918,0.012811333872377872,0.012850501574575901,74909
2026-02-11 15:00:00+00:00,0.0125962533056736,0.012807909399271011,0.0125962533056736,0.012807909399271011,87438
2026-02-11 15:15:00+00:00,0.012683738023042679,0.012719920836389065,0.012590793892741203,0.012603050097823143,77236
2026-02-11 15:30:00+00:00,0.012719844467937946,0.012773650698363781,0.012685301713645458,0.012685301713645458,0
2026-02-11 15:45:00+00:00,0.01271924376487732,0.012750595808029175,0.012669555842876434,0.012731874361634254,22752
2026-02-11 16:00:00+00:00,0.012701363302767277,0.012717857956886292,0.012669883668422699,0.012717857956886292,0
2026-02-11 16:15:00+00:00,0.012737455777823925,0.012799600139260292,0.012690067291259766,0.01270352117717266,180715
2026-02-11 16:30:00+00:00,0.01257326453924179,0.012729601003229618,0.012537806294858456,0.012729601003229618,152694
2026-02-11 16:45:00+00:00,0.012506701052188873,0.012568574398756027,0.012501767836511135,0.012568574398756027,15840
2026-02-11 17:00:00+00:00,0.01250703539699316,0.01250703539699316,0.012423043139278889,0.012500515207648277,12593
2026-02-11 17:15:00+00:00,0.012678874656558037,0.012678874656558037,0.01249674055725336,0.012500405311584473,80746
2026-02-11 17:30:00+00:00,0.01277315802872181,0.012807469815015793,0.012684323824942112,0.012684323824942112,17876
2026-02-11 17:45:00+00:00,0.012710193172097206,0.012760059908032417,0.012710193172097206,0.012760059908032417,0
2026-02-11 18:00:00+00:00,0.012638499960303307,0.01269436627626419,0.01263523194938898,0.01269436627626419,0
2026-02-11 18:15:00+00:00,0.01285550743341446,0.01285550743341446,0.012636329047381878,0.012636329047381878,98601
2026-02-11 18:30:00+00:00,0.012830157764256,0.012870837934315205,0.01275460235774517,0.012852190062403679,0
2026-02-11 18:45:00+00:00,0.01282474771142006,0.012846877798438072,0.012815339490771294,0.012828066945075989,568
2026-02-11 19:00:00+00:00,0.01301983930170536,0.013025530613958836,0.01281705591827631,0.01282800454646349,184779
2026-02-11 19:15:00+00:00,0.012945447117090225,0.013031566515564919,0.012945447117090225,0.013024164363741875,23077
2026-02-11 19:30:00+00:00,0.012993363663554192,0.013011145405471325,0.012924322858452797,0.01294539961963892,47438
2026-02-11 19:45:00+00:00,0.012895814143121243,0.012991889379918575,0.012883694842457771,0.012991889379918575,29828
2026-02-11 20:00:00+00:00,0.012967236340045929,0.012968492694199085,0.01289614848792553,0.01289614848792553,92996
2026-02-11 20:15:00+00:00,0.012817101553082466,0.012972034513950348,0.012817101553082466,0.012968767434358597,36108
2026-02-11 20:30:00+00:00,0.012860235758125782,0.012867137789726257,0.012818778865039349,0.012818778865039349,0
2026-02-11 20:45:00+00:00,0.01290505938231945,0.012917774729430676,0.012859145179390907,0.012863487005233765,57024
2026-02-11 21:00:00+00:00,0.01288510300219059,0.012905001640319824,0.012867703102529049,0.012905001640319824,13354
2026-02-11 21:15:00+00:00,0.012889401987195015,0.012890038080513477,0.012823214754462242,0.01288345642387867,18690
2026-02-11 21:30:00+00:00,0.012854919768869877,0.012914965860545635,0.012854919768869877,0.012891407124698162,0
2026-02-11 21:45:00+00:00,0.012846743687987328,0.012870579957962036,0.012831758707761765,0.012856702320277691,0
2026-02-11 22:00:00+00:00,0.01282572466880083,0.012847651727497578,0.012822141870856285,0.012847651727497578,2336
2026-02-11 22:15:00+00:00,0.012756134383380413,0.012838954105973244,0.012756134383380413,0.012828408740460873,0
2026-02-11 22:30:00+00:00,0.012712815776467323,0.012763602659106255,0.01270796824246645,0.012763602659106255,50588
2026-02-11 22:45:00+00:00,0.012681378982961178,0.012711255811154842,0.012681345455348492,0.012711255811154842,15459
2026-02-11 23:00:00+00:00,0.0126198073849082,0.012673778459429741,0.012615993618965149,0.012673778459429741,0
2026-02-11 23:15:00+00:00,0.012442337349057198,0.012634845450520515,0.012442337349057198,0.012634845450520515,179094
2026-02-11 23:30:00+00:00,0.012504410929977894,0.012504410929977894,0.012443909421563148,0.012457725591957569,90452
2026-02-11 23:45:00+00:00,0.01245954167097807,0.012505055405199528,0.01245954167097807,0.012505055405199528,10625
2026-02-12 00:00:00+00:00,0.012560601346194744,0.012591557577252388,0.012464691884815693,0.012464691884815693,26654
2026-02-12 00:15:00+00:00,0.012594826519489288,0.012598933652043343,0.012567410245537758,0.012567410245537758,2397
2026-02-12 00:30:00+00:00,0.012663525529205799,0.012668413110077381,0.012596865184605122,0.012599311769008636,35060
2026-02-12 00:45:00+00:00,0.012616432271897793,0.012671935372054577,0.012610825709998608,0.01266706082969904,0
2026-02-12 01:00:00+00:00,0.012650009244680405,0.012650009244680405,0.012606000527739525,0.012612828984856606,0
2026-02-12 01:15:00+00:00,0.012727385386824608,0.012727385386824608,0.012654650956392288,0.012654650956392288,5872
2026-02-12 01:30:00+00:00,0.012813903391361237,0.012813903391361237,0.012724560685455799,0.012727254070341587,35347
2026-02-12 01:45:00+00:00,0.012740270234644413,0.012811485677957535,0.012730658985674381,0.012811485677957535,2124
2026-02-12 02:00:00+00:00,0.01270937267690897,0.012741980142891407,0.012698285281658173,0.012741980142891407,150
2026-02-12 02:15:00+00:00,0.012723231688141823,0.01272394135594368,0.012698124162852764,0.01270022802054882,0
2026-02-12 02:30:00+00:00,0.012809045612812042,0.01280972920358181,0.012728245928883553,0.012728245928883553,0
2026-02-12 02:45:00+00:00,0.01279478333890438,0.012831060215830803,0.01279478333890438,0.012809005565941334,0
2026-02-12 03:00:00+00:00,0.012799613177776337,0.012807992286980152,0.012791803106665611,0.012793694622814655,0
2026-02-12 03:15:00+00:00,0.012768611311912537,0.01278654020279646,0.01275719702243805,0.012784077785909176,0
2026-02-12 03:30:00+00:00,0.01287537906318903,0.01287537906318903,0.012768947519361973,0.012768947519361973,29127
2026-02-12 03:45:00+00:00,0.012894757091999054,0.012906442396342754,0.01286428701132536,0.012875627726316452,42923
2026-02-12 04:00:00+00:00,0.012833308428525925,0.012894812040030956,0.012823967263102531,0.012894812040030956,0
2026-02-12 04:15:00+00:00,0.012798121199011803,0.012831361033022404,0.0127720907330513,0.012831361033022404,0
2026-02-12 04:30:00+00:00,0.01286584883928299,0.01286584883928299,0.01280299387872219,0.01280299387872219,0
2026-02-12 04:45:00+00:00,0.012788929976522923,0.012865985743701458,0.012788929976522923,0.01286526769399643,0
2026-02-12 05:00:00+00:00,0.012720701284706593,0.012788179330527782,0.012720701284706593,0.012788179330527782,37568
2026-02-12 05:15:00+00:00,0.012687084265053272,0.012695947661995888,0.012651565484702587,0.012695947661995888,4730
2026-02-12 05:30:00+00:00,0.012674493715167046,0.012698045931756496,0.012647531926631927,0.012685718946158886,0
2026-02-12 05:45:00+00:00,0.012691650539636612,0.012691935524344444,0.012634264305233955,0.012682209722697735,40000
2026-02-12 06:00:00+00:00,0.012646054849028587,0.012710070237517357,0.01262607891112566,0.012693817727267742,30884
2026-02-12 06:15:00+00:00,0.01270520593971014,0.01270520593971014,0.012638567946851254,0.012638567946851254,3878
2026-02-12 06:30:00+00:00,0.012836634181439877,0.012836634181439877,0.012697633355855942,0.012697633355855942,315797
2026-02-12 06:45:00+00:00,0.01292023528367281,0.012931590899825096,0.012804116122424603,0.012871615588665009,147593
2026-02-12 07:00:00+00:00,0.013030746020376682,0.013030746020376682,0.012926368974149227,0.012926368974149227,230197
2026-02-12 07:15:00+00:00,0.013016142882406712,0.013026207685470581,0.012967863120138645,0.013026207685470581,30936
2026-02-12 07:30:00+00:00,0.013026108033955097,0.0130690298974514,0.013022837229073048,0.013022837229073048,63497
2026-02-12 07:45:00+00:00,0.013087622821331024,0.013174069114029408,0.012948124669492245,0.012948124669492245,829539
2026-02-12 08:00:00+00:00,0.013034281320869923,0.013096793554723263,0.013034281320869923,0.013082708232104778,215410
2026-02-12 08:15:00+00:00,0.012798698619008064,0.013027790002524853,0.012798698619008064,0.013027790002524853,449059
2026-02-12 08:30:00+00:00,0.012675154954195023,0.012684771791100502,0.012611854821443558,0.012684771791100502,220912
2026-02-12 08:45:00+00:00,0.012717725709080696,0.012717725709080696,0.012678494676947594,0.012678494676947594,34865
2026-02-12 09:00:00+00:00,0.012733141891658306,0.012733141891658306,0.012692785821855068,0.012715754099190235,44944
2026-02-12 09:15:00+00:00,0.012804493308067322,0.012893002480268478,0.012729253619909286,0.012729253619909286,218090
2026-02-12 09:30:00+00:00,0.01292627863585949,0.01294452603906393,0.012818790040910244,0.012818790040910244,19813
2026-02-12 09:45:00+00:00,0.0129564069211483,0.0129564069211483,0.012924197129905224,0.01292731799185276,0
2026-02-12 10:00:00+00:00,0.012995841912925243,0.013009707443416119,0.01296193152666092,0.01296193152666092,29
2026-02-12 10:15:00+00:00,0.012912954203784466,0.012981058098375797,0.012893926352262497,0.012981058098375797,149630
2026-02-12 10:30:00+00:00,0.012930518016219139,0.012930896133184433,0.012912608683109283,0.012917601503431797,49437
2026-02-12 10:45:00+00:00,0.012988350354135036,0.012988350354135036,0.01294510718435049,0.01294510718435049,573847
2026-02-12 11:00:00+00:00,0.012995232827961445,0.012996373698115349,0.012970879673957825,0.012988562695682049,22453
2026-02-12 11:15:00+00:00,0.01306911651045084,0.01306911651045084,0.012964009307324886,0.012964009307324886,45720
2026-02-12 11:30:00+00:00,0.013070122338831425,0.013124162331223488,0.013068913482129574,0.013073524460196495,79621
2026-02-12 11:45:00+00:00,0.01307232491672039,0.013085441663861275,0.01304322388023138,0.01304322388023138,192344
2026-02-12 12:00:00+00:00,0.012865178287029266,0.013069476000964642,0.012865178287029266,0.013069476000964642,119596
2026-02-12 12:15:00+00:00,0.01281361561268568,0.012873498722910881,0.012804845348000526,0.012873498722910881,38933
2026-02-12 12:30:00+00:00,0.012839320115745068,0.01284195575863123,0.012814581394195557,0.012816918082535267,116863
2026-02-12 12:45:00+00:00,0.012842128053307533,0.01290321908891201,0.012831098400056362,0.012846764177083969,65235
2026-02-12 13:00:00+00:00,0.012821272015571594,0.012865292839705944,0.012812524102628231,0.012847941368818283,17450
2026-02-12 13:15:00+00:00,0.012833504006266594,0.012876181863248348,0.01281579677015543,0.012819911353290081,1609
2026-02-12 13:30:00+00:00,0.012857391498982906,0.012899311259388924,0.012832121923565865,0.012832121923565865,0
2026-02-12 13:45:00+00:00,0.012869582511484623,0.012871223501861095,0.012856727465987206,0.012866328470408916,0
2026-02-12 14:00:00+00:00,0.012772362679243088,0.012876528315246105,0.012770136818289757,0.012873126193881035,0
2026-02-12 14:15:00+00:00,0.012778197415173054,0.012786543928086758,0.012763489037752151,0.012763489037752151,5178
2026-02-12 14:30:00+00:00,0.012869365513324738,0.012869713827967644,0.012782604433596134,0.012782604433596134,40842
2026-02-12 14:45:00+00:00,0.01293038297444582,0.01293038297444582,0.012850617989897728,0.012850617989897728,81580
2026-02-12 15:00:00+00:00,0.013027177192270756,0.013056989759206772,0.01293074619024992,0.01293074619024992,208900
2026-02-12 15:15:00+00:00,0.013225546106696129,0.013307295739650726,0.013036040589213371,0.013036040589213371,613312
2026-02-12 15:30:00+00:00,0.01307117659598589,0.013244757428765297,0.013068731874227524,0.013244757428765297,345983
2026-02-12 15:45:00+00:00,0.013033495284616947,0.013070844113826752,0.01301912683993578,0.013070523738861084,45569
2026-02-12 16:00:00+00:00,0.012808105908334255,0.01303728949278593,0.012746777385473251,0.01303728949278593,532297
2026-02-12 16:15:00+00:00,0.012634252198040485,0.012815802358090878,0.012634252198040485,0.012778022326529026,23981
2026-02-12 16:30:00+00:00,0.012645456939935684,0.012649120762944221,0.01253637857735157,0.012632397003471851,41278
2026-02-12 16:45:00+00:00,0.012540827505290508,0.012643604539334774,0.01251318957656622,0.012643604539334774,14538
2026-02-12 17:00:00+00:00,0.012528274208307266,0.012566962279379368,0.01249837689101696,0.012548799626529217,44882
2026-02-12 17:15:00+00:00,0.012689018622040749,0.012689018622040749,0.012536768801510334,0.012536768801510334,92469
2026-02-12 17:30:00+00:00,0.012753751128911972,0.012763265520334244,0.012685292400419712,0.012685292400419712,1341801
2026-02-12 17:45:00+00:00,0.012662540189921856,0.012727473862469196,0.01265084370970726,0.012727473862469196,0
2026-02-12 18:00:00+00:00,0.012773796916007996,0.012773796916007996,0.012658053077757359,0.012661364860832691,27340
2026-02-12 18:15:00+00:00,0.012644683942198753,0.012773765251040459,0.012623386457562447,0.012773765251040459,24697
2026-02-12 18:30:00+00:00,0.012606036849319935,0.012641376815736294,0.012550432235002518,0.012641376815736294,29481
2026-02-12 18:45:00+00:00,0.012600217945873737,0.012626555748283863,0.012597518041729927,0.012603028677403927,8189
2026-02-12 19:00:00+00:00,0.012582384049892426,0.01261358056217432,0.012558362446725368,0.012584490701556206,0
2026-02-12 19:15:00+00:00,0.012839204631745815,0.012839204631745815,0.012619676999747753,0.012619676999747753,121678
2026-02-12 19:30:00+00:00,0.012831342406570911,0.012919132597744465,0.012819505296647549,0.01283729076385498,196167
2026-02-12 19:45:00+00:00,0.012785455211997032,0.012836209498345852,0.012785455211997032,0.012827371247112751,10245
2026-02-12 20:00:00+00:00,0.01267241220921278,0.012786202132701874,0.012667158618569374,0.012786202132701874,0
2026-02-12 20:15:00+00:00,0.012663883157074451,0.0127089349552989,0.012653096579015255,0.012664467096328735,24552
2026-02-12 20:30:00+00:00,0.012558159418404102,0.012664051726460457,0.012558159418404102,0.012664051726460457,139722
2026-02-12 20:45:00+00:00,0.012519435957074165,0.012545895762741566,0.012493557296693325,0.012545895762741566,86812
2026-02-12 21:00:00+00:00,0.012630371376872063,0.012630371376872063,0.01252392865717411,0.01252392865717411,216568
2026-02-12 21:15:00+00:00,0.01259191706776619,0.012646052986383438,0.01259191706776619,0.012629291042685509,4048
2026-02-12 21:30:00+00:00,0.012674338184297085,0.012677331455051899,0.012588861398398876,0.012590611353516579,12070
2026-02-12 21:45:00+00:00,0.01264739315956831,0.0126673374325037,0.01264739315956831,0.012666217051446438,22470
2026-02-12 22:00:00+00:00,0.012623285874724388,0.01266181655228138,0.012623285874724388,0.012643876485526562,103264
2026-02-12 22:15:00+00:00,0.012559781782329082,0.012623182497918606,0.012550914660096169,0.012623182497918606,16044
2026-02-12 22:30:00+00:00,0.012587088160216808,0.012608818709850311,0.012558188289403915,0.012567481026053429,20920
2026-02-12 22:45:00+00:00,0.012721100822091103,0.012721100822091103,0.012590672820806503,0.012590672820806503,25656
2026-02-12 23:00:00+00:00,0.012811892665922642,0.012837708927690983,0.012727172113955021,0.012727172113955021,30870
2026-02-12 23:15:00+00:00,0.0127874119207263,0.012813585810363293,0.012779004871845245,0.012813585810363293,0
2026-02-12 23:30:00+00:00,0.012735121883451939,0.012787333689630032,0.012715990655124187,0.012787333689630032,0
2026-02-12 23:45:00+00:00,0.012769397348165512,0.012769397348165512,0.012733039446175098,0.012733039446175098,24494
2026-02-13 00:00:00+00:00,0.012820431962609291,0.012820431962609291,0.01276446133852005,0.01276446133852005,14695
2026-02-13 00:15:00+00:00,0.012792517431080341,0.012842228636145592,0.012784210033714771,0.012821421027183533,4094
2026-02-13 00:30:00+00:00,0.012702270410954952,0.012786039151251316,0.012693110853433609,0.012786039151251316,9962
2026-02-13 00:45:00+00:00,0.012712212279438972,0.012712212279438972,0.01264469139277935,0.012681265361607075,10440
2026-02-13 01:00:00+00:00,0.012777389027178288,0.01277903188019991,0.012715226039290428,0.012717853300273418,23288
2026-02-13 01:15:00+00:00,0.012709527276456356,0.012772811576724052,0.012709527276456356,0.012772811576724052,0
2026-02-13 01:30:00+00:00,0.012716245837509632,0.012723050080239773,0.012688422575592995,0.012704470194876194,124715
2026-02-13 01:45:00+00:00,0.012649250216782093,0.012724255211651325,0.012647867202758789,0.012716429308056831,9158
2026-02-13 02:00:00+00:00,0.012698892503976822,0.012698892503976822,0.012651987373828888,0.012651987373828888,33041
2026-02-13 02:15:00+00:00,0.012596656568348408,0.012674051336944103,0.012581600807607174,0.012671694159507751,29527
2026-02-13 02:30:00+00:00,0.012560705654323101,0.012594827450811863,0.012551275081932545,0.012594827450811863,25364
2026-02-13 02:45:00+00:00,0.012613840401172638,0.012613896280527115,0.012568585574626923,0.012568585574626923,32298
2026-02-13 03:00:00+00:00,0.012559426948428154,0.012609544210135937,0.012559426948428154,0.012609544210135937,3757
2026-02-13 03:15:00+00:00,0.012613966129720211,0.012613966129720211,0.012552452273666859,0.012556524015963078,39273
2026-02-13 03:30:00+00:00,0.012667354196310043,0.012667865492403507,0.01261278335005045,0.01261278335005045,13625
2026-02-13 03:45:00+00:00,0.012591693550348282,0.012673357501626015,0.012591693550348282,0.012673357501626015,0
2026-02-13 04:00:00+00:00,0.012523708865046501,0.012592403218150139,0.012504142709076405,0.012590753845870495,41005
2026-02-13 04:15:00+00:00,0.012494506314396858,0.012547007761895657,0.012494506314396858,0.012519379146397114,25050
2026-02-13 04:30:00+00:00,0.01242171972990036,0.012495201081037521,0.01242171972990036,0.012495201081037521,23021
2026-02-13 04:45:00+00:00,0.012464498169720173,0.012469618581235409,0.012420406565070152,0.012420406565070152,24854
2026-02-13 05:00:00+00:00,0.012371391989290714,0.012457371689379215,0.012352384626865387,0.012457371689379215,66939
2026-02-13 05:15:00+00:00,0.012322521768510342,0.01239099819213152,0.012322521768510342,0.012364950031042099,81018
2026-02-13 05:30:00+00:00,0.01228264905512333,0.012323813512921333,0.012273470871150494,0.012323813512921333,118147
2026-02-13 05:45:00+00:00,0.012284933589398861,0.01230861246585846,0.012264873832464218,0.012286868877708912,62302
2026-02-13 06:00:00+00:00,0.01231872383505106,0.01232622005045414,0.012268158607184887,0.012283187359571457,23634
2026-02-13 06:15:00+00:00,0.012239033356308937,0.012321338057518005,0.012239033356308937,0.012321338057518005,0
2026-02-13 06:30:00+00:00,0.012233490124344826,0.01224896777421236,0.012163139879703522,0.012242300435900688,0
2026-02-13 06:45:00+00:00,0.012386416085064411,0.012386416085064411,0.012235485948622227,0.012235485948622227,0
2026-02-13 07:00:00+00:00,0.012443441897630692,0.012443441897630692,0.012386305257678032,0.012386305257678032,0
2026-02-13 07:15:00+00:00,0.012461256235837936,0.01246489305049181,0.01245066523551941,0.01245066523551941,0
2026-02-13 07:30:00+00:00,0.012413629330694675,0.012462346814572811,0.012412697076797485,0.012462346814572811,20705
2026-02-13 07:45:00+00:00,0.012363183312118053,0.012412703596055508,0.01235833391547203,0.012412703596055508,0
2026-02-13 08:00:00+00:00,0.012332884594798088,0.012364069931209087,0.012326073832809925,0.012364069931209087,0
2026-02-13 08:15:00+00:00,0.012385902926325798,0.012385902926325798,0.012315662577748299,0.012332073412835598,0
2026-02-13 08:30:00+00:00,0.012523741461336613,0.012539838440716267,0.012382512912154198,0.012382512912154198,0
2026-02-13 08:45:00+00:00,0.012521558441221714,0.012556897476315498,0.012505797669291496,0.012526275590062141,1388
2026-02-13 09:00:00+00:00,0.012483242899179459,0.012520263902842999,0.012483242899179459,0.012520263902842999,0
2026-02-13 09:15:00+00:00,0.012443292886018753,0.01246039941906929,0.012436346150934696,0.01246039941906929,0
2026-02-13 09:30:00+00:00,0.012410970404744148,0.012456705793738365,0.012410970404744148,0.012442332692444324,37300
2026-02-13 09:45:00+00:00,0.01249446626752615,0.01249446626752615,0.012415027245879173,0.012415027245879173,48755
2026-02-13 10:00:00+00:00,0.012489072047173977,0.01250468473881483,0.012489072047173977,0.012494021095335484,0
2026-02-13 10:15:00+00:00,0.012483815662562847,0.012483815662562847,0.012469740584492683,0.0124707305803895,0
2026-02-13 10:30:00+00:00,0.012496610172092915,0.012496610172092915,0.01248260773718357,0.01248260773718357,0
2026-02-13 10:45:00+00:00,0.012493676505982876,0.01252046599984169,0.012493676505982876,0.012496775947511196,0
2026-02-13 11:00:00+00:00,0.01241826917976141,0.012489836663007736,0.012416709214448929,0.012489836663007736,93412
2026-02-13 11:15:00+00:00,0.012376682832837105,0.012420054525136948,0.012375803664326668,0.012420054525136948,13341
2026-02-13 11:30:00+00:00,0.012360402382910252,0.012381639331579208,0.012356897816061974,0.012381639331579208,0
2026-02-13 11:45:00+00:00,0.012345805764198303,0.012360785156488419,0.012345134280622005,0.012360155582427979,0
2026-02-13 12:00:00+00:00,0.012273787520825863,0.012346007861196995,0.012263228185474873,0.012346007861196995,0
2026-02-13 12:15:00+00:00,0.012296071276068687,0.012296071276068687,0.012265686877071857,0.012273854576051235,0
2026-02-13 12:30:00+00:00,0.012296278961002827,0.012314053252339363,0.01229590643197298,0.01229590643197298,0
2026-02-13 12:45:00+00:00,0.012307506985962391,0.012311864644289017,0.012281703762710094,0.012295599095523357,0
2026-02-13 13:00:00+00:00,0.012327630072832108,0.012337583117187023,0.01230335421860218,0.012304790318012238,15734
2026-02-13 13:15:00+00:00,0.012389041483402252,0.012389041483402252,0.012308334931731224,0.012324568815529346,67876
2026-02-13 13:30:00+00:00,0.012425157241523266,0.012442260980606079,0.01239224523305893,0.01239224523305893,69242
2026-02-13 13:45:00+00:00,0.012447514571249485,0.012452184222638607,0.012400282546877861,0.012423491105437279,32859
2026-02-13 14:00:00+00:00,0.012405683286488056,0.012454099021852016,0.012374427169561386,0.012454099021852016,13683
2026-02-13 14:15:00+00:00,0.012431662529706955,0.012431662529706955,0.012391525320708752,0.012391525320708752,29278
2026-02-13 14:30:00+00:00,0.012426722794771194,0.012562955729663372,0.012416929937899113,0.012434519827365875,64863
2026-02-13 14:45:00+00:00,0.012516639195382595,0.012571610510349274,0.012433037161827087,0.012433037161827087,123835
2026-02-13 15:00:00+00:00,0.012732445262372494,0.012762995436787605,0.012544503435492516,0.012546461075544357,106101
2026-02-13 15:15:00+00:00,0.012787082232534885,0.012804160825908184,0.012731668539345264,0.012731668539345264,94066
2026-02-13 15:30:00+00:00,0.012767322361469269,0.012827637605369091,0.012767322361469269,0.012803835794329643,2647
2026-02-13 15:45:00+00:00,0.012704730033874512,0.012752971611917019,0.012634307146072388,0.012752971611917019,439980
2026-02-13 16:00:00+00:00,0.01277004275470972,0.012789636850357056,0.012700672261416912,0.012700672261416912,0
2026-02-13 16:15:00+00:00,0.012723109684884548,0.012759796343743801,0.012645775452256203,0.012759796343743801,217337
2026-02-13 16:30:00+00:00,0.012827600352466106,0.012827600352466106,0.012728691101074219,0.012728691101074219,0
2026-02-13 16:45:00+00:00,0.013010929338634014,0.013022653758525848,0.012817236594855785,0.012823835015296936,729548
2026-02-13 17:00:00+00:00,0.012926094233989716,0.013022314757108688,0.012924146838486195,0.013012207113206387,224557
2026-02-13 17:15:00+00:00,0.0129464790225029,0.012960651889443398,0.012924346141517162,0.012935798615217209,0
2026-02-13 17:30:00+00:00,0.012969900853931904,0.012981023639440536,0.012943628244102001,0.012944603338837624,0
2026-02-13 17:45:00+00:00,0.012896056286990643,0.012965673580765724,0.012896056286990643,0.012965673580765724,27110
2026-02-13 18:00:00+00:00,0.012807359918951988,0.012895205058157444,0.012805758975446224,0.012895205058157444,104627
2026-02-13 18:15:00+00:00,0.012838874943554401,0.012838874943554401,0.012784242630004883,0.012784242630004883,6461
2026-02-13 18:30:00+00:00,0.012844141572713852,0.012858925387263298,0.012825717218220234,0.012826072983443737,28149
2026-02-13 18:45:00+00:00,0.012805063277482986,0.012829356826841831,0.012788891792297363,0.012829356826841831,277979
2026-02-13 19:00:00+00:00,0.01279111672192812,0.01280386932194233,0.012781527824699879,0.01280386932194233,4562
2026-02-13 19:15:00+00:00,0.012742259539663792,0.012792026624083519,0.01274043321609497,0.012792026624083519,0
2026-02-13 19:30:00+00:00,0.012693798169493675,0.012746269814670086,0.012693798169493675,0.012730589136481285,0
2026-02-13 19:45:00+00:00,0.012753159739077091,0.012753159739077091,0.01269350852817297,0.01269350852817297,384
2026-02-13 20:00:00+00:00,0.012773171067237854,0.012775019742548466,0.012747167609632015,0.012753165327012539,5356
2026-02-13 20:15:00+00:00,0.012786775827407837,0.012801526114344597,0.012773599475622177,0.012773599475622177,1262
2026-02-13 20:30:00+00:00,0.012733528390526772,0.012785801663994789,0.012728283181786537,0.012785801663994789,33932
2026-02-13 20:45:00+00:00,0.012746704742312431,0.01275566965341568,0.01273319497704506,0.012737838551402092,28977
2026-02-13 21:00:00+00:00,0.012829519808292389,0.0128310676664114,0.012754004448652267,0.012754004448652267,13523
2026-02-13 21:15:00+00:00,0.012773155234754086,0.01283737737685442,0.012770279310643673,0.012831456959247589,550
2026-02-13 21:30:00+00:00,0.01272666361182928,0.01275450550019741,0.01270604133605957,0.012754388153553009,7821
2026-02-13 21:45:00+00:00,0.012716240249574184,0.012738927267491817,0.012715539894998074,0.012727960012853146,42595
2026-02-13 22:00:00+00:00,0.012785125523805618,0.012787550687789917,0.012720714323222637,0.012723144143819809,21389
2026-02-13 22:15:00+00:00,0.012720903381705284,0.012755985371768475,0.012715552002191544,0.012746674008667469,0
2026-02-13 22:30:00+00:00,0.012693739496171474,0.012729519046843052,0.012688054703176022,0.012720752507448196,66480
2026-02-13 22:45:00+00:00,0.01270969957113266,0.01270969957113266,0.01268395408987999,0.012689285911619663,11385
2026-02-13 23:00:00+00:00,0.012635970488190651,0.012706045992672443,0.012635753490030766,0.012706045992672443,36780
2026-02-13 23:15:00+00:00,0.012580487877130508,0.012633881531655788,0.012580487877130508,0.012633881531655788,78549
2026-02-13 23:30:00+00:00,0.012498162686824799,0.012591151520609856,0.012490780092775822,0.012579466216266155,116690
2026-02-13 23:45:00+00:00,0.012440353631973267,0.012495459988713264,0.012440353631973267,0.012495459988713264,15216
2026-02-14 00:00:00+00:00,0.012445871718227863,0.012445871718227863,0.012403334490954876,0.012442095205187798,70661
2026-02-14 00:15:00+00:00,0.012451143004000187,0.012486595660448074,0.012451143004000187,0.012455558404326439,49350
2026-02-14 00:30:00+00:00,0.012471206486225128,0.012481246143579483,0.01245266292244196,0.01245266292244196,3584
2026-02-14 00:45:00+00:00,0.012556072324514389,0.012558725662529469,0.012471229769289494,0.012471229769289494,50116
2026-02-14 01:00:00+00:00,0.012598064728081226,0.012607831507921219,0.012572281993925571,0.012572281993925571,106000
2026-02-14 01:15:00+00:00,0.01255528163164854,0.01259696763008833,0.01255528163164854,0.01259696763008833,18873
2026-02-14 01:30:00+00:00,0.012520293705165386,0.012576158158481121,0.012520293705165386,0.01255734171718359,5298
2026-02-14 01:45:00+00:00,0.01253178808838129,0.012539283372461796,0.012501669116318226,0.012515205889940262,2677
2026-02-14 02:00:00+00:00,0.012545025907456875,0.012545025907456875,0.012521076947450638,0.012530285865068436,11084
2026-02-14 02:15:00+00:00,0.012527537532150745,0.012554085813462734,0.012527537532150745,0.012542949058115482,0
2026-02-14 02:30:00+00:00,0.012475813739001751,0.012535073794424534,0.012475813739001751,0.012533511966466904,0
2026-02-14 02:45:00+00:00,0.012446781620383263,0.012475141324102879,0.012445949949324131,0.012475141324102879,2224
2026-02-14 03:00:00+00:00,0.01251292321830988,0.012514352798461914,0.012445974163711071,0.012445974163711071,5915
2026-02-14 03:15:00+00:00,0.012426631525158882,0.012512287124991417,0.01241601724177599,0.012512287124991417,45657
2026-02-14 03:30:00+00:00,0.012501089833676815,0.012501089833676815,0.012425558641552925,0.012425558641552925,72811
2026-02-14 03:45:00+00:00,0.012485387735068798,0.01251283660531044,0.012473290786147118,0.01251283660531044,75714
2026-02-14 04:00:00+00:00,0.012456899508833885,0.012485580518841743,0.012452618218958378,0.012485580518841743,0
2026-02-14 04:15:00+00:00,0.012462345883250237,0.012462569400668144,0.012435234151780605,0.012454059906303883,14862
2026-02-14 04:30:00+00:00,0.012501884251832962,0.012501999735832214,0.01246172096580267,0.01246172096580267,0
2026-02-14 04:45:00+00:00,0.012475508265197277,0.01250968873500824,0.012469420209527016,0.012508214451372623,30907
2026-02-14 05:00:00+00:00,0.012446236796677113,0.012476271018385887,0.012437712401151657,0.012476271018385887,0
2026-02-14 05:15:00+00:00,0.012539169751107693,0.012540170922875404,0.012454156763851643,0.012454156763851643,63342
2026-02-14 05:30:00+00:00,0.012554356828331947,0.012568734586238861,0.012537781149148941,0.012537781149148941,24188
2026-02-14 05:45:00+00:00,0.012490086257457733,0.012560767121613026,0.012489362619817257,0.012552431784570217,2404
2026-02-14 06:00:00+00:00,0.012426340021193027,0.012491990812122822,0.012426340021193027,0.012491990812122822,0
2026-02-14 06:15:00+00:00,0.012440722435712814,0.012469565495848656,0.012408170849084854,0.012430374510586262,51900
2026-02-14 06:30:00+00:00,0.012469974346458912,0.012472826056182384,0.012430781498551369,0.012439082376658916,13126
2026-02-14 06:45:00+00:00,0.0125002171844244,0.01250147633254528,0.012455964460968971,0.012471933849155903,2544
2026-02-14 07:00:00+00:00,0.012548355385661125,0.012548355385661125,0.012499089352786541,0.012499089352786541,26015
2026-02-14 07:15:00+00:00,0.012543569318950176,0.012545892968773842,0.012501781806349754,0.012545892968773842,34876
2026-02-14 07:30:00+00:00,0.01262762863188982,0.012678505852818489,0.012541115283966064,0.012541115283966064,137448
2026-02-14 07:45:00+00:00,0.012598983012139797,0.012630266137421131,0.012550941668450832,0.01262993086129427,109412
2026-02-14 08:00:00+00:00,0.012633217498660088,0.012653816491365433,0.012614178471267223,0.012615636922419071,369685
2026-02-14 08:15:00+00:00,0.012605755589902401,0.012631993740797043,0.012605755589902401,0.012631993740797043,9407
2026-02-14 08:30:00+00:00,0.01260916143655777,0.012623675167560577,0.012603015638887882,0.01260653417557478,13717
2026-02-14 08:45:00+00:00,0.012702032923698425,0.012702032923698425,0.012607106938958168,0.0126096922904253,136895
2026-02-14 09:00:00+00:00,0.012843952514231205,0.012858597561717033,0.012707795947790146,0.012707795947790146,275240
2026-02-14 09:15:00+00:00,0.012747067026793957,0.012834747321903706,0.012747067026793957,0.012834747321903706,24952
2026-02-14 09:30:00+00:00,0.01271873340010643,0.012751426547765732,0.012705083936452866,0.012744712643325329,29517
2026-02-14 09:45:00+00:00,0.012770429253578186,0.012772313319146633,0.012708866968750954,0.012716572731733322,18739
2026-02-14 10:00:00+00:00,0.012679281644523144,0.012750569730997086,0.012657701969146729,0.012750569730997086,5931
2026-02-14 10:15:00+00:00,0.012779793702065945,0.012780427932739258,0.012681977823376656,0.012681977823376656,195120
2026-02-14 10:30:00+00:00,0.012831044383347034,0.012831044383347034,0.012767726555466652,0.012793980538845062,120583
2026-02-14 10:45:00+00:00,0.012819290161132812,0.012842485681176186,0.012819182127714157,0.012830727733671665,17376
2026-02-14 11:00:00+00:00,0.012809746898710728,0.012848472222685814,0.012805042788386345,0.01281933393329382,39718
2026-02-14 11:15:00+00:00,0.012841541320085526,0.012844478711485863,0.012793151661753654,0.012806355953216553,48615
2026-02-14 11:30:00+00:00,0.012802855111658573,0.012837615795433521,0.01275837142020464,0.012837615795433521,90898
2026-02-14 11:45:00+00:00,0.012899832800030708,0.01290186308324337,0.01280171237885952,0.01280171237885952,280484
2026-02-14 12:00:00+00:00,0.013088499195873737,0.013088499195873737,0.012867203913629055,0.012867610901594162,288974
2026-02-14 12:15:00+00:00,0.013048221357166767,0.013079917058348656,0.013017225079238415,0.013079917058348656,137018
2026-02-14 12:30:00+00:00,0.012952962890267372,0.013028200715780258,0.012952962890267372,0.013028200715780258,107880
2026-02-14 12:45:00+00:00,0.012957087717950344,0.012978915125131607,0.012951352633535862,0.012952950783073902,36463
2026-02-14 13:00:00+00:00,0.012841318733990192,0.012924859300255775,0.01284042652696371,0.012924859300255775,69044
2026-02-14 13:15:00+00:00,0.012670024298131466,0.012838579714298248,0.012670024298131466,0.012838579714298248,495749
2026-02-14 13:30:00+00:00,0.012689503841102123,0.012699116952717304,0.012654040940105915,0.012666372582316399,27115
2026-02-14 13:45:00+00:00,0.01269452553242445,0.012748588807880878,0.012680502608418465,0.012699463404715061,40129
2026-02-14 14:00:00+00:00,0.012729323469102383,0.012729323469102383,0.01269365381449461,0.01269365381449461,0
2026-02-14 14:15:00+00:00,0.012768866494297981,0.01278034970164299,0.012727141380310059,0.012727141380310059,60170
2026-02-14 14:30:00+00:00,0.012886752374470234,0.01289056520909071,0.012759493663907051,0.012759493663907051,13353
2026-02-14 14:45:00+00:00,0.013002120889723301,0.013002120889723301,0.012878073379397392,0.012878772802650928,66415
2026-02-14 15:00:00+00:00,0.013339458964765072,0.013424016535282135,0.013034554198384285,0.013034554198384285,817311
2026-02-14 15:15:00+00:00,0.013317630626261234,0.013372253626585007,0.013314786367118359,0.013372253626585007,271446
2026-02-14 15:30:00+00:00,0.013242166489362717,0.013329961337149143,0.013242166489362717,0.013316006399691105,112937
2026-02-14 15:45:00+00:00,0.01325521245598793,0.013261312618851662,0.01318163238465786,0.013237507082521915,0
2026-02-14 16:00:00+00:00,0.013073654845356941,0.01320695597678423,0.013073654845356941,0.01320695597678423,12587
2026-02-14 16:15:00+00:00,0.013008451089262962,0.013072765432298183,0.013008451089262962,0.013063542544841766,6770
2026-02-14 16:30:00+00:00,0.013022718019783497,0.013022718019783497,0.012975079007446766,0.013003864325582981,5429
2026-02-14 16:45:00+00:00,0.01316471491008997,0.01316471491008997,0.013028842397034168,0.013028842397034168,60349
2026-02-14 17:00:00+00:00,0.013175484724342823,0.013209517113864422,0.013147976249456406,0.013169055804610252,0
2026-02-14 17:15:00+00:00,0.013314373791217804,0.013315205462276936,0.013198737055063248,0.013204815797507763,188623
2026-02-14 17:30:00+00:00,0.013270140625536442,0.013364989310503006,0.013259463012218475,0.013318498618900776,226095
2026-02-14 17:45:00+00:00,0.013184702023863792,0.013274037279188633,0.01317355316132307,0.013274037279188633,147506
2026-02-14 18:00:00+00:00,0.013170910999178886,0.013184044510126114,0.013162417337298393,0.013184044510126114,0
2026-02-14 18:15:00+00:00,0.013201985508203506,0.013230470940470695,0.013178393244743347,0.013178393244743347,44724
2026-02-14 18:30:00+00:00,0.013425005599856377,0.013437834568321705,0.013187665492296219,0.013194490224123001,514441
2026-02-14 18:45:00+00:00,0.0133579783141613,0.013449092395603657,0.013355004601180553,0.013449092395603657,0
2026-02-14 19:00:00+00:00,0.013360444456338882,0.013365491293370724,0.013342342339456081,0.013342342339456081,19547
2026-02-14 19:15:00+00:00,0.013395982794463634,0.013395982794463634,0.01334513258188963,0.013363600708544254,23055
2026-02-14 19:30:00+00:00,0.013357051648199558,0.013407615013420582,0.013357051648199558,0.013390613719820976,8285
2026-02-14 19:45:00+00:00,0.013410450890660286,0.013432766310870647,0.013355499133467674,0.013357813470065594,183249
2026-02-14 20:00:00+00:00,0.013224956579506397,0.013411480002105236,0.013224956579506397,0.013411480002105236,257739
2026-02-14 20:15:00+00:00,0.013187686912715435,0.013251562602818012,0.013187686912715435,0.013238861225545406,101131
2026-02-14 20:30:00+00:00,0.013128022663295269,0.013191385194659233,0.013118783012032509,0.013191385194659233,50277
2026-02-14 20:45:00+00:00,0.013210850767791271,0.013210850767791271,0.013127830810844898,0.013127830810844898,7433
2026-02-14 21:00:00+00:00,0.013368692249059677,0.013368692249059677,0.01321330014616251,0.01321330014616251,404342
2026-02-14 21:15:00+00:00,0.013313570991158485,0.013432086445391178,0.013313570991158485,0.01337872538715601,154367
2026-02-14 21:30:00+00:00,0.013256968930363655,0.013314255513250828,0.013225400820374489,0.013314255513250828,110888
2026-02-14 21:45:00+00:00,0.01338931918144226,0.01338931918144226,0.013262731023132801,0.013262731023132801,98677
2026-02-14 22:00:00+00:00,0.013443190604448318,0.013443190604448318,0.013384757563471794,0.013389338739216328,125491
2026-02-14 22:15:00+00:00,0.013413459062576294,0.013470187783241272,0.013410134240984917,0.013449248857796192,111984
2026-02-14 22:30:00+00:00,0.013450270518660545,0.013450270518660545,0.013378755189478397,0.013416513800621033,19581
2026-02-14 22:45:00+00:00,0.013375578448176384,0.013433288782835007,0.013374724425375462,0.013433288782835007,53961
2026-02-14 23:00:00+00:00,0.013375736773014069,0.013375736773014069,0.01336608361452818,0.01337545458227396,42485
2026-02-14 23:15:00+00:00,0.013355403207242489,0.013405309058725834,0.0133280698210001,0.01337957102805376,6102
2026-02-14 23:30:00+00:00,0.013336801901459694,0.013352297246456146,0.013297101482748985,0.013352297246456146,10180
2026-02-14 23:45:00+00:00,0.013334183022379875,0.013341682031750679,0.01332649402320385,0.013339236378669739,4015
2026-02-15 00:00:00+00:00,0.013291288167238235,0.013337664306163788,0.013284805230796337,0.013337664306163788,0
2026-02-15 00:15:00+00:00,0.013213680125772953,0.013292701914906502,0.013213680125772953,0.013286303728818893,219022
2026-02-15 00:30:00+00:00,0.013311055488884449,0.013328487053513527,0.013214774429798126,0.013214774429798126,67895
2026-02-15 00:45:00+00:00,0.01335447933524847,0.01335447933524847,0.01326795481145382,0.013294512405991554,42796
2026-02-15 01:00:00+00:00,0.013382154516875744,0.013400578871369362,0.013368841260671616,0.013368841260671616,23168
2026-02-15 01:15:00+00:00,0.01325145736336708,0.013400866650044918,0.01325145736336708,0.013383275829255581,0
2026-02-15 01:30:00+00:00,0.013287803158164024,0.013287803158164024,0.013228231109678745,0.013243099674582481,54382
2026-02-15 01:45:00+00:00,0.013299711979925632,0.013299711979925632,0.013269168324768543,0.013287065550684929,62906
2026-02-15 02:00:00+00:00,0.013276958838105202,0.013322748243808746,0.013274379074573517,0.013301525264978409,29162
2026-02-15 02:15:00+00:00,0.013256465084850788,0.013276820071041584,0.013256082311272621,0.013276820071041584,41879
2026-02-15 02:30:00+00:00,0.013249121606349945,0.013254827819764614,0.013194626197218895,0.013254827819764614,23747
2026-02-15 02:45:00+00:00,0.01330912671983242,0.01330912671983242,0.013269643299281597,0.013269643299281597,59572
2026-02-15 03:00:00+00:00,0.013348465785384178,0.01340654119849205,0.013309520669281483,0.013309520669281483,56721
2026-02-15 03:15:00+00:00,0.013340231962502003,0.013463172130286694,0.013340231962502003,0.013395189307630062,135951
2026-02-15 03:30:00+00:00,0.013128824532032013,0.013332586735486984,0.013119131326675415,0.013332586735486984,51523
2026-02-15 03:45:00+00:00,0.013294031843543053,0.013295742683112621,0.013128150254487991,0.013128150254487991,123275
2026-02-15 04:00:00+00:00,0.013413988053798676,0.013429057784378529,0.013298839330673218,0.013298839330673218,95071
2026-02-15 04:15:00+00:00,0.013298002071678638,0.013413423672318459,0.013298002071678638,0.013410758227109909,1098
2026-02-15 04:30:00+00:00,0.013330109417438507,0.013330109417438507,0.013285692781209946,0.013299399055540562,30590
2026-02-15 04:45:00+00:00,0.013257186859846115,0.01333419419825077,0.013257186859846115,0.01333419419825077,0
2026-02-15 05:00:00+00:00,0.013241177424788475,0.013262901455163956,0.013241177424788475,0.013256475329399109,8337
2026-02-15 05:15:00+00:00,0.013259951025247574,0.013262612745165825,0.01323801837861538,0.01323801837861538,0
2026-02-15 05:30:00+00:00,0.013270355761051178,0.013270355761051178,0.013256298378109932,0.013260230422019958,12125
2026-02-15 05:45:00+00:00,0.013281556777656078,0.013331031426787376,0.013270054943859577,0.013270054943859577,72449
2026-02-15 06:00:00+00:00,0.013340887613594532,0.013346078805625439,0.013276784680783749,0.013276784680783749,17168
2026-02-15 06:15:00+00:00,0.013350686989724636,0.013405987992882729,0.013334416784346104,0.013348625972867012,14940
2026-02-15 06:30:00+00:00,0.013288655318319798,0.013333641923964024,0.01328648254275322,0.01332448236644268,3328
2026-02-15 06:45:00+00:00,0.013302572071552277,0.013303147628903389,0.013223990797996521,0.01328680943697691,43747
2026-02-15 07:00:00+00:00,0.013266476802527905,0.013304976746439934,0.013262089341878891,0.013304976746439934,18787
2026-02-15 07:15:00+00:00,0.013242581859230995,0.013268204405903816,0.013242277316749096,0.013267934322357178,1532
2026-02-15 07:30:00+00:00,0.013303834944963455,0.013303834944963455,0.013255671598017216,0.013255671598017216,0
2026-02-15 07:45:00+00:00,0.013349487446248531,0.013359849341213703,0.013302264735102654,0.013302264735102654,0
2026-02-15 08:00:00+00:00,0.013408360071480274,0.013408360071480274,0.013343614526093006,0.013348199427127838,15644
2026-02-15 08:15:00+00:00,0.013399655930697918,0.013459381647408009,0.013399655930697918,0.013411404564976692,98286
2026-02-15 08:30:00+00:00,0.01309301145374775,0.013353036716580391,0.013082524761557579,0.013353036716580391,90449
2026-02-15 08:45:00+00:00,0.013190959580242634,0.013190959580242634,0.013078499585390091,0.013091067783534527,17915
2026-02-15 09:00:00+00:00,0.01323997788131237,0.013252777978777885,0.013199342414736748,0.013199342414736748,0
2026-02-15 09:15:00+00:00,0.013200686313211918,0.013240310363471508,0.013194369152188301,0.013240310363471508,4383
2026-02-15 09:30:00+00:00,0.013136477209627628,0.013190722092986107,0.013119292445480824,0.013190722092986107,4605
2026-02-15 09:45:00+00:00,0.013105333782732487,0.013182937167584896,0.013097790069878101,0.013144750148057938,43226
2026-02-15 10:00:00+00:00,0.013012180104851723,0.013106154277920723,0.013000700622797012,0.013106154277920723,148721
2026-02-15 10:15:00+00:00,0.013044673949480057,0.013062180019915104,0.012987998314201832,0.013010791502892971,50638
2026-02-15 10:30:00+00:00,0.01301733311265707,0.013040765188634396,0.01300930418074131,0.013033924624323845,31584
2026-02-15 10:45:00+00:00,0.01304642017930746,0.013063548132777214,0.013022138737142086,0.013022138737142086,66840
2026-02-15 11:00:00+00:00,0.01309313252568245,0.013103296980261803,0.013044174760580063,0.013044174760580063,24221
2026-02-15 11:15:00+00:00,0.01307111419737339,0.013100801035761833,0.013070358894765377,0.013092401437461376,0
2026-02-15 11:30:00+00:00,0.01306028664112091,0.01307982113212347,0.013046988286077976,0.01307982113212347,0
2026-02-15 11:45:00+00:00,0.013071415945887566,0.013081556186079979,0.013060113415122032,0.013060113415122032,0
2026-02-15 12:00:00+00:00,0.01302456296980381,0.013089901767671108,0.013021256774663925,0.01307359617203474,0
2026-02-15 12:15:00+00:00,0.013053511269390583,0.013053511269390583,0.013003300875425339,0.013011237606406212,0
2026-02-15 12:30:00+00:00,0.013062833808362484,0.013089094310998917,0.013049858622252941,0.013052954338490963,0
2026-02-15 12:45:00+00:00,0.012730437330901623,0.013074996881186962,0.012730437330901623,0.013074996881186962,235593
2026-02-15 13:00:00+00:00,0.01278999075293541,0.0128180468454957,0.012718849815428257,0.012718849815428257,46265
2026-02-15 13:15:00+00:00,0.012770735658705235,0.012805580161511898,0.012770735658705235,0.012784304097294807,41183
2026-02-15 13:30:00+00:00,0.01269216276705265,0.012727316468954086,0.012655788101255894,0.012726190499961376,67129
2026-02-15 13:45:00+00:00,0.012611007317900658,0.012688275426626205,0.012566577643156052,0.012688275426626205,92804
2026-02-15 14:00:00+00:00,0.012574123218655586,0.012601743452250957,0.01256665401160717,0.012601743452250957,47581
2026-02-15 14:15:00+00:00,0.012646563351154327,0.012646563351154327,0.012572995387017727,0.012572995387017727,35484
2026-02-15 14:30:00+00:00,0.012724493630230427,0.012730519287288189,0.012647520750761032,0.012647520750761032,53398
2026-02-15 14:45:00+00:00,0.012712335214018822,0.012734871357679367,0.012712335214018822,0.012724917382001877,33139
2026-02-15 15:00:00+00:00,0.012717701494693756,0.012718694284558296,0.01269612368196249,0.01269612368196249,0
2026-02-15 15:15:00+00:00,0.012680528685450554,0.01271812804043293,0.0126787219196558,0.01271812804043293,0
2026-02-15 15:30:00+00:00,0.012599837966263294,0.012692118063569069,0.012599837966263294,0.0126723013818264,0
2026-02-15 15:45:00+00:00,0.012616314925253391,0.012616314925253391,0.012587791308760643,0.01260148175060749,4721
2026-02-15 16:00:00+00:00,0.012557756155729294,0.01261824555695057,0.012551638297736645,0.01261824555695057,0
2026-02-15 16:15:00+00:00,0.012591184116899967,0.012591184116899967,0.012550215236842632,0.01255588885396719,19337
2026-02-15 16:30:00+00:00,0.012551982887089252,0.0126191396266222,0.01254767831414938,0.012606299482285976,0
2026-02-15 16:45:00+00:00,0.012532508932054043,0.012570023536682129,0.012532508932054043,0.012553723528981209,0
2026-02-15 17:00:00+00:00,0.01254334021359682,0.012555546127259731,0.012542270123958588,0.012542270123958588,6890
2026-02-15 17:15:00+00:00,0.012508904561400414,0.012544297613203526,0.01250535249710083,0.012544297613203526,0
2026-02-15 17:30:00+00:00,0.012460248544812202,0.012487477622926235,0.012424357235431671,0.012487477622926235,45409
2026-02-15 17:45:00+00:00,0.012383876368403435,0.01241498626768589,0.012331926263868809,0.01241498626768589,121604
2026-02-15 18:00:00+00:00,0.012364465743303299,0.012395231984555721,0.012330412864685059,0.012384261935949326,6133
2026-02-15 18:15:00+00:00,0.012381035834550858,0.01238755788654089,0.012356650084257126,0.01236678846180439,15120
2026-02-15 18:30:00+00:00,0.01236467994749546,0.01236467994749546,0.012282895855605602,0.012340914458036423,31843
2026-02-15 18:45:00+00:00,0.012291309423744678,0.012374993413686752,0.01228690892457962,0.012356429360806942,17524
2026-02-15 19:00:00+00:00,0.012252522632479668,0.012326034717261791,0.012246009893715382,0.012303493916988373,122278
2026-02-15 19:15:00+00:00,0.012331364676356316,0.012331364676356316,0.01225175429135561,0.01225175429135561,37112
2026-02-15 19:30:00+00:00,0.012237987481057644,0.012345504947006702,0.012237987481057644,0.012333709746599197,0
2026-02-15 19:45:00+00:00,0.012223523110151291,0.012254488654434681,0.012223523110151291,0.01224022451788187,0
2026-02-15 20:00:00+00:00,0.012167866341769695,0.012215996161103249,0.012094198726117611,0.012215996161103249,37933
2026-02-15 20:15:00+00:00,0.012250828556716442,0.012293855659663677,0.012155262753367424,0.012176106683909893,467553
2026-02-15 20:30:00+00:00,0.01222851313650608,0.012250729836523533,0.012211697176098824,0.012211697176098824,212220
2026-02-15 20:45:00+00:00,0.012201533652842045,0.01224110834300518,0.012187444604933262,0.012232372537255287,0
2026-02-15 21:00:00+00:00,0.01228603720664978,0.01228603720664978,0.012215245515108109,0.012215245515108109,6031
2026-02-15 21:15:00+00:00,0.01228304859250784,0.012304442003369331,0.012281824834644794,0.012284008786082268,0
2026-02-15 21:30:00+00:00,0.012229997664690018,0.012282876297831535,0.012229997664690018,0.012282876297831535,13409
2026-02-15 21:45:00+00:00,0.012275455519557,0.012284447439014912,0.012236721813678741,0.012240760028362274,54720
2026-02-15 22:00:00+00:00,0.012256279587745667,0.012259169481694698,0.012232355773448944,0.012259169481694698,0
2026-02-15 22:15:00+00:00,0.01229120697826147,0.01229120697826147,0.012245184741914272,0.01225044671446085,9510
2026-02-15 22:30:00+00:00,0.012308148667216301,0.012309336103498936,0.012289644218981266,0.012292959727346897,12538
2026-02-15 22:45:00+00:00,0.01229844056069851,0.012329158373177052,0.012293853797018528,0.012312247417867184,2643
2026-02-15 23:00:00+00:00,0.012231903150677681,0.012309182435274124,0.012203763239085674,0.0122987637296319,7877
2026-02-15 23:15:00+00:00,0.012253200635313988,0.012253200635313988,0.012224560603499413,0.01223072037100792,14015
2026-02-15 23:30:00+00:00,0.012303720228374004,0.012310847640037537,0.01225244626402855,0.01225244626402855,4013
2026-02-15 23:45:00+00:00,0.012298195622861385,0.012322734110057354,0.012298195622861385,0.012307476252317429,9064
2026-02-16 00:00:00+00:00,0.012316073291003704,0.012337867170572281,0.012277187779545784,0.01229473203420639,89617
2026-02-16 00:15:00+00:00,0.012280392460525036,0.012347910553216934,0.012280392460525036,0.012320220470428467,0
2026-02-16 00:30:00+00:00,0.012272791936993599,0.012296311557292938,0.012254856526851654,0.012278192676603794,0
2026-02-16 00:45:00+00:00,0.012298677116632462,0.012302083894610405,0.012268313206732273,0.012268313206732273,33804
2026-02-16 01:00:00+00:00,0.012354790233075619,0.012380125001072884,0.012301475740969181,0.012301475740969181,20778
2026-02-16 01:15:00+00:00,0.012317097745835781,0.012386985123157501,0.012312805280089378,0.012359026819467545,16919
2026-02-16 01:30:00+00:00,0.012289526872336864,0.012351048178970814,0.012289526872336864,0.012317218817770481,6418
2026-02-16 01:45:00+00:00,0.01231272891163826,0.012312809005379677,0.012281086295843124,0.01228583138436079,0
2026-02-16 02:00:00+00:00,0.012309511192142963,0.0123142683878541,0.01230074092745781,0.0123142683878541,20453
2026-02-16 02:15:00+00:00,0.012245004065334797,0.012309256009757519,0.012245004065334797,0.01230464968830347,0
2026-02-16 02:30:00+00:00,0.012198277749121189,0.012253100983798504,0.012198277749121189,0.012245863676071167,25505
2026-02-16 02:45:00+00:00,0.012170504778623581,0.01219860091805458,0.012169801630079746,0.01219860091805458,52737
2026-02-16 03:00:00+00:00,0.012174459174275398,0.012174459174275398,0.012157431803643703,0.012169762514531612,0
2026-02-16 03:15:00+00:00,0.012196284718811512,0.012215313501656055,0.012174197472631931,0.012174197472631931,0
2026-02-16 03:30:00+00:00,0.012187821790575981,0.012206039391458035,0.01218499056994915,0.01219506748020649,0
2026-02-16 03:45:00+00:00,0.012192051857709885,0.012197394855320454,0.01218643132597208,0.012188093736767769,0
2026-02-16 04:00:00+00:00,0.012214796617627144,0.012217733077704906,0.012192127294838428,0.012192192487418652,0
2026-02-16 04:15:00+00:00,0.01223667897284031,0.01223667897284031,0.0122150219976902,0.0122150219976902,10687
2026-02-16 04:30:00+00:00,0.012244411744177341,0.012249213643372059,0.012222301214933395,0.012236697599291801,25408
2026-02-16 04:45:00+00:00,0.012318640016019344,0.012323658913373947,0.012246309779584408,0.012246309779584408,61877
2026-02-16 05:00:00+00:00,0.012269031256437302,0.012333172373473644,0.012265488505363464,0.012319695204496384,1620
2026-02-16 05:15:00+00:00,0.012170716188848019,0.012259397655725479,0.012170716188848019,0.012259397655725479,22728
2026-02-16 05:30:00+00:00,0.012124791741371155,0.012186099775135517,0.012123601511120796,0.012170623056590557,56646
2026-02-16 05:45:00+00:00,0.012157167308032513,0.012157176621258259,0.012125881388783455,0.012125881388783455,0
2026-02-16 06:00:00+00:00,0.012183006852865219,0.012183006852865219,0.012153880670666695,0.012153880670666695,29517
2026-02-16 06:15:00+00:00,0.012175229378044605,0.012184316292405128,0.01216770801693201,0.012176577933132648,21709
2026-02-16 06:30:00+00:00,0.012292236089706421,0.012292236089706421,0.012175001204013824,0.012175001204013824,7491
2026-02-16 06:45:00+00:00,0.012224429287016392,0.012302093207836151,0.012224429287016392,0.012296969071030617,17891
2026-02-16 07:00:00+00:00,0.012155525386333466,0.012224540114402771,0.012146595865488052,0.012224540114402771,10238
2026-02-16 07:15:00+00:00,0.012138805352151394,0.012165083549916744,0.012123127467930317,0.012155541218817234,78364
2026-02-16 07:30:00+00:00,0.01210614014416933,0.012141626328229904,0.012101368047297001,0.012134798802435398,103030
2026-02-16 07:45:00+00:00,0.012131326831877232,0.012133442796766758,0.012099303305149078,0.01209975779056549,12492
2026-02-16 08:00:00+00:00,0.01219185534864664,0.01219185534864664,0.012122535146772861,0.012127606198191643,0
2026-02-16 08:15:00+00:00,0.012257999740540981,0.012261515483260155,0.0121934674680233,0.0121934674680233,124593
2026-02-16 08:30:00+00:00,0.012205220758914948,0.012250484898686409,0.012201875448226929,0.012250484898686409,0
2026-02-16 08:45:00+00:00,0.012199180200695992,0.012205335311591625,0.012174942530691624,0.012204709462821484,0
2026-02-16 09:00:00+00:00,0.012191406451165676,0.012226805090904236,0.012190094217658043,0.012195875868201256,11896
2026-02-16 09:15:00+00:00,0.012223046272993088,0.0122297964990139,0.01219162903726101,0.01219162903726101,2442
2026-02-16 09:30:00+00:00,0.012328029610216618,0.01233457401394844,0.012226303108036518,0.012226303108036518,7272
2026-02-16 09:45:00+00:00,0.012355644255876541,0.0123556824401021,0.012304913252592087,0.012304913252592087,0
2026-02-16 10:00:00+00:00,0.012353787198662758,0.012378573417663574,0.012340477667748928,0.012356634251773357,0
2026-02-16 10:15:00+00:00,0.012288890779018402,0.012354103848338127,0.012275194749236107,0.012354103848338127,0
2026-02-16 10:30:00+00:00,0.012243544682860374,0.012314491905272007,0.012243544682860374,0.012290552258491516,4233
2026-02-16 10:45:00+00:00,0.012198523618280888,0.012239051051437855,0.012198523618280888,0.012239051051437855,134308
2026-02-16 11:00:00+00:00,0.012081989087164402,0.012210236862301826,0.012075976468622684,0.012198866344988346,30609
2026-02-16 11:15:00+00:00,0.012036769650876522,0.012081186287105083,0.011998307891190052,0.012081186287105083,167911
2026-02-16 11:30:00+00:00,0.012080772779881954,0.012091786600649357,0.012037739157676697,0.012037739157676697,62191
2026-02-16 11:45:00+00:00,0.012132835574448109,0.012132835574448109,0.012075892649590969,0.012075892649590969,2124
2026-02-16 12:00:00+00:00,0.012168950401246548,0.012173370458185673,0.012131900526583195,0.012131900526583195,5521
2026-02-16 12:15:00+00:00,0.012235693633556366,0.012235693633556366,0.01211403775960207,0.01216860767453909,165282
2026-02-16 12:30:00+00:00,0.012277324683964252,0.012279636226594448,0.012233652174472809,0.012233652174472809,114202
2026-02-16 12:45:00+00:00,0.012408554553985596,0.012408554553985596,0.012279233895242214,0.012279233895242214,184300
2026-02-16 13:00:00+00:00,0.012494510971009731,0.012555395253002644,0.012407642789185047,0.012407642789185047,41439
2026-02-16 13:15:00+00:00,0.012391913682222366,0.012505343183875084,0.012391913682222366,0.012491877190768719,77378
2026-02-16 13:30:00+00:00,0.012255565263330936,0.012400555424392223,0.012242850847542286,0.012400555424392223,72908
2026-02-16 13:45:00+00:00,0.012156045064330101,0.012270350940525532,0.012156016193330288,0.012261497788131237,0
2026-02-16 14:00:00+00:00,0.012246654368937016,0.012257161550223827,0.012156947515904903,0.012156947515904903,16845
2026-02-16 14:15:00+00:00,0.012211493216454983,0.012279147282242775,0.012211493216454983,0.012242170050740242,14164
2026-02-16 14:30:00+00:00,0.01226961798965931,0.012301309034228325,0.012197497300803661,0.012207702733576298,17528
2026-02-16 14:45:00+00:00,0.012257810682058334,0.012298635207116604,0.012248074635863304,0.012269516475498676,13635
2026-02-16 15:00:00+00:00,0.012309130281209946,0.012319452129304409,0.01225324347615242,0.01225324347615242,4387
2026-02-16 15:15:00+00:00,0.012155420146882534,0.012309305369853973,0.012155420146882534,0.012309305369853973,0
2026-02-16 15:30:00+00:00,0.011995828710496426,0.012152288109064102,0.011956232599914074,0.012152288109064102,115770
2026-02-16 15:45:00+00:00,0.012016970664262772,0.012016970664262772,0.012000019662082195,0.012001805938780308,20249
2026-02-16 16:00:00+00:00,0.01215366367250681,0.01215387787669897,0.012014283798635006,0.012017617002129555,59913
2026-02-16 16:15:00+00:00,0.012125548906624317,0.012158678844571114,0.012088325805962086,0.012155584990978241,12177
2026-02-16 16:30:00+00:00,0.012040270492434502,0.012114545330405235,0.012015196494758129,0.012114545330405235,32229
2026-02-16 16:45:00+00:00,0.01204290147870779,0.012059059925377369,0.012041520327329636,0.012041520327329636,2819
2026-02-16 17:00:00+00:00,0.012050926685333252,0.012072480283677578,0.01204584538936615,0.01204584538936615,22242
2026-02-16 17:15:00+00:00,0.012071236968040466,0.012071236968040466,0.012005246244370937,0.01204607356339693,24866
2026-02-16 17:30:00+00:00,0.01210014708340168,0.01210014708340168,0.012057327665388584,0.012066198512911797,4433
2026-02-16 17:45:00+00:00,0.01205528900027275,0.01209966279566288,0.012040345929563046,0.01209966279566288,0
2026-02-16 18:00:00+00:00,0.012118406593799591,0.012118406593799591,0.012054079212248325,0.01205525454133749,2755
2026-02-16 18:15:00+00:00,0.012146460823714733,0.01215455587953329,0.012112931348383427,0.012112931348383427,23654
2026-02-16 18:30:00+00:00,0.012126626446843147,0.012148340232670307,0.012114474549889565,0.012148340232670307,0
2026-02-16 18:45:00+00:00,0.012121311388909817,0.012134475633502007,0.012114730663597584,0.012130806222558022,0
2026-02-16 19:00:00+00:00,0.012129663489758968,0.01214104238897562,0.01211945153772831,0.012120216153562069,0
2026-02-16 19:15:00+00:00,0.012113147415220737,0.01213119551539421,0.012067707255482674,0.01213119551539421,0
2026-02-16 19:30:00+00:00,0.012167630717158318,0.012167630717158318,0.01210848055779934,0.012115363031625748,0
2026-02-16 19:45:00+00:00,0.012171107344329357,0.012180658057332039,0.012165545485913754,0.01216802652925253,0
2026-02-16 20:00:00+00:00,0.012111915275454521,0.012169303372502327,0.01210993342101574,0.012169303372502327,43734
2026-02-16 20:15:00+00:00,0.012143001891672611,0.012143001891672611,0.012113863602280617,0.012113863602280617,0
2026-02-16 20:30:00+00:00,0.012275224551558495,0.012277363799512386,0.012146085500717163,0.012146085500717163,8873
2026-02-16 20:45:00+00:00,0.012369184754788876,0.012369184754788876,0.012266973964869976,0.012272147461771965,63796
2026-02-16 21:00:00+00:00,0.012426258996129036,0.01244829036295414,0.012372477911412716,0.012372477911412716,76275
2026-02-16 21:15:00+00:00,0.012428844347596169,0.012433505617082119,0.012396079488098621,0.012396079488098621,85919
2026-02-16 21:30:00+00:00,0.01238937396556139,0.012428581714630127,0.012383421882987022,0.012428581714630127,27026
2026-02-16 21:45:00+00:00,0.012482956983149052,0.012482956983149052,0.012384514324367046,0.012392902746796608,63298
2026-02-16 22:00:00+00:00,0.012461226433515549,0.012513712048530579,0.012461181730031967,0.01248752698302269,40987
2026-02-16 22:15:00+00:00,0.012390575371682644,0.012460079975426197,0.012390334159135818,0.012460079975426197,31850
2026-02-16 22:30:00+00:00,0.012366862036287785,0.012383433058857918,0.012357682920992374,0.012383433058857918,41802
2026-02-16 22:45:00+00:00,0.012375549413263798,0.012375549413263798,0.012349347583949566,0.012366143055260181,24765
2026-02-16 23:00:00+00:00,0.012434232048690319,0.012436455115675926,0.012376262806355953,0.012376262806355953,0
2026-02-16 23:15:00+00:00,0.012441019527614117,0.012446083128452301,0.012400330975651741,0.012429649010300636,41889
2026-02-16 23:30:00+00:00,0.012396423146128654,0.01243552751839161,0.012382231652736664,0.01243552751839161,2955
2026-02-16 23:45:00+00:00,0.012444861233234406,0.012444861233234406,0.012388653121888638,0.012395326048135757,6171
2026-02-17 00:00:00+00:00,0.012429262511432171,0.012449885718524456,0.012422682717442513,0.012445715256035328,0
2026-02-17 00:15:00+00:00,0.01242161076515913,0.012440800666809082,0.012416085228323936,0.012430035509169102,5395
2026-02-17 00:30:00+00:00,0.012452294118702412,0.012452294118702412,0.012432755902409554,0.012439406476914883,2046
2026-02-17 00:45:00+00:00,0.012427649460732937,0.012515072710812092,0.01242708507925272,0.012450933456420898,3280
2026-02-17 01:00:00+00:00,0.012410691939294338,0.01243147999048233,0.012403230182826519,0.01242740172892809,0
2026-02-17 01:15:00+00:00,0.01247410662472248,0.012476461939513683,0.012403635308146477,0.01241142489016056,2383
2026-02-17 01:30:00+00:00,0.01245887577533722,0.012473970651626587,0.01245887577533722,0.012473970651626587,1791
2026-02-17 01:45:00+00:00,0.012442518025636673,0.012456383556127548,0.012436426244676113,0.012456383556127548,9990
2026-02-17 02:00:00+00:00,0.012480164878070354,0.012480164878070354,0.012398013845086098,0.012446069158613682,24102
2026-02-17 02:15:00+00:00,0.012483532540500164,0.012510192580521107,0.012474908493459225,0.01247547660022974,47324
2026-02-17 02:30:00+00:00,0.012593402527272701,0.012593402527272701,0.012494648806750774,0.012494648806750774,0
2026-02-17 02:45:00+00:00,0.012602096423506737,0.01262744516134262,0.012581787072122097,0.012594552710652351,66961
2026-02-17 03:00:00+00:00,0.01247917115688324,0.01259092427790165,0.012477340176701546,0.01259092427790165,51266
2026-02-17 03:15:00+00:00,0.01249197032302618,0.012509973719716072,0.012490086257457733,0.012496287934482098,42419
2026-02-17 03:30:00+00:00,0.012462287209928036,0.012502701953053474,0.012462287209928036,0.012493206188082695,24780
2026-02-17 03:45:00+00:00,0.012458687648177147,0.012458687648177147,0.012448611669242382,0.012456434778869152,3167
2026-02-17 04:00:00+00:00,0.012442098930478096,0.012458479963243008,0.012432202696800232,0.012458479963243008,2493
2026-02-17 04:15:00+00:00,0.012536389753222466,0.012538577429950237,0.012442713603377342,0.012446661479771137,18178
2026-02-17 04:30:00+00:00,0.012494467198848724,0.01253643911331892,0.01246663834899664,0.01253643911331892,0
2026-02-17 04:45:00+00:00,0.012510089203715324,0.012529549188911915,0.012487199157476425,0.012487199157476425,0
2026-02-17 05:00:00+00:00,0.01246370654553175,0.012507989071309566,0.01246370654553175,0.012507989071309566,0
2026-02-17 05:15:00+00:00,0.012368807569146156,0.012460202910006046,0.012368807569146156,0.012460202910006046,7032
2026-02-17 05:30:00+00:00,0.012355768121778965,0.012368404306471348,0.012282163836061954,0.012368404306471348,6664
2026-02-17 05:45:00+00:00,0.012418978847563267,0.012419907376170158,0.012363746762275696,0.012363932095468044,82835
2026-02-17 06:00:00+00:00,0.012560563161969185,0.012570403516292572,0.012417178601026535,0.012417178601026535,55267
2026-02-17 06:15:00+00:00,0.012515604496002197,0.01255837269127369,0.012497419491410255,0.01255837269127369,5378
2026-02-17 06:30:00+00:00,0.012603053823113441,0.012604713439941406,0.01251930184662342,0.01251930184662342,27948
2026-02-17 06:45:00+00:00,0.012565718032419682,0.012640232220292091,0.012561717070639133,0.012604852207005024,47767
2026-02-17 07:00:00+00:00,0.012544232420623302,0.012576943263411522,0.012539052404463291,0.0125657320022583,12210
2026-02-17 07:15:00+00:00,0.012608136981725693,0.012616912834346294,0.012544619850814342,0.012544619850814342,4599
2026-02-17 07:30:00+00:00,0.012699122540652752,0.01269950345158577,0.012596913613379002,0.012610997073352337,120
2026-02-17 07:45:00+00:00,0.012633850798010826,0.01271179411560297,0.012633850798010826,0.012699787504971027,13946
2026-02-17 08:00:00+00:00,0.012739349156618118,0.012739349156618118,0.012609373778104782,0.012621971778571606,197555
2026-02-17 08:15:00+00:00,0.012717226520180702,0.012797750532627106,0.01268648449331522,0.012771107256412506,272255
2026-02-17 08:30:00+00:00,0.01271101739257574,0.01277233473956585,0.012651397846639156,0.0127267362549901,112574
2026-02-17 08:45:00+00:00,0.012779147364199162,0.012779147364199162,0.01271101739257574,0.01271101739257574,22032
2026-02-17 09:00:00+00:00,0.012807081453502178,0.012829524464905262,0.012782587669789791,0.012783302925527096,69416
2026-02-17 09:15:00+00:00,0.012877163477241993,0.012895550578832626,0.012822811491787434,0.012822811491787434,320877
2026-02-17 09:30:00+00:00,0.012830514460802078,0.01285054162144661,0.012795903719961643,0.012844432145357132,73077
2026-02-17 09:45:00+00:00,0.01291916985064745,0.012923037633299828,0.012832727283239365,0.012832727283239365,125356
2026-02-17 10:00:00+00:00,0.012735508382320404,0.012861890718340874,0.012735508382320404,0.012861890718340874,61420
2026-02-17 10:15:00+00:00,0.012723974883556366,0.012738248333334923,0.012700405903160572,0.012735135853290558,151595
2026-02-17 10:30:00+00:00,0.01266474835574627,0.012744255363941193,0.01266474835574627,0.012728860601782799,90518
2026-02-17 10:45:00+00:00,0.012631642632186413,0.012699361890554428,0.012631642632186413,0.012675989419221878,48639
2026-02-17 11:00:00+00:00,0.012575926259160042,0.012684003449976444,0.012527575716376305,0.012630856595933437,136283
2026-02-17 11:15:00+00:00,0.012605288997292519,0.012605288997292519,0.012572790496051311,0.012576603330671787,7841
2026-02-17 11:30:00+00:00,0.01265025045722723,0.01265171729028225,0.012607612647116184,0.012607612647116184,5944
2026-02-17 11:45:00+00:00,0.012744511477649212,0.01275679748505354,0.012667517177760601,0.012667517177760601,116563
2026-02-17 12:00:00+00:00,0.012693468481302261,0.012747998349368572,0.012669754214584827,0.012747998349368572,110515
2026-02-17 12:15:00+00:00,0.012682887725532055,0.012702901847660542,0.012660296633839607,0.012685942463576794,110013
2026-02-17 12:30:00+00:00,0.012740484438836575,0.012757652439177036,0.012688975781202316,0.012688975781202316,13420
2026-02-17 12:45:00+00:00,0.012598764151334763,0.01274153869599104,0.012598623521625996,0.01274153869599104,0
2026-02-17 13:00:00+00:00,0.012577997520565987,0.012588790617883205,0.012508108280599117,0.012588790617883205,0
2026-02-17 13:15:00+00:00,0.012607904151082039,0.01261202059686184,0.012566247954964638,0.012573807500302792,331964
2026-02-17 13:30:00+00:00,0.01251476164907217,0.012603522278368473,0.01251476164907217,0.012603522278368473,0
2026-02-17 13:45:00+00:00,0.012605966068804264,0.012623561546206474,0.012511946260929108,0.012514464557170868,0
2026-02-17 14:00:00+00:00,0.012582345865666866,0.012639042921364307,0.012574829161167145,0.012596125714480877,25286
2026-02-17 14:15:00+00:00,0.01254980731755495,0.012586390599608421,0.012538152746856213,0.012586390599608421,23278
2026-02-17 14:30:00+00:00,0.012577532790601254,0.012632784433662891,0.012544267810881138,0.012550804764032364,14251
2026-02-17 14:45:00+00:00,0.012452330440282822,0.012546363286674023,0.012414712458848953,0.012546363286674023,72591
2026-02-17 15:00:00+00:00,0.012436745688319206,0.012448274530470371,0.012423943728208542,0.012446264736354351,26104
2026-02-17 15:15:00+00:00,0.012424534186720848,0.012501130811870098,0.012424534186720848,0.012437605299055576,37619
2026-02-17 15:30:00+00:00,0.012447226792573929,0.012447226792573929,0.01236737985163927,0.012383563444018364,55724
2026-02-17 15:45:00+00:00,0.012610876001417637,0.012611033394932747,0.012447060085833073,0.012447060085833073,51400
2026-02-17 16:00:00+00:00,0.012679142877459526,0.012776498682796955,0.012605694122612476,0.012615351937711239,238336
2026-02-17 16:15:00+00:00,0.012569328770041466,0.012667982839047909,0.012568443082273006,0.012667982839047909,0
2026-02-17 16:30:00+00:00,0.012666267342865467,0.01267881691455841,0.01251380704343319,0.012569061480462551,116143
2026-02-17 16:45:00+00:00,0.012628764845430851,0.012674175202846527,0.012620585970580578,0.01266856025904417,30311
2026-02-17 17:00:00+00:00,0.012516321614384651,0.01261887326836586,0.012516321614384651,0.01261887326836586,0
2026-02-17 17:15:00+00:00,0.012550688348710537,0.012562316842377186,0.012515698559582233,0.012515749782323837,11720
2026-02-17 17:30:00+00:00,0.012444637715816498,0.012554798275232315,0.012444637715816498,0.01255030743777752,40519
2026-02-17 17:45:00+00:00,0.012462257407605648,0.012462257407605648,0.012413795106112957,0.01242832001298666,33827
2026-02-17 18:00:00+00:00,0.01251359935849905,0.01251359935849905,0.012468980625271797,0.012468980625271797,3967
2026-02-17 18:15:00+00:00,0.012644877657294273,0.012644877657294273,0.012500881217420101,0.012530169449746609,31106
2026-02-17 18:30:00+00:00,0.012759067118167877,0.012759067118167877,0.012643983587622643,0.012643983587622643,107030
2026-02-17 18:45:00+00:00,0.012767150066792965,0.01277568843215704,0.012723278254270554,0.012762043625116348,129915
2026-02-17 19:00:00+00:00,0.012837565504014492,0.01286183763295412,0.012752402573823929,0.012762428261339664,155913
2026-02-17 19:15:00+00:00,0.012822124175727367,0.012859079986810684,0.012822124175727367,0.01283132005482912,142456
2026-02-17 19:30:00+00:00,0.012796442955732346,0.0128125986084342,0.012780277989804745,0.0128125986084342,72612
2026-02-17 19:45:00+00:00,0.012791193090379238,0.012807970866560936,0.01278578769415617,0.012799433432519436,80836
2026-02-17 20:00:00+00:00,0.012738898396492004,0.012790817767381668,0.012731118127703667,0.012790817767381668,0
2026-02-17 20:15:00+00:00,0.012741919606924057,0.012759474106132984,0.012741919606924057,0.01274365745484829,18620
2026-02-17 20:30:00+00:00,0.012717515230178833,0.012747285887598991,0.012707487680017948,0.012747285887598991,49083
2026-02-17 20:45:00+00:00,0.01274725329130888,0.01274725329130888,0.012716181576251984,0.012718557380139828,0
2026-02-17 21:00:00+00:00,0.012764076702296734,0.0127685172483325,0.012733196839690208,0.012745407409965992,0
2026-02-17 21:15:00+00:00,0.012699463404715061,0.012794317677617073,0.01269831508398056,0.012770989909768105,4628
2026-02-17 21:30:00+00:00,0.012687192298471928,0.012701611965894699,0.0126820532605052,0.012699414975941181,0
2026-02-17 21:45:00+00:00,0.012705817818641663,0.012706569395959377,0.012697607278823853,0.012706569395959377,7196
2026-02-17 22:00:00+00:00,0.012666217982769012,0.012704258784651756,0.012666217982769012,0.01270248182117939,0
2026-02-17 22:15:00+00:00,0.012714375741779804,0.012714375741779804,0.012658498249948025,0.012666266411542892,2795
2026-02-17 22:30:00+00:00,0.01275711040943861,0.012772589921951294,0.012715470045804977,0.012715470045804977,8241
2026-02-17 22:45:00+00:00,0.012685329653322697,0.012756946496665478,0.012685329653322697,0.012756946496665478,0
2026-02-17 23:00:00+00:00,0.012655000202357769,0.012685170397162437,0.012651350349187851,0.012685170397162437,0
2026-02-17 23:15:00+00:00,0.012685775756835938,0.012686477042734623,0.012657532468438148,0.012657532468438148,0
2026-02-17 23:30:00+00:00,0.012653060257434845,0.012676381506025791,0.012630991637706757,0.012676381506025791,25293
2026-02-17 23:45:00+00:00,0.012687468901276588,0.012687468901276588,0.012654834426939487,0.012654834426939487,6899
2026-02-18 00:00:00+00:00,0.012665324844419956,0.012717419303953648,0.012665324844419956,0.012692171148955822,0
2026-02-18 00:15:00+00:00,0.012644341215491295,0.012664607726037502,0.012623252347111702,0.012664607726037502,7892
2026-02-18 00:30:00+00:00,0.012699177488684654,0.012707588262856007,0.012643998488783836,0.012643998488783836,5412
2026-02-18 00:45:00+00:00,0.012641923502087593,0.012699552811682224,0.012641923502087593,0.012699552811682224,12241
2026-02-18 01:00:00+00:00,0.01257319189608097,0.012641255743801594,0.01257319189608097,0.012641255743801594,22480
2026-02-18 01:15:00+00:00,0.012586789205670357,0.012591670267283916,0.012568384408950806,0.012580658309161663,16297
2026-02-18 01:30:00+00:00,0.012628350406885147,0.012628350406885147,0.01256344560533762,0.012585204094648361,13694
2026-02-18 01:45:00+00:00,0.012639335356652737,0.012660399079322815,0.012623600661754608,0.012623600661754608,106777
2026-02-18 02:00:00+00:00,0.012773489579558372,0.012773489579558372,0.012639423832297325,0.012639423832297325,30418
2026-02-18 02:15:00+00:00,0.012725243344902992,0.01277344673871994,0.012724718078970909,0.01277344673871994,0
2026-02-18 02:30:00+00:00,0.012746366672217846,0.012761207297444344,0.012713488191366196,0.012722641229629517,6082
2026-02-18 02:45:00+00:00,0.0127771170809865,0.01279356237500906,0.012754649855196476,0.012754649855196476,0
2026-02-18 03:00:00+00:00,0.01278621330857277,0.012842981144785881,0.012765470892190933,0.012777895666658878,86642
2026-02-18 03:15:00+00:00,0.012850514613091946,0.012869095429778099,0.01278600562363863,0.01278600562363863,3158
2026-02-18 03:30:00+00:00,0.012982022017240524,0.012982022017240524,0.012853880412876606,0.01285700872540474,102470
2026-02-18 03:45:00+00:00,0.012959794141352177,0.01297964621335268,0.012957298196852207,0.01297964621335268,59874
2026-02-18 04:00:00+00:00,0.01296637486666441,0.01296637486666441,0.012942738831043243,0.012965798377990723,23638
2026-02-18 04:15:00+00:00,0.012973788194358349,0.012973788194358349,0.012940747663378716,0.012960768304765224,42849
2026-02-18 04:30:00+00:00,0.013042277656495571,0.013042277656495571,0.012985402718186378,0.01298887562006712,191344
2026-02-18 04:45:00+00:00,0.013043798506259918,0.013103109784424305,0.013043084181845188,0.01304585300385952,225716
2026-02-18 05:00:00+00:00,0.01309904269874096,0.01309904269874096,0.013031573966145515,0.013046948239207268,58356
2026-02-18 05:15:00+00:00,0.01315566897392273,0.013170012272894382,0.013105567544698715,0.013105567544698715,118113
2026-02-18 05:30:00+00:00,0.013163011521100998,0.013206763193011284,0.013160607777535915,0.013163726776838303,27347
2026-02-18 05:45:00+00:00,0.013246534392237663,0.013259364292025566,0.013163038529455662,0.013163038529455662,124270
2026-02-18 06:00:00+00:00,0.013181409798562527,0.013245560228824615,0.01317995972931385,0.013245560228824615,7607
2026-02-18 06:15:00+00:00,0.013225582428276539,0.013225582428276539,0.013184623792767525,0.013184623792767525,64683
2026-02-18 06:30:00+00:00,0.013331286609172821,0.013346300460398197,0.01325115468353033,0.01325115468353033,288230
2026-02-18 06:45:00+00:00,0.013249006122350693,0.013342808000743389,0.013249006122350693,0.01333682518452406,12517
2026-02-18 07:00:00+00:00,0.013294431380927563,0.013294431380927563,0.013250759802758694,0.013255677185952663,96942
2026-02-18 07:15:00+00:00,0.013346560299396515,0.013348410837352276,0.013289740309119225,0.013308714143931866,178332
2026-02-18 07:30:00+00:00,0.013504398055374622,0.013544291257858276,0.013358278200030327,0.013358278200030327,410692
2026-02-18 07:45:00+00:00,0.013636883348226547,0.013638139702379704,0.013520377688109875,0.013520377688109875,254512
2026-02-18 08:00:00+00:00,0.013757986947894096,0.013760990463197231,0.013641681522130966,0.013679469004273415,329313
2026-02-18 08:15:00+00:00,0.013823330402374268,0.013882712461054325,0.013792334124445915,0.013792334124445915,105475
2026-02-18 08:30:00+00:00,0.014129288494586945,0.014188731089234352,0.013789309188723564,0.013789309188723564,1491401
2026-02-18 08:45:00+00:00,0.01423260010778904,0.01423260010778904,0.01407384779304266,0.014158463105559349,737492
2026-02-18 09:00:00+00:00,0.014006908982992172,0.014285704120993614,0.014006908982992172,0.01426956057548523,803715
2026-02-18 09:15:00+00:00,0.013700229115784168,0.01401649322360754,0.013700229115784168,0.01401649322360754,493292
2026-02-18 09:30:00+00:00,0.01367705687880516,0.01374595146626234,0.01363624632358551,0.01374595146626234,262561
2026-02-18 09:45:00+00:00,0.013678101822733879,0.013678639195859432,0.013650327920913696,0.01367421168833971,123065
2026-02-18 10:00:00+00:00,0.013796096667647362,0.013796096667647362,0.013677593320608139,0.013677593320608139,117098
2026-02-18 10:15:00+00:00,0.013962534256279469,0.013962534256279469,0.013788425363600254,0.013791740871965885,184217
2026-02-18 10:30:00+00:00,0.013956328853964806,0.014058748260140419,0.013956328853964806,0.013956636190414429,167862
2026-02-18 10:45:00+00:00,0.01418985240161419,0.01418985240161419,0.013958149589598179,0.013958149589598179,173364
2026-02-18 11:00:00+00:00,0.014173605479300022,0.014271337538957596,0.014173605479300022,0.014204521663486958,123144
2026-02-18 11:15:00+00:00,0.01422279141843319,0.014240166172385216,0.01413982268422842,0.014240166172385216,416108
2026-02-18 11:30:00+00:00,0.014150046743452549,0.014262321405112743,0.014150046743452549,0.014224191196262836,282010
2026-02-18 11:45:00+00:00,0.014168566092848778,0.014210475608706474,0.01413795817643404,0.014147024601697922,98628
2026-02-18 12:00:00+00:00,0.01431318186223507,0.014314866624772549,0.014142950996756554,0.014158379286527634,412620
2026-02-18 12:15:00+00:00,0.014155646786093712,0.01428771298378706,0.014155646786093712,0.014286156743764877,73982
2026-02-18 12:30:00+00:00,0.014323360286653042,0.014323360286653042,0.014149632304906845,0.014190616086125374,197352
2026-02-18 12:45:00+00:00,0.01437041349709034,0.01437041349709034,0.014283114112913609,0.01430569589138031,324956
2026-02-18 13:00:00+00:00,0.01419863197952509,0.01433680858463049,0.01419863197952509,0.01433680858463049,144056
2026-02-18 13:15:00+00:00,0.014104258269071579,0.014210345223546028,0.014084209688007832,0.014207378029823303,406272
2026-02-18 13:30:00+00:00,0.013942240737378597,0.014114209450781345,0.013942240737378597,0.014109307900071144,198146
2026-02-18 13:45:00+00:00,0.013785887509584427,0.013940181583166122,0.013746185228228569,0.013940181583166122,952786
2026-02-18 14:00:00+00:00,0.013610358349978924,0.013804075308144093,0.013601966202259064,0.013804075308144093,129352
2026-02-18 14:15:00+00:00,0.01361575722694397,0.013623938895761967,0.013615296222269535,0.013621056452393532,27528
2026-02-18 14:30:00+00:00,0.013538451865315437,0.01370421051979065,0.013538451865315437,0.013589035719633102,115908
2026-02-18 14:45:00+00:00,0.013697347603738308,0.013701299205422401,0.01348986104130745,0.013515299186110497,242562
2026-02-18 15:00:00+00:00,0.013798288069665432,0.013847612775862217,0.013693728484213352,0.01369701512157917,156696
2026-02-18 15:15:00+00:00,0.013788949698209763,0.013873020187020302,0.013786904513835907,0.013849247246980667,173074
2026-02-18 15:30:00+00:00,0.013851688243448734,0.013851688243448734,0.013669542968273163,0.013782443478703499,214940
2026-02-18 15:45:00+00:00,0.013602856546640396,0.013845263049006462,0.013602856546640396,0.013845263049006462,95900
2026-02-18 16:00:00+00:00,0.013672552071511745,0.013672552071511745,0.013574586249887943,0.013592584058642387,16042
2026-02-18 16:15:00+00:00,0.013643285259604454,0.013684538193047047,0.013643285259604454,0.013670609332621098,0
2026-02-18 16:30:00+00:00,0.013720428571105003,0.013720428571105003,0.013646500185132027,0.013646500185132027,58834
2026-02-18 16:45:00+00:00,0.013619435019791126,0.013677659444510937,0.013593601994216442,0.013677659444510937,40176
2026-02-18 17:00:00+00:00,0.013588658533990383,0.013629868626594543,0.013583961874246597,0.01360250636935234,71498
2026-02-18 17:15:00+00:00,0.01348208449780941,0.013586951419711113,0.013473747298121452,0.013585134409368038,37752
2026-02-18 17:30:00+00:00,0.013451538048684597,0.01350217591971159,0.013451538048684597,0.013487789779901505,5904
2026-02-18 17:45:00+00:00,0.013455824926495552,0.01350734569132328,0.013455824926495552,0.013457691296935081,101798
2026-02-18 18:00:00+00:00,0.013537830673158169,0.013537830673158169,0.013453609310090542,0.013453609310090542,39668
2026-02-18 18:15:00+00:00,0.013363240286707878,0.01353785302489996,0.013360744342207909,0.01353785302489996,317034
2026-02-18 18:30:00+00:00,0.013308783061802387,0.01336335763335228,0.01329881977289915,0.013360805809497833,12320
2026-02-18 18:45:00+00:00,0.013290670700371265,0.01333194226026535,0.013286550529301167,0.013286550529301167,25654
2026-02-18 19:00:00+00:00,0.01333844568580389,0.013343733735382557,0.013287237845361233,0.013287237845361233,29706
2026-02-18 19:15:00+00:00,0.013258753344416618,0.013330967165529728,0.013258753344416618,0.013330967165529728,13540
2026-02-18 19:30:00+00:00,0.01324114203453064,0.013261656276881695,0.013169413432478905,0.013257510028779507,173522
2026-02-18 19:45:00+00:00,0.013213063590228558,0.01325334794819355,0.013209079392254353,0.013232238590717316,10636
2026-02-18 20:00:00+00:00,0.01316983811557293,0.01322646252810955,0.01316983811557293,0.013218911364674568,300
2026-02-18 20:15:00+00:00,0.013224886730313301,0.013225765898823738,0.013154953718185425,0.01316587533801794,48856
2026-02-18 20:30:00+00:00,0.013454277068376541,0.013454277068376541,0.013227931223809719,0.013227931223809719,366632
2026-02-18 20:45:00+00:00,0.013385873287916183,0.013491096906363964,0.013385171070694923,0.013478047214448452,171470
2026-02-18 21:00:00+00:00,0.013438140973448753,0.013438140973448753,0.013380994088947773,0.013386890292167664,33266
2026-02-18 21:15:00+00:00,0.01361779309809208,0.013645577244460583,0.013471019454300404,0.013471019454300404,367302
2026-02-18 21:30:00+00:00,0.013573646545410156,0.013602345250546932,0.013546757400035858,0.013601896353065968,135152
2026-02-18 21:45:00+00:00,0.013491243124008179,0.013587817549705505,0.013469964265823364,0.013576183468103409,88040
2026-02-18 22:00:00+00:00,0.013478204607963562,0.013506396673619747,0.013474575243890285,0.013489803299307823,48482
2026-02-18 22:15:00+00:00,0.013395770452916622,0.013476514257490635,0.013395770452916622,0.013476514257490635,48284
2026-02-18 22:30:00+00:00,0.013598908670246601,0.013598908670246601,0.013418457470834255,0.013418457470834255,137774
2026-02-18 22:45:00+00:00,0.013493567705154419,0.013600225560367107,0.013493567705154419,0.013599187135696411,33554
2026-02-18 23:00:00+00:00,0.013418098911643028,0.013498260639607906,0.013413690030574799,0.013494188897311687,162
2026-02-18 23:15:00+00:00,0.013405004516243935,0.013438394293189049,0.013405004516243935,0.013419268652796745,120322
2026-02-18 23:30:00+00:00,0.013461427763104439,0.013464853167533875,0.013404767960309982,0.013404767960309982,77188
2026-02-18 23:45:00+00:00,0.01349522452801466,0.013501673936843872,0.013460855931043625,0.01346250157803297,48226
2026-02-19 00:00:00+00:00,0.013460757210850716,0.013492523692548275,0.013401184231042862,0.013492523692548275,36886
2026-02-19 00:15:00+00:00,0.013399680145084858,0.01343469601124525,0.013399680145084858,0.01343469601124525,72412
2026-02-19 00:30:00+00:00,0.013408166356384754,0.013414394110441208,0.013301953673362732,0.013391868211328983,143726
2026-02-19 00:45:00+00:00,0.013387138955295086,0.013408232480287552,0.01337424572557211,0.013408232480287552,25096
2026-02-19 01:00:00+00:00,0.013535471633076668,0.013535471633076668,0.013389813713729382,0.013389813713729382,130920
2026-02-19 01:15:00+00:00,0.013532747514545918,0.013595313765108585,0.013530383817851543,0.013530383817851543,164378
2026-02-19 01:30:00+00:00,0.013458884321153164,0.013532556593418121,0.013422872871160507,0.013532556593418121,2850
2026-02-19 01:45:00+00:00,0.013595938682556152,0.013595938682556152,0.013487935066223145,0.013487935066223145,55088
2026-02-19 02:00:00+00:00,0.01364652905613184,0.01371228601783514,0.0136015135794878,0.0136015135794878,176552
2026-02-19 02:15:00+00:00,0.01371761318296194,0.01371761318296194,0.01361767202615738,0.01364333275705576,33946
2026-02-19 02:30:00+00:00,0.01368778944015503,0.01372305117547512,0.01367849949747324,0.013715799897909164,90522
2026-02-19 02:45:00+00:00,0.013693730346858501,0.013723542913794518,0.013671877793967724,0.013671877793967724,77684
2026-02-19 03:00:00+00:00,0.013610600493848324,0.013669365085661411,0.01359006017446518,0.013669365085661411,20692
2026-02-19 03:15:00+00:00,0.01361355371773243,0.0136265205219388,0.01361355371773243,0.013620766811072826,63310
2026-02-19 03:30:00+00:00,0.01356035377830267,0.013600828126072884,0.013559926301240921,0.01359566394239664,17316
2026-02-19 03:45:00+00:00,0.01363745704293251,0.01364640612155199,0.013558546081185341,0.013559225015342236,21630
2026-02-19 04:00:00+00:00,0.013630914501845837,0.01367335207760334,0.013618698343634605,0.013636180199682713,67710
2026-02-19 04:15:00+00:00,0.013435806147754192,0.013627061620354652,0.013435806147754192,0.013627061620354652,0
2026-02-19 04:30:00+00:00,0.013602160848677158,0.01360283698886633,0.013439075089991093,0.013439075089991093,27670
2026-02-19 04:45:00+00:00,0.01357929315418005,0.013595512136816978,0.013555849902331829,0.013592562638223171,0
2026-02-19 05:00:00+00:00,0.013550524599850178,0.013574426993727684,0.013513301499187946,0.013574426993727684,0
2026-02-19 05:15:00+00:00,0.0134608568623662,0.013579204678535461,0.0134608568623662,0.013551766984164715,0
2026-02-19 05:30:00+00:00,0.013512584380805492,0.013512584380805492,0.013436761684715748,0.013466371223330498,23154
2026-02-19 05:45:00+00:00,0.013507951982319355,0.013544002547860146,0.013497927226126194,0.013512782752513885,0
2026-02-19 06:00:00+00:00,0.013491624034941196,0.01353304460644722,0.013490165583789349,0.013515962287783623,0
2026-02-19 06:15:00+00:00,0.013496817089617252,0.013503465801477432,0.0134732685983181,0.013497024774551392,9114
2026-02-19 06:30:00+00:00,0.013395274989306927,0.013492874801158905,0.013395274989306927,0.013482969254255295,0
2026-02-19 06:45:00+00:00,0.01336235273629427,0.013382954522967339,0.013335270807147026,0.013382954522967339,23526
2026-02-19 07:00:00+00:00,0.013296159915626049,0.013397120870649815,0.013293835334479809,0.013378682546317577,0
2026-02-19 07:15:00+00:00,0.013233194127678871,0.013293917290866375,0.013223286718130112,0.013293917290866375,32928
2026-02-19 07:30:00+00:00,0.013223429210484028,0.01327778771519661,0.013223429210484028,0.01323659811168909,0
2026-02-19 07:45:00+00:00,0.013177226297557354,0.013221261091530323,0.01316874660551548,0.013221261091530323,0
2026-02-19 08:00:00+00:00,0.013134250417351723,0.013180107809603214,0.01313124131411314,0.013177160173654556,0
2026-02-19 08:15:00+00:00,0.013021871447563171,0.013147832825779915,0.013021871447563171,0.013130828738212585,8722
2026-02-19 08:30:00+00:00,0.012887186370790005,0.013026277534663677,0.012879460118710995,0.013026277534663677,22168
2026-02-19 08:45:00+00:00,0.012925904244184494,0.012948513962328434,0.012883774936199188,0.012883774936199188,0
2026-02-19 09:00:00+00:00,0.01292285043746233,0.01296546682715416,0.01292285043746233,0.012929859571158886,0
2026-02-19 09:15:00+00:00,0.012960712425410748,0.012970835901796818,0.012904218398034573,0.012922749854624271,0
2026-02-19 09:30:00+00:00,0.012860920280218124,0.012959797866642475,0.012860920280218124,0.012959797866642475,0
2026-02-19 09:45:00+00:00,0.01289836224168539,0.012923981063067913,0.012847780250012875,0.012872472405433655,51590
2026-02-19 10:00:00+00:00,0.012870708480477333,0.012893571518361568,0.012860975228250027,0.012892567552626133,0
2026-02-19 10:15:00+00:00,0.012877955101430416,0.0128940399736166,0.012857535853981972,0.012869853526353836,0
2026-02-19 10:30:00+00:00,0.012866413220763206,0.012896294705569744,0.012865531258285046,0.012888412922620773,31604
2026-02-19 10:45:00+00:00,0.012848438695073128,0.012869561091065407,0.012834855355322361,0.012866413220763206,0
2026-02-19 11:00:00+00:00,0.012889515608549118,0.012889515608549118,0.012837125919759274,0.012852028012275696,0
2026-02-19 11:15:00+00:00,0.012919563800096512,0.012926498427987099,0.01289661880582571,0.012900558300316334,0
2026-02-19 11:30:00+00:00,0.012919227592647076,0.012920594774186611,0.01289882231503725,0.012918397784233093,0
2026-02-19 11:45:00+00:00,0.012893622741103172,0.012966185808181763,0.012893622741103172,0.012964826077222824,2722
2026-02-19 12:00:00+00:00,0.012888642959296703,0.012920984998345375,0.012883679009974003,0.0128928879275918,0
2026-02-19 12:15:00+00:00,0.01276859175413847,0.012903695926070213,0.012766770087182522,0.01289919950067997,25506
2026-02-19 12:30:00+00:00,0.012812452390789986,0.012812452390789986,0.012781220488250256,0.012781220488250256,0
2026-02-19 12:45:00+00:00,0.012828899547457695,0.012856125831604004,0.012810016050934792,0.012810016050934792,0
2026-02-19 13:00:00+00:00,0.012777545489370823,0.012828310951590538,0.012738131918013096,0.012828310951590538,0
2026-02-19 13:15:00+00:00,0.01273004524409771,0.012783502228558064,0.01273004524409771,0.01277316827327013,0
2026-02-19 13:30:00+00:00,0.012581917457282543,0.01272882241755724,0.012581917457282543,0.01272882241755724,36736
2026-02-19 13:45:00+00:00,0.01248198188841343,0.012593292631208897,0.012471562251448631,0.012584802694618702,162874
2026-02-19 14:00:00+00:00,0.012477860786020756,0.012506899423897266,0.012473823502659798,0.012479593977332115,3886
2026-02-19 14:15:00+00:00,0.012482423335313797,0.012490060180425644,0.012439302168786526,0.012479500845074654,65891
2026-02-19 14:30:00+00:00,0.01254519447684288,0.012546918354928493,0.012477003037929535,0.012489107437431812,13078
2026-02-19 14:45:00+00:00,0.012562740594148636,0.012573656626045704,0.012530561536550522,0.01255333237349987,33804
2026-02-19 15:00:00+00:00,0.012511900626122952,0.0125899538397789,0.012511900626122952,0.012558192946016788,0
2026-02-19 15:15:00+00:00,0.0124734565615654,0.012511887587606907,0.012459298595786095,0.012511887587606907,0
2026-02-19 15:30:00+00:00,0.012437556870281696,0.012468788772821426,0.012437556870281696,0.012468788772821426,0
2026-02-19 15:45:00+00:00,0.012440163642168045,0.012463951483368874,0.012432722374796867,0.012439463287591934,60689
2026-02-19 16:00:00+00:00,0.012388838455080986,0.012439610436558723,0.01233891025185585,0.012439610436558723,229505
2026-02-19 16:15:00+00:00,0.012480291537940502,0.012517646886408329,0.012394357472658157,0.012394357472658157,31887
2026-02-19 16:30:00+00:00,0.012558357790112495,0.012569894082844257,0.012477098032832146,0.012478351593017578,45979
2026-02-19 16:45:00+00:00,0.012479311786592007,0.012559513561427593,0.012479311786592007,0.012559513561427593,0
2026-02-19 17:00:00+00:00,0.01243839506059885,0.01247867476195097,0.01242189109325409,0.01247867476195097,27894
2026-02-19 17:15:00+00:00,0.012582642957568169,0.012654714286327362,0.012441801838576794,0.012441801838576794,138915
2026-02-19 17:30:00+00:00,0.01256501954048872,0.01258381549268961,0.01252003014087677,0.01258381549268961,18508
2026-02-19 17:45:00+00:00,0.012514359317719936,0.012579647824168205,0.012486324645578861,0.012567042373120785,38104
2026-02-19 18:00:00+00:00,0.012574473395943642,0.012590238824486732,0.01253884844481945,0.01253884844481945,28555
2026-02-19 18:15:00+00:00,0.012650816701352596,0.012650816701352596,0.012575287371873856,0.012587708421051502,16479
2026-02-19 18:30:00+00:00,0.012614351697266102,0.01265530101954937,0.012596634216606617,0.012653636746108532,0
2026-02-19 18:45:00+00:00,0.012689760886132717,0.012689760886132717,0.012615193612873554,0.012615193612873554,80889
2026-02-19 19:00:00+00:00,0.012681153602898121,0.0127334576100111,0.012681153602898121,0.01268902886658907,0
2026-02-19 19:15:00+00:00,0.012668896466493607,0.01268185768276453,0.012661665678024292,0.012680797837674618,0
2026-02-19 19:30:00+00:00,0.012586750090122223,0.012665100395679474,0.012583245523273945,0.012648950330913067,0
2026-02-19 19:45:00+00:00,0.012655236758291721,0.012655236758291721,0.012574335560202599,0.012588294222950935,16709
2026-02-19 20:00:00+00:00,0.012612970545887947,0.01268867589533329,0.012612970545887947,0.012661155313253403,14790
2026-02-19 20:15:00+00:00,0.012524491176009178,0.012606319971382618,0.012520035728812218,0.012606319971382618,71005
2026-02-19 20:30:00+00:00,0.01249166764318943,0.012524495832622051,0.012487941421568394,0.012523885816335678,0
2026-02-19 20:45:00+00:00,0.012538655661046505,0.012551811523735523,0.012495330534875393,0.012495330534875393,0
2026-02-19 21:00:00+00:00,0.01247824914753437,0.01255286205559969,0.01247824914753437,0.012532063759863377,59190
2026-02-19 21:15:00+00:00,0.012482323683798313,0.01248619519174099,0.012474221177399158,0.01247978676110506,0
2026-02-19 21:30:00+00:00,0.01245553232729435,0.012482362799346447,0.01244206354022026,0.012482362799346447,1010
2026-02-19 21:45:00+00:00,0.012389568611979485,0.012462297454476357,0.012389568611979485,0.012456064112484455,0
2026-02-19 22:00:00+00:00,0.012383789755403996,0.012391756288707256,0.01236996054649353,0.012391756288707256,0
2026-02-19 22:15:00+00:00,0.012320725247263908,0.012385794892907143,0.0123169906437397,0.012385794892907143,1351
2026-02-19 22:30:00+00:00,0.01223292201757431,0.012319679372012615,0.01217222772538662,0.012317586690187454,60293
2026-02-19 22:45:00+00:00,0.01227961853146553,0.01227961853146553,0.012230773456394672,0.012230773456394672,0
2026-02-19 23:00:00+00:00,0.012299464084208012,0.012330963276326656,0.012279734015464783,0.012279734015464783,1025
2026-02-19 23:15:00+00:00,0.012353198602795601,0.01235370896756649,0.012301098555326462,0.012301098555326462,7455
2026-02-19 23:30:00+00:00,0.012300815433263779,0.012352840974926949,0.012300815433263779,0.012352840974926949,0
2026-02-19 23:45:00+00:00,0.012349240481853485,0.012349240481853485,0.012302415445446968,0.012302415445446968,43193
2026-02-20 00:00:00+00:00,0.012427940964698792,0.012429644353687763,0.012355605140328407,0.012355605140328407,77227
2026-02-20 00:15:00+00:00,0.012624693103134632,0.012624693103134632,0.012427381239831448,0.01242811605334282,82929
2026-02-20 00:30:00+00:00,0.012581954710185528,0.012677071616053581,0.012568971142172813,0.012631942518055439,0
2026-02-20 00:45:00+00:00,0.012647087685763836,0.012647087685763836,0.012586367316544056,0.012586367316544056,61223
2026-02-20 01:00:00+00:00,0.012820091098546982,0.012820091098546982,0.012652563862502575,0.012652563862502575,95183
2026-02-20 01:15:00+00:00,0.012807361781597137,0.012854935601353645,0.012796309776604176,0.012854935601353645,33907
2026-02-20 01:30:00+00:00,0.01301602367311716,0.01301602367311716,0.01286693662405014,0.01286693662405014,405237
2026-02-20 01:45:00+00:00,0.0130009725689888,0.013019704259932041,0.01297612115740776,0.013010281138122082,12114
2026-02-20 02:00:00+00:00,0.013205774128437042,0.013205774128437042,0.013008758425712585,0.013008758425712585,475854
2026-02-20 02:15:00+00:00,0.01322928722947836,0.01324666291475296,0.013207267969846725,0.01320946216583252,268645
2026-02-20 02:30:00+00:00,0.013126215897500515,0.013228318654000759,0.013123100623488426,0.01322801224887371,47619
2026-02-20 02:45:00+00:00,0.013064121827483177,0.013168483041226864,0.013064121827483177,0.013126607984304428,80150
2026-02-20 03:00:00+00:00,0.01296347938477993,0.013064867816865444,0.012958326376974583,0.013064867816865444,97983
2026-02-20 03:15:00+00:00,0.01292029395699501,0.012962598353624344,0.01292029395699501,0.012961181811988354,70081
2026-02-20 03:30:00+00:00,0.012904614210128784,0.01293042954057455,0.012888473458588123,0.012925206683576107,40387
2026-02-20 03:45:00+00:00,0.012831803411245346,0.012894278392195702,0.012831803411245346,0.012894278392195702,76997
2026-02-20 04:00:00+00:00,0.012776670977473259,0.012822963297367096,0.012776670977473259,0.012822963297367096,44846
2026-02-20 04:15:00+00:00,0.012645387090742588,0.012784676626324654,0.012633332051336765,0.012776287272572517,21831
2026-02-20 04:30:00+00:00,0.01272575557231903,0.01273797731846571,0.012642820365726948,0.012647480703890324,33050
2026-02-20 04:45:00+00:00,0.012631772086024284,0.012725891545414925,0.012631592340767384,0.012725891545414925,15755
2026-02-20 05:00:00+00:00,0.012563813477754593,0.012630840763449669,0.012559712864458561,0.012630840763449669,5383
2026-02-20 05:15:00+00:00,0.012555830180644989,0.012574980966746807,0.0125250443816185,0.012565773911774158,24917
2026-02-20 05:30:00+00:00,0.012676374055445194,0.012703041546046734,0.012561945244669914,0.012561945244669914,53673
2026-02-20 05:45:00+00:00,0.01272188127040863,0.012723622843623161,0.012690123170614243,0.012690123170614243,35367
2026-02-20 06:00:00+00:00,0.012712650001049042,0.0127273453399539,0.01269580703228712,0.0127273453399539,1705
2026-02-20 06:15:00+00:00,0.012713339179754257,0.012714371085166931,0.012670178897678852,0.012705538421869278,50711
2026-02-20 06:30:00+00:00,0.012733491137623787,0.01274081226438284,0.012712107039988041,0.012712107039988041,491
2026-02-20 06:45:00+00:00,0.012746860273182392,0.012746860273182392,0.01270414236932993,0.012733284384012222,10234
2026-02-20 07:00:00+00:00,0.012730138376355171,0.01276770606637001,0.012729987502098083,0.012759554199874401,0
2026-02-20 07:15:00+00:00,0.012686110101640224,0.012736275792121887,0.01268573384732008,0.012730157002806664,6356
2026-02-20 07:30:00+00:00,0.012631352059543133,0.012681866064667702,0.012623980641365051,0.012681866064667702,31045
2026-02-20 07:45:00+00:00,0.01262360718101263,0.012641049921512604,0.01261885929852724,0.012620355933904648,0
2026-02-20 08:00:00+00:00,0.012622000649571419,0.01264303456991911,0.012580489739775658,0.012635404244065285,0
2026-02-20 08:15:00+00:00,0.012667471542954445,0.012667858973145485,0.012613363564014435,0.012620560824871063,4738
2026-02-20 08:30:00+00:00,0.012696108780801296,0.012750167399644852,0.012671890668570995,0.012671890668570995,1736
2026-02-20 08:45:00+00:00,0.012711112387478352,0.012727726250886917,0.012698550708591938,0.012698550708591938,5360
2026-02-20 09:00:00+00:00,0.012795113027095795,0.012795113027095795,0.012712623924016953,0.012712623924016953,9259
2026-02-20 09:15:00+00:00,0.012792673893272877,0.012836682610213757,0.012791290879249573,0.012809684500098228,0
2026-02-20 09:30:00+00:00,0.01271810382604599,0.012783776968717575,0.01271810382604599,0.012783776968717575,76382
2026-02-20 09:45:00+00:00,0.012700598686933517,0.012716183438897133,0.012697378173470497,0.012716183438897133,7586
2026-02-20 10:00:00+00:00,0.012755065225064754,0.012762317433953285,0.012661653570830822,0.012682250700891018,108225
2026-02-20 10:15:00+00:00,0.012740244157612324,0.012768658809363842,0.012728291563689709,0.012748424895107746,61180
2026-02-20 10:30:00+00:00,0.012683277949690819,0.012739991769194603,0.012682946398854256,0.012739991769194603,18486
2026-02-20 10:45:00+00:00,0.012669450603425503,0.012702356092631817,0.012661918066442013,0.012681880965828896,21178
2026-02-20 11:00:00+00:00,0.012677195481956005,0.012690896168351173,0.012668905779719353,0.012669367715716362,0
2026-02-20 11:15:00+00:00,0.012610715813934803,0.012672281824052334,0.012592602521181107,0.012672281824052334,1807
2026-02-20 11:30:00+00:00,0.012643912807106972,0.012660056352615356,0.012616006657481194,0.012616006657481194,6002
2026-02-20 11:45:00+00:00,0.012698274105787277,0.012705166824162006,0.012635680846869946,0.012641703709959984,42769
2026-02-20 12:00:00+00:00,0.012647178955376148,0.012695846147835255,0.012646031565964222,0.012695846147835255,20497
2026-02-20 12:15:00+00:00,0.01264830119907856,0.012654121033847332,0.012623935006558895,0.012646184302866459,14562
2026-02-20 12:30:00+00:00,0.012682553380727768,0.012692078948020935,0.012642499059438705,0.012643693014979362,11432
2026-02-20 12:45:00+00:00,0.012669218704104424,0.012696048244833946,0.012669218704104424,0.012678910046815872,12095
2026-02-20 13:00:00+00:00,0.01264217495918274,0.012670297175645828,0.012606479227542877,0.012670297175645828,0
2026-02-20 13:15:00+00:00,0.01253843866288662,0.01264206226915121,0.01253438275307417,0.01264206226915121,114454
2026-02-20 13:30:00+00:00,0.012436291202902794,0.01256502140313387,0.012405198998749256,0.012536623515188694,9281
2026-02-20 13:45:00+00:00,0.012514090165495872,0.012535374611616135,0.012427170760929585,0.012427170760929585,15591
2026-02-20 14:00:00+00:00,0.01252012886106968,0.012528485618531704,0.012511265464127064,0.012512518092989922,0
2026-02-20 14:15:00+00:00,0.01253479439765215,0.012534990906715393,0.012494280934333801,0.012516146525740623,0
2026-02-20 14:30:00+00:00,0.012631379999220371,0.012631379999220371,0.012535477988421917,0.012535477988421917,34245
2026-02-20 14:45:00+00:00,0.012561417184770107,0.012649601325392723,0.012560606934130192,0.012639163061976433,0
2026-02-20 15:00:00+00:00,0.01266407035291195,0.012699484825134277,0.012538357637822628,0.012563532218337059,126384
2026-02-20 15:15:00+00:00,0.012801260687410831,0.012801260687410831,0.012616381980478764,0.012655320577323437,175793
2026-02-20 15:30:00+00:00,0.012792237102985382,0.012802544981241226,0.012753759510815144,0.012802544981241226,107934
2026-02-20 15:45:00+00:00,0.012937009334564209,0.012938055209815502,0.012799354270100594,0.012799354270100594,49801
2026-02-20 16:00:00+00:00,0.013087835162878036,0.01317545399069786,0.012941505759954453,0.012941505759954453,119165
2026-02-20 16:15:00+00:00,0.013014408759772778,0.013109028339385986,0.013002551160752773,0.013109028339385986,55171
2026-02-20 16:30:00+00:00,0.01294636633247137,0.013012495823204517,0.012928872369229794,0.013012495823204517,22939
2026-02-20 16:45:00+00:00,0.013119757175445557,0.013119757175445557,0.012945115566253662,0.012945115566253662,182946
2026-02-20 17:00:00+00:00,0.012814846821129322,0.013121044263243675,0.012814846821129322,0.013121044263243675,101008
2026-02-20 17:15:00+00:00,0.012699633836746216,0.012812137603759766,0.012674987316131592,0.012812137603759766,23653
2026-02-20 17:30:00+00:00,0.01289757527410984,0.01289757527410984,0.012700174935162067,0.012700174935162067,165227
2026-02-20 17:45:00+00:00,0.013005223125219345,0.013027948327362537,0.01289917342364788,0.01289917342364788,107689
2026-02-20 18:00:00+00:00,0.013074721209704876,0.013074721209704876,0.013019063510000706,0.013019063510000706,16516
2026-02-20 18:15:00+00:00,0.013091271743178368,0.013091271743178368,0.013037600554525852,0.013072905130684376,115687
2026-02-20 18:30:00+00:00,0.013026202097535133,0.013079462572932243,0.013012769632041454,0.013062081299722195,112366
2026-02-20 18:45:00+00:00,0.012974996119737625,0.013025469146668911,0.012956386432051659,0.013021211139857769,3134
2026-02-20 19:00:00+00:00,0.012904847040772438,0.012978877872228622,0.012903042137622833,0.012977025471627712,0
2026-02-20 19:15:00+00:00,0.012896470725536346,0.012909552082419395,0.01287126261740923,0.01288579311221838,19624
2026-02-20 19:30:00+00:00,0.012903612107038498,0.012916549108922482,0.012887722812592983,0.012896543368697166,32868
2026-02-20 19:45:00+00:00,0.012867042794823647,0.012904256582260132,0.012856260873377323,0.012904256582260132,0
2026-02-20 20:00:00+00:00,0.012897702865302563,0.012908192351460457,0.012866435572504997,0.012866795994341373,19956
2026-02-20 20:15:00+00:00,0.012810003012418747,0.012893928214907646,0.012810003012418747,0.012893928214907646,28663
2026-02-20 20:30:00+00:00,0.012824068777263165,0.012824068777263165,0.012802463956177235,0.012807339429855347,2577
2026-02-20 20:45:00+00:00,0.012837134301662445,0.012849230319261551,0.012822738848626614,0.0128244049847126,0
2026-02-20 21:00:00+00:00,0.012904470786452293,0.012904470786452293,0.01283608004450798,0.01283608004450798,0
2026-02-20 21:15:00+00:00,0.012955620884895325,0.012958127073943615,0.012905944138765335,0.012905944138765335,30658
2026-02-20 21:30:00+00:00,0.012921594083309174,0.012957285158336163,0.012921594083309174,0.012955726124346256,1075
2026-02-20 21:45:00+00:00,0.012941787950694561,0.012943838723003864,0.012924126349389553,0.012924126349389553,9514
2026-02-20 22:00:00+00:00,0.012937011197209358,0.012950358912348747,0.012918811291456223,0.012941526249051094,905
2026-02-20 22:15:00+00:00,0.012953379191458225,0.012955434620380402,0.012909900397062302,0.01292674895375967,0
2026-02-20 22:30:00+00:00,0.01301174983382225,0.013013717718422413,0.012955684214830399,0.012956706807017326,0
2026-02-20 22:45:00+00:00,0.013139070011675358,0.013139070011675358,0.013013527728617191,0.013014151714742184,235471
2026-02-20 23:00:00+00:00,0.013176689855754375,0.013178548775613308,0.013139070011675358,0.013139070011675358,44139
2026-02-20 23:15:00+00:00,0.013207044452428818,0.013207228854298592,0.01314767450094223,0.013160599395632744,35188
2026-02-20 23:30:00+00:00,0.013255666941404343,0.013255666941404343,0.013211842626333237,0.013211842626333237,41013
2026-02-20 23:45:00+00:00,0.013197937980294228,0.013255211524665356,0.013197870925068855,0.013255211524665356,34996
2026-02-21 00:00:00+00:00,0.013146582059562206,0.01319647766649723,0.013146582059562206,0.013194886967539787,0
2026-02-21 00:15:00+00:00,0.013145184144377708,0.013148684054613113,0.01313223410397768,0.013148684054613113,3782
2026-02-21 00:30:00+00:00,0.013195551000535488,0.013195551000535488,0.013123566284775734,0.013147943653166294,3518
2026-02-21 00:45:00+00:00,0.013117262162268162,0.0131834726780653,0.013117262162268162,0.013178946450352669,5772
2026-02-21 01:00:00+00:00,0.01318323239684105,0.013198359869420528,0.013121376745402813,0.013121376745402813,0
2026-02-21 01:15:00+00:00,0.013157092034816742,0.013188436627388,0.013152161613106728,0.013183137401938438,0
2026-02-21 01:30:00+00:00,0.013218571431934834,0.013224701397120953,0.013155603781342506,0.013156290166079998,0
2026-02-21 01:45:00+00:00,0.01322298776358366,0.013233998790383339,0.013212041929364204,0.013230753131210804,0
2026-02-21 02:00:00+00:00,0.013352767564356327,0.013352767564356327,0.013225879520177841,0.013225879520177841,0
2026-02-21 02:15:00+00:00,0.013364250771701336,0.013387762941420078,0.013364250771701336,0.013384256511926651,17103
2026-02-21 02:30:00+00:00,0.013377247378230095,0.01338790263980627,0.01332700252532959,0.013349249958992004,214
2026-02-21 02:45:00+00:00,0.01346518937498331,0.01346518937498331,0.013379230163991451,0.013383331708610058,902
2026-02-21 03:00:00+00:00,0.013408775441348553,0.01346440240740776,0.013402488082647324,0.013464259915053844,0
2026-02-21 03:15:00+00:00,0.01348746009171009,0.013497164472937584,0.013418421149253845,0.013418421149253845,3324
2026-02-21 03:30:00+00:00,0.013469669967889786,0.013504019938409328,0.013469669967889786,0.013493494130671024,32980
2026-02-21 03:45:00+00:00,0.01358126848936081,0.01358126848936081,0.013467145152390003,0.013467145152390003,21993
2026-02-21 04:00:00+00:00,0.013654874637722969,0.013658835552632809,0.013590780086815357,0.013590780086815357,4912
2026-02-21 04:15:00+00:00,0.013638732023537159,0.01367421355098486,0.013637363910675049,0.013664936646819115,49661
2026-02-21 04:30:00+00:00,0.013807826675474644,0.013818981125950813,0.013640747405588627,0.013640747405588627,152017
2026-02-21 04:45:00+00:00,0.013887963257730007,0.013887963257730007,0.013772733509540558,0.013772733509540558,90756
2026-02-21 05:00:00+00:00,0.013949503190815449,0.013949503190815449,0.01387682557106018,0.013885492458939552,125852
2026-02-21 05:15:00+00:00,0.013874373398721218,0.013949613086879253,0.013812257908284664,0.013949613086879253,350008
2026-02-21 05:30:00+00:00,0.013900049962103367,0.013938863761723042,0.013900049962103367,0.013938863761723042,35078
2026-02-21 05:45:00+00:00,0.013803896494209766,0.0139603978022933,0.013770299963653088,0.013905322179198265,446293
2026-02-21 06:00:00+00:00,0.013980623334646225,0.013980623334646225,0.013807634823024273,0.013807634823024273,80281
2026-02-21 06:15:00+00:00,0.013822698965668678,0.013968170620501041,0.013780659064650536,0.0139491381123662,161265
2026-02-21 06:30:00+00:00,0.013710839673876762,0.01382207591086626,0.013710839673876762,0.01382207591086626,57638
2026-02-21 06:45:00+00:00,0.013675489462912083,0.01371186226606369,0.013660678640007973,0.01371186226606369,49644
2026-02-21 07:00:00+00:00,0.013756752014160156,0.01376322004944086,0.013640391640365124,0.013692042790353298,110966
2026-02-21 07:15:00+00:00,0.01375493872910738,0.013770777732133865,0.01375493872910738,0.013756034895777702,48423
2026-02-21 07:30:00+00:00,0.013800336048007011,0.01380707323551178,0.013726932927966118,0.013729067519307137,87241
2026-02-21 07:45:00+00:00,0.013745615258812904,0.01383456215262413,0.013737277127802372,0.013819433748722076,95722
2026-02-21 08:00:00+00:00,0.013624392449855804,0.013740330003201962,0.013606688939034939,0.013735555112361908,26385
2026-02-21 08:15:00+00:00,0.013574525713920593,0.013574525713920593,0.013511516153812408,0.013571558520197868,285567
2026-02-21 08:30:00+00:00,0.013611508533358574,0.013623697683215141,0.013603675179183483,0.013603675179183483,11260
2026-02-21 08:45:00+00:00,0.013613452203571796,0.013613452203571796,0.013588367030024529,0.013608939945697784,0
2026-02-21 09:00:00+00:00,0.013586164452135563,0.013634303584694862,0.013586164452135563,0.013624073006212711,61376
2026-02-21 09:15:00+00:00,0.013625295832753181,0.013625295832753181,0.013567752204835415,0.01358771976083517,90944
2026-02-21 09:30:00+00:00,0.013581526465713978,0.013623799197375774,0.013575006276369095,0.013623799197375774,0
2026-02-21 09:45:00+00:00,0.013629661872982979,0.013629661872982979,0.013580947183072567,0.013580947183072567,13881
2026-02-21 10:00:00+00:00,0.013758601620793343,0.013800746761262417,0.013641019351780415,0.013641019351780415,57672
2026-02-21 10:15:00+00:00,0.013692837208509445,0.01374819129705429,0.013670748099684715,0.01374819129705429,8478
2026-02-21 10:30:00+00:00,0.013707042671740055,0.013711151666939259,0.013695364817976952,0.013695364817976952,3405
2026-02-21 10:45:00+00:00,0.013697459362447262,0.013701376505196095,0.013678562827408314,0.013700641691684723,0
2026-02-21 11:00:00+00:00,0.01375239621847868,0.013776227831840515,0.013690640218555927,0.013690640218555927,143274
2026-02-21 11:15:00+00:00,0.013764633797109127,0.013796930201351643,0.013755994848906994,0.013756894506514072,14022
2026-02-21 11:30:00+00:00,0.01369030773639679,0.013744574040174484,0.01369020901620388,0.013744574040174484,42072
2026-02-21 11:45:00+00:00,0.013712329789996147,0.013712329789996147,0.013671789318323135,0.013677204959094524,0
2026-02-21 12:00:00+00:00,0.01383198332041502,0.013857018202543259,0.013712284155189991,0.013712284155189991,53738
2026-02-21 12:15:00+00:00,0.01376689225435257,0.01383464690297842,0.01376689225435257,0.013833650387823582,13714
2026-02-21 12:30:00+00:00,0.013692094944417477,0.013766772113740444,0.013687625527381897,0.013766772113740444,3403
2026-02-21 12:45:00+00:00,0.013684890232980251,0.013692179694771767,0.013662797398865223,0.013692179694771767,63573
2026-02-21 13:00:00+00:00,0.01374267227947712,0.013751220889389515,0.013689259067177773,0.013689259067177773,1264
2026-02-21 13:15:00+00:00,0.013709758408367634,0.013804038986563683,0.013709758408367634,0.013744629919528961,32431
2026-02-21 13:30:00+00:00,0.013701805844902992,0.013724024407565594,0.01368005946278572,0.013709766790270805,2727
2026-02-21 13:45:00+00:00,0.013856654055416584,0.013856654055416584,0.013703994452953339,0.013703994452953339,17953
2026-02-21 14:00:00+00:00,0.01378432847559452,0.013877194374799728,0.01378151960670948,0.013857878744602203,265810
2026-02-21 14:15:00+00:00,0.013743068091571331,0.013786688446998596,0.013731413520872593,0.013786688446998596,74415
2026-02-21 14:30:00+00:00,0.013705858029425144,0.013732939958572388,0.013684682548046112,0.013732939958572388,58551
2026-02-21 14:45:00+00:00,0.013690848834812641,0.013748644851148129,0.013685937039554119,0.013720766641199589,71481
2026-02-21 15:00:00+00:00,0.013645179569721222,0.013697034679353237,0.013643604703247547,0.013694701716303825,12326
2026-02-21 15:15:00+00:00,0.013633890077471733,0.013637054711580276,0.013622181490063667,0.013637054711580276,0
2026-02-21 15:30:00+00:00,0.01362838875502348,0.013632223941385746,0.013620809651911259,0.013620809651911259,0
2026-02-21 15:45:00+00:00,0.01368074119091034,0.01368074119091034,0.013607128523290157,0.01362290233373642,0
2026-02-21 16:00:00+00:00,0.013579376973211765,0.01368102990090847,0.013579376973211765,0.01368102990090847,0
2026-02-21 16:15:00+00:00,0.013452031649649143,0.013569827191531658,0.013446698896586895,0.013569827191531658,38234
2026-02-21 16:30:00+00:00,0.013547725044190884,0.013549304567277431,0.01347783487290144,0.013490607962012291,33860
2026-02-21 16:45:00+00:00,0.013495062477886677,0.013539064675569534,0.013493511825799942,0.013539064675569534,0
2026-02-21 17:00:00+00:00,0.013518339022994041,0.013554736040532589,0.013496258296072483,0.013496258296072483,0
2026-02-21 17:15:00+00:00,0.013539917767047882,0.013539917767047882,0.013515176251530647,0.013518302701413631,0
2026-02-21 17:30:00+00:00,0.013482684269547462,0.013586580753326416,0.01348025817424059,0.013586580753326416,39893
2026-02-21 17:45:00+00:00,0.013489237986505032,0.013494111597537994,0.0134832002222538,0.0134832002222538,0
2026-02-21 18:00:00+00:00,0.01345488429069519,0.013497550040483475,0.01345488429069519,0.013491193763911724,0
2026-02-21 18:15:00+00:00,0.013484036549925804,0.013487162999808788,0.013455280102789402,0.013455280102789402,0
2026-02-21 18:30:00+00:00,0.013469502329826355,0.013483784161508083,0.013442314229905605,0.013483784161508083,0
2026-02-21 18:45:00+00:00,0.013502391055226326,0.013502391055226326,0.013468703255057335,0.01346983015537262,0
2026-02-21 19:00:00+00:00,0.013495072722434998,0.013512618839740753,0.013472707010805607,0.013502013869583607,0
2026-02-21 19:15:00+00:00,0.013486425392329693,0.013493789359927177,0.013450833968818188,0.013493789359927177,14712
2026-02-21 19:30:00+00:00,0.01349736750125885,0.01349736750125885,0.013475395739078522,0.013488799333572388,5073
2026-02-21 19:45:00+00:00,0.013481009751558304,0.013497624546289444,0.0134761156514287,0.013497624546289444,1871
2026-02-21 20:00:00+00:00,0.013434291817247868,0.013476942665874958,0.013434291817247868,0.013476942665874958,0
2026-02-21 20:15:00+00:00,0.013377896510064602,0.013408479280769825,0.013364116661250591,0.013408479280769825,15239
2026-02-21 20:30:00+00:00,0.013315139338374138,0.013315139338374138,0.013281644321978092,0.013281644321978092,579824
2026-02-21 20:45:00+00:00,0.013331100344657898,0.013336161151528358,0.013329414650797844,0.013333092443645,47189
2026-02-21 21:00:00+00:00,0.013342485763132572,0.013342485763132572,0.013324580155313015,0.013324580155313015,0
2026-02-21 21:15:00+00:00,0.013430163264274597,0.013430163264274597,0.013352753594517708,0.013352753594517708,46581
2026-02-21 21:30:00+00:00,0.013423094525933266,0.013423512689769268,0.013408361934125423,0.013422168791294098,84957
2026-02-21 21:45:00+00:00,0.013439719565212727,0.013440528884530067,0.01341658178716898,0.01342245563864708,3599
2026-02-21 22:00:00+00:00,0.013428814709186554,0.013446848839521408,0.013424544595181942,0.013445092365145683,12936
2026-02-21 22:15:00+00:00,0.01336810551583767,0.013395269401371479,0.013327120803296566,0.013395269401371479,88467
2026-02-21 22:30:00+00:00,0.01330937072634697,0.01336967945098877,0.01330937072634697,0.01336967945098877,16361
2026-02-21 22:45:00+00:00,0.013307317160069942,0.013307317160069942,0.013301230035722256,0.013301863335072994,0
2026-02-21 23:00:00+00:00,0.013232234865427017,0.013317557983100414,0.013231695629656315,0.013317495584487915,1577
2026-02-21 23:15:00+00:00,0.013266253285109997,0.013267816975712776,0.013227573595941067,0.013230200856924057,12500
2026-02-21 23:30:00+00:00,0.013275736011564732,0.013277297839522362,0.013257038779556751,0.013277297839522362,0
2026-02-21 23:45:00+00:00,0.013258705846965313,0.013272887095808983,0.013249119743704796,0.013272402808070183,0
2026-02-22 00:00:00+00:00,0.013281100429594517,0.013285493478178978,0.013266179710626602,0.013273078948259354,9882
2026-02-22 00:15:00+00:00,0.013231640681624413,0.0132788997143507,0.013231640681624413,0.013266641646623611,23197
2026-02-22 00:30:00+00:00,0.013192864134907722,0.013240703381597996,0.013186691328883171,0.013225661590695381,48759
2026-02-22 00:45:00+00:00,0.013396844267845154,0.013396844267845154,0.013188069686293602,0.013193389400839806,52015
2026-02-22 01:00:00+00:00,0.013352600857615471,0.013404357247054577,0.013350699096918106,0.013380848802626133,266803
2026-02-22 01:15:00+00:00,0.013368893414735794,0.013368893414735794,0.013356967829167843,0.013358251191675663,23503
2026-02-22 01:30:00+00:00,0.013355855830013752,0.013386782258749008,0.013355549424886703,0.0133619774132967,114421
2026-02-22 01:45:00+00:00,0.013321466743946075,0.013352077454328537,0.013311604969203472,0.013352077454328537,110611
2026-02-22 02:00:00+00:00,0.013288895599544048,0.013317711651325226,0.013288571499288082,0.013317711651325226,0
2026-02-22 02:15:00+00:00,0.013216009363532066,0.013278741389513016,0.013216009363532066,0.013278741389513016,0
2026-02-22 02:30:00+00:00,0.013151782564818859,0.01321928109973669,0.013151782564818859,0.013215428218245506,2651
2026-02-22 02:45:00+00:00,0.013129951432347298,0.013150990940630436,0.013119827955961227,0.013150990940630436,41082
2026-02-22 03:00:00+00:00,0.013202369213104248,0.013205395080149174,0.013128452003002167,0.013128452003002167,0
2026-02-22 03:15:00+00:00,0.013185849413275719,0.013209912925958633,0.013172317296266556,0.013200759887695312,896
2026-02-22 03:30:00+00:00,0.013255337253212929,0.01326509565114975,0.01318418886512518,0.01318418886512518,10129
2026-02-22 03:45:00+00:00,0.013226065784692764,0.01326246839016676,0.013226065784692764,0.013255233876407146,0
2026-02-22 04:00:00+00:00,0.013192594982683659,0.013227327726781368,0.013192594982683659,0.013225758448243141,0
2026-02-22 04:15:00+00:00,0.013182072900235653,0.01319581177085638,0.013181310147047043,0.01319581177085638,0
2026-02-22 04:30:00+00:00,0.013191286474466324,0.013202344067394733,0.01317453570663929,0.01318100094795227,0
2026-02-22 04:45:00+00:00,0.013234441168606281,0.013234441168606281,0.013191113248467445,0.013191113248467445,0
2026-02-22 05:00:00+00:00,0.013228492811322212,0.013264038600027561,0.013228492811322212,0.013249179348349571,0
2026-02-22 05:15:00+00:00,0.013292762450873852,0.013298263773322105,0.013238631188869476,0.013238631188869476,0
2026-02-22 05:30:00+00:00,0.01319947186857462,0.013306445442140102,0.013191661797463894,0.013306445442140102,0
2026-02-22 05:45:00+00:00,0.01321912370622158,0.013235587626695633,0.013198645785450935,0.013198645785450935,0
2026-02-22 06:00:00+00:00,0.013213246129453182,0.013228639960289001,0.013213246129453182,0.013219165615737438,5910
2026-02-22 06:15:00+00:00,0.013206973671913147,0.013213313184678555,0.013187599368393421,0.013213313184678555,0
2026-02-22 06:30:00+00:00,0.01321093738079071,0.013223929330706596,0.013205981813371181,0.013205981813371181,0
2026-02-22 06:45:00+00:00,0.013226587325334549,0.013231972232460976,0.013210081495344639,0.013210081495344639,10229
2026-02-22 07:00:00+00:00,0.013204711489379406,0.013224450871348381,0.013202785514295101,0.013224450871348381,0
2026-02-22 07:15:00+00:00,0.013239418156445026,0.013239418156445026,0.013202937319874763,0.013202937319874763,0
2026-02-22 07:30:00+00:00,0.013351662084460258,0.013351662084460258,0.01323959045112133,0.01323959045112133,0
2026-02-22 07:45:00+00:00,0.013345335610210896,0.01336023211479187,0.013345335610210896,0.013351025991141796,0
2026-02-22 08:00:00+00:00,0.013310542330145836,0.013347058556973934,0.013302859850227833,0.013345258310437202,0
2026-02-22 08:15:00+00:00,0.013358392752707005,0.013358392752707005,0.013284106738865376,0.013309809379279613,1707
2026-02-22 08:30:00+00:00,0.01339675672352314,0.013428345322608948,0.01335926540195942,0.01335926540195942,254776
2026-02-22 08:45:00+00:00,0.01334305852651596,0.013395266607403755,0.01334305852651596,0.013395266607403755,3724
2026-02-22 09:00:00+00:00,0.013323071412742138,0.013376126065850258,0.013319091871380806,0.013343269936740398,12684
2026-02-22 09:15:00+00:00,0.013341328129172325,0.013352872803807259,0.013320483267307281,0.013329430483281612,0
2026-02-22 09:30:00+00:00,0.013329978100955486,0.013340217061340809,0.013317701406776905,0.013340217061340809,0
2026-02-22 09:45:00+00:00,0.013453051447868347,0.013453051447868347,0.013337194919586182,0.013337194919586182,43672
2026-02-22 10:00:00+00:00,0.01339853834360838,0.013452413491904736,0.013372235000133514,0.013452413491904736,0
2026-02-22 10:15:00+00:00,0.013556152582168579,0.013556152582168579,0.013416454195976257,0.013416454195976257,34828
2026-02-22 10:30:00+00:00,0.013593516312539577,0.013616605661809444,0.01355013344436884,0.01355013344436884,96905
2026-02-22 10:45:00+00:00,0.013462803326547146,0.013592821545898914,0.013452223502099514,0.013592821545898914,75290
2026-02-22 11:00:00+00:00,0.013488052412867546,0.013488052412867546,0.013466352596879005,0.013466352596879005,0
2026-02-22 11:15:00+00:00,0.013469524681568146,0.01349418144673109,0.013469524681568146,0.013488144613802433,0
2026-02-22 11:30:00+00:00,0.013342784717679024,0.013482454232871532,0.013342784717679024,0.013478794135153294,7743
2026-02-22 11:45:00+00:00,0.01336392480880022,0.013372360728681087,0.013328438624739647,0.013341167010366917,49834
2026-02-22 12:00:00+00:00,0.013249769806861877,0.013394087553024292,0.013249769806861877,0.01336577720940113,0
2026-02-22 12:15:00+00:00,0.013222666457295418,0.013261780142784119,0.013222666457295418,0.01323402114212513,3107
2026-02-22 12:30:00+00:00,0.01318728644400835,0.01322262454777956,0.013182696886360645,0.01322262454777956,22530
2026-02-22 12:45:00+00:00,0.013163738884031773,0.013190187513828278,0.013161261565983295,0.013171765021979809,12769
2026-02-22 13:00:00+00:00,0.013119995594024658,0.013183853588998318,0.013119995594024658,0.013167069293558598,12166
2026-02-22 13:15:00+00:00,0.013111019507050514,0.013125957921147346,0.013111019507050514,0.013122417964041233,0
2026-02-22 13:30:00+00:00,0.013118783943355083,0.013121658004820347,0.013107707723975182,0.013113744556903839,40153
2026-02-22 13:45:00+00:00,0.013120991177856922,0.013121673837304115,0.013104097917675972,0.013104972429573536,22668
2026-02-22 14:00:00+00:00,0.013080853037536144,0.013122877106070518,0.013069193810224533,0.013122877106070518,0
2026-02-22 14:15:00+00:00,0.01304126437753439,0.013080516830086708,0.013019231148064137,0.013080516830086708,36920
2026-02-22 14:30:00+00:00,0.013020705431699753,0.013059656135737896,0.013020705431699753,0.013040286488831043,0
2026-02-22 14:45:00+00:00,0.012985074892640114,0.013018080033361912,0.012967091053724289,0.013018080033361912,84900
2026-02-22 15:00:00+00:00,0.01295481063425541,0.012981121428310871,0.012942432425916195,0.012981121428310871,10507
2026-02-22 15:15:00+00:00,0.012978595681488514,0.012978595681488514,0.012949437834322453,0.01295363251119852,1734
2026-02-22 15:30:00+00:00,0.012997673824429512,0.013023742474615574,0.012997673824429512,0.013009730726480484,43023
2026-02-22 15:45:00+00:00,0.01299574226140976,0.013005566783249378,0.012987588532269001,0.012999646365642548,0
2026-02-22 16:00:00+00:00,0.012946163304150105,0.012997527606785297,0.012946163304150105,0.012997527606785297,1446
2026-02-22 16:15:00+00:00,0.012974678538739681,0.012974678538739681,0.012942722998559475,0.012945530004799366,0
2026-02-22 16:30:00+00:00,0.012913297861814499,0.01296179834753275,0.012906830757856369,0.01296179834753275,0
2026-02-22 16:45:00+00:00,0.012948657386004925,0.012948657386004925,0.01290592085570097,0.01291220635175705,21460
2026-02-22 17:00:00+00:00,0.012966321781277657,0.012966321781277657,0.01293936837464571,0.01293936837464571,9473
2026-02-22 17:15:00+00:00,0.013009986840188503,0.013012520968914032,0.012953290715813637,0.012963401153683662,33880
2026-02-22 17:30:00+00:00,0.01299967709928751,0.013000530190765858,0.012944194488227367,0.013000530190765858,33496
2026-02-22 17:45:00+00:00,0.012963206507265568,0.01297034602612257,0.012955885380506516,0.012958919629454613,5421
2026-02-22 18:00:00+00:00,0.012883385643362999,0.012972253374755383,0.012871900573372841,0.012967858463525772,29269
2026-02-22 18:15:00+00:00,0.012886683456599712,0.012914802879095078,0.012886683456599712,0.012889818288385868,2087
2026-02-22 18:30:00+00:00,0.012856705114245415,0.0128822922706604,0.012855754233896732,0.01287480816245079,27843
2026-02-22 18:45:00+00:00,0.012851555831730366,0.012854821048676968,0.012850029394030571,0.01285475678741932,7615
2026-02-22 19:00:00+00:00,0.012797380797564983,0.012852128595113754,0.012797380797564983,0.012851574458181858,23505
2026-02-22 19:15:00+00:00,0.01280205138027668,0.012833140790462494,0.01280205138027668,0.012807010672986507,0
2026-02-22 19:30:00+00:00,0.012800291180610657,0.012802024371922016,0.01279149018228054,0.012802024371922016,26831
2026-02-22 19:45:00+00:00,0.012812172062695026,0.012812311761081219,0.01279778964817524,0.01279778964817524,28789
2026-02-22 20:00:00+00:00,0.01278220396488905,0.01281670294702053,0.012778124772012234,0.012810313142836094,26310
2026-02-22 20:15:00+00:00,0.012837661430239677,0.012837661430239677,0.012765948660671711,0.012765948660671711,211254
2026-02-22 20:30:00+00:00,0.01282347459346056,0.01282347459346056,0.012795479968190193,0.01281928550451994,0
2026-02-22 20:45:00+00:00,0.012790733948349953,0.012836294248700142,0.012788111343979836,0.012828185223042965,15579
2026-02-22 21:00:00+00:00,0.012742074206471443,0.012798180803656578,0.012739207595586777,0.012798180803656578,233121
2026-02-22 21:15:00+00:00,0.012699649669229984,0.012740049511194229,0.012699649669229984,0.012725401669740677,47311
2026-02-22 21:30:00+00:00,0.012714516371488571,0.012714516371488571,0.012655936181545258,0.012698816135525703,30781
2026-02-22 21:45:00+00:00,0.012672372162342072,0.012717771343886852,0.012672372162342072,0.01271346490830183,9310
2026-02-22 22:00:00+00:00,0.01264292374253273,0.012681321240961552,0.01264292374253273,0.012674492783844471,0
2026-02-22 22:15:00+00:00,0.01261868141591549,0.012643390335142612,0.01261868141591549,0.01264169905334711,0
2026-02-22 22:30:00+00:00,0.01260372344404459,0.012617739848792553,0.01260146964341402,0.012617739848792553,209
2026-02-22 22:45:00+00:00,0.012682924047112465,0.012686202302575111,0.012622853741049767,0.012622853741049767,45777
2026-02-22 23:00:00+00:00,0.01273425854742527,0.012740185484290123,0.01268407329916954,0.012693130411207676,0
2026-02-22 23:15:00+00:00,0.012756763957440853,0.012756763957440853,0.012709968723356724,0.012725943699479103,32632
2026-02-22 23:30:00+00:00,0.012747939676046371,0.012791194953024387,0.012747939676046371,0.012766281142830849,38216
2026-02-22 23:45:00+00:00,0.012739183381199837,0.012747821398079395,0.012726742774248123,0.012747821398079395,916
2026-02-23 00:00:00+00:00,0.012695340439677238,0.0127607062458992,0.012680881656706333,0.0127607062458992,0
2026-02-23 00:15:00+00:00,0.012627214193344116,0.01271056942641735,0.012627214193344116,0.012707522138953209,19123
2026-02-23 00:30:00+00:00,0.012554347515106201,0.012625456787645817,0.012551741674542427,0.012625456787645817,29656
2026-02-23 00:45:00+00:00,0.012561552226543427,0.012608282268047333,0.012547161430120468,0.012550516054034233,316
2026-02-23 01:00:00+00:00,0.012374085374176502,0.012517163529992104,0.01235668733716011,0.012517163529992104,118094
2026-02-23 01:15:00+00:00,0.012084164656698704,0.01235120464116335,0.01207789871841669,0.01235120464116335,397775
2026-02-23 01:30:00+00:00,0.012111647054553032,0.012121208943426609,0.012105505913496017,0.012108702212572098,79297
2026-02-23 01:45:00+00:00,0.012040777131915092,0.012113946489989758,0.012040777131915092,0.012113946489989758,212204
2026-02-23 02:00:00+00:00,0.01197977364063263,0.012004295364022255,0.01197773590683937,0.01199688483029604,292505
2026-02-23 02:15:00+00:00,0.011975477449595928,0.011992656625807285,0.01196195837110281,0.011990819126367569,20529
2026-02-23 02:30:00+00:00,0.01199373695999384,0.01202320121228695,0.01199373695999384,0.011995498090982437,36339
2026-02-23 02:45:00+00:00,0.01191900297999382,0.011994010768830776,0.011918310075998306,0.011994010768830776,53947
2026-02-23 03:00:00+00:00,0.012054470367729664,0.012054470367729664,0.012002792209386826,0.012002792209386826,66861
2026-02-23 03:15:00+00:00,0.011947663500905037,0.012050828896462917,0.011947663500905037,0.012050828896462917,33203
2026-02-23 03:30:00+00:00,0.01192900724709034,0.011943526566028595,0.011922520585358143,0.011938247829675674,13871
2026-02-23 03:45:00+00:00,0.011953678913414478,0.01195890549570322,0.011938154697418213,0.011938154697418213,60649
2026-02-23 04:00:00+00:00,0.01188382226973772,0.011935514397919178,0.011871341615915298,0.01192428544163704,30997
2026-02-23 04:15:00+00:00,0.011819351464509964,0.011883765459060669,0.01180219929665327,0.011883765459060669,62007
2026-02-23 04:30:00+00:00,0.011880776844918728,0.011880776844918728,0.011819971725344658,0.011819971725344658,98402
2026-02-23 04:45:00+00:00,0.011933528818190098,0.011933528818190098,0.011878766119480133,0.011879314668476582,56608
2026-02-23 05:00:00+00:00,0.012062154710292816,0.012062154710292816,0.011923166923224926,0.011934432201087475,171914
2026-02-23 05:15:00+00:00,0.01211041584610939,0.012145690619945526,0.012062600813806057,0.012071389704942703,232036
2026-02-23 05:30:00+00:00,0.012168832123279572,0.012169810011982918,0.012129918672144413,0.012129918672144413,64310
2026-02-23 05:45:00+00:00,0.012100286781787872,0.012171316891908646,0.012100286781787872,0.012171316891908646,4124
2026-02-23 06:00:00+00:00,0.0123011264950037,0.0123011264950037,0.012099078856408596,0.012100815773010254,109414
2026-02-23 06:15:00+00:00,0.012375479564070702,0.012404181994497776,0.012354575097560883,0.012404181994497776,243596
2026-02-23 06:30:00+00:00,0.012294100597500801,0.012367075309157372,0.012294100597500801,0.012367075309157372,107794
2026-02-23 06:45:00+00:00,0.012317110784351826,0.012317110784351826,0.012290889397263527,0.012290889397263527,39362
2026-02-23 07:00:00+00:00,0.012325095012784004,0.012350630946457386,0.01231949869543314,0.01231949869543314,27548
2026-02-23 07:15:00+00:00,0.012289986945688725,0.012330915778875351,0.012289986945688725,0.012326125986874104,31893
2026-02-23 07:30:00+00:00,0.01233852468430996,0.01233852468430996,0.012271920219063759,0.012276927009224892,31697
2026-02-23 07:45:00+00:00,0.01231863908469677,0.01231863908469677,0.012306763790547848,0.01231537014245987,18474
2026-02-23 08:00:00+00:00,0.012299361638724804,0.012329792603850365,0.012299361638724804,0.012326673604547977,5740
2026-02-23 08:15:00+00:00,0.012281639501452446,0.012297743931412697,0.012281639501452446,0.012297743931412697,0
2026-02-23 08:30:00+00:00,0.012246320955455303,0.012292278930544853,0.012245177291333675,0.012286885641515255,0
2026-02-23 08:45:00+00:00,0.012212631292641163,0.012251883745193481,0.012212631292641163,0.012246491387486458,5473
2026-02-23 09:00:00+00:00,0.012229405343532562,0.01223157811909914,0.012212053872644901,0.012212053872644901,2876
2026-02-23 09:15:00+00:00,0.01221165806055069,0.012234051711857319,0.012208707630634308,0.01223059929907322,17824
2026-02-23 09:30:00+00:00,0.012310555204749107,0.012312042526900768,0.012231101281940937,0.012231101281940937,58624
2026-02-23 09:45:00+00:00,0.012323219329118729,0.012337259016931057,0.012312798760831356,0.012312798760831356,11428
2026-02-23 10:00:00+00:00,0.012293200008571148,0.012331649661064148,0.012293200008571148,0.012316177599132061,62041
2026-02-23 10:15:00+00:00,0.012284007854759693,0.012284007854759693,0.012248653918504715,0.012280144728720188,42047
2026-02-23 10:30:00+00:00,0.012297390028834343,0.012300529517233372,0.012282832525670528,0.012289326637983322,0
2026-02-23 10:45:00+00:00,0.01228594221174717,0.012297125533223152,0.012282514944672585,0.012297125533223152,15146
2026-02-23 11:00:00+00:00,0.012226329185068607,0.012282769195735455,0.012226329185068607,0.01228273194283247,0
2026-02-23 11:15:00+00:00,0.012289725244045258,0.012289725244045258,0.012220129370689392,0.012226286344230175,18843
2026-02-23 11:30:00+00:00,0.012259196490049362,0.012292209081351757,0.012259196490049362,0.012282348237931728,2228
2026-02-23 11:45:00+00:00,0.012230555526912212,0.012258825823664665,0.01223049871623516,0.012258825823664665,0
2026-02-23 12:00:00+00:00,0.012202524580061436,0.012230081483721733,0.012202524580061436,0.01222800649702549,0
2026-02-23 12:15:00+00:00,0.012163563631474972,0.0122147211804986,0.012163332663476467,0.012203455902636051,36098
2026-02-23 12:30:00+00:00,0.012218192219734192,0.012218192219734192,0.012137111276388168,0.012163753621280193,34045
2026-02-23 12:45:00+00:00,0.012280040420591831,0.012299137189984322,0.012232406064867973,0.012232406064867973,42959
2026-02-23 13:00:00+00:00,0.012251611799001694,0.012280837632715702,0.012251611799001694,0.012280837632715702,22471
2026-02-23 13:15:00+00:00,0.012256251648068428,0.012257339432835579,0.012230394408106804,0.012257339432835579,30140
2026-02-23 13:30:00+00:00,0.012279248796403408,0.012309640645980835,0.012270497158169746,0.012270497158169746,20440
2026-02-23 13:45:00+00:00,0.012223911471664906,0.012282546609640121,0.012223911471664906,0.012280053459107876,47002
2026-02-23 14:00:00+00:00,0.012169823981821537,0.012220566160976887,0.012169823981821537,0.012220566160976887,0
2026-02-23 14:15:00+00:00,0.0120853865519166,0.012169575318694115,0.0120853865519166,0.012169575318694115,29106
2026-02-23 14:30:00+00:00,0.012121329084038734,0.012121329084038734,0.012084458023309708,0.012084458023309708,24982
2026-02-23 14:45:00+00:00,0.012164637446403503,0.01219131238758564,0.012164637446403503,0.012180420570075512,17241
2026-02-23 15:00:00+00:00,0.01209336519241333,0.012156565673649311,0.012068778276443481,0.012153670191764832,0
2026-02-23 15:15:00+00:00,0.012061445973813534,0.012129454873502254,0.012059924192726612,0.01210542768239975,2281
2026-02-23 15:30:00+00:00,0.012104477733373642,0.012104477733373642,0.012021392583847046,0.012060808017849922,20160
2026-02-23 15:45:00+00:00,0.012019522488117218,0.012101350352168083,0.012019522488117218,0.012101350352168083,53803
2026-02-23 16:00:00+00:00,0.01197722740471363,0.012015292420983315,0.011974712833762169,0.012015292420983315,15730
2026-02-23 16:15:00+00:00,0.012114278972148895,0.012114278972148895,0.011978251859545708,0.011983629316091537,89796
2026-02-23 16:30:00+00:00,0.012080537155270576,0.012105854228138924,0.01207527332007885,0.012105854228138924,27675
2026-02-23 16:45:00+00:00,0.012016664259135723,0.012056844308972359,0.012013386003673077,0.012056844308972359,0
2026-02-23 17:00:00+00:00,0.011975927278399467,0.012013694271445274,0.011975927278399467,0.012012570165097713,6053
2026-02-23 17:15:00+00:00,0.011939854361116886,0.011962625198066235,0.01193301286548376,0.011962625198066235,12127
2026-02-23 17:30:00+00:00,0.01189532782882452,0.011935499496757984,0.011849302798509598,0.011935499496757984,110700
2026-02-23 17:45:00+00:00,0.011915736831724644,0.011925566010177135,0.01187196932733059,0.011899956502020359,44541
2026-02-23 18:00:00+00:00,0.012023916468024254,0.012023916468024254,0.011956023052334785,0.011957592330873013,27643
2026-02-23 18:15:00+00:00,0.012132053263485432,0.012132053263485432,0.01203077007085085,0.01203077007085085,65435
2026-02-23 18:30:00+00:00,0.012174020521342754,0.012181298807263374,0.012116096913814545,0.012140563689172268,69886
2026-02-23 18:45:00+00:00,0.012127159163355827,0.012182371690869331,0.012127159163355827,0.012177078984677792,68108
2026-02-23 19:00:00+00:00,0.012125888839364052,0.012151761911809444,0.012105786241590977,0.01211236696690321,19502
2026-02-23 19:15:00+00:00,0.012129418551921844,0.01212952472269535,0.01210854109376669,0.012120754458010197,48914
2026-02-23 19:30:00+00:00,0.012091557495296001,0.012129032984375954,0.012091557495296001,0.012125221081078053,27076
2026-02-23 19:45:00+00:00,0.012057457119226456,0.012073044665157795,0.011982934549450874,0.012073044665157795,128399
2026-02-23 20:00:00+00:00,0.012050268240272999,0.012078704312443733,0.012050268240272999,0.01205961499363184,3384
2026-02-23 20:15:00+00:00,0.012066977098584175,0.012066977098584175,0.012036859057843685,0.012045594863593578,0
2026-02-23 20:30:00+00:00,0.012218092568218708,0.01223365031182766,0.012065199203789234,0.012065199203789234,135426
2026-02-23 20:45:00+00:00,0.01232317928224802,0.01232317928224802,0.012210923247039318,0.012216472066938877,33115
2026-02-23 21:00:00+00:00,0.01234337780624628,0.012367701157927513,0.012316807173192501,0.012316807173192501,0
2026-02-23 21:15:00+00:00,0.01227806881070137,0.012336631305515766,0.01227806881070137,0.012336631305515766,7978
2026-02-23 21:30:00+00:00,0.012278382666409016,0.012289637699723244,0.012272651307284832,0.012278142385184765,0
2026-02-23 21:45:00+00:00,0.012297268956899643,0.012309789657592773,0.012269660830497742,0.012272057123482227,10756
2026-02-23 22:00:00+00:00,0.012331356294453144,0.012331356294453144,0.012301280163228512,0.012301330454647541,2350
2026-02-23 22:15:00+00:00,0.012355223298072815,0.012366197071969509,0.012331532314419746,0.012331532314419746,18530
2026-02-23 22:30:00+00:00,0.012397224083542824,0.012402300722897053,0.01235527265816927,0.01235527265816927,2423
2026-02-23 22:45:00+00:00,0.012372313067317009,0.012397424317896366,0.012372154742479324,0.012397424317896366,4026
2026-02-23 23:00:00+00:00,0.01242799125611782,0.01242799125611782,0.012379402294754982,0.012379402294754982,16247
2026-02-23 23:15:00+00:00,0.012356515973806381,0.012418815866112709,0.012348487041890621,0.012418815866112709,0
2026-02-23 23:30:00+00:00,0.01227516494691372,0.012360995635390282,0.01227516494691372,0.012360995635390282,7783
2026-02-23 23:45:00+00:00,0.01221869420260191,0.012274357490241528,0.012216017581522465,0.012274357490241528,19587
2026-02-24 00:00:00+00:00,0.012190309353172779,0.012258963659405708,0.012176575139164925,0.012258399277925491,41254
2026-02-24 00:15:00+00:00,0.012228874489665031,0.01224177423864603,0.012201494537293911,0.012201494537293911,14966
2026-02-24 00:30:00+00:00,0.01225494034588337,0.01225494034588337,0.012219567783176899,0.012228806503117085,5825
2026-02-24 00:45:00+00:00,0.012258368544280529,0.012260892428457737,0.01225163321942091,0.01225163321942091,0
2026-02-24 01:00:00+00:00,0.012125588953495026,0.012253910303115845,0.012125588953495026,0.012253910303115845,0
2026-02-24 01:15:00+00:00,0.012233836576342583,0.012233836576342583,0.012074301950633526,0.012119981460273266,27635
2026-02-24 01:30:00+00:00,0.012263720855116844,0.01227667834609747,0.012236546725034714,0.012236546725034714,0
2026-02-24 01:45:00+00:00,0.012221114709973335,0.012259499169886112,0.012211416848003864,0.012259499169886112,0
2026-02-24 02:00:00+00:00,0.012247406877577305,0.012253250926733017,0.012214132584631443,0.012214132584631443,0
2026-02-24 02:15:00+00:00,0.012226704508066177,0.012247471138834953,0.012224288657307625,0.012247471138834953,0
2026-02-24 02:30:00+00:00,0.012182408943772316,0.012264030054211617,0.012182408943772316,0.012230048887431622,996
2026-02-24 02:45:00+00:00,0.012135676108300686,0.012176364660263062,0.012134627439081669,0.012176364660263062,9609
2026-02-24 03:00:00+00:00,0.012079788371920586,0.012127747759222984,0.012079788371920586,0.012127747759222984,0
2026-02-24 03:15:00+00:00,0.012144520878791809,0.012157391756772995,0.012073258869349957,0.012073258869349957,0
2026-02-24 03:30:00+00:00,0.012168023735284805,0.012168023735284805,0.012138188816606998,0.01214501354843378,0
2026-02-24 03:45:00+00:00,0.012182706966996193,0.012200846336781979,0.012151723727583885,0.012173541821539402,30877
2026-02-24 04:00:00+00:00,0.012205285020172596,0.012231742963194847,0.012202391400933266,0.012202391400933266,0
2026-02-24 04:15:00+00:00,0.01214578840881586,0.012154806405305862,0.012115945108234882,0.012153953313827515,7736
2026-02-24 04:30:00+00:00,0.012091178447008133,0.012140730395913124,0.012088878080248833,0.012140730395913124,2515
2026-02-24 04:45:00+00:00,0.012033202685415745,0.012090334668755531,0.01202614139765501,0.012090334668755531,0
2026-02-24 05:00:00+00:00,0.012087865732610226,0.012098428793251514,0.012042384594678879,0.012042384594678879,0
2026-02-24 05:15:00+00:00,0.01195190753787756,0.012090005911886692,0.011949758976697922,0.012090005911886692,24920
2026-02-24 05:30:00+00:00,0.011949410662055016,0.011950942687690258,0.011940458789467812,0.011950832791626453,837
2026-02-24 05:45:00+00:00,0.011980355717241764,0.011980355717241764,0.011942638084292412,0.011942638084292412,0
2026-02-24 06:00:00+00:00,0.011993302963674068,0.011995424516499043,0.011976105161011219,0.01197697315365076,0
2026-02-24 06:15:00+00:00,0.01199940126389265,0.012016636319458485,0.011992469429969788,0.011992469429969788,0
2026-02-24 06:30:00+00:00,0.012046507559716702,0.012046507559716702,0.011999825946986675,0.011999825946986675,282
2026-02-24 06:45:00+00:00,0.011933519504964352,0.012043455615639687,0.011932536028325558,0.012043455615639687,2373
2026-02-24 07:00:00+00:00,0.011973346583545208,0.011973346583545208,0.011943250894546509,0.011945245787501335,963
2026-02-24 07:15:00+00:00,0.01202373206615448,0.01202373206615448,0.01196738425642252,0.011973166838288307,13843
2026-02-24 07:30:00+00:00,0.011965524405241013,0.012041685171425343,0.011965524405241013,0.012037981301546097,6724
2026-02-24 07:45:00+00:00,0.012034752406179905,0.012034752406179905,0.011950582265853882,0.011966502293944359,38262
2026-02-24 08:00:00+00:00,0.012053909711539745,0.012063099071383476,0.012022176757454872,0.012034369632601738,0
2026-02-24 08:15:00+00:00,0.01207123976200819,0.01207123976200819,0.012049016542732716,0.01205213088542223,7723
2026-02-24 08:30:00+00:00,0.01204469334334135,0.012092755176126957,0.01204469334334135,0.012086262926459312,471
2026-02-24 08:45:00+00:00,0.01201460137963295,0.01204318180680275,0.012008250690996647,0.01204318180680275,0
2026-02-24 09:00:00+00:00,0.011909150518476963,0.012009932659566402,0.011899753473699093,0.012009932659566402,73262
2026-02-24 09:15:00+00:00,0.011839255690574646,0.011914708651602268,0.011837576515972614,0.011909755878150463,4276
2026-02-24 09:30:00+00:00,0.011853642761707306,0.011853642761707306,0.011815926060080528,0.011844468303024769,43422
2026-02-24 09:45:00+00:00,0.01193186268210411,0.011962014250457287,0.011847960762679577,0.011856576427817345,178946
2026-02-24 10:00:00+00:00,0.011957546696066856,0.01196057628840208,0.011931844986975193,0.011931844986975193,0
2026-02-24 10:15:00+00:00,0.011930204927921295,0.011955948546528816,0.011930204927921295,0.011955948546528816,0
2026-02-24 10:30:00+00:00,0.011915082111954689,0.011936008930206299,0.011915082111954689,0.01192802656441927,1517
2026-02-24 10:45:00+00:00,0.01188737154006958,0.01191922090947628,0.01188737154006958,0.011915275827050209,9835
2026-02-24 11:00:00+00:00,0.011911851353943348,0.011911851353943348,0.011888665147125721,0.011888665147125721,15999
2026-02-24 11:15:00+00:00,0.011919858865439892,0.011922389268875122,0.011910811066627502,0.011910811066627502,0
2026-02-24 11:30:00+00:00,0.011945551261305809,0.011945551261305809,0.011912754736840725,0.011916464194655418,94001
2026-02-24 11:45:00+00:00,0.011952470988035202,0.011952470988035202,0.01193162426352501,0.011946750804781914,65903
2026-02-24 12:00:00+00:00,0.011990086175501347,0.011990507133305073,0.011951008811593056,0.011951008811593056,14651
2026-02-24 12:15:00+00:00,0.012034231796860695,0.012034231796860695,0.011980900540947914,0.011988227255642414,0
2026-02-24 12:30:00+00:00,0.011952530592679977,0.012038808315992355,0.011952530592679977,0.012038808315992355,0
2026-02-24 12:45:00+00:00,0.011927501298487186,0.011949745006859303,0.011927501298487186,0.011949745006859303,0
2026-02-24 13:00:00+00:00,0.011910906061530113,0.011930474080145359,0.011885657906532288,0.01192396692931652,0
2026-02-24 13:15:00+00:00,0.01188869122415781,0.01191428117454052,0.011880629695951939,0.01191428117454052,0
2026-02-24 13:30:00+00:00,0.012051746249198914,0.012051746249198914,0.011888153851032257,0.011893573217093945,80511
2026-02-24 13:45:00+00:00,0.01210658811032772,0.01210658811032772,0.012046768330037594,0.012046768330037594,79518
2026-02-24 14:00:00+00:00,0.01206749863922596,0.012105446308851242,0.01206749863922596,0.012097395956516266,31789
2026-02-24 14:15:00+00:00,0.01204834133386612,0.012067748233675957,0.012029671110212803,0.012067748233675957,43617
2026-02-24 14:30:00+00:00,0.012090804055333138,0.012090804055333138,0.012016619555652142,0.012049786746501923,62859
2026-02-24 14:45:00+00:00,0.012196176685392857,0.012214314192533493,0.012124325148761272,0.01212594285607338,61144
2026-02-24 15:00:00+00:00,0.012280751951038837,0.012280751951038837,0.012195360846817493,0.01220053993165493,35684
2026-02-24 15:15:00+00:00,0.0123995216563344,0.012414932250976562,0.012320413254201412,0.012320413254201412,122327
2026-02-24 15:30:00+00:00,0.01239089760929346,0.012418297119438648,0.01239089760929346,0.01240544579923153,34209
2026-02-24 15:45:00+00:00,0.012319904752075672,0.012369474396109581,0.012309215031564236,0.012369474396109581,205816
2026-02-24 16:00:00+00:00,0.012383194640278816,0.012404637411236763,0.012331203557550907,0.012331203557550907,25898
2026-02-24 16:15:00+00:00,0.012343505397439003,0.012372346594929695,0.012331617064774036,0.012372346594929695,0
2026-02-24 16:30:00+00:00,0.01245355699211359,0.01245355699211359,0.012328709475696087,0.012413077056407928,200081
2026-02-24 16:45:00+00:00,0.012601425871253014,0.012601425871253014,0.01248267013579607,0.012503842823207378,311803
2026-02-24 17:00:00+00:00,0.012696935795247555,0.012696935795247555,0.012547305785119534,0.012617047876119614,115028
2026-02-24 17:15:00+00:00,0.012511945329606533,0.01266385056078434,0.012511945329606533,0.01266385056078434,279721
2026-02-24 17:30:00+00:00,0.012479600496590137,0.01250325608998537,0.012479600496590137,0.01250325608998537,0
2026-02-24 17:45:00+00:00,0.012564756907522678,0.012576663866639137,0.012480620294809341,0.012480620294809341,12517
2026-02-24 18:00:00+00:00,0.01267970260232687,0.012682142667472363,0.012570918537676334,0.012570918537676334,93958
2026-02-24 18:15:00+00:00,0.012583836913108826,0.012657391838729382,0.012582517229020596,0.01265580765902996,162566
2026-02-24 18:30:00+00:00,0.012693744152784348,0.012693744152784348,0.012589703314006329,0.012589703314006329,48010
2026-02-24 18:45:00+00:00,0.012705057859420776,0.01270719151943922,0.01267550140619278,0.012682000175118446,151919
2026-02-24 19:00:00+00:00,0.012819891795516014,0.012871417216956615,0.012707803398370743,0.012707803398370743,277772
2026-02-24 19:15:00+00:00,0.012674837373197079,0.01279077772051096,0.012674837373197079,0.01279077772051096,94337
2026-02-24 19:30:00+00:00,0.012647533789277077,0.012669147923588753,0.01264088787138462,0.012669147923588753,39500
2026-02-24 19:45:00+00:00,0.012674597091972828,0.012697922065854073,0.012667113915085793,0.012667113915085793,2319
2026-02-24 20:00:00+00:00,0.01259536575525999,0.012675110250711441,0.01259536575525999,0.012675110250711441,31111
2026-02-24 20:15:00+00:00,0.012558598071336746,0.012602833099663258,0.012558598071336746,0.012591725215315819,38163
2026-02-24 20:30:00+00:00,0.012527554295957088,0.012545624747872353,0.01251299399882555,0.012545624747872353,7657
2026-02-24 20:45:00+00:00,0.012521260417997837,0.01254910696297884,0.012521260417997837,0.012534981593489647,61929
2026-02-24 21:00:00+00:00,0.01248281542211771,0.012527395971119404,0.012466060929000378,0.012527395971119404,0
2026-02-24 21:15:00+00:00,0.01239588763564825,0.012478739954531193,0.01239588763564825,0.012478739954531193,62189
2026-02-24 21:30:00+00:00,0.012432338669896126,0.012432338669896126,0.012387298047542572,0.012399088591337204,79435
2026-02-24 21:45:00+00:00,0.012430313043296337,0.012452416121959686,0.012430313043296337,0.012433813884854317,5262
2026-02-24 22:00:00+00:00,0.012475008144974709,0.012524118646979332,0.012420720420777798,0.012424608692526817,100383
2026-02-24 22:15:00+00:00,0.012471523135900497,0.012484719976782799,0.012459792196750641,0.012484719976782799,19073
2026-02-24 22:30:00+00:00,0.01249496079981327,0.012510661035776138,0.01247365865856409,0.01247365865856409,16444
2026-02-24 22:45:00+00:00,0.012460305355489254,0.012497141025960445,0.01244628056883812,0.012497141025960445,35398
2026-02-24 23:00:00+00:00,0.012432077899575233,0.012450878508388996,0.012432077899575233,0.012447107583284378,2165
2026-02-24 23:15:00+00:00,0.012460220605134964,0.012460613623261452,0.012442112900316715,0.012442112900316715,13322
2026-02-24 23:30:00+00:00,0.012458955869078636,0.012487033382058144,0.012458955869078636,0.01248012576252222,0
2026-02-24 23:45:00+00:00,0.012444057501852512,0.01245893444865942,0.012444057501852512,0.012455993331968784,0
2026-02-25 00:00:00+00:00,0.012377644889056683,0.012434860691428185,0.012371265329420567,0.012434860691428185,20985
2026-02-25 00:15:00+00:00,0.012438026256859303,0.012438026256859303,0.01237338688224554,0.012380179949104786,4013
2026-02-25 00:30:00+00:00,0.012443983927369118,0.01244415808469057,0.012415525503456593,0.012422379106283188,50135
2026-02-25 00:45:00+00:00,0.012476026080548763,0.012480512261390686,0.012449000962078571,0.012449000962078571,7071
2026-02-25 01:00:00+00:00,0.012727350927889347,0.012727350927889347,0.012477762065827847,0.012477762065827847,119196
2026-02-25 01:15:00+00:00,0.012942654080688953,0.012942654080688953,0.012746540829539299,0.012746540829539299,121150
2026-02-25 01:30:00+00:00,0.012995036318898201,0.013007516041398048,0.012932783924043179,0.012932783924043179,269532
2026-02-25 01:45:00+00:00,0.01303297933191061,0.013066336512565613,0.012982242740690708,0.012984056025743484,148452
2026-02-25 02:00:00+00:00,0.013142293319106102,0.013144572265446186,0.013029694557189941,0.013029694557189941,208092
2026-02-25 02:15:00+00:00,0.013055605813860893,0.01312287338078022,0.013053341768682003,0.01312287338078022,52809
2026-02-25 02:30:00+00:00,0.012959148734807968,0.013057106174528599,0.012959148734807968,0.013057106174528599,139663
2026-02-25 02:45:00+00:00,0.012910732068121433,0.012971725314855576,0.012909620068967342,0.01295816246420145,35971
2026-02-25 03:00:00+00:00,0.01284753903746605,0.012913573533296585,0.01284753903746605,0.012913573533296585,5276
2026-02-25 03:15:00+00:00,0.01278884056955576,0.012851531617343426,0.012748530134558678,0.012851531617343426,81394
2026-02-25 03:30:00+00:00,0.012809280306100845,0.012826969847083092,0.012790098786354065,0.012790098786354065,33876
2026-02-25 03:45:00+00:00,0.012769184075295925,0.0128180468454957,0.012767666019499302,0.01281561329960823,6030
2026-02-25 04:00:00+00:00,0.012706496752798557,0.012766246683895588,0.01267552375793457,0.012766246683895588,54472
2026-02-25 04:15:00+00:00,0.012686807662248611,0.01270129345357418,0.01264762319624424,0.01270129345357418,28276
2026-02-25 04:30:00+00:00,0.012754512950778008,0.012754512950778008,0.012690485455095768,0.012690485455095768,17907
2026-02-25 04:45:00+00:00,0.012780033983290195,0.012780033983290195,0.012754792347550392,0.012754792347550392,9044
2026-02-25 05:00:00+00:00,0.012779181823134422,0.012781592085957527,0.012749314308166504,0.012781592085957527,0
2026-02-25 05:15:00+00:00,0.012692851945757866,0.012774903327226639,0.012692369520664215,0.012774903327226639,0
2026-02-25 05:30:00+00:00,0.012592158280313015,0.012704786844551563,0.012590515427291393,0.012692867778241634,37796
2026-02-25 05:45:00+00:00,0.012660998851060867,0.012660998851060867,0.01259648334234953,0.01259648334234953,40487
2026-02-25 06:00:00+00:00,0.012757081538438797,0.012757081538438797,0.012664246372878551,0.012664246372878551,32881
2026-02-25 06:15:00+00:00,0.012706913985311985,0.012767793610692024,0.012706913985311985,0.012767793610692024,61509
2026-02-25 06:30:00+00:00,0.012771852314472198,0.012771852314472198,0.012706217356026173,0.012706217356026173,48950
2026-02-25 06:45:00+00:00,0.012700806371867657,0.01277400553226471,0.012691536918282509,0.012767467647790909,4648
2026-02-25 07:00:00+00:00,0.01272529549896717,0.01272529549896717,0.012680423445999622,0.012701237574219704,14993
2026-02-25 07:15:00+00:00,0.012718803249299526,0.012724310159683228,0.012705766595900059,0.012724310159683228,1723
2026-02-25 07:30:00+00:00,0.01271427609026432,0.012740517035126686,0.01271427609026432,0.01271742768585682,6156
2026-02-25 07:45:00+00:00,0.012734646908938885,0.012736133299767971,0.012694711796939373,0.012704109773039818,18346
2026-02-25 08:00:00+00:00,0.012717829085886478,0.012736162170767784,0.012713698670268059,0.012732838280498981,11759
2026-02-25 08:15:00+00:00,0.012882995419204235,0.012882995419204235,0.012715975753962994,0.012715975753962994,111405
2026-02-25 08:30:00+00:00,0.012895956635475159,0.012907580472528934,0.01288407389074564,0.01288407389074564,37320
2026-02-25 08:45:00+00:00,0.012892691418528557,0.01289698388427496,0.012883138842880726,0.01289698388427496,91123
2026-02-25 09:00:00+00:00,0.012992698699235916,0.012992698699235916,0.012893660925328732,0.012893660925328732,0
2026-02-25 09:15:00+00:00,0.012990979477763176,0.013001838698983192,0.012975525110960007,0.012990240938961506,13825
2026-02-25 09:30:00+00:00,0.012980594299733639,0.01299914438277483,0.012980594299733639,0.01298484019935131,0
2026-02-25 09:45:00+00:00,0.013035754673182964,0.013035754673182964,0.012977147474884987,0.012977221049368382,0
2026-02-25 10:00:00+00:00,0.013000269420444965,0.013040988706052303,0.013000269420444965,0.01303523313254118,26104
2026-02-25 10:15:00+00:00,0.012853136286139488,0.012993731535971165,0.012838484719395638,0.012993731535971165,75128
2026-02-25 10:30:00+00:00,0.01282493770122528,0.01282493770122528,0.012804314494132996,0.012823883444070816,112349
2026-02-25 10:45:00+00:00,0.012734552845358849,0.01281080860644579,0.01273362897336483,0.01281080860644579,112330
2026-02-25 11:00:00+00:00,0.01271145325154066,0.012735779397189617,0.01270819827914238,0.012735779397189617,35980
2026-02-25 11:15:00+00:00,0.012752099893987179,0.012752099893987179,0.012690011411905289,0.012715458869934082,107616
2026-02-25 11:30:00+00:00,0.012795164249837399,0.012796084396541119,0.012746480293571949,0.012746480293571949,22040
2026-02-25 11:45:00+00:00,0.012817041017115116,0.012823852710425854,0.01279522106051445,0.01279522106051445,8533
2026-02-25 12:00:00+00:00,0.012804812751710415,0.012804812751710415,0.012788628228008747,0.012800508178770542,13386
2026-02-25 12:15:00+00:00,0.012873854488134384,0.012874184176325798,0.012780437245965004,0.012790598906576633,84139
2026-02-25 12:30:00+00:00,0.012751848436892033,0.012883665040135384,0.012749994173645973,0.01287235226482153,23755
2026-02-25 12:45:00+00:00,0.01281408965587616,0.012817983515560627,0.012758292257785797,0.012770870700478554,72230
2026-02-25 13:00:00+00:00,0.012816129252314568,0.012853475287556648,0.01281015295535326,0.012812778353691101,78321
2026-02-25 13:15:00+00:00,0.012794628739356995,0.012815490365028381,0.01277756318449974,0.012815490365028381,17030
2026-02-25 13:30:00+00:00,0.012751518748700619,0.012815498746931553,0.012745751067996025,0.012795459479093552,30177
2026-02-25 13:45:00+00:00,0.012804306112229824,0.012804306112229824,0.012744437903165817,0.012744437903165817,132235
2026-02-25 14:00:00+00:00,0.012827850878238678,0.012827850878238678,0.01279282383620739,0.01279282383620739,48423
2026-02-25 14:15:00+00:00,0.012750302441418171,0.012838094495236874,0.012750302441418171,0.012829529121518135,225719
2026-02-25 14:30:00+00:00,0.012862809002399445,0.012873297557234764,0.012775675393640995,0.012775675393640995,109023
2026-02-25 14:45:00+00:00,0.01297246478497982,0.01297246478497982,0.012839684262871742,0.01286354474723339,99541
2026-02-25 15:00:00+00:00,0.01295349933207035,0.013016807846724987,0.012953167781233788,0.013003661297261715,81909
2026-02-25 15:15:00+00:00,0.01300185639411211,0.01300304476171732,0.0129485372453928,0.0129485372453928,48620
2026-02-25 15:30:00+00:00,0.013073815032839775,0.013076134957373142,0.013002649880945683,0.013002850115299225,86864
2026-02-25 15:45:00+00:00,0.012935148552060127,0.013107292354106903,0.012935148552060127,0.01310692634433508,36572
2026-02-25 16:00:00+00:00,0.013008174486458302,0.013008174486458302,0.012930057942867279,0.012930057942867279,29026
2026-02-25 16:15:00+00:00,0.013151554390788078,0.013208797201514244,0.013004354201257229,0.013015881180763245,396116
2026-02-25 16:30:00+00:00,0.013075933791697025,0.013138560578227043,0.013064704835414886,0.013138560578227043,13054
2026-02-25 16:45:00+00:00,0.013129821047186852,0.013129821047186852,0.013069902546703815,0.013069902546703815,0
2026-02-25 17:00:00+00:00,0.013217324391007423,0.013217324391007423,0.013135164976119995,0.013135164976119995,39339
2026-02-25 17:15:00+00:00,0.013246933929622173,0.013258160091936588,0.013242248445749283,0.013255705125629902,0
2026-02-25 17:30:00+00:00,0.01316981390118599,0.013246506452560425,0.01316981390118599,0.013246506452560425,45382
2026-02-25 17:45:00+00:00,0.013163567520678043,0.013171317987143993,0.013121085241436958,0.013135216198861599,268411
2026-02-25 18:00:00+00:00,0.013145082630217075,0.013184367679059505,0.013117747381329536,0.013184187933802605,47881
2026-02-25 18:15:00+00:00,0.013181456364691257,0.013181456364691257,0.013135634362697601,0.013144864700734615,0
2026-02-25 18:30:00+00:00,0.0132638243958354,0.0132638243958354,0.013205024413764477,0.013208387419581413,8466
2026-02-25 18:45:00+00:00,0.01323843002319336,0.013264722190797329,0.013234279118478298,0.013263183645904064,0
2026-02-25 19:00:00+00:00,0.013137842528522015,0.013246284797787666,0.013136977329850197,0.013246284797787666,0
2026-02-25 19:15:00+00:00,0.013194788247346878,0.013194788247346878,0.013136682100594044,0.013136682100594044,0
2026-02-25 19:30:00+00:00,0.013205978088080883,0.013218017295002937,0.013161835260689259,0.013203603215515614,48534
2026-02-25 19:45:00+00:00,0.013247671537101269,0.013251040130853653,0.01321016252040863,0.01321016252040863,4334
2026-02-25 20:00:00+00:00,0.013295941986143589,0.013298358768224716,0.01325814239680767,0.01325814239680767,13088
2026-02-25 20:15:00+00:00,0.013300946913659573,0.013300946913659573,0.013274387456476688,0.013293789699673653,87635
2026-02-25 20:30:00+00:00,0.01332699041813612,0.013387845829129219,0.013314638286828995,0.013314638286828995,381893
2026-02-25 20:45:00+00:00,0.013297196477651596,0.013333390466868877,0.013297196477651596,0.013333390466868877,176987
2026-02-25 21:00:00+00:00,0.013209645636379719,0.01328347995877266,0.013205653056502342,0.013280389830470085,74053
2026-02-25 21:15:00+00:00,0.013139111921191216,0.013156207278370857,0.013135993853211403,0.013147060759365559,151716
2026-02-25 21:30:00+00:00,0.013262652792036533,0.01330745592713356,0.01312568224966526,0.013137081637978554,219654
2026-02-25 21:45:00+00:00,0.01324671134352684,0.013264065608382225,0.013220123015344143,0.013264065608382225,78969
2026-02-25 22:00:00+00:00,0.013284074142575264,0.013303817249834538,0.013242886401712894,0.013242886401712894,23044
2026-02-25 22:15:00+00:00,0.013267461210489273,0.013310421258211136,0.01326318271458149,0.013290761969983578,38586
2026-02-25 22:30:00+00:00,0.01309685967862606,0.013261113315820694,0.01309685967862606,0.013261113315820694,105398
2026-02-25 22:45:00+00:00,0.013071663677692413,0.013115918263792992,0.013028926216065884,0.013096056878566742,106313
2026-02-25 23:00:00+00:00,0.013141271658241749,0.013141271658241749,0.013076124712824821,0.013076124712824821,67624
2026-02-25 23:15:00+00:00,0.013038445264101028,0.01313247811049223,0.013038445264101028,0.01313247811049223,38478
2026-02-25 23:30:00+00:00,0.012801548466086388,0.013036404736340046,0.012801548466086388,0.013036404736340046,190676
2026-02-25 23:45:00+00:00,0.01283775083720684,0.01283775083720684,0.012760750949382782,0.012788561172783375,237754
2026-02-26 00:00:00+00:00,0.01287173107266426,0.01287173107266426,0.012846819125115871,0.012864974327385426,16812
2026-02-26 00:15:00+00:00,0.012962184846401215,0.012981646694242954,0.01290331594645977,0.01290331594645977,75832
2026-02-26 00:30:00+00:00,0.012857850641012192,0.012959638610482216,0.01284556183964014,0.012959638610482216,12399
2026-02-26 00:45:00+00:00,0.012891454622149467,0.012891454622149467,0.012832668609917164,0.012832668609917164,31809
2026-02-26 01:00:00+00:00,0.01296115294098854,0.012961655855178833,0.012878269888460636,0.01289050281047821,12173
2026-02-26 01:15:00+00:00,0.01300983875989914,0.013015342876315117,0.012968762777745724,0.012968762777745724,0
2026-02-26 01:30:00+00:00,0.013006911613047123,0.013006911613047123,0.012962065637111664,0.01296358834952116,0
2026-02-26 01:45:00+00:00,0.01295677199959755,0.013002057559788227,0.012937507592141628,0.013002057559788227,0
2026-02-26 02:00:00+00:00,0.012818030081689358,0.012952107936143875,0.012818030081689358,0.012949521653354168,0
2026-02-26 02:15:00+00:00,0.012894494459033012,0.012895803898572922,0.012820198200643063,0.012820198200643063,25314
2026-02-26 02:30:00+00:00,0.012952271848917007,0.012967847287654877,0.012892271392047405,0.012892271392047405,3703
2026-02-26 02:45:00+00:00,0.013000939972698689,0.013002724386751652,0.012949157506227493,0.012949157506227493,0
2026-02-26 03:00:00+00:00,0.012978875078260899,0.013004965148866177,0.01296929456293583,0.012997535988688469,71123
2026-02-26 03:15:00+00:00,0.013024241663515568,0.013024271465837955,0.01297286432236433,0.012984470464289188,4182
2026-02-26 03:30:00+00:00,0.013053949922323227,0.013067618012428284,0.013025950640439987,0.013025950640439987,67217
2026-02-26 03:45:00+00:00,0.0130185317248106,0.01305262092500925,0.0130185317248106,0.01304108276963234,59031
2026-02-26 04:00:00+00:00,0.01307636871933937,0.01307636871933937,0.013010752387344837,0.01301949005573988,283548
2026-02-26 04:15:00+00:00,0.013017742894589901,0.013066835701465607,0.012986600399017334,0.013066835701465607,18095
2026-02-26 04:30:00+00:00,0.013112652115523815,0.013116469606757164,0.013018716126680374,0.013018716126680374,47237
2026-02-26 04:45:00+00:00,0.01306017767637968,0.013099883683025837,0.01306017767637968,0.013099883683025837,11216
2026-02-26 05:00:00+00:00,0.012885752134025097,0.013047869317233562,0.012885752134025097,0.013047869317233562,7401
2026-02-26 05:15:00+00:00,0.012935354374349117,0.012935354374349117,0.012834846042096615,0.012880672700703144,35448
2026-02-26 05:30:00+00:00,0.012925204820930958,0.012940967455506325,0.012910865247249603,0.012933670543134212,301436
2026-02-26 05:45:00+00:00,0.01291290856897831,0.012933028861880302,0.01291290856897831,0.012925113551318645,0
2026-02-26 06:00:00+00:00,0.012933309189975262,0.012941041961312294,0.012889466248452663,0.012902679853141308,1169924
2026-02-26 06:15:00+00:00,0.012890178710222244,0.012931416742503643,0.012884993106126785,0.012931416742503643,0
2026-02-26 06:30:00+00:00,0.012826288118958473,0.01288540381938219,0.012826288118958473,0.01288540381938219,41333
2026-02-26 06:45:00+00:00,0.012841732241213322,0.012863764539361,0.012841732241213322,0.012863764539361,61676
2026-02-26 07:00:00+00:00,0.012860034592449665,0.012862559407949448,0.012828738428652287,0.012838078662753105,63682
2026-02-26 07:15:00+00:00,0.012842338532209396,0.01285563688725233,0.012842233292758465,0.01285563688725233,20389
2026-02-26 07:30:00+00:00,0.012783261016011238,0.012839404866099358,0.012783261016011238,0.012838990427553654,27126
2026-02-26 07:45:00+00:00,0.012818880379199982,0.012818880379199982,0.012771445326507092,0.012783943675458431,20088
2026-02-26 08:00:00+00:00,0.012819072231650352,0.012828446924686432,0.012811831198632717,0.012815223075449467,4252
2026-02-26 08:15:00+00:00,0.012873525731265545,0.012873525731265545,0.012821371667087078,0.012833761051297188,4323
2026-02-26 08:30:00+00:00,0.012839925475418568,0.01286653708666563,0.012839281931519508,0.012863622047007084,18882
2026-02-26 08:45:00+00:00,0.012807783670723438,0.01283471193164587,0.012807783670723438,0.012830478139221668,0
2026-02-26 09:00:00+00:00,0.012836126610636711,0.012836126610636711,0.012755249626934528,0.012784813530743122,68153
2026-02-26 09:15:00+00:00,0.012841545976698399,0.012888711877167225,0.012841545976698399,0.012852455489337444,80171
2026-02-26 09:30:00+00:00,0.012915820814669132,0.012915820814669132,0.012833532877266407,0.012833532877266407,25430
2026-02-26 09:45:00+00:00,0.012867010198533535,0.012918481603264809,0.012867010198533535,0.012918439693748951,52077
2026-02-26 10:00:00+00:00,0.01279461570084095,0.012859177775681019,0.012793459929525852,0.012859177775681019,560
2026-02-26 10:15:00+00:00,0.012740010395646095,0.012761055491864681,0.012721304781734943,0.012761055491864681,110962
2026-02-26 10:30:00+00:00,0.012718276120722294,0.012723159044981003,0.012708309106528759,0.012713317759335041,480
2026-02-26 10:45:00+00:00,0.012632424011826515,0.012715661898255348,0.012618155218660831,0.012715661898255348,52096
2026-02-26 11:00:00+00:00,0.01264850702136755,0.012671397067606449,0.012629937380552292,0.012629937380552292,20228
2026-02-26 11:15:00+00:00,0.012605386786162853,0.01261952705681324,0.012572049163281918,0.01261952705681324,59301
2026-02-26 11:30:00+00:00,0.012806425802409649,0.012806425802409649,0.012602818198502064,0.012602818198502064,139749
2026-02-26 11:45:00+00:00,0.012776029296219349,0.01279815286397934,0.012761526741087437,0.01279815286397934,79788
2026-02-26 12:00:00+00:00,0.012802290730178356,0.012802290730178356,0.012768340297043324,0.0127691850066185,2952
2026-02-26 12:15:00+00:00,0.01286692637950182,0.012868201360106468,0.012810674495995045,0.012810674495995045,28719
2026-02-26 12:30:00+00:00,0.012939068488776684,0.012946046888828278,0.012880824506282806,0.01288230437785387,30060
2026-02-26 12:45:00+00:00,0.012858845293521881,0.01291175652295351,0.012857576832175255,0.01290827989578247,27749
2026-02-26 13:00:00+00:00,0.012796653434634209,0.012859506532549858,0.012796653434634209,0.012859506532549858,0
2026-02-26 13:15:00+00:00,0.012815997004508972,0.012815997004508972,0.012777654454112053,0.012797314673662186,1028
2026-02-26 13:30:00+00:00,0.012868734076619148,0.012868734076619148,0.01280673686414957,0.012830579653382301,0
2026-02-26 13:45:00+00:00,0.012804386205971241,0.012870094738900661,0.012804386205971241,0.012865874916315079,0
2026-02-26 14:00:00+00:00,0.012780394405126572,0.012802675366401672,0.012738996185362339,0.012802675366401672,100955
2026-02-26 14:15:00+00:00,0.012840427458286285,0.012843048200011253,0.012739120982587337,0.01277182437479496,56416
2026-02-26 14:30:00+00:00,0.012785140424966812,0.012833238579332829,0.01278278511017561,0.012833238579332829,0
2026-02-26 14:45:00+00:00,0.01285775750875473,0.01285775750875473,0.012745480053126812,0.01277525071054697,100192
2026-02-26 15:00:00+00:00,0.012857204303145409,0.012863555923104286,0.0128182927146554,0.012860582210123539,0
2026-02-26 15:15:00+00:00,0.01276620477437973,0.012831226922571659,0.0127347307279706,0.012831226922571659,33874
2026-02-26 15:30:00+00:00,0.012748493812978268,0.012762937694787979,0.012712621130049229,0.012747508473694324,0
2026-02-26 15:45:00+00:00,0.012719228863716125,0.01278288010507822,0.012714019045233727,0.012772697024047375,0
2026-02-26 16:00:00+00:00,0.012614225968718529,0.012723502703011036,0.012614225968718529,0.012723502703011036,61922
2026-02-26 16:15:00+00:00,0.012677010148763657,0.012677010148763657,0.012602923437952995,0.012613506056368351,48140
2026-02-26 16:30:00+00:00,0.01254383847117424,0.012674037367105484,0.012500789947807789,0.012674037367105484,95174
2026-02-26 16:45:00+00:00,0.012358925305306911,0.012517605908215046,0.012343667447566986,0.012517605908215046,203153
2026-02-26 17:00:00+00:00,0.012472063302993774,0.012482675723731518,0.012361360713839531,0.012361360713839531,0
2026-02-26 17:15:00+00:00,0.012498155236244202,0.012498155236244202,0.012467052787542343,0.012467052787542343,7868
2026-02-26 17:30:00+00:00,0.012469582259654999,0.012516832910478115,0.012469582259654999,0.012494818307459354,0
2026-02-26 17:45:00+00:00,0.01247685868293047,0.012478496879339218,0.012472194619476795,0.012475498951971531,0
2026-02-26 18:00:00+00:00,0.01249726116657257,0.012506898492574692,0.012468746863305569,0.012473413720726967,0
2026-02-26 18:15:00+00:00,0.01253840047866106,0.01255936361849308,0.012498362921178341,0.012498362921178341,6898
2026-02-26 18:30:00+00:00,0.012611865065991879,0.01262710988521576,0.012541022151708603,0.012542158365249634,13895
2026-02-26 18:45:00+00:00,0.012658342719078064,0.012658342719078064,0.012614714913070202,0.012614714913070202,59241
2026-02-26 19:00:00+00:00,0.012770467437803745,0.012821400538086891,0.01268561277538538,0.01268561277538538,148452
2026-02-26 19:15:00+00:00,0.012734951451420784,0.012764078564941883,0.012734951451420784,0.012764078564941883,5217
2026-02-26 19:30:00+00:00,0.01268437597900629,0.012721991166472435,0.01268437597900629,0.012716424651443958,0
2026-02-26 19:45:00+00:00,0.012720032595098019,0.012720032595098019,0.012686657719314098,0.012686657719314098,12366
2026-02-26 20:00:00+00:00,0.012692976742982864,0.012718632817268372,0.012692976742982864,0.012713889591395855,0
2026-02-26 20:15:00+00:00,0.012692969292402267,0.012719099409878254,0.012692969292402267,0.012695697136223316,0
2026-02-26 20:30:00+00:00,0.01261723879724741,0.012668495997786522,0.012603115290403366,0.012668495997786522,0
2026-02-26 20:45:00+00:00,0.012585987336933613,0.012615594081580639,0.012585727497935295,0.012615594081580639,5921
2026-02-26 21:00:00+00:00,0.012530176900327206,0.012575628235936165,0.012530176900327206,0.01256408542394638,0
2026-02-26 21:15:00+00:00,0.012562394142150879,0.012563271448016167,0.012534614652395248,0.012534614652395248,0
2026-02-26 21:30:00+00:00,0.012576180510222912,0.012576340697705746,0.012561327777802944,0.012563098222017288,0
2026-02-26 21:45:00+00:00,0.0125674894079566,0.012596841901540756,0.0125674894079566,0.012579375877976418,0
2026-02-26 22:00:00+00:00,0.012580502778291702,0.012580502778291702,0.012547051534056664,0.012565001845359802,0
2026-02-26 22:15:00+00:00,0.012537630274891853,0.012578539550304413,0.012533364817500114,0.012578539550304413,7324
2026-02-26 22:30:00+00:00,0.012565620243549347,0.012569308280944824,0.01254376769065857,0.0125490203499794,0
2026-02-26 22:45:00+00:00,0.012645043432712555,0.012673846445977688,0.012563707306981087,0.012563707306981087,36866
2026-02-26 23:00:00+00:00,0.01271006464958191,0.01271006464958191,0.012636181898415089,0.012642926536500454,53392
2026-02-26 23:15:00+00:00,0.012769795022904873,0.012803586199879646,0.012757503427565098,0.012759717181324959,79837
2026-02-26 23:30:00+00:00,0.012785849161446095,0.01280103251338005,0.012785849161446095,0.012789816595613956,0
2026-02-26 23:45:00+00:00,0.0127981286495924,0.0127981286495924,0.012751620262861252,0.012790175154805183,0
2026-02-27 00:00:00+00:00,0.012815012596547604,0.012826204299926758,0.012796260416507721,0.012796260416507721,0
2026-02-27 00:15:00+00:00,0.012803397141397,0.01281066332012415,0.012786604464054108,0.01281066332012415,11828
2026-02-27 00:30:00+00:00,0.012847823090851307,0.012852134183049202,0.01281039323657751,0.012814877554774284,44986
2026-02-27 00:45:00+00:00,0.012866131961345673,0.012919661588966846,0.01285406295210123,0.01285406295210123,104464
2026-02-27 01:00:00+00:00,0.012817535549402237,0.012857778929173946,0.012800909578800201,0.012845072895288467,21765
2026-02-27 01:15:00+00:00,0.012901606038212776,0.012912066653370857,0.012821228243410587,0.012821228243410587,69055
2026-02-27 01:30:00+00:00,0.01289515569806099,0.012908034026622772,0.01288644690066576,0.012908034026622772,163580
2026-02-27 01:45:00+00:00,0.012965095229446888,0.012965095229446888,0.012936187908053398,0.012936187908053398,226
2026-02-27 02:00:00+00:00,0.013082974590361118,0.01309589110314846,0.012975248508155346,0.012975248508155346,175808
2026-02-27 02:15:00+00:00,0.01306892279535532,0.013094943016767502,0.01306892279535532,0.013094943016767502,103895
2026-02-27 02:30:00+00:00,0.012964529916644096,0.013068119995296001,0.012964529916644096,0.013068119995296001,77426
2026-02-27 02:45:00+00:00,0.012968241237103939,0.012991033494472504,0.012965474277734756,0.012965474277734756,40601
2026-02-27 03:00:00+00:00,0.012984061613678932,0.01302304770797491,0.012960053980350494,0.012963280081748962,142396
2026-02-27 03:15:00+00:00,0.012968230992555618,0.012998205609619617,0.012965288013219833,0.012984396889805794,4466
2026-02-27 03:30:00+00:00,0.01293894462287426,0.01294070202857256,0.012930850498378277,0.012935700826346874,0
2026-02-27 03:45:00+00:00,0.01295071467757225,0.012952474877238274,0.012934406287968159,0.012941722758114338,0
2026-02-27 04:00:00+00:00,0.013070550747215748,0.013070550747215748,0.012948852963745594,0.012948852963745594,41582
2026-02-27 04:15:00+00:00,0.013152264058589935,0.013193191029131413,0.013114141300320625,0.013114141300320625,478327
2026-02-27 04:30:00+00:00,0.013141967356204987,0.01320554967969656,0.013141967356204987,0.01315454300493002,74526
2026-02-27 04:45:00+00:00,0.013241882435977459,0.013241882435977459,0.013131968677043915,0.013145058415830135,155356
2026-02-27 05:00:00+00:00,0.013335198163986206,0.013393109664320946,0.01323701161891222,0.01323701161891222,227871
2026-02-27 05:15:00+00:00,0.01330997422337532,0.013340666890144348,0.013271570205688477,0.013340666890144348,19872
2026-02-27 05:30:00+00:00,0.013297086581587791,0.013373562134802341,0.013272816315293312,0.013330355286598206,158400
2026-02-27 05:45:00+00:00,0.013319969177246094,0.013324743136763573,0.013310023583471775,0.013318678364157677,38316
2026-02-27 06:00:00+00:00,0.013426422141492367,0.013429778628051281,0.013324371539056301,0.013324371539056301,77416
2026-02-27 06:15:00+00:00,0.013446776196360588,0.013484439812600613,0.013414280489087105,0.01342335157096386,51404
2026-02-27 06:30:00+00:00,0.01342781726270914,0.013449917547404766,0.01342781726270914,0.013449917547404766,21966
2026-02-27 06:45:00+00:00,0.013415003195405006,0.013432377949357033,0.013413390144705772,0.013417471200227737,0
2026-02-27 07:00:00+00:00,0.01331543829292059,0.01341212447732687,0.013300783932209015,0.01341212447732687,28278
2026-02-27 07:15:00+00:00,0.013303257524967194,0.013320783153176308,0.013303257524967194,0.013315942138433456,127640
2026-02-27 07:30:00+00:00,0.013230944983661175,0.013276590965688229,0.013228077441453934,0.013274301774799824,34767
2026-02-27 07:45:00+00:00,0.013270831666886806,0.013270831666886806,0.013232884928584099,0.013233236968517303,20296
2026-02-27 08:00:00+00:00,0.013344276696443558,0.013348625972867012,0.013280840590596199,0.013280840590596199,20356
2026-02-27 08:15:00+00:00,0.0133110536262393,0.013343149796128273,0.0133110536262393,0.013343149796128273,38554
2026-02-27 08:30:00+00:00,0.013314245268702507,0.013332590460777283,0.013306277804076672,0.013310917653143406,12142
2026-02-27 08:45:00+00:00,0.013373548164963722,0.013373548164963722,0.013315722346305847,0.013315722346305847,10932
2026-02-27 09:00:00+00:00,0.013371654786169529,0.01339342538267374,0.013371654786169529,0.013378554955124855,0
2026-02-27 09:15:00+00:00,0.013318272307515144,0.013371331617236137,0.0133125064894557,0.013371331617236137,29840
2026-02-27 09:30:00+00:00,0.013314977288246155,0.013345303945243359,0.013314977288246155,0.013339345343410969,20345
2026-02-27 09:45:00+00:00,0.013246678747236729,0.013305745087563992,0.013224782422184944,0.013305745087563992,20885
2026-02-27 10:00:00+00:00,0.013119722716510296,0.013233333826065063,0.013119722716510296,0.013233333826065063,45735
2026-02-27 10:15:00+00:00,0.013118592090904713,0.013130448758602142,0.013097754679620266,0.013116921298205853,36580
2026-02-27 10:30:00+00:00,0.013155864551663399,0.013155864551663399,0.01312105730175972,0.01312105730175972,47136
2026-02-27 10:45:00+00:00,0.013113638386130333,0.01315420400351286,0.013109159655869007,0.01315420400351286,0
2026-02-27 11:00:00+00:00,0.013160745613276958,0.01316171232610941,0.013143098913133144,0.013143098913133144,5014
2026-02-27 11:15:00+00:00,0.01311544794589281,0.013137390837073326,0.013093654997646809,0.013137390837073326,0
2026-02-27 11:30:00+00:00,0.012898477725684643,0.013118162751197815,0.012898477725684643,0.013118162751197815,69582
2026-02-27 11:45:00+00:00,0.012945479713380337,0.012945479713380337,0.012892644852399826,0.012892644852399826,57357
2026-02-27 12:00:00+00:00,0.012884733267128468,0.012929634191095829,0.012884733267128468,0.012928271666169167,10695
2026-02-27 12:15:00+00:00,0.012871946208178997,0.012883356772363186,0.012824475765228271,0.01287690456956625,41327
2026-02-27 12:30:00+00:00,0.012836990877985954,0.012864058837294579,0.012836990877985954,0.012861696071922779,12648
2026-02-27 12:45:00+00:00,0.012842049822211266,0.012848423793911934,0.012806981801986694,0.012837965972721577,20411
2026-02-27 13:00:00+00:00,0.012890513055026531,0.01289420947432518,0.012842084281146526,0.012842084281146526,11690
2026-02-27 13:15:00+00:00,0.012818130664527416,0.012888279743492603,0.012811999768018723,0.012888279743492603,35484
2026-02-27 13:30:00+00:00,0.012750932015478611,0.012758016586303711,0.012725192122161388,0.012741681188344955,117160
2026-02-27 13:45:00+00:00,0.012824264355003834,0.012833666987717152,0.012772726826369762,0.012772726826369762,21327
2026-02-27 14:00:00+00:00,0.012782847508788109,0.012824025936424732,0.012782847508788109,0.012822508811950684,0
2026-02-27 14:15:00+00:00,0.012744897976517677,0.012775087729096413,0.012737409211695194,0.012775087729096413,0
2026-02-27 14:30:00+00:00,0.012813573703169823,0.012843949720263481,0.012754634022712708,0.012754634022712708,47166
2026-02-27 14:45:00+00:00,0.012753811664879322,0.012808131985366344,0.012753811664879322,0.012808131985366344,0
2026-02-27 15:00:00+00:00,0.01280317921191454,0.01283454429358244,0.012770853005349636,0.012770853005349636,23652
2026-02-27 15:15:00+00:00,0.01276732049882412,0.012792269699275494,0.012757641263306141,0.012792269699275494,0
2026-02-27 15:30:00+00:00,0.01274577621370554,0.012775314040482044,0.012733270414173603,0.012764894403517246,0
2026-02-27 15:45:00+00:00,0.012793338857591152,0.012803245335817337,0.01274526584893465,0.01274526584893465,1230
2026-02-27 16:00:00+00:00,0.012655213475227356,0.012769694440066814,0.012653135694563389,0.012768440879881382,31900
2026-02-27 16:15:00+00:00,0.012692993506789207,0.012692993506789207,0.012638906948268414,0.01266535185277462,503
2026-02-27 16:30:00+00:00,0.01266354601830244,0.012715298682451248,0.01266354601830244,0.01269307266920805,0
2026-02-27 16:45:00+00:00,0.01258437242358923,0.012656531296670437,0.01258437242358923,0.012656531296670437,0
2026-02-27 17:00:00+00:00,0.012568389065563679,0.012611385434865952,0.012568389065563679,0.012589394114911556,12769
2026-02-27 17:15:00+00:00,0.012505695223808289,0.012569976039230824,0.012505695223808289,0.012569976039230824,45749
2026-02-27 17:30:00+00:00,0.012596650049090385,0.01259788777679205,0.012493249960243702,0.012505128979682922,121825
2026-02-27 17:45:00+00:00,0.012636810541152954,0.012639989145100117,0.012602340430021286,0.012602340430021286,29544
2026-02-27 18:00:00+00:00,0.012673692777752876,0.012701915577054024,0.012673692777752876,0.012687509879469872,34781
2026-02-27 18:15:00+00:00,0.012651557102799416,0.012685642577707767,0.012651557102799416,0.012672968208789825,5242
2026-02-27 18:30:00+00:00,0.012666041031479836,0.012676301412284374,0.012653516605496407,0.012653516605496407,2236
2026-02-27 18:45:00+00:00,0.012563846074044704,0.012663000263273716,0.012563846074044704,0.012663000263273716,912
2026-02-27 19:00:00+00:00,0.012499550357460976,0.012564578093588352,0.012499550357460976,0.012561596930027008,0
2026-02-27 19:15:00+00:00,0.012462128885090351,0.01249826792627573,0.012459592893719673,0.01249826792627573,1459
2026-02-27 19:30:00+00:00,0.012415025383234024,0.012466342188417912,0.012415025383234024,0.012461871840059757,39188
2026-02-27 19:45:00+00:00,0.01242351159453392,0.01242351159453392,0.012379691936075687,0.012399181723594666,94233
2026-02-27 20:00:00+00:00,0.012442857958376408,0.012442857958376408,0.012420309707522392,0.012420309707522392,1703
2026-02-27 20:15:00+00:00,0.012452869676053524,0.012455698102712631,0.012438148260116577,0.012440507300198078,23836
2026-02-27 20:30:00+00:00,0.01247330754995346,0.01247330754995346,0.012435379438102245,0.012454541400074959,56975
2026-02-27 20:45:00+00:00,0.012517436407506466,0.012527347542345524,0.012485726736485958,0.012485726736485958,84183
2026-02-27 21:00:00+00:00,0.012438016012310982,0.012488036416471004,0.012426194734871387,0.012488036416471004,14105
2026-02-27 21:15:00+00:00,0.01241760328412056,0.012448546476662159,0.01241760328412056,0.012435375712811947,16433
2026-02-27 21:30:00+00:00,0.0124029740691185,0.0124324019998312,0.012376486323773861,0.0124324019998312,156264
2026-02-27 21:45:00+00:00,0.01235923357307911,0.012399143539369106,0.01235923357307911,0.012394708581268787,36911
2026-02-27 22:00:00+00:00,0.012305823154747486,0.012358560226857662,0.012305823154747486,0.012358560226857662,10958
2026-02-27 22:15:00+00:00,0.012290420942008495,0.012315708212554455,0.012280258350074291,0.012309917248785496,16567
2026-02-27 22:30:00+00:00,0.01223179791122675,0.012286186218261719,0.012203482910990715,0.012286186218261719,126424
2026-02-27 22:45:00+00:00,0.01230450440198183,0.01230450440198183,0.0122667932882905,0.012268477119505405,1878
2026-02-27 23:00:00+00:00,0.012346272356808186,0.012346272356808186,0.012304645963013172,0.012304645963013172,0
2026-02-27 23:15:00+00:00,0.012382423505187035,0.012385121546685696,0.012322946451604366,0.012322946451604366,48993
2026-02-27 23:30:00+00:00,0.012411012314260006,0.0124129019677639,0.012382376939058304,0.012382376939058304,16901
2026-02-27 23:45:00+00:00,0.01240095030516386,0.012414632365107536,0.01240095030516386,0.01241010520607233,13360
2026-02-28 00:00:00+00:00,0.012373710051178932,0.012396733276546001,0.0123538076877594,0.012396733276546001,25193
2026-02-28 00:15:00+00:00,0.012381089851260185,0.01239476352930069,0.01237585861235857,0.01237585861235857,0
2026-02-28 00:30:00+00:00,0.012352028861641884,0.012370377779006958,0.012341364286839962,0.012367594987154007,2803
2026-02-28 00:45:00+00:00,0.012349598109722137,0.012365174479782581,0.012346427887678146,0.012364245019853115,0
2026-02-28 01:00:00+00:00,0.012354542501270771,0.01236802153289318,0.012345989234745502,0.012345989234745502,40225
2026-02-28 01:15:00+00:00,0.012341904453933239,0.012374820187687874,0.012341904453933239,0.012358235195279121,0
2026-02-28 01:30:00+00:00,0.012312982231378555,0.012329425662755966,0.012312060222029686,0.012329425662755966,0
2026-02-28 01:45:00+00:00,0.012276257388293743,0.012316407635807991,0.012276257388293743,0.012316407635807991,0
2026-02-28 02:00:00+00:00,0.012261653319001198,0.01227444875985384,0.01222944725304842,0.01227444875985384,0
2026-02-28 02:15:00+00:00,0.012273358181118965,0.012277772650122643,0.012262322939932346,0.012262322939932346,0
2026-02-28 02:30:00+00:00,0.012257439084351063,0.012289990670979023,0.012255527079105377,0.012282183393836021,48331
2026-02-28 02:45:00+00:00,0.012257852591574192,0.012270741164684296,0.012257852591574192,0.012260720133781433,0
2026-02-28 03:00:00+00:00,0.012265922501683235,0.012271519750356674,0.012257044203579426,0.012259315699338913,0
2026-02-28 03:15:00+00:00,0.012264433316886425,0.012272568419575691,0.012263898737728596,0.012266745790839195,0
2026-02-28 03:30:00+00:00,0.012200501747429371,0.012262056581676006,0.012200501747429371,0.012262056581676006,36454
2026-02-28 03:45:00+00:00,0.012202288955450058,0.012205131351947784,0.012187914922833443,0.012199809774756432,5313
2026-02-28 04:00:00+00:00,0.01210827101022005,0.01218409463763237,0.01210827101022005,0.01218409463763237,14006
2026-02-28 04:15:00+00:00,0.012113044038414955,0.01211682241410017,0.012105859816074371,0.01210971549153328,0
2026-02-28 04:30:00+00:00,0.012081773020327091,0.01210484467446804,0.01205139048397541,0.01210484467446804,13316
2026-02-28 04:45:00+00:00,0.01207766029983759,0.012079726904630661,0.01207216177135706,0.012079414911568165,0
2026-02-28 05:00:00+00:00,0.012040560133755207,0.012065932154655457,0.012040560133755207,0.012064303271472454,0
2026-02-28 05:15:00+00:00,0.012009584344923496,0.01203834917396307,0.012004815973341465,0.01203834917396307,29274
2026-02-28 05:30:00+00:00,0.011956753209233284,0.011997555382549763,0.011956753209233284,0.011997555382549763,0
2026-02-28 05:45:00+00:00,0.011954398825764656,0.011962505988776684,0.011952940374612808,0.011957925744354725,711
2026-02-28 06:00:00+00:00,0.011884809471666813,0.011962339282035828,0.011884809471666813,0.011962339282035828,13844
2026-02-28 06:15:00+00:00,0.011757122352719307,0.011872257106006145,0.011706219054758549,0.011872257106006145,488471
2026-02-28 06:30:00+00:00,0.01155669055879116,0.011716034263372421,0.011543061584234238,0.011716034263372421,673154
2026-02-28 06:45:00+00:00,0.011345993727445602,0.01155114732682705,0.011345993727445602,0.01155114732682705,327716
2026-02-28 07:00:00+00:00,0.011430742219090462,0.011434543877840042,0.011339164339005947,0.011339164339005947,256526
2026-02-28 07:15:00+00:00,0.011321855708956718,0.011454298160970211,0.011318995617330074,0.011445693671703339,38342
2026-02-28 07:30:00+00:00,0.011600108817219734,0.011600108817219734,0.01132127083837986,0.01132127083837986,146191
2026-02-28 07:45:00+00:00,0.011457412503659725,0.01159940380603075,0.011457412503659725,0.01159940380603075,205299
2026-02-28 08:00:00+00:00,0.01138272974640131,0.0114558981731534,0.011378723196685314,0.0114558981731534,86701
2026-02-28 08:15:00+00:00,0.011359106749296188,0.011388755403459072,0.011333012953400612,0.011388755403459072,155206
2026-02-28 08:30:00+00:00,0.011375605128705502,0.01138415839523077,0.011352306231856346,0.011355634778738022,84635
2026-02-28 08:45:00+00:00,0.011272519826889038,0.01136697456240654,0.011272519826889038,0.01136697456240654,88701
2026-02-28 09:00:00+00:00,0.011269996874034405,0.011274849995970726,0.011256241239607334,0.011263120919466019,32861
2026-02-28 09:15:00+00:00,0.011310914531350136,0.011320737190544605,0.011286790482699871,0.011286790482699871,16235
2026-02-28 09:30:00+00:00,0.01127985492348671,0.01135083008557558,0.01127985492348671,0.011319060809910297,72683
2026-02-28 09:45:00+00:00,0.011255509220063686,0.011277577839791775,0.01124499924480915,0.011277577839791775,14350
2026-02-28 10:00:00+00:00,0.011147801764309406,0.011250772513449192,0.011139352805912495,0.011250772513449192,426107
2026-02-28 10:15:00+00:00,0.011217767372727394,0.011217767372727394,0.011151552200317383,0.011151552200317383,46445
2026-02-28 10:30:00+00:00,0.011224751360714436,0.011239929124712944,0.01120145432651043,0.011208857409656048,31377
2026-02-28 10:45:00+00:00,0.011173701845109463,0.011195888742804527,0.011164306662976742,0.011195888742804527,6640
2026-02-28 11:00:00+00:00,0.011171855032444,0.011182652786374092,0.011170435696840286,0.011182652786374092,28351
2026-02-28 11:15:00+00:00,0.011189130134880543,0.011189130134880543,0.011167386546730995,0.011168353259563446,9398
2026-02-28 11:30:00+00:00,0.011097323149442673,0.011197356507182121,0.011097323149442673,0.011194773018360138,4106
2026-02-28 11:45:00+00:00,0.010984684340655804,0.011096826754510403,0.010983883403241634,0.011096826754510403,69962
2026-02-28 12:00:00+00:00,0.010981583967804909,0.011029474437236786,0.01095512229949236,0.011006283573806286,187345
2026-02-28 12:15:00+00:00,0.011020275764167309,0.011030974797904491,0.011002306826412678,0.011002306826412678,37117
2026-02-28 12:30:00+00:00,0.011085948906838894,0.011086401529610157,0.01101667620241642,0.01101667620241642,94474
2026-02-28 12:45:00+00:00,0.011064838618040085,0.011085407808423042,0.011026973836123943,0.011085407808423042,58150
2026-02-28 13:00:00+00:00,0.011101007461547852,0.011104310862720013,0.011062486097216606,0.011062486097216606,8495
2026-02-28 13:15:00+00:00,0.011092420667409897,0.011126328259706497,0.011092420667409897,0.011108754202723503,25283
2026-02-28 13:30:00+00:00,0.01105611864477396,0.011096538044512272,0.011050957255065441,0.011085986159741879,0
2026-02-28 13:45:00+00:00,0.011326583102345467,0.011326583102345467,0.0110645005479455,0.0110645005479455,686133
2026-02-28 14:00:00+00:00,0.011352174915373325,0.011436622589826584,0.011311146430671215,0.011347522959113121,270015
2026-02-28 14:15:00+00:00,0.01136599387973547,0.011403069831430912,0.011360939592123032,0.011360939592123032,80928
2026-02-28 14:30:00+00:00,0.011355496942996979,0.01137284655123949,0.011339315213263035,0.01137284655123949,98034
2026-02-28 14:45:00+00:00,0.011237947270274162,0.011365517042577267,0.011237947270274162,0.011365517042577267,66540
2026-02-28 15:00:00+00:00,0.01122382003813982,0.01124973688274622,0.01122382003813982,0.011236246675252914,28
2026-02-28 15:15:00+00:00,0.01126550417393446,0.01126550417393446,0.01119576208293438,0.011205857619643211,41051
2026-02-28 15:30:00+00:00,0.011301739141345024,0.011323121376335621,0.011287705972790718,0.011287705972790718,65740
2026-02-28 15:45:00+00:00,0.011286511085927486,0.011296979151666164,0.011286511085927486,0.011296979151666164,5061
2026-02-28 16:00:00+00:00,0.011264254339039326,0.011287248693406582,0.011256681755185127,0.011287006549537182,0
2026-02-28 16:15:00+00:00,0.011216449551284313,0.01125683169811964,0.011206930503249168,0.01125683169811964,13507
2026-02-28 16:30:00+00:00,0.011195911094546318,0.011225806549191475,0.011187934316694736,0.011217200197279453,35880
2026-02-28 16:45:00+00:00,0.011212813667953014,0.011219155974686146,0.01118930708616972,0.011219155974686146,24244
2026-02-28 17:00:00+00:00,0.011222738772630692,0.011249889619648457,0.01122223399579525,0.011248239316046238,0
2026-02-28 17:15:00+00:00,0.011166651733219624,0.011205214075744152,0.01116120908409357,0.011205214075744152,6619
2026-02-28 17:30:00+00:00,0.011162853799760342,0.011191293597221375,0.011162853799760342,0.011172936297953129,8567
2026-02-28 17:45:00+00:00,0.011233898811042309,0.011233898811042309,0.011156406253576279,0.011167471297085285,53466
2026-02-28 18:00:00+00:00,0.011321062222123146,0.011321062222123146,0.011254366487264633,0.011254366487264633,23664
2026-02-28 18:15:00+00:00,0.011294255033135414,0.011329361237585545,0.011289886198937893,0.011322494596242905,500
2026-02-28 18:30:00+00:00,0.011550184339284897,0.011557459831237793,0.011293875984847546,0.011293875984847546,202052
2026-02-28 18:45:00+00:00,0.011600689962506294,0.011605213396251202,0.011521647684276104,0.011551476083695889,146973
2026-02-28 19:00:00+00:00,0.011573701165616512,0.011582006700336933,0.011565430089831352,0.011582006700336933,70751
2026-02-28 19:15:00+00:00,0.01168385986238718,0.01168385986238718,0.011586357839405537,0.01158707495778799,94374
2026-02-28 19:30:00+00:00,0.01190179493278265,0.011957609094679356,0.011699172668159008,0.011699172668159008,215608
2026-02-28 19:45:00+00:00,0.01179738063365221,0.011920931749045849,0.01179738063365221,0.011893199756741524,110718
2026-02-28 20:00:00+00:00,0.011785298585891724,0.011829406023025513,0.011763494461774826,0.011810142546892166,230454
2026-02-28 20:15:00+00:00,0.01182168535888195,0.011825721710920334,0.011777183972299099,0.011795979924499989,100890
2026-02-28 20:30:00+00:00,0.011785107664763927,0.01181786134839058,0.011746491305530071,0.011815182864665985,41591
2026-02-28 20:45:00+00:00,0.011889606714248657,0.011893732473254204,0.011778491549193859,0.011784535832703114,16737
2026-02-28 21:00:00+00:00,0.01177083607763052,0.011884752660989761,0.011758938431739807,0.011884752660989761,52343
2026-02-28 21:15:00+00:00,0.01179074589163065,0.01179427094757557,0.011767158284783363,0.011776777915656567,120984
2026-02-28 21:30:00+00:00,0.011789334937930107,0.011819466948509216,0.01178920827805996,0.01179430354386568,6962
2026-02-28 21:45:00+00:00,0.011797147803008556,0.011800947599112988,0.011781907640397549,0.011800947599112988,3766
2026-02-28 22:00:00+00:00,0.01186506636440754,0.01187387015670538,0.011786015704274178,0.011786015704274178,27789
2026-02-28 22:15:00+00:00,0.011907671578228474,0.011907671578228474,0.0118616484105587,0.011861741542816162,32466
2026-02-28 22:30:00+00:00,0.012005302123725414,0.012009067460894585,0.01190521102398634,0.01190521102398634,4599
2026-02-28 22:45:00+00:00,0.012022479437291622,0.01205429621040821,0.01201283186674118,0.01201283186674118,75627
2026-02-28 23:00:00+00:00,0.011997322551906109,0.012034179642796516,0.011997322551906109,0.012019497342407703,48775
2026-02-28 23:15:00+00:00,0.011904075741767883,0.011997216381132603,0.011904075741767883,0.011997216381132603,23815
2026-02-28 23:30:00+00:00,0.01177959330379963,0.011878077872097492,0.011771924793720245,0.011878077872097492,85144
2026-02-28 23:45:00+00:00,0.011783845722675323,0.01180473156273365,0.011780837550759315,0.011780837550759315,20248
2026-03-01 00:00:00+00:00,0.011792941950261593,0.011816308833658695,0.011780242435634136,0.011780242435634136,8289
2026-03-01 00:15:00+00:00,0.011792072094976902,0.011804627254605293,0.011790294200181961,0.011793360114097595,12882
2026-03-01 00:30:00+00:00,0.01167486421763897,0.0117872916162014,0.011671085841953754,0.0117872916162014,8880
2026-03-01 00:45:00+00:00,0.011710950173437595,0.011710950173437595,0.011675800196826458,0.011675800196826458,34412
2026-03-01 01:00:00+00:00,0.011625616811215878,0.01171138510107994,0.011625616811215878,0.01171138510107994,47337
2026-03-01 01:15:00+00:00,0.011650407686829567,0.011650407686829567,0.011603344231843948,0.011632517911493778,48656
2026-03-01 01:30:00+00:00,0.01179285068064928,0.01179285068064928,0.01165288221091032,0.01165288221091032,35721
2026-03-01 01:45:00+00:00,0.011903767473995686,0.011985907331109047,0.011789447627961636,0.011789447627961636,232094
2026-03-01 02:00:00+00:00,0.012131837196648121,0.012186766602098942,0.011913644149899483,0.011913644149899483,292607
2026-03-01 02:15:00+00:00,0.012089187279343605,0.012152774259448051,0.012089187279343605,0.01213554386049509,92728
2026-03-01 02:30:00+00:00,0.01203922275453806,0.012046164833009243,0.0120195671916008,0.01202580239623785,155392
2026-03-01 02:45:00+00:00,0.011983614414930344,0.012051633559167385,0.011983614414930344,0.012051633559167385,114142
2026-03-01 03:00:00+00:00,0.011895773932337761,0.011982118710875511,0.011895773932337761,0.011982118710875511,70694
2026-03-01 03:15:00+00:00,0.011844327673316002,0.011898285709321499,0.011844327673316002,0.011898285709321499,44942
2026-03-01 03:30:00+00:00,0.01185385137796402,0.01186957024037838,0.011843794956803322,0.011843794956803322,198
2026-03-01 03:45:00+00:00,0.011808867566287518,0.011852836236357689,0.011794793419539928,0.011852264404296875,94611
2026-03-01 04:00:00+00:00,0.011768762953579426,0.01185678318142891,0.011768762953579426,0.011842523701488972,30030
2026-03-01 04:15:00+00:00,0.011725765652954578,0.011755192652344704,0.011684969998896122,0.011755192652344704,52097
2026-03-01 04:30:00+00:00,0.011845437809824944,0.011845437809824944,0.011747730895876884,0.011747730895876884,35133
2026-03-01 04:45:00+00:00,0.011836082674562931,0.011846245266497135,0.011835137382149696,0.011839150451123714,12942
2026-03-01 05:00:00+00:00,0.011819740757346153,0.011839729733765125,0.011811173520982265,0.011832963675260544,17858
2026-03-01 05:15:00+00:00,0.011836308054625988,0.011836308054625988,0.011815287172794342,0.011818205937743187,0
2026-03-01 05:30:00+00:00,0.01183983776718378,0.011849967762827873,0.011835850775241852,0.011835850775241852,2233
2026-03-01 05:45:00+00:00,0.011807112954556942,0.011839653365314007,0.011807112954556942,0.011839653365314007,6849
2026-03-01 06:00:00+00:00,0.011666273698210716,0.011806202121078968,0.011666273698210716,0.011806202121078968,12605
2026-03-01 06:15:00+00:00,0.011672528460621834,0.011677821166813374,0.011666721664369106,0.011666721664369106,0
2026-03-01 06:30:00+00:00,0.011620515026152134,0.011672007851302624,0.011620515026152134,0.011669631116092205,0
2026-03-01 06:45:00+00:00,0.011617613025009632,0.011623896658420563,0.01157158613204956,0.011623896658420563,0
2026-03-01 07:00:00+00:00,0.011637145653367043,0.011641846969723701,0.011610552668571472,0.011617980897426605,0
2026-03-01 07:15:00+00:00,0.011678813025355339,0.011678852140903473,0.011612022295594215,0.011637343093752861,3163
2026-03-01 07:30:00+00:00,0.01178470067679882,0.011788709089159966,0.011680196970701218,0.011682246811687946,3942
2026-03-01 07:45:00+00:00,0.011794187128543854,0.011794187128543854,0.011769544333219528,0.011781380511820316,0
2026-03-01 08:00:00+00:00,0.011816213838756084,0.011816213838756084,0.011783291585743427,0.011790944263339043,0
2026-03-01 08:15:00+00:00,0.011763201095163822,0.01181691512465477,0.01172605250030756,0.01181691512465477,0
2026-03-01 08:30:00+00:00,0.011683577671647072,0.011761813424527645,0.011683577671647072,0.011761813424527645,0
2026-03-01 08:45:00+00:00,0.011523804627358913,0.011683518067002296,0.011523804627358913,0.011683518067002296,21867
2026-03-01 09:00:00+00:00,0.011579283513128757,0.011579283513128757,0.011519012041389942,0.011520237661898136,0
2026-03-01 09:15:00+00:00,0.011592041701078415,0.011610977351665497,0.01157442294061184,0.01157442294061184,6889
2026-03-01 09:30:00+00:00,0.011504937894642353,0.011595620773732662,0.011504937894642353,0.011595620773732662,0
2026-03-01 09:45:00+00:00,0.011464246548712254,0.011497248895466328,0.011464246548712254,0.011497248895466328,15916
2026-03-01 10:00:00+00:00,0.011435461230576038,0.011471652425825596,0.011431398801505566,0.011459200643002987,0
2026-03-01 10:15:00+00:00,0.011443080380558968,0.011451231315732002,0.011426705867052078,0.011439978145062923,8557
2026-03-01 10:30:00+00:00,0.011486764997243881,0.011496727354824543,0.011454717256128788,0.011460580863058567,0
2026-03-01 10:45:00+00:00,0.011478685773909092,0.01149419229477644,0.011478547006845474,0.01148365531116724,0
2026-03-01 11:00:00+00:00,0.011462845839560032,0.011475028470158577,0.011453543789684772,0.011475028470158577,0
2026-03-01 11:15:00+00:00,0.011464760638773441,0.011479320004582405,0.011460130102932453,0.011460130102932453,4003
2026-03-01 11:30:00+00:00,0.011439583264291286,0.011449243873357773,0.011435411870479584,0.011445424519479275,0
2026-03-01 11:45:00+00:00,0.011407103389501572,0.01143599208444357,0.011407103389501572,0.01143599208444357,0
2026-03-01 12:00:00+00:00,0.011380228213965893,0.01140645518898964,0.011340532451868057,0.01140645518898964,42851
2026-03-01 12:15:00+00:00,0.01138873677700758,0.011390290223062038,0.011365042999386787,0.011368423700332642,0
2026-03-01 12:30:00+00:00,0.011386065743863583,0.011395403183996677,0.011363590136170387,0.011391217820346355,0
2026-03-01 12:45:00+00:00,0.011314786039292812,0.011392820626497269,0.011308394372463226,0.011392820626497269,22698
2026-03-01 13:00:00+00:00,0.011300493963062763,0.011316983960568905,0.01129891723394394,0.011316495947539806,1830
2026-03-01 13:15:00+00:00,0.011286425404250622,0.01131132896989584,0.01125303190201521,0.01131132896989584,35971
2026-03-01 13:30:00+00:00,0.011286742053925991,0.011286742053925991,0.011267224326729774,0.011277473531663418,39773
2026-03-01 13:45:00+00:00,0.011494978331029415,0.011494978331029415,0.011280059814453125,0.011280681937932968,61693
2026-03-01 14:00:00+00:00,0.011502501554787159,0.01153058372437954,0.011478383094072342,0.011492356657981873,8252
2026-03-01 14:15:00+00:00,0.011438176967203617,0.011499482207000256,0.011438176967203617,0.011499482207000256,0
2026-03-01 14:30:00+00:00,0.011438721790909767,0.01147204264998436,0.011438721790909767,0.011441231705248356,0
2026-03-01 14:45:00+00:00,0.011392366141080856,0.01143251545727253,0.011381345801055431,0.01143251545727253,0
2026-03-01 15:00:00+00:00,0.011399415321648121,0.011417350731790066,0.011393098160624504,0.011393098160624504,0
2026-03-01 15:15:00+00:00,0.011407609097659588,0.011418758891522884,0.011400972492992878,0.011402271687984467,4787
2026-03-01 15:30:00+00:00,0.011424334719777107,0.011424334719777107,0.011396331712603569,0.011396372690796852,4251
2026-03-01 15:45:00+00:00,0.011416090652346611,0.011443693190813065,0.011416090652346611,0.011423787102103233,50621
2026-03-01 16:00:00+00:00,0.011449531652033329,0.011449531652033329,0.011389675550162792,0.011395413428544998,12255
2026-03-01 16:15:00+00:00,0.011399036273360252,0.011406893841922283,0.011383087374269962,0.011406893841922283,53
2026-03-01 16:30:00+00:00,0.011432166211307049,0.011436838656663895,0.011399386450648308,0.011399386450648308,41288
2026-03-01 16:45:00+00:00,0.011284766718745232,0.011426955461502075,0.01122371293604374,0.011426955461502075,209504
2026-03-01 17:00:00+00:00,0.011256687343120575,0.01129647996276617,0.011256687343120575,0.01129647996276617,60442
2026-03-01 17:15:00+00:00,0.011242237873375416,0.011257655918598175,0.011170138604938984,0.011257655918598175,60696
2026-03-01 17:30:00+00:00,0.011236941441893578,0.011243428103625774,0.011226779781281948,0.01124194823205471,11279
2026-03-01 17:45:00+00:00,0.011144300922751427,0.011236941441893578,0.011144300922751427,0.011235030367970467,54973
2026-03-01 18:00:00+00:00,0.01132312323898077,0.01134407240897417,0.011125331744551659,0.011143171228468418,141445
2026-03-01 18:15:00+00:00,0.011267260648310184,0.011314019560813904,0.011267260648310184,0.011314019560813904,36435
2026-03-01 18:30:00+00:00,0.011252235621213913,0.011265847831964493,0.011252235621213913,0.011265847831964493,0
2026-03-01 18:45:00+00:00,0.011228187009692192,0.011255658231675625,0.011228187009692192,0.0112502072006464,0
2026-03-01 19:00:00+00:00,0.011168058030307293,0.011225967667996883,0.011166096664965153,0.011225967667996883,26343
2026-03-01 19:15:00+00:00,0.011059509590268135,0.011142300441861153,0.011058460921049118,0.011142300441861153,12182
2026-03-01 19:30:00+00:00,0.01105095911771059,0.011061756871640682,0.011050761677324772,0.0110603217035532,23460
2026-03-01 19:45:00+00:00,0.01108471117913723,0.01108471117913723,0.01102078054100275,0.011040335521101952,0
2026-03-01 20:00:00+00:00,0.011043969541788101,0.011083671823143959,0.011043969541788101,0.01107979379594326,0
2026-03-01 20:15:00+00:00,0.010974394157528877,0.011041037738323212,0.010974394157528877,0.011041037738323212,78970
2026-03-01 20:30:00+00:00,0.010888045653700829,0.01094978116452694,0.010888045653700829,0.010949359275400639,36188
2026-03-01 20:45:00+00:00,0.010932321660220623,0.010942639783024788,0.010891079902648926,0.010891079902648926,9467
2026-03-01 21:00:00+00:00,0.010914895683526993,0.010955309495329857,0.010905777104198933,0.010940599255263805,138325
2026-03-01 21:15:00+00:00,0.010995147749781609,0.011010967195034027,0.01092121098190546,0.010928262025117874,59483
2026-03-01 21:30:00+00:00,0.010989494621753693,0.011007965542376041,0.010989494621753693,0.01099658478051424,6786
2026-03-01 21:45:00+00:00,0.011003862135112286,0.011003862135112286,0.010985680855810642,0.010992167517542839,11774
2026-03-01 22:00:00+00:00,0.011069687083363533,0.011069687083363533,0.010987687855958939,0.011002635583281517,223623
2026-03-01 22:15:00+00:00,0.011066329665482044,0.011119125410914421,0.011053002439439297,0.011053002439439297,256506
2026-03-01 22:30:00+00:00,0.011015060357749462,0.011066322214901447,0.010974735021591187,0.011066322214901447,55762
2026-03-01 22:45:00+00:00,0.01098604965955019,0.01104288175702095,0.010984126478433609,0.01104288175702095,3323
2026-03-01 23:00:00+00:00,0.011090533807873726,0.011095600202679634,0.010977459140121937,0.010985410772264004,13553
2026-03-01 23:15:00+00:00,0.011034580878913403,0.011087197810411453,0.011034580878913403,0.011087197810411453,0
2026-03-01 23:30:00+00:00,0.011007562279701233,0.01103668101131916,0.011004351079463959,0.011013698764145374,0
2026-03-01 23:45:00+00:00,0.011026734486222267,0.011034969240427017,0.011012890376150608,0.011017010547220707,30014
2026-03-02 00:00:00+00:00,0.011078517884016037,0.011078517884016037,0.011029284447431564,0.011029284447431564,60227
2026-03-02 00:15:00+00:00,0.011071458458900452,0.011075950227677822,0.011059440672397614,0.011075950227677822,13033
2026-03-02 00:30:00+00:00,0.011104388162493706,0.011107825674116611,0.011060208082199097,0.011060208082199097,0
2026-03-02 00:45:00+00:00,0.011204663664102554,0.01123548299074173,0.011118565686047077,0.011118565686047077,261761
2026-03-02 01:00:00+00:00,0.01131454762071371,0.01131454762071371,0.01119235809892416,0.01119898073375225,38638
2026-03-02 01:15:00+00:00,0.011237370781600475,0.01130896620452404,0.011237370781600475,0.011306283995509148,1286
2026-03-02 01:30:00+00:00,0.011227445676922798,0.011227445676922798,0.011214926838874817,0.011227126233279705,0
2026-03-02 01:45:00+00:00,0.011216134764254093,0.01122597698122263,0.011212043464183807,0.011224479414522648,0
2026-03-02 02:00:00+00:00,0.011109043844044209,0.011217272840440273,0.01110383402556181,0.011216890998184681,0
2026-03-02 02:15:00+00:00,0.011126452125608921,0.011126452125608921,0.011104604229331017,0.011107456870377064,0
2026-03-02 02:30:00+00:00,0.011147146113216877,0.011156161315739155,0.011126783676445484,0.011126783676445484,0
2026-03-02 02:45:00+00:00,0.011144448071718216,0.011157272383570671,0.011129025369882584,0.011147215031087399,0
2026-03-02 03:00:00+00:00,0.011136673390865326,0.011145967058837414,0.01109591405838728,0.011145967058837414,0
2026-03-02 03:15:00+00:00,0.011231532320380211,0.011231532320380211,0.01114350650459528,0.01114350650459528,423
2026-03-02 03:30:00+00:00,0.01128836814314127,0.01128836814314127,0.011233414523303509,0.011233414523303509,68171
2026-03-02 03:45:00+00:00,0.011264365166425705,0.011289585381746292,0.011264365166425705,0.01128385029733181,0
2026-03-02 04:00:00+00:00,0.011234932579100132,0.011266136541962624,0.011234932579100132,0.011266136541962624,0
2026-03-02 04:15:00+00:00,0.011246134527027607,0.011246134527027607,0.011225284077227116,0.011241801083087921,1188
2026-03-02 04:30:00+00:00,0.011194542050361633,0.011244848370552063,0.011194542050361633,0.01124479528516531,4207
2026-03-02 04:45:00+00:00,0.011154983192682266,0.011194858700037003,0.011150818318128586,0.011194858700037003,225
2026-03-02 05:00:00+00:00,0.011114686727523804,0.01116525661200285,0.01111189741641283,0.011155949905514717,0
2026-03-02 05:15:00+00:00,0.011147153563797474,0.01115283090621233,0.01111722644418478,0.01111722644418478,3438
2026-03-02 05:30:00+00:00,0.011193345300853252,0.011193345300853252,0.011147008277475834,0.011147008277475834,13444
2026-03-02 05:45:00+00:00,0.011159474961459637,0.011218421161174774,0.011159474961459637,0.011197962798178196,21624
2026-03-02 06:00:00+00:00,0.011084889061748981,0.01113919448107481,0.011077377013862133,0.01113919448107481,0
2026-03-02 06:15:00+00:00,0.01099838875234127,0.011086548678576946,0.010969672352075577,0.011086548678576946,21655
2026-03-02 06:30:00+00:00,0.01110850740224123,0.01110850740224123,0.011015569791197777,0.011015569791197777,14407
2026-03-02 06:45:00+00:00,0.011074787937104702,0.011107916943728924,0.011074709706008434,0.011107916943728924,0
2026-03-02 07:00:00+00:00,0.010972334071993828,0.011061686091125011,0.010972334071993828,0.011061686091125011,0
2026-03-02 07:15:00+00:00,0.011006752960383892,0.011006752960383892,0.010936086997389793,0.010963436216115952,0
2026-03-02 07:30:00+00:00,0.01100962609052658,0.01102842390537262,0.011000895872712135,0.011007707566022873,25374
2026-03-02 07:45:00+00:00,0.010973463766276836,0.011013627983629704,0.0109727056697011,0.011008909903466702,39099
2026-03-02 08:00:00+00:00,0.010922404006123543,0.010974859818816185,0.010922404006123543,0.010974859818816185,28685
2026-03-02 08:15:00+00:00,0.010875292122364044,0.010956420563161373,0.010875292122364044,0.010952414944767952,58954
2026-03-02 08:30:00+00:00,0.011003010906279087,0.011006896384060383,0.01087731309235096,0.01087731309235096,45146
2026-03-02 08:45:00+00:00,0.011059933342039585,0.011066124774515629,0.010997794568538666,0.011003438383340836,24807
2026-03-02 09:00:00+00:00,0.011089394800364971,0.011089394800364971,0.011062266305088997,0.01106906495988369,28564
2026-03-02 09:15:00+00:00,0.011107269674539566,0.011115698143839836,0.01108958013355732,0.01108958013355732,8892
2026-03-02 09:30:00+00:00,0.011091611348092556,0.011108789592981339,0.011091611348092556,0.011105157434940338,0
2026-03-02 09:45:00+00:00,0.011075970716774464,0.011089358478784561,0.011074800044298172,0.011089358478784561,1568
2026-03-02 10:00:00+00:00,0.011040677316486835,0.011076466180384159,0.011040677316486835,0.011065882630646229,0
2026-03-02 10:15:00+00:00,0.011047016829252243,0.011052863672375679,0.01103935670107603,0.01103935670107603,3596
2026-03-02 10:30:00+00:00,0.011058335192501545,0.01106203906238079,0.011050442233681679,0.011050442233681679,10150
2026-03-02 10:45:00+00:00,0.011051839217543602,0.011057359166443348,0.01104346476495266,0.011056951247155666,1171
2026-03-02 11:00:00+00:00,0.011064378544688225,0.011072423309087753,0.011059911921620369,0.011060765944421291,4322
2026-03-02 11:15:00+00:00,0.011099003255367279,0.011099003255367279,0.011068410240113735,0.011071798391640186,44973
2026-03-02 11:30:00+00:00,0.011144469492137432,0.011144469492137432,0.011099288240075111,0.011099288240075111,0
2026-03-02 11:45:00+00:00,0.011147337034344673,0.011175697669386864,0.011144163087010384,0.011144163087010384,26613
2026-03-02 12:00:00+00:00,0.011140182614326477,0.01114153116941452,0.011128658428788185,0.01114153116941452,0
2026-03-02 12:15:00+00:00,0.011122657917439938,0.0111447898671031,0.011116254143416882,0.011144284158945084,43311
2026-03-02 12:30:00+00:00,0.0111265042796731,0.01113072782754898,0.011112282052636147,0.01113072782754898,0
2026-03-02 12:45:00+00:00,0.011138697154819965,0.011138697154819965,0.011124457232654095,0.011133166961371899,0
2026-03-02 13:00:00+00:00,0.01113935373723507,0.011141850613057613,0.011132984422147274,0.011140444315969944,10765
2026-03-02 13:15:00+00:00,0.01113840937614441,0.01117535587400198,0.01113840937614441,0.011141709052026272,0
2026-03-02 13:30:00+00:00,0.011078630574047565,0.011137292720377445,0.011078630574047565,0.011137292720377445,28124
2026-03-02 13:45:00+00:00,0.011038127355277538,0.011090999469161034,0.011034710332751274,0.011080264113843441,7702
2026-03-02 14:00:00+00:00,0.011114967986941338,0.011115376837551594,0.01104686874896288,0.01104686874896288,0
2026-03-02 14:15:00+00:00,0.011117626912891865,0.01114460825920105,0.011098809540271759,0.011119799688458443,78960
2026-03-02 14:30:00+00:00,0.011313751339912415,0.011331601068377495,0.011118361726403236,0.011118361726403236,130457
2026-03-02 14:45:00+00:00,0.01149924285709858,0.01153969019651413,0.01132627110928297,0.01132627110928297,471117
2026-03-02 15:00:00+00:00,0.01172355655580759,0.01172355655580759,0.01150372065603733,0.01150372065603733,334087
2026-03-02 15:15:00+00:00,0.01174231432378292,0.01178041473031044,0.011725486256182194,0.011725486256182194,250587
2026-03-02 15:30:00+00:00,0.011735290288925171,0.011735290288925171,0.011583623476326466,0.011712221428751945,196211
2026-03-02 15:45:00+00:00,0.011723453179001808,0.011779080145061016,0.01171424612402916,0.011772741563618183,115373
2026-03-02 16:00:00+00:00,0.011797112412750721,0.011797112412750721,0.011702066287398338,0.011729985475540161,98647
2026-03-02 16:15:00+00:00,0.011736116372048855,0.011801201850175858,0.01173534244298935,0.011801201850175858,139946
2026-03-02 16:30:00+00:00,0.011728553101420403,0.011728553101420403,0.011627108789980412,0.011721387505531311,168743
2026-03-02 16:45:00+00:00,0.011719333939254284,0.01178734004497528,0.011719333939254284,0.011781144887208939,40255
2026-03-02 17:00:00+00:00,0.011660006828606129,0.01172297727316618,0.011660006828606129,0.01172297727316618,0
2026-03-02 17:15:00+00:00,0.011628640815615654,0.011665917001664639,0.011573750525712967,0.011665917001664639,7161
2026-03-02 17:30:00+00:00,0.011622943915426731,0.01167315524071455,0.011622943915426731,0.011629588901996613,29679
2026-03-02 17:45:00+00:00,0.011646881699562073,0.011651528999209404,0.011546006426215172,0.011546500027179718,52404
2026-03-02 18:00:00+00:00,0.011612246744334698,0.011653347872197628,0.011594624258577824,0.011649769730865955,0
2026-03-02 18:15:00+00:00,0.011631973087787628,0.011643525213003159,0.011621508747339249,0.011621508747339249,0
2026-03-02 18:30:00+00:00,0.01180986687541008,0.01180986687541008,0.011629151180386543,0.011630162596702576,358488
2026-03-02 18:45:00+00:00,0.011742109432816505,0.011870549991726875,0.011742109432816505,0.011804135516285896,391320
2026-03-02 19:00:00+00:00,0.01169635634869337,0.011741588823497295,0.01169635634869337,0.011741588823497295,156296
2026-03-02 19:15:00+00:00,0.011811511591076851,0.011811511591076851,0.011723950505256653,0.011723950505256653,64963
2026-03-02 19:30:00+00:00,0.011797904968261719,0.011823583394289017,0.01179434172809124,0.011813308112323284,13047
2026-03-02 19:45:00+00:00,0.011782854795455933,0.011812192387878895,0.011782854795455933,0.011798673309385777,0
2026-03-02 20:00:00+00:00,0.01168309897184372,0.011777239851653576,0.01168309897184372,0.011757751926779747,0
2026-03-02 20:15:00+00:00,0.011615070514380932,0.011640114709734917,0.011610102839767933,0.011625973507761955,0
2026-03-02 20:30:00+00:00,0.011611652560532093,0.011612932197749615,0.011596322990953922,0.011607024818658829,0
2026-03-02 20:45:00+00:00,0.0117321303114295,0.011782771907746792,0.011612347327172756,0.011612347327172756,260201
2026-03-02 21:00:00+00:00,0.011628630571067333,0.011722912080585957,0.011628630571067333,0.011722912080585957,0
2026-03-02 21:15:00+00:00,0.011644973419606686,0.011644973419606686,0.01162668876349926,0.01163540966808796,0
2026-03-02 21:30:00+00:00,0.011699906550347805,0.011699906550347805,0.011642418801784515,0.011642418801784515,10151
2026-03-02 21:45:00+00:00,0.01174267940223217,0.01174596231430769,0.011699235998094082,0.011699235998094082,33731
2026-03-02 22:00:00+00:00,0.0117680374532938,0.01182122528553009,0.011740474961698055,0.011740474961698055,43946
2026-03-02 22:15:00+00:00,0.011789987795054913,0.011789987795054913,0.011737317778170109,0.01176900789141655,10873
2026-03-02 22:30:00+00:00,0.011780153959989548,0.011813592165708542,0.011780153959989548,0.011790062300860882,0
2026-03-02 22:45:00+00:00,0.011702333576977253,0.011775917373597622,0.011698641814291477,0.011775917373597622,14800
2026-03-02 23:00:00+00:00,0.01166467647999525,0.01170378364622593,0.011656297370791435,0.011703542433679104,1404
2026-03-02 23:15:00+00:00,0.011586266569793224,0.011663604527711868,0.011586266569793224,0.011662309989333153,41707
2026-03-02 23:30:00+00:00,0.0116174491122365,0.011621089652180672,0.011574624106287956,0.011589203029870987,28437
2026-03-02 23:45:00+00:00,0.011645592749118805,0.011647018603980541,0.011606903746724129,0.011606903746724129,3879
2026-03-03 00:00:00+00:00,0.01158774085342884,0.011648026295006275,0.011587711051106453,0.011645855382084846,0
2026-03-03 00:15:00+00:00,0.011496403254568577,0.011577226221561432,0.011488882824778557,0.011577226221561432,75284
2026-03-03 00:30:00+00:00,0.011648000217974186,0.011648000217974186,0.01149715669453144,0.01149715669453144,141919
2026-03-03 00:45:00+00:00,0.01162154320627451,0.011658376082777977,0.01162154320627451,0.011650375090539455,0
2026-03-03 01:00:00+00:00,0.011689622886478901,0.011690603569149971,0.011622700840234756,0.011622700840234756,22751
2026-03-03 01:15:00+00:00,0.01163113210350275,0.011690578423440456,0.011629713699221611,0.011690578423440456,19010
2026-03-03 01:30:00+00:00,0.011631316505372524,0.011631316505372524,0.011601350270211697,0.011626798659563065,0
2026-03-03 01:45:00+00:00,0.011623956263065338,0.011656109243631363,0.011623956263065338,0.011631248518824577,7507
2026-03-03 02:00:00+00:00,0.011549672111868858,0.011621522717177868,0.011536901816725731,0.011621522717177868,1266
2026-03-03 02:15:00+00:00,0.011504275724291801,0.011548571288585663,0.011483552865684032,0.011548571288585663,49173
2026-03-03 02:30:00+00:00,0.011594240553677082,0.011594240553677082,0.01152925193309784,0.01152925193309784,37424
2026-03-03 02:45:00+00:00,0.011574954725801945,0.011612207628786564,0.011572352610528469,0.011591148562729359,7028
2026-03-03 03:00:00+00:00,0.011570533737540245,0.011588199995458126,0.011563782580196857,0.011576659977436066,0
2026-03-03 03:15:00+00:00,0.011545120738446712,0.011576824821531773,0.011525300331413746,0.011571834795176983,11104
2026-03-03 03:30:00+00:00,0.011734011583030224,0.011734428815543652,0.011563600040972233,0.011563928797841072,60321
2026-03-03 03:45:00+00:00,0.01172031369060278,0.01174758281558752,0.01172031369060278,0.011740227229893208,780
2026-03-03 04:00:00+00:00,0.011668176390230656,0.011731729842722416,0.011668176390230656,0.011722424067556858,96639
2026-03-03 04:15:00+00:00,0.011628213338553905,0.01166252139955759,0.011621803976595402,0.01166252139955759,7703
2026-03-03 04:30:00+00:00,0.011589082889258862,0.011623580008745193,0.011589082889258862,0.011623580008745193,6104
2026-03-03 04:45:00+00:00,0.01156730204820633,0.011630751192569733,0.01156730204820633,0.011620402336120605,38478
2026-03-03 05:00:00+00:00,0.011592810973525047,0.011592810973525047,0.011565093882381916,0.011574793606996536,23428
2026-03-03 05:15:00+00:00,0.011786994524300098,0.011786994524300098,0.011606350541114807,0.011606350541114807,124727
2026-03-03 05:30:00+00:00,0.011698891408741474,0.011779426597058773,0.011695344001054764,0.011779426597058773,51317
2026-03-03 05:45:00+00:00,0.011582255363464355,0.011698638089001179,0.011579375714063644,0.011698638089001179,49257
2026-03-03 06:00:00+00:00,0.01168088335543871,0.011690477840602398,0.011598344892263412,0.011598344892263412,90850
2026-03-03 06:15:00+00:00,0.011654031462967396,0.011687922291457653,0.01164454035460949,0.011687922291457653,0
2026-03-03 06:30:00+00:00,0.01164386235177517,0.011656777001917362,0.01162771601229906,0.011656777001917362,10820
2026-03-03 06:45:00+00:00,0.011599771678447723,0.011645365506410599,0.011594095267355442,0.011639525182545185,19131
2026-03-03 07:00:00+00:00,0.011619552969932556,0.011619552969932556,0.011574415490031242,0.011593608185648918,8491
2026-03-03 07:15:00+00:00,0.011672179214656353,0.011673012748360634,0.011640318669378757,0.011640318669378757,51080
2026-03-03 07:30:00+00:00,0.011736501008272171,0.011767388321459293,0.011672860011458397,0.011678666807711124,55170
2026-03-03 07:45:00+00:00,0.011736207641661167,0.011758397333323956,0.011720497161149979,0.011758397333323956,10926
2026-03-03 08:00:00+00:00,0.011793119832873344,0.011804809793829918,0.011732201091945171,0.011739623732864857,41336
2026-03-03 08:15:00+00:00,0.011751546524465084,0.01177062839269638,0.0117105757817626,0.01177062839269638,75323
2026-03-03 08:30:00+00:00,0.01165362074971199,0.011764971539378166,0.01165362074971199,0.011762463487684727,78789
2026-03-03 08:45:00+00:00,0.011592235416173935,0.011653575114905834,0.011576775461435318,0.011653575114905834,72679
2026-03-03 09:00:00+00:00,0.011600184254348278,0.011607176624238491,0.011584315448999405,0.011585271917283535,3568
2026-03-03 09:15:00+00:00,0.011488799005746841,0.011608496308326721,0.011488799005746841,0.01159939169883728,29896
2026-03-03 09:30:00+00:00,0.011515622027218342,0.011516895145177841,0.011464593932032585,0.011466993018984795,153804
2026-03-03 09:45:00+00:00,0.011494867503643036,0.011515767313539982,0.011491616256535053,0.011515767313539982,37570
2026-03-03 10:00:00+00:00,0.011456153355538845,0.011498084291815758,0.011449242010712624,0.011498084291815758,2595
2026-03-03 10:15:00+00:00,0.011474900878965855,0.011487999930977821,0.011456866748631,0.011458609253168106,4281
2026-03-03 10:30:00+00:00,0.011457862332463264,0.011481721885502338,0.011457862332463264,0.0114740626886487,2447
2026-03-03 10:45:00+00:00,0.011480838991701603,0.011511123739182949,0.01145431213080883,0.011457444168627262,79696
2026-03-03 11:00:00+00:00,0.011536943726241589,0.01154655497521162,0.011485418304800987,0.011485418304800987,66782
2026-03-03 11:15:00+00:00,0.011537537910044193,0.011550787836313248,0.011500021442770958,0.011534239165484905,37938
2026-03-03 11:30:00+00:00,0.011564642190933228,0.011569135822355747,0.011515096761286259,0.011537165381014347,14778
2026-03-03 11:45:00+00:00,0.011662996374070644,0.011662996374070644,0.01156957820057869,0.01156957820057869,87169
2026-03-03 12:00:00+00:00,0.011877501383423805,0.011877501383423805,0.011667747050523758,0.011667747050523758,173776
2026-03-03 12:15:00+00:00,0.011765806935727596,0.011877150274813175,0.011764214374125004,0.011877150274813175,72363
2026-03-03 12:30:00+00:00,0.011708271689713001,0.011729095131158829,0.011689846403896809,0.011729095131158829,47470
2026-03-03 12:45:00+00:00,0.01174391433596611,0.01174391433596611,0.011717509478330612,0.011720305308699608,21970
2026-03-03 13:00:00+00:00,0.011716923676431179,0.011748116463422775,0.011713314801454544,0.011748116463422775,502
2026-03-03 13:15:00+00:00,0.011692481115460396,0.011733923107385635,0.011692481115460396,0.011705270037055016,37391
2026-03-03 13:30:00+00:00,0.011622556485235691,0.01169207040220499,0.011622556485235691,0.01169207040220499,0
2026-03-03 13:45:00+00:00,0.011651257984340191,0.011651257984340191,0.011598196811974049,0.011598506942391396,20470
2026-03-03 14:00:00+00:00,0.011643826961517334,0.01165875606238842,0.011638225056231022,0.01165875606238842,21596
2026-03-03 14:15:00+00:00,0.011602658778429031,0.011642356403172016,0.011602658778429031,0.011642356403172016,0
2026-03-03 14:30:00+00:00,0.011573348194360733,0.011598557233810425,0.011565285734832287,0.01159198209643364,7013
2026-03-03 14:45:00+00:00,0.01151108369231224,0.011550265364348888,0.011440006084740162,0.0115017956122756,0
2026-03-03 15:00:00+00:00,0.01139705441892147,0.011513137258589268,0.01139705441892147,0.011513137258589268,37422
2026-03-03 15:15:00+00:00,0.011440861970186234,0.011440861970186234,0.011372517794370651,0.011400403454899788,0
2026-03-03 15:30:00+00:00,0.011588252149522305,0.011606655083596706,0.011458594352006912,0.011458594352006912,0
2026-03-03 15:45:00+00:00,0.011564659886062145,0.011597833596169949,0.011563478037714958,0.011585931293666363,0
2026-03-03 16:00:00+00:00,0.011706245131790638,0.0117113646119833,0.011572113260626793,0.011572113260626793,31102
2026-03-03 16:15:00+00:00,0.011834566481411457,0.011851133778691292,0.011748394928872585,0.011748394928872585,17537
2026-03-03 16:30:00+00:00,0.01160375028848648,0.011830070056021214,0.01160375028848648,0.011830070056021214,18588
2026-03-03 16:45:00+00:00,0.011819645762443542,0.011819645762443542,0.011618728749454021,0.011618728749454021,13112
2026-03-03 17:00:00+00:00,0.011657766066491604,0.01177190337330103,0.011652524583041668,0.01177190337330103,3056
2026-03-03 17:15:00+00:00,0.01171791274100542,0.01171949878334999,0.011654913425445557,0.011664682067930698,0
2026-03-03 17:30:00+00:00,0.011697999201714993,0.011715028434991837,0.011680688709020615,0.011713944375514984,0
2026-03-03 17:45:00+00:00,0.011801198124885559,0.011836854740977287,0.011716012842953205,0.011718661524355412,20049
2026-03-03 18:00:00+00:00,0.011802826076745987,0.01184383500367403,0.011790541931986809,0.011792009696364403,35265
2026-03-03 18:15:00+00:00,0.011910962872207165,0.011913130059838295,0.011797476559877396,0.011797476559877396,88412
2026-03-03 18:30:00+00:00,0.01190219447016716,0.011920856311917305,0.01188319269567728,0.011884953826665878,2104
2026-03-03 18:45:00+00:00,0.011869397014379501,0.011907576583325863,0.01186896301805973,0.011880721896886826,0
2026-03-03 19:00:00+00:00,0.011798215098679066,0.011874067597091198,0.011798215098679066,0.01187120284885168,0
2026-03-03 19:15:00+00:00,0.011821791529655457,0.011835888959467411,0.011793557554483414,0.011802127584815025,0
2026-03-03 19:30:00+00:00,0.01182573102414608,0.011829174123704433,0.011777018196880817,0.01182393915951252,33253
2026-03-03 19:45:00+00:00,0.011796311475336552,0.011837178841233253,0.011796311475336552,0.011834445409476757,10329
2026-03-03 20:00:00+00:00,0.011774575337767601,0.011804942041635513,0.011774575337767601,0.011796491220593452,0
2026-03-03 20:15:00+00:00,0.011869962327182293,0.011869962327182293,0.011768209747970104,0.011772898025810719,22987
2026-03-03 20:30:00+00:00,0.011967962607741356,0.01197308860719204,0.011877828277647495,0.011877828277647495,459963
2026-03-03 20:45:00+00:00,0.011845557950437069,0.011955870315432549,0.011844612658023834,0.011955870315432549,30851
2026-03-03 21:00:00+00:00,0.011916900984942913,0.011930196546018124,0.011856895871460438,0.011862845160067081,59068
2026-03-03 21:15:00+00:00,0.01188748050481081,0.01192359160631895,0.01188748050481081,0.011917033232748508,88353
2026-03-03 21:30:00+00:00,0.011828170157968998,0.011854960583150387,0.011794274672865868,0.011854960583150387,171724
2026-03-03 21:45:00+00:00,0.0118204141035676,0.011853685602545738,0.011820252053439617,0.01184074766933918,36487
2026-03-03 22:00:00+00:00,0.011870495043694973,0.01189416367560625,0.01181016769260168,0.01181016769260168,0
2026-03-03 22:15:00+00:00,0.011849265545606613,0.011865516193211079,0.011840002611279488,0.011865516193211079,8517
2026-03-03 22:30:00+00:00,0.01189311221241951,0.01189311221241951,0.011834291741251945,0.011834291741251945,0
2026-03-03 22:45:00+00:00,0.011903518810868263,0.011913484893739223,0.011893011629581451,0.011893011629581451,10783
2026-03-03 23:00:00+00:00,0.012055548839271069,0.012055548839271069,0.011899979785084724,0.011904367245733738,63183
2026-03-03 23:15:00+00:00,0.011996051296591759,0.012024217285215855,0.011991108767688274,0.012021083384752274,263041
2026-03-03 23:30:00+00:00,0.012027829885482788,0.01204461045563221,0.012005633674561977,0.012005633674561977,6093
2026-03-03 23:45:00+00:00,0.012028500437736511,0.012053942307829857,0.012028500437736511,0.01203931588679552,87654
2026-03-04 00:00:00+00:00,0.012150482274591923,0.012158655561506748,0.012047317810356617,0.012047317810356617,127346
2026-03-04 00:15:00+00:00,0.012208008207380772,0.012231455184519291,0.012159318663179874,0.012159318663179874,249260
2026-03-04 00:30:00+00:00,0.012145213782787323,0.012236995622515678,0.012142661958932877,0.01219668984413147,67946
2026-03-04 00:45:00+00:00,0.012237860821187496,0.012237860821187496,0.012138559482991695,0.01214019488543272,135990
2026-03-04 01:00:00+00:00,0.012307679280638695,0.012315761297941208,0.01224247831851244,0.01224247831851244,376500
2026-03-04 01:15:00+00:00,0.01228767167776823,0.012311428785324097,0.01221627090126276,0.012310979887843132,138362
2026-03-04 01:30:00+00:00,0.012331398203969002,0.01237884908914566,0.012331398203969002,0.012336461804807186,148328
2026-03-04 01:45:00+00:00,0.012235811911523342,0.012318898923695087,0.012192241847515106,0.012318898923695087,48074
2026-03-04 02:00:00+00:00,0.012332957237958908,0.012353337369859219,0.012277528643608093,0.012353337369859219,251245
2026-03-04 02:15:00+00:00,0.012245219200849533,0.012304902076721191,0.012245219200849533,0.012304902076721191,20879
2026-03-04 02:30:00+00:00,0.012228292413055897,0.012239824049174786,0.012222344987094402,0.012237686663866043,56663
2026-03-04 02:45:00+00:00,0.012291721068322659,0.012349803932011127,0.012231375090777874,0.012231375090777874,185757
2026-03-04 03:00:00+00:00,0.012197885662317276,0.012294366955757141,0.012192947790026665,0.012294366955757141,29767
2026-03-04 03:15:00+00:00,0.01214650459587574,0.012227284722030163,0.01214650459587574,0.012216304428875446,19467
2026-03-04 03:30:00+00:00,0.01202454138547182,0.012114044278860092,0.011993736028671265,0.012114044278860092,49040
2026-03-04 03:45:00+00:00,0.01198267936706543,0.011995126493275166,0.011972539126873016,0.011982090771198273,15742
2026-03-04 04:00:00+00:00,0.011949640698730946,0.012005702592432499,0.011949640698730946,0.012005702592432499,4254
2026-03-04 04:15:00+00:00,0.011901496909558773,0.011943967081606388,0.01189546287059784,0.011943967081606388,1470
2026-03-04 04:30:00+00:00,0.011791808530688286,0.011901451274752617,0.011785943992435932,0.011901451274752617,103905
2026-03-04 04:45:00+00:00,0.011830790899693966,0.011830928735435009,0.011804846115410328,0.011804846115410328,13561
2026-03-04 05:00:00+00:00,0.011877497658133507,0.011882663704454899,0.011839965358376503,0.011839965358376503,27429
2026-03-04 05:15:00+00:00,0.011850912123918533,0.011874055489897728,0.011850912123918533,0.011872277595102787,3865
2026-03-04 05:30:00+00:00,0.011975760571658611,0.011975760571658611,0.011827646754682064,0.011839971877634525,30953
2026-03-04 05:45:00+00:00,0.012248903512954712,0.012269968166947365,0.012018944136798382,0.012018944136798382,460918
2026-03-04 06:00:00+00:00,0.012206505984067917,0.012305326759815216,0.012206505984067917,0.012265190482139587,111876
2026-03-04 06:15:00+00:00,0.012157811783254147,0.012225382961332798,0.012150413356721401,0.012225382961332798,187463
2026-03-04 06:30:00+00:00,0.012219011783599854,0.012219011783599854,0.012158116325736046,0.012158116325736046,77728
2026-03-04 06:45:00+00:00,0.012139303609728813,0.012174755334854126,0.012124262750148773,0.012174755334854126,10948
2026-03-04 07:00:00+00:00,0.012129801325500011,0.012168259359896183,0.012124588713049889,0.0121481753885746,5291
2026-03-04 07:15:00+00:00,0.012219266034662724,0.012219266034662724,0.01213056780397892,0.012137039564549923,50434
2026-03-04 07:30:00+00:00,0.012301141396164894,0.012301141396164894,0.01221854705363512,0.01221854705363512,20984
2026-03-04 07:45:00+00:00,0.012261303141713142,0.01231633871793747,0.012254258617758751,0.012297239154577255,23643
2026-03-04 08:00:00+00:00,0.012080433778464794,0.01227609347552061,0.012080433778464794,0.01227609347552061,68063
2026-03-04 08:15:00+00:00,0.01207922212779522,0.0120983412489295,0.01207922212779522,0.012087463401257992,0
2026-03-04 08:30:00+00:00,0.012078401632606983,0.012113307602703571,0.012078401632606983,0.012078518979251385,54852
2026-03-04 08:45:00+00:00,0.012188494205474854,0.012188494205474854,0.012084982357919216,0.012084982357919216,144768
2026-03-04 09:00:00+00:00,0.01213701069355011,0.012204497121274471,0.012135216034948826,0.012185807339847088,58202
2026-03-04 09:15:00+00:00,0.012208362109959126,0.012208362109959126,0.012139464728534222,0.012139464728534222,91547
2026-03-04 09:30:00+00:00,0.012252438813447952,0.012258580885827541,0.01220371201634407,0.01220371201634407,30150
2026-03-04 09:45:00+00:00,0.012219739146530628,0.012267181649804115,0.012219739146530628,0.012255632318556309,33054
2026-03-04 10:00:00+00:00,0.012266306206583977,0.012287539429962635,0.012219739146530628,0.012219739146530628,22226
2026-03-04 10:15:00+00:00,0.012157685123383999,0.012267856858670712,0.012132497504353523,0.012267856858670712,162611
2026-03-04 10:30:00+00:00,0.012157007120549679,0.012194591574370861,0.0121393371373415,0.012179277837276459,102588
2026-03-04 10:45:00+00:00,0.012185036204755306,0.012185205705463886,0.012158158235251904,0.012158663012087345,10435
2026-03-04 11:00:00+00:00,0.012225478887557983,0.012225478887557983,0.012192928232252598,0.012195424176752567,36264
2026-03-04 11:15:00+00:00,0.012242930009961128,0.012303325347602367,0.012233266606926918,0.012233266606926918,35403
2026-03-04 11:30:00+00:00,0.01207627821713686,0.01225352194160223,0.012044374831020832,0.01225352194160223,470171
2026-03-04 11:45:00+00:00,0.01217095647007227,0.01217095647007227,0.012075857259333134,0.012075857259333134,30400
2026-03-04 12:00:00+00:00,0.012152866460382938,0.01219138503074646,0.012144266627728939,0.012168115004897118,0
2026-03-04 12:15:00+00:00,0.012074647471308708,0.012157367542386055,0.012055781669914722,0.012157367542386055,31655
2026-03-04 12:30:00+00:00,0.01209068764001131,0.01209068764001131,0.012047586031258106,0.01206273678690195,0
2026-03-04 12:45:00+00:00,0.012132037431001663,0.012132037431001663,0.012082591652870178,0.012088178656995296,58963
2026-03-04 13:00:00+00:00,0.012268131598830223,0.012268131598830223,0.012144162319600582,0.012144162319600582,217318
2026-03-04 13:15:00+00:00,0.012257917784154415,0.012271076440811157,0.012231748551130295,0.012271076440811157,28760
2026-03-04 13:30:00+00:00,0.012226874940097332,0.012263740412890911,0.012224133126437664,0.012263740412890911,17594
2026-03-04 13:45:00+00:00,0.012209096923470497,0.012228761799633503,0.012204916216433048,0.01222761906683445,52223
2026-03-04 14:00:00+00:00,0.012240787036716938,0.012240787036716938,0.012218750081956387,0.012218750081956387,61515
2026-03-04 14:15:00+00:00,0.01215983647853136,0.012239037081599236,0.01215983647853136,0.012239037081599236,198045
2026-03-04 14:30:00+00:00,0.012192556634545326,0.012270921841263771,0.012160571292042732,0.012160571292042732,5072
2026-03-04 14:45:00+00:00,0.012126456014811993,0.012126456014811993,0.012091212905943394,0.012091212905943394,111980
2026-03-04 15:00:00+00:00,0.012156717479228973,0.012167091481387615,0.012115951627492905,0.012115951627492905,23481
2026-03-04 15:15:00+00:00,0.012240037322044373,0.012240037322044373,0.0121338851749897,0.0121338851749897,19453
2026-03-04 15:30:00+00:00,0.01226268894970417,0.012288221158087254,0.012234770692884922,0.012267996557056904,97383
2026-03-04 15:45:00+00:00,0.012319137342274189,0.012319137342274189,0.012265951372683048,0.012265951372683048,83604
2026-03-04 16:00:00+00:00,0.0123066371306777,0.012415318749845028,0.0123066371306777,0.012327075004577637,97124
2026-03-04 16:15:00+00:00,0.01225066464394331,0.012301239185035229,0.012234361842274666,0.012301239185035229,36818
2026-03-04 16:30:00+00:00,0.01223810389637947,0.012260006740689278,0.01223810389637947,0.012258033268153667,0
2026-03-04 16:45:00+00:00,0.01221732422709465,0.01221732422709465,0.012205682694911957,0.012209092266857624,0
2026-03-04 17:00:00+00:00,0.012243135832250118,0.012243135832250118,0.012205934152007103,0.012217352166771889,37785
2026-03-04 17:15:00+00:00,0.012103705666959286,0.012267926707863808,0.012103705666959286,0.012267926707863808,61691
2026-03-04 17:30:00+00:00,0.012221766635775566,0.012231099419295788,0.012156110256910324,0.012156110256910324,340623
2026-03-04 17:45:00+00:00,0.012262081727385521,0.012271969579160213,0.012222620658576488,0.012222620658576488,27333
2026-03-04 18:00:00+00:00,0.012212492525577545,0.012262176722288132,0.012212492525577545,0.012262176722288132,0
2026-03-04 18:15:00+00:00,0.012237855233252048,0.012238943949341774,0.012193207629024982,0.012209933251142502,0
2026-03-04 18:30:00+00:00,0.012246208265423775,0.0122571662068367,0.012206321582198143,0.012236368842422962,1080
2026-03-04 18:45:00+00:00,0.012332960963249207,0.012332960963249207,0.012241690419614315,0.012247942388057709,104783
2026-03-04 19:00:00+00:00,0.012356864288449287,0.012356864288449287,0.012319895438849926,0.012333894148468971,67377
2026-03-04 19:15:00+00:00,0.012347772717475891,0.012399889528751373,0.012345797382295132,0.01235947571694851,31067
2026-03-04 19:30:00+00:00,0.012378147803246975,0.012378147803246975,0.012335304170846939,0.012348352000117302,2048
2026-03-04 19:45:00+00:00,0.012362618930637836,0.012375806458294392,0.012361756525933743,0.012375806458294392,90099
2026-03-04 20:00:00+00:00,0.012306937016546726,0.01236387062817812,0.012301653623580933,0.012361014261841774,0
2026-03-04 20:15:00+00:00,0.012298563495278358,0.012324342504143715,0.012298276647925377,0.012302741408348083,46177
2026-03-04 20:30:00+00:00,0.012316744774580002,0.01231946051120758,0.012298358604311943,0.012299338355660439,15224
2026-03-04 20:45:00+00:00,0.012266560457646847,0.012333688326179981,0.012266560457646847,0.012315464206039906,0
2026-03-04 21:00:00+00:00,0.012198520824313164,0.01225951686501503,0.012198520824313164,0.01225951686501503,14457
2026-03-04 21:15:00+00:00,0.012202882207930088,0.012202882207930088,0.012179723009467125,0.01219881884753704,0
2026-03-04 21:30:00+00:00,0.012243046425282955,0.012243046425282955,0.012210763059556484,0.012210763059556484,0
2026-03-04 21:45:00+00:00,0.012251499108970165,0.012257149443030357,0.012243350967764854,0.012243350967764854,8613
2026-03-04 22:00:00+00:00,0.012307056225836277,0.01231912150979042,0.012251694686710835,0.012251694686710835,20229
2026-03-04 22:15:00+00:00,0.012299544177949429,0.012299544177949429,0.012284478172659874,0.012296191416680813,0
2026-03-04 22:30:00+00:00,0.012233400717377663,0.012300288304686546,0.012233400717377663,0.012299560941755772,0
2026-03-04 22:45:00+00:00,0.012189536355435848,0.012234463356435299,0.012184464372694492,0.01222958043217659,32523
2026-03-04 23:00:00+00:00,0.012172096408903599,0.012189499102532864,0.012172096408903599,0.012189499102532864,953
2026-03-04 23:15:00+00:00,0.012134255841374397,0.012174905277788639,0.012112877331674099,0.012171946465969086,25417
2026-03-04 23:30:00+00:00,0.012200850062072277,0.01220686361193657,0.012123964726924896,0.012132324278354645,23580
2026-03-04 23:45:00+00:00,0.012245260179042816,0.012255959212779999,0.012226060032844543,0.012226060032844543,3109
2026-03-05 00:00:00+00:00,0.012226063758134842,0.0122519014403224,0.012220550328493118,0.0122519014403224,0
2026-03-05 00:15:00+00:00,0.012307090684771538,0.012338408268988132,0.012229826301336288,0.012229826301336288,0
2026-03-05 00:30:00+00:00,0.012327030301094055,0.012354555539786816,0.012309185229241848,0.012310460209846497,0
2026-03-05 00:45:00+00:00,0.012347088195383549,0.012347174808382988,0.012310228310525417,0.012326481752097607,0
2026-03-05 01:00:00+00:00,0.012318608351051807,0.012350456789135933,0.012297620996832848,0.012350456789135933,0
2026-03-05 01:15:00+00:00,0.012270950712263584,0.012322405353188515,0.012270437553524971,0.012322405353188515,2571
2026-03-05 01:30:00+00:00,0.012252623215317726,0.012281942181289196,0.012246625497937202,0.012272508814930916,0
2026-03-05 01:45:00+00:00,0.012222583405673504,0.012249489314854145,0.012222577817738056,0.012249489314854145,0
2026-03-05 02:00:00+00:00,0.012354036793112755,0.012405509129166603,0.01222249399870634,0.01222249399870634,147162
2026-03-05 02:15:00+00:00,0.012355731800198555,0.012393034994602203,0.012355731800198555,0.012356356717646122,11078
2026-03-05 02:30:00+00:00,0.012221887707710266,0.012348697520792484,0.012220670469105244,0.012348697520792484,0
2026-03-05 02:45:00+00:00,0.012255510315299034,0.0122623136267066,0.012220936827361584,0.012220936827361584,26163
2026-03-05 03:00:00+00:00,0.0123300077393651,0.0123300077393651,0.012261342257261276,0.012261342257261276,381
2026-03-05 03:15:00+00:00,0.0123501718044281,0.012353455647826195,0.012324541807174683,0.012325935065746307,36891
2026-03-05 03:30:00+00:00,0.012254392728209496,0.012342730537056923,0.012254392728209496,0.012342730537056923,34726
2026-03-05 03:45:00+00:00,0.01228498574346304,0.012286677025258541,0.012247603386640549,0.012248757295310497,20039
2026-03-05 04:00:00+00:00,0.012332088313996792,0.012332088313996792,0.01227992121130228,0.01227992121130228,11238
2026-03-05 04:15:00+00:00,0.012278947979211807,0.012313992716372013,0.012272852472960949,0.012313992716372013,0
2026-03-05 04:30:00+00:00,0.012284505181014538,0.012286399491131306,0.01227085292339325,0.012281783856451511,0
2026-03-05 04:45:00+00:00,0.012286537326872349,0.012310327030718327,0.012268228456377983,0.012304488569498062,31678
2026-03-05 05:00:00+00:00,0.012281157076358795,0.012284405529499054,0.01227005198597908,0.012283869087696075,0
2026-03-05 05:15:00+00:00,0.012193795293569565,0.012288358062505722,0.012193795293569565,0.012284796684980392,23104
2026-03-05 05:30:00+00:00,0.012154157273471355,0.012191430665552616,0.012153717689216137,0.012191430665552616,3309
2026-03-05 05:45:00+00:00,0.012159881182014942,0.012166605331003666,0.012156607583165169,0.012156607583165169,0
2026-03-05 06:00:00+00:00,0.012134125456213951,0.012206902727484703,0.012134125456213951,0.012195471674203873,0
2026-03-05 06:15:00+00:00,0.012180925346910954,0.012180925346910954,0.012121723033487797,0.012134596705436707,0
2026-03-05 06:30:00+00:00,0.012206867337226868,0.012206867337226868,0.012152891606092453,0.012166879139840603,0
2026-03-05 06:45:00+00:00,0.012242804281413555,0.012243549339473248,0.012206469662487507,0.012208761647343636,9282
2026-03-05 07:00:00+00:00,0.01227361150085926,0.01227361150085926,0.012239175848662853,0.012247059494256973,68683
2026-03-05 07:15:00+00:00,0.012347712181508541,0.012352824211120605,0.012273285537958145,0.012273285537958145,79217
2026-03-05 07:30:00+00:00,0.012283015996217728,0.012332845479249954,0.012282758951187134,0.012332845479249954,0
2026-03-05 07:45:00+00:00,0.012209579348564148,0.012281849980354309,0.012201634235680103,0.012281849980354309,35185
2026-03-05 08:00:00+00:00,0.012234731577336788,0.012260179035365582,0.012219639495015144,0.012219639495015144,0
2026-03-05 08:15:00+00:00,0.012190449982881546,0.01223722193390131,0.012190336361527443,0.01223722193390131,0
2026-03-05 08:30:00+00:00,0.012234055437147617,0.012266780249774456,0.012194535695016384,0.012194535695016384,0
2026-03-05 08:45:00+00:00,0.012279183603823185,0.012279183603823185,0.012240868993103504,0.012240868993103504,0
2026-03-05 09:00:00+00:00,0.012397684156894684,0.012397684156894684,0.012281155213713646,0.012281155213713646,0
2026-03-05 09:15:00+00:00,0.01237197034060955,0.01239774003624916,0.012364139780402184,0.01239774003624916,0
2026-03-05 09:30:00+00:00,0.012322419323027134,0.012380891479551792,0.012322419323027134,0.012376428581774235,0
2026-03-05 09:45:00+00:00,0.012352817691862583,0.012352817691862583,0.01232218649238348,0.01232218649238348,0
2026-03-05 10:00:00+00:00,0.012310650199651718,0.012359382584691048,0.012310650199651718,0.012358681298792362,4761
2026-03-05 10:15:00+00:00,0.012326223775744438,0.012326223775744438,0.012275316752493382,0.01231091283261776,0
2026-03-05 10:30:00+00:00,0.012310987338423729,0.012341893278062344,0.012310987338423729,0.012325100600719452,671
2026-03-05 10:45:00+00:00,0.012295376509428024,0.012315506115555763,0.012295376509428024,0.0123086366802454,64932
2026-03-05 11:00:00+00:00,0.01223781518638134,0.012292774394154549,0.01223781518638134,0.012292774394154549,0
2026-03-05 11:15:00+00:00,0.01224430836737156,0.01224430836737156,0.012228325009346008,0.01224246434867382,0
2026-03-05 11:30:00+00:00,0.012205188162624836,0.012275529094040394,0.012205188162624836,0.012242590077221394,0
2026-03-05 11:45:00+00:00,0.012224880047142506,0.012244956567883492,0.012208536267280579,0.012208536267280579,1147
2026-03-05 12:00:00+00:00,0.012226548045873642,0.012237842194736004,0.012213177978992462,0.012234920635819435,0
2026-03-05 12:15:00+00:00,0.01223716326057911,0.012244494631886482,0.012203136458992958,0.012232745066285133,0
2026-03-05 12:30:00+00:00,0.012277841567993164,0.012280033901333809,0.012238501571118832,0.012241543270647526,3063
2026-03-05 12:45:00+00:00,0.012315030209720135,0.012315030209720135,0.012277856469154358,0.012277856469154358,2903
2026-03-05 13:00:00+00:00,0.012215339578688145,0.01230818685144186,0.012215339578688145,0.01230818685144186,0
2026-03-05 13:15:00+00:00,0.012263101525604725,0.01227421686053276,0.012244921177625656,0.0122703080996871,277326
2026-03-05 13:30:00+00:00,0.01228330098092556,0.01228330098092556,0.012197530828416348,0.012257025577127934,137416
2026-03-05 13:45:00+00:00,0.012281907722353935,0.01230396144092083,0.012277888134121895,0.012282650917768478,99109
2026-03-05 14:00:00+00:00,0.012285199947655201,0.01229198556393385,0.012266264297068119,0.01229198556393385,0
2026-03-05 14:15:00+00:00,0.012226338498294353,0.012267195619642735,0.012226338498294353,0.012267195619642735,0
2026-03-05 14:30:00+00:00,0.012211430817842484,0.01227972749620676,0.012211430817842484,0.012228534556925297,1641
2026-03-05 14:45:00+00:00,0.012293572537600994,0.012293572537600994,0.012211399152874947,0.012224933132529259,2762
2026-03-05 15:00:00+00:00,0.012158001773059368,0.01230341475456953,0.012158001773059368,0.012295144610106945,18692
2026-03-05 15:15:00+00:00,0.012135381810367107,0.012199991382658482,0.012134834192693233,0.012199991382658482,8427
2026-03-05 15:30:00+00:00,0.012110059149563313,0.01213591918349266,0.012088146060705185,0.012133554555475712,33378
2026-03-05 15:45:00+00:00,0.012025927193462849,0.012113799341022968,0.012025927193462849,0.012111825868487358,123667
2026-03-05 16:00:00+00:00,0.011870169080793858,0.012017362751066685,0.011870169080793858,0.012017362751066685,50443
2026-03-05 16:15:00+00:00,0.011950014159083366,0.011950014159083366,0.011861146427690983,0.011861146427690983,84847
2026-03-05 16:30:00+00:00,0.012029332108795643,0.01203519944101572,0.011947845108807087,0.011947845108807087,27292
2026-03-05 16:45:00+00:00,0.012004910036921501,0.012031317688524723,0.01200126763433218,0.012031317688524723,0
2026-03-05 17:00:00+00:00,0.011925471015274525,0.012005235999822617,0.011924535036087036,0.012002682313323021,0
2026-03-05 17:15:00+00:00,0.011914013884961605,0.011929931119084358,0.01190401241183281,0.011929931119084358,0
2026-03-05 17:30:00+00:00,0.01189415529370308,0.01191114541143179,0.011853545904159546,0.01191114541143179,0
2026-03-05 17:45:00+00:00,0.011856676079332829,0.011889534071087837,0.011856676079332829,0.011889534071087837,0
2026-03-05 18:00:00+00:00,0.011924438178539276,0.011924438178539276,0.011862533167004585,0.011862533167004585,13296
2026-03-05 18:15:00+00:00,0.011956019327044487,0.011970526538789272,0.01192455179989338,0.01192455179989338,14105
2026-03-05 18:30:00+00:00,0.012016715481877327,0.012016715481877327,0.011955998837947845,0.011955998837947845,10941
2026-03-05 18:45:00+00:00,0.012045063078403473,0.012045063078403473,0.012009132653474808,0.012017746455967426,0
2026-03-05 19:00:00+00:00,0.012167013250291348,0.012167013250291348,0.012050156481564045,0.012050156481564045,14399
2026-03-05 19:15:00+00:00,0.012118199840188026,0.0121929245069623,0.012118199840188026,0.0121929245069623,5255
2026-03-05 19:30:00+00:00,0.012100787833333015,0.012120555154979229,0.012074184603989124,0.012120555154979229,38341
2026-03-05 19:45:00+00:00,0.012061200104653835,0.012101411819458008,0.012061200104653835,0.012092641554772854,210
2026-03-05 20:00:00+00:00,0.012094390578567982,0.012099535204470158,0.01205549854785204,0.012062691152095795,11901
2026-03-05 20:15:00+00:00,0.012117442674934864,0.012120977975428104,0.012105421163141727,0.012110495939850807,0
2026-03-05 20:30:00+00:00,0.012110431678593159,0.01212144736200571,0.012102271430194378,0.012102619744837284,0
2026-03-05 20:45:00+00:00,0.01213414128869772,0.012134364806115627,0.012095227837562561,0.012108412571251392,42112
2026-03-05 21:00:00+00:00,0.012114343233406544,0.012136518955230713,0.012114343233406544,0.012133088894188404,0
2026-03-05 21:15:00+00:00,0.01212945207953453,0.01212945207953453,0.012116452679038048,0.012120970524847507,3511
2026-03-05 21:30:00+00:00,0.012091602198779583,0.012140649370849133,0.012091418728232384,0.012130793184041977,2072
2026-03-05 21:45:00+00:00,0.012096112594008446,0.012115251272916794,0.012091217562556267,0.01209178939461708,11612
2026-03-05 22:00:00+00:00,0.01208437979221344,0.012109510600566864,0.01208437979221344,0.012095791287720203,0
2026-03-05 22:15:00+00:00,0.012062021531164646,0.012078238651156425,0.012062021531164646,0.012078238651156425,39463
2026-03-05 22:30:00+00:00,0.012076407670974731,0.012084029614925385,0.012057020328938961,0.012057020328938961,35279
2026-03-05 22:45:00+00:00,0.012064601294696331,0.012081746011972427,0.012063455767929554,0.01207372173666954,0
2026-03-05 23:00:00+00:00,0.012033432722091675,0.0120638906955719,0.012029416859149933,0.0120638906955719,2925
2026-03-05 23:15:00+00:00,0.012044181115925312,0.012044181115925312,0.01202866155654192,0.01203397661447525,0
2026-03-05 23:30:00+00:00,0.011970673687756062,0.012044188566505909,0.011970673687756062,0.012044188566505909,1558
2026-03-05 23:45:00+00:00,0.011966358870267868,0.011972571723163128,0.011964457109570503,0.01197080034762621,4222
2026-03-06 00:00:00+00:00,0.011933200992643833,0.011974346823990345,0.01193312183022499,0.011963862925767899,1465
2026-03-06 00:15:00+00:00,0.011940778233110905,0.011956937611103058,0.01193417701870203,0.01193417701870203,0
2026-03-06 00:30:00+00:00,0.011955572292208672,0.011957574635744095,0.01191425509750843,0.011938939802348614,104049
2026-03-06 00:45:00+00:00,0.011939900927245617,0.011953654699027538,0.011923144571483135,0.011953654699027538,0
2026-03-06 01:00:00+00:00,0.011948859319090843,0.011948859319090843,0.011931093409657478,0.011933480389416218,0
2026-03-06 01:15:00+00:00,0.011900474317371845,0.011962183751165867,0.011900474317371845,0.011946477927267551,0
2026-03-06 01:30:00+00:00,0.012043431401252747,0.012043431401252747,0.011903091333806515,0.011903091333806515,52802
2026-03-06 01:45:00+00:00,0.012069330550730228,0.012091553770005703,0.012069330550730228,0.012077968567609787,9310
2026-03-06 02:00:00+00:00,0.012079544365406036,0.012084601446986198,0.01206652820110321,0.012071428820490837,0
2026-03-06 02:15:00+00:00,0.012047950178384781,0.012089812196791172,0.012019265443086624,0.012082119472324848,32328
2026-03-06 02:30:00+00:00,0.012047289870679379,0.012061087414622307,0.012039946392178535,0.01205271203070879,5195
2026-03-06 02:45:00+00:00,0.012028909288346767,0.012056935578584671,0.012028909288346767,0.012049058452248573,0
2026-03-06 03:00:00+00:00,0.012036577798426151,0.012037491425871849,0.012028630822896957,0.012031251564621925,2407
2026-03-06 03:15:00+00:00,0.012014676816761494,0.012035500258207321,0.011991710402071476,0.012035500258207321,3074
2026-03-06 03:30:00+00:00,0.012008484452962875,0.012019498273730278,0.012008484452962875,0.012014531530439854,0
2026-03-06 03:45:00+00:00,0.012036257423460484,0.012036257423460484,0.012012489140033722,0.012012489140033722,0
2026-03-06 04:00:00+00:00,0.012026025913655758,0.01204460859298706,0.012018166482448578,0.01204061321914196,0
2026-03-06 04:15:00+00:00,0.012032933533191681,0.012039406225085258,0.012024357914924622,0.012026773765683174,3729
2026-03-06 04:30:00+00:00,0.012011077255010605,0.012078147381544113,0.012011077255010605,0.012037637643516064,20830
2026-03-06 04:45:00+00:00,0.012051953934133053,0.012061281129717827,0.012001530267298222,0.012001530267298222,11291
2026-03-06 05:00:00+00:00,0.011997750960290432,0.012059006839990616,0.011997596360743046,0.012059006839990616,0
2026-03-06 05:15:00+00:00,0.011989663355052471,0.012012706138193607,0.011989663355052471,0.01199105940759182,13909
2026-03-06 05:30:00+00:00,0.011901436373591423,0.011991365812718868,0.011901436373591423,0.011991365812718868,11217
2026-03-06 05:45:00+00:00,0.011951935477554798,0.011951935477554798,0.011892866343259811,0.011892866343259811,46162
2026-03-06 06:00:00+00:00,0.01192608755081892,0.011961499229073524,0.011919977143406868,0.011955248191952705,0
2026-03-06 06:15:00+00:00,0.011937231756746769,0.011948061175644398,0.011919674463570118,0.011919674463570118,1990
2026-03-06 06:30:00+00:00,0.01190769113600254,0.011936228722333908,0.011897360906004906,0.011936228722333908,18624
2026-03-06 06:45:00+00:00,0.011909225024282932,0.011934751644730568,0.011908577755093575,0.011908577755093575,11724
2026-03-06 07:00:00+00:00,0.011924813501536846,0.011954918503761292,0.011906791478395462,0.011906791478395462,11077
2026-03-06 07:15:00+00:00,0.012035025283694267,0.012035025283694267,0.011924400925636292,0.011925040744245052,51629
2026-03-06 07:30:00+00:00,0.012074344791471958,0.012076429091393948,0.012043123133480549,0.012043123133480549,65287
2026-03-06 07:45:00+00:00,0.012075774371623993,0.01207658089697361,0.012066422961652279,0.012072884477674961,1364
2026-03-06 08:00:00+00:00,0.01203629095107317,0.01207675039768219,0.012025363743305206,0.01207675039768219,0
2026-03-06 08:15:00+00:00,0.012054631486535072,0.012065388262271881,0.012048730626702309,0.012048730626702309,4225
2026-03-06 08:30:00+00:00,0.012043355032801628,0.012060461565852165,0.012037836015224457,0.012053771875798702,7376
2026-03-06 08:45:00+00:00,0.01201680302619934,0.012036975473165512,0.012013946659862995,0.012036975473165512,9404
2026-03-06 09:00:00+00:00,0.011946305632591248,0.012011104263365269,0.011946305632591248,0.012011104263365269,0
2026-03-06 09:15:00+00:00,0.011912048794329166,0.011949609965085983,0.011912048794329166,0.01194650586694479,0
2026-03-06 09:30:00+00:00,0.011917655356228352,0.011917655356228352,0.011903447099030018,0.01190995704382658,55777
2026-03-06 09:45:00+00:00,0.011972641572356224,0.011972641572356224,0.011920973658561707,0.011920973658561707,17445
2026-03-06 10:00:00+00:00,0.012077804654836655,0.012083698064088821,0.011974283494055271,0.011974283494055271,33847
2026-03-06 10:15:00+00:00,0.012098884209990501,0.012102803215384483,0.01208448875695467,0.01208448875695467,21470
2026-03-06 10:30:00+00:00,0.012065958231687546,0.012094064615666866,0.012061663903295994,0.012090695090591908,14907
2026-03-06 10:45:00+00:00,0.012084015645086765,0.012086864560842514,0.012056192383170128,0.01206482108682394,0
2026-03-06 11:00:00+00:00,0.012000687420368195,0.012078404426574707,0.011993634514510632,0.012078404426574707,1074
2026-03-06 11:15:00+00:00,0.011973809450864792,0.011999337933957577,0.011969336308538914,0.011999337933957577,0
2026-03-06 11:30:00+00:00,0.011937614530324936,0.01196991465985775,0.01193689089268446,0.01196991465985775,307
2026-03-06 11:45:00+00:00,0.011905158869922161,0.011937044560909271,0.011893099173903465,0.011937044560909271,21197
2026-03-06 12:00:00+00:00,0.011783131398260593,0.011906193569302559,0.011783131398260593,0.011906193569302559,95516
2026-03-06 12:15:00+00:00,0.011872472241520882,0.011872472241520882,0.011789820156991482,0.011789820156991482,1046
2026-03-06 12:30:00+00:00,0.011808767914772034,0.011882200837135315,0.011808767914772034,0.011872638948261738,160219
2026-03-06 12:45:00+00:00,0.011826712638139725,0.011826712638139725,0.01177164725959301,0.011778352782130241,53075
2026-03-06 13:00:00+00:00,0.01186739094555378,0.01186739094555378,0.011822073720395565,0.01182650774717331,40409
2026-03-06 13:15:00+00:00,0.011860709637403488,0.011860709637403488,0.011832141317427158,0.011857949197292328,0
2026-03-06 13:30:00+00:00,0.01178333256393671,0.01186218112707138,0.01178333256393671,0.01185634359717369,203458
2026-03-06 13:45:00+00:00,0.01169416680932045,0.011789902113378048,0.01169416680932045,0.011789902113378048,75036
2026-03-06 14:00:00+00:00,0.011591745540499687,0.011682787910103798,0.011591745540499687,0.01166300568729639,81545
2026-03-06 14:15:00+00:00,0.011652965098619461,0.011655548587441444,0.011600703001022339,0.011600703001022339,81173
2026-03-06 14:30:00+00:00,0.011585514061152935,0.01165500283241272,0.01156051829457283,0.01165500283241272,29873
2026-03-06 14:45:00+00:00,0.01151620876044035,0.011579183861613274,0.011493509635329247,0.011579183861613274,86639
2026-03-06 15:00:00+00:00,0.011520846746861935,0.011544608511030674,0.011517969891428947,0.011534929275512695,9736
2026-03-06 15:15:00+00:00,0.011555041186511517,0.011586287058889866,0.011529212817549706,0.011529212817549706,12519
2026-03-06 15:30:00+00:00,0.011618963442742825,0.01165552157908678,0.011559170670807362,0.011559170670807362,69755
2026-03-06 15:45:00+00:00,0.011645335704088211,0.011657723225653172,0.011589780449867249,0.011621021665632725,13430
2026-03-06 16:00:00+00:00,0.01154986210167408,0.011621828190982342,0.01154986210167408,0.01162046194076538,0
2026-03-06 16:15:00+00:00,0.011573373340070248,0.011575969867408276,0.01154373213648796,0.011545674875378609,9089
2026-03-06 16:30:00+00:00,0.011662083677947521,0.011663335375487804,0.011572688817977905,0.011572688817977905,48574
2026-03-06 16:45:00+00:00,0.011649077758193016,0.01168115809559822,0.011647799983620644,0.011666802689433098,5837
2026-03-06 17:00:00+00:00,0.01167480181902647,0.011675209738314152,0.011649406515061855,0.011649406515061855,7962
2026-03-06 17:15:00+00:00,0.011651627719402313,0.01168106123805046,0.011644311249256134,0.011661633849143982,8715
2026-03-06 17:30:00+00:00,0.011603136546909809,0.011651113629341125,0.011584644205868244,0.011647406965494156,45291
2026-03-06 17:45:00+00:00,0.011635852977633476,0.011635852977633476,0.011617014184594154,0.011617014184594154,5702
2026-03-06 18:00:00+00:00,0.011686795391142368,0.011686795391142368,0.011648250743746758,0.011648250743746758,552
2026-03-06 18:15:00+00:00,0.01172271091490984,0.011726253665983677,0.011705556884407997,0.011705556884407997,31762
2026-03-06 18:30:00+00:00,0.01173942256718874,0.01173942256718874,0.011721044778823853,0.011721917428076267,0
2026-03-06 18:45:00+00:00,0.01173019502311945,0.01175564806908369,0.011730189435184002,0.011743424460291862,727
2026-03-06 19:00:00+00:00,0.011811471544206142,0.011811703443527222,0.011767304502427578,0.011767304502427578,69398
2026-03-06 19:15:00+00:00,0.011751623824238777,0.011815046891570091,0.011751623824238777,0.011812654323875904,0
2026-03-06 19:30:00+00:00,0.011717155575752258,0.011751650832593441,0.01171216182410717,0.011751650832593441,0
2026-03-06 19:45:00+00:00,0.011684366501867771,0.01171278115361929,0.011684366501867771,0.01171278115361929,0
2026-03-06 20:00:00+00:00,0.01165407057851553,0.011687158606946468,0.01165407057851553,0.01168691087514162,957
2026-03-06 20:15:00+00:00,0.011618878692388535,0.011653873138129711,0.011618801392614841,0.011652722023427486,2087
2026-03-06 20:30:00+00:00,0.011640792712569237,0.011640792712569237,0.011607003398239613,0.011616292409598827,18001
2026-03-06 20:45:00+00:00,0.011665771715342999,0.011665771715342999,0.011638622730970383,0.011646135710179806,4782
2026-03-06 21:00:00+00:00,0.011712688952684402,0.011712688952684402,0.011665812693536282,0.011665812693536282,5188
2026-03-06 21:15:00+00:00,0.011711455881595612,0.011733953841030598,0.011711455881595612,0.011733953841030598,19697
2026-03-06 21:30:00+00:00,0.011766242794692516,0.011781600303947926,0.011714011430740356,0.011714011430740356,44764
2026-03-06 21:45:00+00:00,0.011802068911492825,0.01181630790233612,0.011773692443966866,0.011773692443966866,3775
2026-03-06 22:00:00+00:00,0.011794925667345524,0.011799315921962261,0.011794562451541424,0.011797296814620495,0
2026-03-06 22:15:00+00:00,0.011778942309319973,0.011787875555455685,0.011776969768106937,0.011787875555455685,0
2026-03-06 22:30:00+00:00,0.011764329858124256,0.011778992600739002,0.011763658374547958,0.011778992600739002,1301
2026-03-06 22:45:00+00:00,0.011773111298680305,0.011773111298680305,0.011751223355531693,0.011760509572923183,5921
2026-03-06 23:00:00+00:00,0.011748957447707653,0.011780430562794209,0.011748957447707653,0.011773506179451942,1903
2026-03-06 23:15:00+00:00,0.011796310544013977,0.011808467097580433,0.011744293384253979,0.011748864315450191,61985
2026-03-06 23:30:00+00:00,0.011781200766563416,0.011793318204581738,0.011778846383094788,0.011791006661951542,0
2026-03-06 23:45:00+00:00,0.011767844669520855,0.011778139509260654,0.011766222305595875,0.01177716813981533,1012
2026-03-07 00:00:00+00:00,0.011786908842623234,0.011800042353570461,0.011744973249733448,0.011759092099964619,23502
2026-03-07 00:15:00+00:00,0.011784454807639122,0.01178778987377882,0.011777614243328571,0.011777614243328571,44265
2026-03-07 00:30:00+00:00,0.01181138213723898,0.011820351704955101,0.011782122775912285,0.01178229320794344,0
2026-03-07 00:45:00+00:00,0.011816559359431267,0.011816658079624176,0.011791830882430077,0.011809232644736767,0
2026-03-07 01:00:00+00:00,0.011778660118579865,0.011821880005300045,0.011778660118579865,0.011821233667433262,4139
2026-03-07 01:15:00+00:00,0.011734231375157833,0.011778867803514004,0.01172365341335535,0.011778867803514004,7916
2026-03-07 01:30:00+00:00,0.011737067252397537,0.011741147376596928,0.01172085851430893,0.011741147376596928,5186
2026-03-07 01:45:00+00:00,0.011767258867621422,0.011771228164434433,0.011736785992980003,0.011736785992980003,0
2026-03-07 02:00:00+00:00,0.011747198179364204,0.011767249554395676,0.011747198179364204,0.011767249554395676,0
2026-03-07 02:15:00+00:00,0.011726879514753819,0.011738469824194908,0.011726857163012028,0.011738469824194908,0
2026-03-07 02:30:00+00:00,0.011706775985658169,0.011726152151823044,0.011706518009305,0.011726152151823044,52706
2026-03-07 02:45:00+00:00,0.011693008244037628,0.01170971617102623,0.011691405437886715,0.011706413701176643,24000
2026-03-07 03:00:00+00:00,0.011681856587529182,0.011703434400260448,0.011681457981467247,0.011696667410433292,9421
2026-03-07 03:15:00+00:00,0.011668319813907146,0.01169449184089899,0.011668319813907146,0.011691943742334843,980
2026-03-07 03:30:00+00:00,0.011655595153570175,0.011669107712805271,0.011650780215859413,0.01166828814893961,2164
2026-03-07 03:45:00+00:00,0.01162821426987648,0.011650308966636658,0.011628075502812862,0.011650308966636658,8723
2026-03-07 04:00:00+00:00,0.011562603525817394,0.01162802055478096,0.011558784171938896,0.01162802055478096,20328
2026-03-07 04:15:00+00:00,0.011580613441765308,0.011584896594285965,0.0115513876080513,0.011559193953871727,78619
2026-03-07 04:30:00+00:00,0.011588919907808304,0.011588919907808304,0.01156576257199049,0.011580719612538815,111514
2026-03-07 04:45:00+00:00,0.011603057384490967,0.011603566817939281,0.011588942259550095,0.011588942259550095,10957
2026-03-07 05:00:00+00:00,0.01159672811627388,0.011605956591665745,0.01159672811627388,0.011605956591665745,1259
