Price,Close,High,Low,Open,Volume
Ticker,ROSE-USD,ROSE-USD,ROSE-USD,ROSE-USD,ROSE-USD
Date,,,,,
2020-11-19,0.038196999579668045,0.06802099943161011,0.037390001118183136,0.06801900267601013,38755818
2020-11-20,0.03587799891829491,0.04295700043439865,0.03357899934053421,0.038196999579668045,17329732
2020-11-21,0.037810999900102615,0.03986399993300438,0.03267199918627739,0.03587799891829491,16055734
2020-11-22,0.04160299897193909,0.04206499829888344,0.035262998193502426,0.037810999900102615,10629011
2020-11-23,0.04693099856376648,0.053922999650239944,0.03852900117635727,0.0416020005941391,24675225
2020-11-24,0.04145599901676178,0.05253300070762634,0.03996500000357628,0.04704099893569946,17452316
2020-11-25,0.03907199949026108,0.044039998203516006,0.037891000509262085,0.041593000292778015,13938911
2020-11-26,0.035771001130342484,0.03911000117659569,0.03204900026321411,0.039037998765707016,8755447
2020-11-27,0.036646999418735504,0.03885199874639511,0.03303299844264984,0.03580399975180626,8538122
2020-11-28,0.03773200139403343,0.04036099836230278,0.036646999418735504,0.036646999418735504,7100519
2020-11-29,0.0372919999063015,0.03952600061893463,0.036612000316381454,0.03767799958586693,3346146
2020-11-30,0.036977000534534454,0.03906099870800972,0.03593600168824196,0.03729100152850151,4516056
2020-12-01,0.03525400161743164,0.038314998149871826,0.034352000802755356,0.037060998380184174,5112940
2020-12-02,0.03613800182938576,0.037046998739242554,0.03430800139904022,0.03525400161743164,4428554
2020-12-03,0.038881998509168625,0.04061200097203255,0.03610000014305115,0.03613800182938576,5946040
2020-12-04,0.03965799883008003,0.043567001819610596,0.037491001188755035,0.03850400075316429,12591495
2020-12-05,0.04499699920415878,0.04572800174355507,0.03786399960517883,0.03955899924039841,11798358
2020-12-06,0.04315200075507164,0.04904099926352501,0.042497001588344574,0.04507799819111824,14891394
2020-12-07,0.05215900018811226,0.05500499904155731,0.04217899963259697,0.04287299886345863,23093401
2020-12-08,0.05319900065660477,0.06237500160932541,0.05048400163650513,0.05220799893140793,51832476
2020-12-09,0.055962998420000076,0.059539999812841415,0.044690001755952835,0.05340399965643883,34283876
2020-12-10,0.04928699880838394,0.05723600089550018,0.04820600152015686,0.05590000003576279,16114612
2020-12-11,0.04569099843502045,0.04927099868655205,0.042458999902009964,0.04927099868655205,16568694
2020-12-12,0.05127499997615814,0.05372599884867668,0.045545000582933426,0.04568000137805939,14899458
2020-12-13,0.0515809990465641,0.055098000913858414,0.04902099817991257,0.05134899914264679,12064336
2020-12-14,0.05241899937391281,0.05652900040149689,0.05057099834084511,0.05155099928379059,14636797
2020-12-15,0.04916900023818016,0.053339000791311264,0.04855699837207794,0.05234700068831444,10001797
2020-12-16,0.05148199945688248,0.05202300101518631,0.04637699946761131,0.04928800091147423,12608574
2020-12-17,0.045951999723911285,0.0517750009894371,0.0446770004928112,0.05125100165605545,11723796
2020-12-18,0.04917500168085098,0.05292300134897232,0.04435700178146362,0.04598600044846535,16658074
2020-12-19,0.05629400163888931,0.057978998869657516,0.048252999782562256,0.0491890013217926,23498454
2020-12-20,0.052046999335289,0.06239600107073784,0.052046999335289,0.056366000324487686,27864250
2020-12-21,0.05080899968743324,0.05808499827980995,0.04831999912858009,0.051993001252412796,16031677
2020-12-22,0.055105000734329224,0.055392999202013016,0.04784499853849411,0.05071600154042244,12553327
2020-12-23,0.046796999871730804,0.05518399924039841,0.04271399974822998,0.055163998156785965,12307379
2020-12-24,0.048608001321554184,0.05034000054001808,0.044321998953819275,0.046785999089479446,5971663
2020-12-25,0.045844998210668564,0.049035001546144485,0.04394799843430519,0.048657000064849854,6883185
2020-12-26,0.04422200098633766,0.047864001244306564,0.043859001249074936,0.04578299820423126,5475422
2020-12-27,0.04310699924826622,0.045472998172044754,0.04102500155568123,0.04434800148010254,7868626
2020-12-28,0.04564199969172478,0.04865900054574013,0.04243599995970726,0.04309700056910515,8154417
2020-12-29,0.04083000123500824,0.04684099927544594,0.03889799863100052,0.04563499987125397,6929512
2020-12-30,0.041832998394966125,0.042066000401973724,0.03868100047111511,0.04076400026679039,5100144
2020-12-31,0.04158300161361694,0.04371099919080734,0.04149499908089638,0.04183400049805641,3044989
2021-01-01,0.042181000113487244,0.0451119989156723,0.04137500002980232,0.0416020005941391,3357315
2021-01-02,0.04086500033736229,0.043136999011039734,0.03954999893903732,0.04218500107526779,3489036
2021-01-03,0.04120900109410286,0.04493299871683121,0.03907499834895134,0.04094899818301201,5652873
2021-01-04,0.04131399840116501,0.0453840009868145,0.03806599974632263,0.04125300049781799,9272489
2021-01-05,0.04409699887037277,0.04785899817943573,0.040029000490903854,0.04131399840116501,10338231
2021-01-06,0.04740399867296219,0.04999399930238724,0.04396999999880791,0.04400600120425224,9289653
2021-01-07,0.05086300149559975,0.05459300056099892,0.04606200009584427,0.04749999940395355,10956337
2021-01-08,0.04538699984550476,0.05099499970674515,0.041992999613285065,0.05093200132250786,9383061
2021-01-09,0.047127000987529755,0.04876499995589256,0.043574001640081406,0.04539399966597557,6654752
2021-01-10,0.0447469986975193,0.04978000000119209,0.043177999556064606,0.04718500003218651,7129106
2021-01-11,0.04144499823451042,0.04478200152516365,0.038385000079870224,0.04472900182008743,8020806
2021-01-12,0.04131999984383583,0.044199999421834946,0.0394509993493557,0.04148000106215477,4081699
2021-01-13,0.04351300001144409,0.04424599930644035,0.03988799825310707,0.041359998285770416,4125012
2021-01-14,0.04501799866557121,0.0477139987051487,0.04270600154995918,0.04353100061416626,4421301
2021-01-15,0.045097000896930695,0.04805900156497955,0.04210900142788887,0.04494300112128258,5383527
2021-01-16,0.05378099903464317,0.05504100024700165,0.04507799819111824,0.04507799819111824,12763634
2021-01-17,0.06414800137281418,0.07041700184345245,0.04860299825668335,0.05381200090050697,26093224
2021-01-18,0.06310699880123138,0.07490000128746033,0.05984500050544739,0.06421999633312225,19665844
2021-01-19,0.06215500086545944,0.07026699930429459,0.060148999094963074,0.06300300359725952,9553998
2021-01-20,0.060582999140024185,0.0639130026102066,0.05311400070786476,0.062435001134872437,12560266
2021-01-21,0.05452600121498108,0.062059998512268066,0.05366799980401993,0.06065399944782257,9255500
2021-01-22,0.06051599979400635,0.06681600213050842,0.0510220006108284,0.054492998868227005,11337603
2021-01-23,0.06411699950695038,0.06580899655818939,0.058642998337745667,0.0604499988257885,8164774
2021-01-24,0.06657099723815918,0.06664899736642838,0.059898000210523605,0.06406500190496445,7617276
2021-01-25,0.05927800014615059,0.06655599921941757,0.05874599888920784,0.06655599921941757,5793283
2021-01-26,0.0618010014295578,0.06298799812793732,0.0560000017285347,0.05925599858164787,5790568
2021-01-27,0.05514499917626381,0.061767999082803726,0.054471999406814575,0.061767999082803726,6739045
2021-01-28,0.0582519993185997,0.06158899888396263,0.055063001811504364,0.05531800165772438,8091384
2021-01-29,0.056161001324653625,0.06107199937105179,0.05385600030422211,0.057663001120090485,5661781
2021-01-30,0.05625800043344498,0.059817999601364136,0.05420399829745293,0.05622300133109093,5374053
2021-01-31,0.05728999897837639,0.06339000165462494,0.055698998272418976,0.056244999170303345,10602539
2021-02-01,0.061859000474214554,0.06199999898672104,0.05548400059342384,0.05728000029921532,5943400
2021-02-02,0.06087400019168854,0.06213200092315674,0.05864100158214569,0.06201900169253349,5161771
2021-02-03,0.07094399631023407,0.07244899868965149,0.06019499897956848,0.06085599958896637,15534078
2021-02-04,0.06530199944972992,0.07484199851751328,0.06336300075054169,0.07102199643850327,10680638
2021-02-05,0.07193899899721146,0.07491300255060196,0.064969003200531,0.064969003200531,12253315
2021-02-06,0.0710270032286644,0.0801130011677742,0.06688600033521652,0.07187999784946442,14646224
2021-02-07,0.07283200323581696,0.07684999704360962,0.06665000319480896,0.07098899781703949,10530144
2021-02-08,0.08506900072097778,0.08783700317144394,0.0727040022611618,0.07283499836921692,25991620
2021-02-09,0.08646800369024277,0.08753299713134766,0.08045399934053421,0.08522400259971619,13026668
2021-02-10,0.1054759994149208,0.11419100314378738,0.08190000057220459,0.08649300038814545,44834197
2021-02-11,0.10715299844741821,0.11776799708604813,0.10364700108766556,0.1054769977927208,12407401
2021-02-12,0.12570999562740326,0.1288589984178543,0.10123399645090103,0.10761100053787231,20504625
2021-02-13,0.11492200195789337,0.12609000504016876,0.10588700324296951,0.125667005777359,19892232
2021-02-14,0.10233700275421143,0.1162009984254837,0.09510599821805954,0.11505000293254852,20421294
2021-02-15,0.09896499663591385,0.11225499957799911,0.08788400143384933,0.10249300301074982,19779872
2021-02-16,0.12717300653457642,0.1396069973707199,0.09494400024414062,0.09899500012397766,41296277
2021-02-17,0.1335580050945282,0.14694899320602417,0.11395599693059921,0.12751799821853638,43967945
2021-02-18,0.12877899408340454,0.14581699669361115,0.12659700214862823,0.1334030032157898,22216452
2021-02-19,0.1299169957637787,0.1380860060453415,0.12298700213432312,0.12845399975776672,18989425
2021-02-20,0.11827000230550766,0.1316950023174286,0.1121549978852272,0.12972800433635712,17012968
2021-02-21,0.11948099732398987,0.12712900340557098,0.1160229966044426,0.1172579973936081,4314514
2021-02-22,0.11163700371980667,0.13003799319267273,0.09528099745512009,0.11971600353717804,8088752
2021-02-23,0.09576000273227692,0.11320599913597107,0.08404699712991714,0.11285699903964996,16445066
2021-02-24,0.10013599693775177,0.11196199804544449,0.09114900231361389,0.09606599807739258,19562652
2021-02-25,0.0910239964723587,0.10518400371074677,0.09101899713277817,0.09983500093221664,14460472
2021-02-26,0.09101399779319763,0.09589000046253204,0.08329199999570847,0.09100200235843658,10189397
2021-02-27,0.09418100118637085,0.09989999979734421,0.09007100015878677,0.09122899919748306,9668286
2021-02-28,0.09036500006914139,0.09436699748039246,0.083747997879982,0.09419699758291245,13247356
2021-03-01,0.09694299846887589,0.10253900289535522,0.09017600119113922,0.09074100106954575,9468434
2021-03-02,0.09871300309896469,0.10415799915790558,0.09229400008916855,0.09694699943065643,11651454
2021-03-03,0.10340999811887741,0.1070299968123436,0.0968720018863678,0.09898299723863602,15623635
2021-03-04,0.10771399736404419,0.11180400103330612,0.09788700193166733,0.10403399914503098,18871138
2021-03-05,0.12953199446201324,0.13427600264549255,0.10176499933004379,0.10758300125598907,49470394
2021-03-06,0.12270999699831009,0.13616299629211426,0.11211399734020233,0.12903399765491486,19348067
2021-03-07,0.12113799899816513,0.1257060021162033,0.11731000244617462,0.12289299815893173,14731289
2021-03-08,0.1406490057706833,0.14672799408435822,0.11419700086116791,0.12128700315952301,33671602
2021-03-09,0.14476600289344788,0.16503000259399414,0.13544799387454987,0.14060799777507782,42111914
2021-03-10,0.14253099262714386,0.1590529978275299,0.13303400576114655,0.1443759948015213,32861160
2021-03-11,0.1573210060596466,0.1698870062828064,0.1343739926815033,0.14233900606632233,40069950
2021-03-12,0.176937997341156,0.18862700462341309,0.15745699405670166,0.15749500691890717,51118639
2021-03-13,0.1845400035381317,0.1975090056657791,0.15853099524974823,0.17713899910449982,49973949
2021-03-14,0.22553600370883942,0.24527999758720398,0.1843699961900711,0.18479299545288086,102956316
2021-03-15,0.2153410017490387,0.24871499836444855,0.19218499958515167,0.2253500074148178,79793584
2021-03-16,0.19882899522781372,0.22095200419425964,0.19157899916172028,0.2147980034351349,48194026
2021-03-17,0.20801599323749542,0.2100290060043335,0.17014700174331665,0.1989469975233078,59239713
2021-03-18,0.18309800326824188,0.2105560004711151,0.17842300236225128,0.20671699941158295,33695031
2021-03-19,0.1775979995727539,0.19029000401496887,0.17465700209140778,0.1835169941186905,25673561
2021-03-20,0.17736299335956573,0.19642700254917145,0.174686998128891,0.17743100225925446,23012304
2021-03-21,0.20357699692249298,0.20937199890613556,0.1678670048713684,0.17678800225257874,43278341
2021-03-22,0.1785849928855896,0.2177010029554367,0.17406800389289856,0.20587900280952454,33641943
2021-03-23,0.16681699454784393,0.18461400270462036,0.16365200281143188,0.17825600504875183,31620336
2021-03-24,0.14541299641132355,0.18223899602890015,0.1408820003271103,0.1664319932460785,29288172
2021-03-25,0.13938899338245392,0.15174600481987,0.13533499836921692,0.14540700614452362,27259316
2021-03-26,0.16338999569416046,0.16484199464321136,0.13909000158309937,0.1393360048532486,29438115
2021-03-27,0.16596700251102448,0.16773900389671326,0.15146300196647644,0.16391000151634216,23593943
2021-03-28,0.1732880026102066,0.18648500740528107,0.15868400037288666,0.16494899988174438,30878275
2021-03-29,0.19082699716091156,0.19644099473953247,0.17248700559139252,0.17356300354003906,29665158
2021-03-30,0.18441300094127655,0.19995799660682678,0.1808999925851822,0.19107100367546082,22938402
2021-03-31,0.178847998380661,0.18624700605869293,0.1691419929265976,0.18442900478839874,24060189
2021-04-01,0.19751299917697906,0.19962500035762787,0.17574700713157654,0.178849995136261,44429296
2021-04-02,0.20201599597930908,0.23452900350093842,0.19345900416374207,0.19848600029945374,77919825
2021-04-03,0.18277600407600403,0.2084760069847107,0.18084800243377686,0.20224100351333618,26414190
2021-04-04,0.19954100251197815,0.20844900608062744,0.18006399273872375,0.18242700397968292,24495158
2021-04-05,0.21142199635505676,0.21571099758148193,0.18772999942302704,0.2004770040512085,36256232
2021-04-06,0.18954600393772125,0.21306400001049042,0.18269400298595428,0.21155600249767303,26996804
2021-04-07,0.17692500352859497,0.19012300670146942,0.15572600066661835,0.1895660012960434,38379796
2021-04-08,0.19200000166893005,0.19469499588012695,0.17431999742984772,0.17593400180339813,26676435
2021-04-09,0.1918189972639084,0.20316700637340546,0.1849379986524582,0.19230100512504578,27101120
2021-04-10,0.18513000011444092,0.19940400123596191,0.17976300418376923,0.19175800681114197,20363548
2021-04-11,0.18675699830055237,0.19751900434494019,0.1788409948348999,0.18535499274730682,18235607
2021-04-12,0.18082299828529358,0.18810400366783142,0.177715003490448,0.1865299940109253,16877671
2021-04-13,0.18381699919700623,0.1893869936466217,0.1769459992647171,0.18077099323272705,17367784
2021-04-14,0.1950169950723648,0.206045001745224,0.18045100569725037,0.18365700542926788,36792812
2021-04-15,0.19996599853038788,0.20923000574111938,0.18732500076293945,0.1950179934501648,30959831
2021-04-16,0.18853799998760223,0.20739500224590302,0.1854179948568344,0.19992700219154358,23581220
2021-04-17,0.19790300726890564,0.2209780067205429,0.1882230043411255,0.1882230043411255,49805510
2021-04-18,0.1733659952878952,0.20074300467967987,0.15899500250816345,0.19818000495433807,31851389
2021-04-19,0.15805700421333313,0.18118399381637573,0.15442399680614471,0.17325100302696228,23392791
2021-04-20,0.16040800511837006,0.16867700219154358,0.13811999559402466,0.15786799788475037,34546837
2021-04-21,0.15004399418830872,0.1663839966058731,0.14778199791908264,0.16087700426578522,18659901
2021-04-22,0.1412159949541092,0.1613910049200058,0.13801799714565277,0.14917199313640594,21469834
2021-04-23,0.14274999499320984,0.14393599331378937,0.12233000248670578,0.14163300395011902,23671673
2021-04-24,0.12882499396800995,0.14256200194358826,0.12689000368118286,0.14256200194358826,13012487
2021-04-25,0.12585300207138062,0.14200499653816223,0.11784300208091736,0.12880699336528778,12082015
2021-04-26,0.14645099639892578,0.14850099384784698,0.12534399330615997,0.126133993268013,18945792
2021-04-27,0.15652300417423248,0.1605830043554306,0.14323599636554718,0.14654700458049774,20008640
2021-04-28,0.1538510024547577,0.16289900243282318,0.14256000518798828,0.15636399388313293,15729618
2021-04-29,0.14972999691963196,0.1592389941215515,0.1450980007648468,0.1539890021085739,13881271
2021-04-30,0.1606680005788803,0.1670130044221878,0.1466049998998642,0.14972999691963196,17711696
2021-05-01,0.16710400581359863,0.17360900342464447,0.15719500184059143,0.16075100004673004,18053384
2021-05-02,0.16083799302577972,0.16801300644874573,0.15494300425052643,0.1671919971704483,14927402
2021-05-03,0.16992400586605072,0.17703300714492798,0.15988199412822723,0.1606840044260025,24212884
2021-05-04,0.15581299364566803,0.17014800012111664,0.14775599539279938,0.1700589954853058,22817866
2021-05-05,0.16496199369430542,0.17128199338912964,0.1532980054616928,0.15494699776172638,18512317
2021-05-06,0.15839900076389313,0.1704999953508377,0.15665900707244873,0.1649799942970276,15639108
2021-05-07,0.15679800510406494,0.1624550074338913,0.15275299549102783,0.15838000178337097,14958627
2021-05-08,0.15803800523281097,0.17109599709510803,0.1549919992685318,0.15671999752521515,16699531
2021-05-09,0.1527239978313446,0.15962199866771698,0.15002000331878662,0.15802299976348877,10034015
2021-05-10,0.14028799533843994,0.1563510000705719,0.1335030049085617,0.15292100608348846,18225786
2021-05-11,0.14045999944210052,0.14565299451351166,0.1334650069475174,0.14048099517822266,12192848
2021-05-12,0.1241919994354248,0.14714199304580688,0.1241919994354248,0.14044800400733948,17459445
2021-05-13,0.12510600686073303,0.13469499349594116,0.11209999769926071,0.12401700019836426,27610332
2021-05-14,0.1266220062971115,0.13321399688720703,0.11912800371646881,0.12448400259017944,12318819
2021-05-15,0.11739499866962433,0.12808099389076233,0.11630000174045563,0.12631599605083466,11398895
2021-05-16,0.11913199722766876,0.12787899374961853,0.11118900030851364,0.11696399748325348,15714577
2021-05-17,0.10895799845457077,0.11949999630451202,0.10341999679803848,0.11949999630451202,14334955
2021-05-18,0.11309999972581863,0.12349999696016312,0.10811500251293182,0.10903900116682053,15325872
2021-05-19,0.07960200309753418,0.11454100161790848,0.06666299700737,0.112916000187397,21522676
2021-05-20,0.0886090025305748,0.09156899899244308,0.07095299661159515,0.07920199632644653,18097176
2021-05-21,0.07388900220394135,0.09177999943494797,0.0667480006814003,0.08824700117111206,12432425
2021-05-22,0.06835100054740906,0.07456400245428085,0.06451500207185745,0.07396800071001053,8559422
2021-05-23,0.05651199817657471,0.07175400108098984,0.0491969995200634,0.06841900199651718,15002800
2021-05-24,0.06867899745702744,0.07038599997758865,0.05471700057387352,0.056265998631715775,10176872
2021-05-25,0.07228700071573257,0.07401899993419647,0.061556000262498856,0.06888200342655182,9524959
2021-05-26,0.07485699653625488,0.07992800325155258,0.07102499902248383,0.07230299711227417,9400703
2021-05-27,0.08509600162506104,0.09647200256586075,0.0705839991569519,0.07491199672222137,29313241
2021-05-28,0.07615700364112854,0.09077499806880951,0.07230900228023529,0.08542200177907944,18229126
2021-05-29,0.06961599737405777,0.07823000103235245,0.06716799736022949,0.07622700184583664,9625024
2021-05-30,0.07604599744081497,0.08851499855518341,0.06784900277853012,0.06952899694442749,15854158
2021-05-31,0.08109799772500992,0.08406099677085876,0.07349800318479538,0.07606600224971771,9739007
2021-06-01,0.07814999669790268,0.08398199826478958,0.07706499844789505,0.0811920017004013,8159473
2021-06-02,0.08252499997615814,0.08427499979734421,0.07594999670982361,0.0781790018081665,6795915
2021-06-03,0.08269199728965759,0.08545699715614319,0.07970000058412552,0.08255600184202194,5358272
2021-06-04,0.07465700060129166,0.08299800008535385,0.07319699972867966,0.0826990008354187,6123407
2021-06-05,0.0723859965801239,0.0787149965763092,0.0710889995098114,0.07457800209522247,4124309
2021-06-06,0.07668399810791016,0.07784099876880646,0.07184699922800064,0.07241100072860718,6154481
2021-06-07,0.06725899875164032,0.0786060020327568,0.06687100231647491,0.0767429992556572,5618739
2021-06-08,0.06803300231695175,0.06989199668169022,0.0620420016348362,0.06739100068807602,6814088
2021-06-09,0.0722379982471466,0.0770919993519783,0.06478799879550934,0.06797300279140472,8241612
2021-06-10,0.0693650022149086,0.07516100257635117,0.06853300333023071,0.07229000329971313,4851550
2021-06-11,0.07085900008678436,0.07300099730491638,0.06788799911737442,0.06945200264453888,4406180
2021-06-12,0.06632799655199051,0.0709799975156784,0.06507200002670288,0.0709799975156784,4273569
2021-06-13,0.07055400311946869,0.07151400297880173,0.06521199643611908,0.06634599715471268,4312106
2021-06-14,0.07491400092840195,0.08022300153970718,0.06995800137519836,0.07042499631643295,7276505
2021-06-15,0.07329700142145157,0.08180300146341324,0.07204499840736389,0.0731630027294159,5047157
2021-06-16,0.07236000150442123,0.08302599936723709,0.07159899920225143,0.07783100008964539,12346727
2021-06-17,0.07169099897146225,0.07736799865961075,0.06966699659824371,0.07248099893331528,10939055
2021-06-18,0.06653100252151489,0.07185900211334229,0.06521099805831909,0.07165399938821793,4033431
2021-06-19,0.06500300019979477,0.068511001765728,0.06483600288629532,0.0665540024638176,2790159
2021-06-20,0.06390900164842606,0.06565099954605103,0.05919700115919113,0.06482499837875366,5275570
2021-06-21,0.050999999046325684,0.06420700252056122,0.050811998546123505,0.06373699754476547,6429532
2021-06-22,0.05538799986243248,0.05991600081324577,0.045044999569654465,0.050957001745700836,10092381
2021-06-23,0.05444899946451187,0.05778399854898453,0.05270399898290634,0.05522700026631355,8295714
2021-06-24,0.05454299971461296,0.05526399984955788,0.05221400037407875,0.05473700165748596,4254467
2021-06-25,0.04814999923110008,0.055344998836517334,0.0480090007185936,0.0545479990541935,7476741
2021-06-26,0.04852600023150444,0.049747999757528305,0.04639599844813347,0.04802099987864494,7393243
2021-06-27,0.05253100022673607,0.05498899891972542,0.04834900051355362,0.048521000891923904,10056715
2021-06-28,0.05466900020837784,0.05585100129246712,0.05110799893736839,0.05252800136804581,7573267
2021-06-29,0.05854000151157379,0.06121499836444855,0.054662998765707016,0.054662998765707016,10699974
2021-06-30,0.055952999740839005,0.058814000338315964,0.0527539998292923,0.05858200043439865,7989335
2021-07-01,0.054868001490831375,0.056442998349666595,0.053307000547647476,0.05602800101041794,7162913
2021-07-02,0.06773000210523605,0.07198800146579742,0.05351300165057182,0.054673999547958374,28757332
2021-07-03,0.066430002450943,0.07082899659872055,0.06348200142383575,0.0684870034456253,23396313
2021-07-04,0.06648200005292892,0.06752199679613113,0.06334800273180008,0.06752199679613113,14779857
2021-07-05,0.06222900003194809,0.06651700288057327,0.061184998601675034,0.06651700288057327,9005842
2021-07-06,0.06504300236701965,0.06635099649429321,0.06215300038456917,0.06226399913430214,9782302
2021-07-07,0.06869400292634964,0.07384700328111649,0.06364300101995468,0.06508500128984451,16595875
2021-07-08,0.06708600372076035,0.07178899645805359,0.06300900131464005,0.06890399754047394,19371214
2021-07-09,0.06833499670028687,0.0720599964261055,0.06538700312376022,0.06677400320768356,15782461
2021-07-10,0.06591200083494186,0.06932400166988373,0.06549199670553207,0.06832899898290634,8720317
2021-07-11,0.06698200106620789,0.06805100291967392,0.06415099650621414,0.06590600311756134,9932132
2021-07-12,0.06358499825000763,0.06853500008583069,0.06203100085258484,0.06697899848222733,7571360
2021-07-13,0.06188200041651726,0.06427600234746933,0.06060599908232689,0.06358200311660767,10066172
2021-07-14,0.06249000132083893,0.0649389997124672,0.05998900160193443,0.06187399849295616,9027551
2021-07-15,0.05952199921011925,0.06415200233459473,0.05907899886369705,0.06249399855732918,7463092
2021-07-16,0.05923299863934517,0.06251700222492218,0.05889799818396568,0.060088999569416046,9538633
2021-07-17,0.059085000306367874,0.061135001480579376,0.058171000331640244,0.059154998511075974,10511643
2021-07-18,0.060412000864744186,0.061987001448869705,0.059085000306367874,0.059094998985528946,9295429
2021-07-19,0.057016998529434204,0.061507999897003174,0.05697700008749962,0.06026799976825714,6899951
2021-07-20,0.05348899960517883,0.057530999183654785,0.05239899829030037,0.057016998529434204,6826762
2021-07-21,0.05820100009441376,0.05850600078701973,0.05298599973320961,0.05349000170826912,7985126
2021-07-22,0.05985499918460846,0.06189899891614914,0.057144999504089355,0.05811699852347374,7285103
2021-07-23,0.06352700293064117,0.06370099633932114,0.059443000704050064,0.05985499918460846,6540167
2021-07-24,0.06464499980211258,0.06565699726343155,0.06278300285339355,0.06352899968624115,7663669
2021-07-25,0.06484899669885635,0.06575900316238403,0.061799000948667526,0.06465400010347366,6664216
2021-07-26,0.06511999666690826,0.07124499976634979,0.06463699787855148,0.06484899669885635,13410424
2021-07-27,0.06512899696826935,0.06701300293207169,0.06397099792957306,0.0651250034570694,11658847
2021-07-28,0.06458599865436554,0.0657769963145256,0.06402099877595901,0.06501399725675583,10118757
2021-07-29,0.07294200360774994,0.08205699920654297,0.06429599970579147,0.06458800286054611,21188547
2021-07-30,0.07735499739646912,0.07974400371313095,0.06966999918222427,0.07287900149822235,24812347
2021-07-31,0.07771199941635132,0.07954899966716766,0.0750420019030571,0.07749799638986588,12101488
2021-08-01,0.07507199794054031,0.08286699652671814,0.07507199794054031,0.07757099717855453,12012889
2021-08-02,0.07549499720335007,0.07990500330924988,0.07399199903011322,0.07507400214672089,10762918
2021-08-03,0.07222499698400497,0.07658299803733826,0.07102800160646439,0.07547499984502792,15180100
2021-08-04,0.07918299734592438,0.08278600126504898,0.07159800082445145,0.07232999801635742,15121657
2021-08-05,0.08601699769496918,0.08643300086259842,0.0769290030002594,0.07915599644184113,14944610
2021-08-06,0.08899100124835968,0.09156300127506256,0.0840120017528534,0.08614099770784378,14876516
2021-08-07,0.09092400223016739,0.09092400223016739,0.08419699966907501,0.08898399770259857,17317932
2021-08-08,0.08135399967432022,0.09180600196123123,0.08128499984741211,0.09094499796628952,13396488
2021-08-09,0.08774200081825256,0.09030800312757492,0.08000800013542175,0.0812859982252121,13718623
2021-08-10,0.08862700313329697,0.08890700340270996,0.08603599667549133,0.08774200081825256,12196982
2021-08-11,0.09394899755716324,0.09994599968194962,0.0882909968495369,0.08862999826669693,35123983
2021-08-12,0.09137299656867981,0.09825599938631058,0.08804800361394882,0.09372299909591675,22014726
2021-08-13,0.09612900018692017,0.09697899967432022,0.09029299765825272,0.09137199819087982,13508465
2021-08-14,0.09724099934101105,0.10494399815797806,0.09456100314855576,0.09607899934053421,26725639
2021-08-15,0.09906599670648575,0.10187499970197678,0.09285300225019455,0.09720800071954727,19562591
2021-08-16,0.09698499739170074,0.10552100092172623,0.09652599692344666,0.09919200092554092,26643863
2021-08-17,0.09617800265550613,0.11409600079059601,0.09389299899339676,0.09681200236082077,27455375
2021-08-18,0.10006500035524368,0.1067579984664917,0.09452100098133087,0.09616900235414505,23447324
2021-08-19,0.09889999777078629,0.10304100066423416,0.09296700358390808,0.09995599836111069,29502877
2021-08-20,0.09955000132322311,0.10498499870300293,0.09835200011730194,0.09888999909162521,27127931
2021-08-21,0.09928999841213226,0.1030689999461174,0.09779900312423706,0.09959299862384796,23211422
2021-08-22,0.10924600064754486,0.119377002120018,0.09756699949502945,0.09925200045108795,51593990
2021-08-23,0.1095929965376854,0.11748400330543518,0.10555300116539001,0.109436996281147,33526251
2021-08-24,0.09844599664211273,0.11203200370073318,0.09836900234222412,0.11114399880170822,26963693
2021-08-25,0.10310699790716171,0.10509199649095535,0.09557700157165527,0.09823299944400787,31711303
2021-08-26,0.09601400047540665,0.10374099761247635,0.0931989997625351,0.10318399965763092,31521745
2021-08-27,0.10307300090789795,0.10494200140237808,0.09375999867916107,0.09605500102043152,26496141
2021-08-28,0.10258600115776062,0.1047310009598732,0.10017099976539612,0.10321799665689468,27828607
2021-08-29,0.107805997133255,0.11009799689054489,0.09977799654006958,0.10246499627828598,29846683
2021-08-30,0.11796600371599197,0.12928299605846405,0.10135799646377563,0.1079069972038269,52271046
2021-08-31,0.120387002825737,0.14429700374603271,0.1107729971408844,0.11838799715042114,104561315
2021-09-01,0.13040900230407715,0.13152499496936798,0.11983799934387207,0.1204800009727478,38649215
2021-09-02,0.12376700341701508,0.1306689977645874,0.12204399704933167,0.13059300184249878,27647244
2021-09-03,0.12540599703788757,0.12998400628566742,0.12097600102424622,0.1234230026602745,28157840
2021-09-04,0.13680900633335114,0.13985900580883026,0.12410599738359451,0.12519100308418274,38318312
2021-09-05,0.17026400566101074,0.17743100225925446,0.12996800243854523,0.1371079981327057,149303878
2021-09-06,0.23962000012397766,0.2988870143890381,0.17045100033283234,0.17045100033283234,701332553
2021-09-07,0.28178301453590393,0.3580999970436096,0.21405600011348724,0.24080899357795715,703352719
2021-09-08,0.2520830035209656,0.3276520073413849,0.23971399664878845,0.28092899918556213,302161301
2021-09-09,0.2550179958343506,0.2848399877548218,0.23064300417900085,0.23285700380802155,167109486
2021-09-10,0.2149920016527176,0.2580690085887909,0.21121299266815186,0.2571280002593994,104472776
2021-09-11,0.28277501463890076,0.2977530062198639,0.21402299404144287,0.21458700299263,245726508
2021-09-12,0.25348201394081116,0.300137996673584,0.24508799612522125,0.28523099422454834,132037733
2021-09-13,0.23656199872493744,0.262703001499176,0.22457100450992584,0.25450700521469116,80568736
2021-09-14,0.24049200117588043,0.25578799843788147,0.2348710000514984,0.23702900111675262,66131943
2021-09-15,0.2527860105037689,0.26556500792503357,0.23561500012874603,0.24189099669456482,75698090
2021-09-16,0.2520489990711212,0.289559006690979,0.2452390044927597,0.25279000401496887,125522330
2021-09-17,0.23420099914073944,0.2578980028629303,0.23012399673461914,0.25173500180244446,68533516
2021-09-18,0.2414100021123886,0.25669699907302856,0.23029300570487976,0.23313499987125397,63236664
2021-09-19,0.23414799571037292,0.24329699575901031,0.23108099400997162,0.24023699760437012,46360210
2021-09-20,0.18512600660324097,0.2349810004234314,0.17201900482177734,0.2340870052576065,89597395
2021-09-21,0.15938200056552887,0.19226400554180145,0.15443700551986694,0.1863500028848648,69397599
2021-09-22,0.19128599762916565,0.19259700179100037,0.1580599993467331,0.159838005900383,62712662
2021-09-23,0.19238999485969543,0.19879600405693054,0.17933399975299835,0.19175399839878082,70023454
2021-09-24,0.17063100636005402,0.1976740062236786,0.1563500016927719,0.19263499975204468,73986841
2021-09-25,0.17175699770450592,0.18379700183868408,0.15922699868679047,0.17090600728988647,65528161
2021-09-26,0.16406099498271942,0.1772100031375885,0.14591699838638306,0.17189200222492218,77326269
2021-09-27,0.1570349931716919,0.18052999675273895,0.15594899654388428,0.16418500244617462,55933577
2021-09-28,0.14755399525165558,0.1605049967765808,0.14705200493335724,0.1569869965314865,57578507
2021-09-29,0.14613400399684906,0.15652400255203247,0.14202900230884552,0.14777199923992157,39487185
2021-09-30,0.15582600235939026,0.15818199515342712,0.14472700655460358,0.1458750069141388,52299426
2021-10-01,0.19734600186347961,0.2239300012588501,0.1540990024805069,0.15583400428295135,248090808
2021-10-02,0.19132000207901,0.20316700637340546,0.18593600392341614,0.1972540020942688,89181810
2021-10-03,0.1897439956665039,0.20042000710964203,0.1868250072002411,0.19102199375629425,58193756
2021-10-04,0.1821649968624115,0.19224999845027924,0.18024100363254547,0.18989500403404236,60138135
2021-10-05,0.18114399909973145,0.18886099755764008,0.17274600267410278,0.18253999948501587,60707303
2021-10-06,0.17323599755764008,0.19144999980926514,0.1679069995880127,0.1810699999332428,68769634
2021-10-07,0.17592300474643707,0.17981299757957458,0.16651099920272827,0.1732580065727234,59862861
2021-10-08,0.19171300530433655,0.23618300259113312,0.17458200454711914,0.17560699582099915,200151064
2021-10-09,0.19915099442005157,0.21031099557876587,0.18783700466156006,0.1919970065355301,95418296
2021-10-10,0.19885499775409698,0.23293299973011017,0.19118300080299377,0.1984429955482483,152916945
2021-10-11,0.2170249968767166,0.2243890017271042,0.19666199386119843,0.19887100160121918,102200643
2021-10-12,0.20835599303245544,0.21702300012111664,0.19005799293518066,0.21702300012111664,72953561
2021-10-13,0.20167000591754913,0.21262499690055847,0.1974329948425293,0.20820799469947815,55599731
2021-10-14,0.2088250070810318,0.2178570032119751,0.20033900439739227,0.20165200531482697,56820031
2021-10-15,0.20951899886131287,0.21973900496959686,0.19796599447727203,0.20915299654006958,71702150
2021-10-16,0.2075749933719635,0.21824400126934052,0.2057429999113083,0.2098200023174286,48399203
2021-10-17,0.20251500606536865,0.21278099715709686,0.19504399597644806,0.20737500488758087,42671932
2021-10-18,0.1946129947900772,0.20548699796199799,0.18842299282550812,0.20275099575519562,47755037
2021-10-19,0.19055800139904022,0.19561000168323517,0.1873839944601059,0.19468599557876587,38971103
2021-10-20,0.19808000326156616,0.20306900143623352,0.18812599778175354,0.1905509978532791,44704522
2021-10-21,0.18847300112247467,0.20071400701999664,0.1883769929409027,0.19809399545192719,50536840
2021-10-22,0.18485699594020844,0.19338299334049225,0.18315599858760834,0.18848299980163574,47612951
2021-10-23,0.18665699660778046,0.18665699660778046,0.18166400492191315,0.1851090043783188,36243111
2021-10-24,0.1804569959640503,0.18756799399852753,0.17699399590492249,0.18688400089740753,36930040
2021-10-25,0.18566299974918365,0.1989849954843521,0.17865200340747833,0.18062500655651093,66254505
2021-10-26,0.18496699631214142,0.19284400343894958,0.18370600044727325,0.18558600544929504,53349196
2021-10-27,0.1705469936132431,0.19825699925422668,0.1703210026025772,0.18469099700450897,57562766
2021-10-28,0.17924700677394867,0.1817760020494461,0.16997699439525604,0.17030400037765503,44116505
2021-10-29,0.1928039938211441,0.1947219967842102,0.17620700597763062,0.17899900674819946,50685154
2021-10-30,0.1868710070848465,0.19883500039577484,0.18333800137043,0.19300000369548798,41644293
2021-10-31,0.18360599875450134,0.1927340030670166,0.1782670021057129,0.18691599369049072,36320091
2021-11-01,0.1844329982995987,0.18726499378681183,0.17585299909114838,0.1837420016527176,39647034
2021-11-02,0.18851499259471893,0.1961349993944168,0.18306100368499756,0.18436899781227112,45345458
2021-11-03,0.20708000659942627,0.23436899483203888,0.18353000283241272,0.1885949969291687,98340359
2021-11-04,0.1994049996137619,0.22483199834823608,0.19256700575351715,0.20632100105285645,69440899
2021-11-05,0.1895979940891266,0.20024800300598145,0.18613199889659882,0.19952699542045593,37453641
2021-11-06,0.1923460066318512,0.1964700073003769,0.18221299350261688,0.18957899510860443,35484669
2021-11-07,0.2020529955625534,0.20457099378108978,0.18903300166130066,0.19237899780273438,39940261
2021-11-08,0.21054799854755402,0.22530199587345123,0.20082400739192963,0.20205900073051453,85467732
2021-11-09,0.2225320041179657,0.22704100608825684,0.2069990038871765,0.21028299629688263,58214954
2021-11-10,0.19727900624275208,0.22773000597953796,0.1922750025987625,0.2225479930639267,60290581
2021-11-11,0.23035100102424622,0.23396199941635132,0.19383500516414642,0.19699400663375854,74440942
2021-11-12,0.22479499876499176,0.27462801337242126,0.2243880033493042,0.23015600442886353,186361066
2021-11-13,0.23019300401210785,0.2418929934501648,0.22335900366306305,0.22496500611305237,56133316
2021-11-14,0.22454699873924255,0.23006799817085266,0.21513299643993378,0.22991499304771423,49751651
2021-11-15,0.21357500553131104,0.23988300561904907,0.21187199652194977,0.22489899396896362,46073130
2021-11-16,0.21034300327301025,0.22193999588489532,0.19711999595165253,0.21345099806785583,45646341
2021-11-17,0.2588120102882385,0.2768070101737976,0.19822800159454346,0.2103089988231659,202346331
2021-11-18,0.30645498633384705,0.3262549936771393,0.21063999831676483,0.2600399851799011,433319729
2021-11-19,0.2681269943714142,0.3165999948978424,0.2354229986667633,0.3046869933605194,484114907
2021-11-20,0.29565000534057617,0.30902498960494995,0.2648890018463135,0.2676379978656769,265498819
2021-11-21,0.4165639877319336,0.4637809991836548,0.2871919870376587,0.2960839867591858,909658408
2021-11-22,0.3585909903049469,0.44365599751472473,0.3507919907569885,0.41604599356651306,408769952
2021-11-23,0.413998007774353,0.459102988243103,0.3522399961948395,0.3596070110797882,502917396
2021-11-24,0.4090909957885742,0.4430199861526489,0.38203901052474976,0.41390201449394226,507020769
2021-11-25,0.3697980046272278,0.4024690091609955,0.35938701033592224,0.3917370140552521,315319604
2021-11-26,0.31900399923324585,0.3641909956932068,0.2989700138568878,0.3620249927043915,237338949
2021-11-27,0.30660900473594666,0.3418950140476227,0.3025969862937927,0.31861400604248047,132321233
2021-11-28,0.32865598797798157,0.35274800658226013,0.2732279896736145,0.3068059980869293,220085825
2021-11-29,0.3303529918193817,0.35623699426651,0.3015730082988739,0.32929500937461853,212479649
2021-11-30,0.30459898710250854,0.34872499108314514,0.30169999599456787,0.33035799860954285,182195924
2021-12-01,0.3119100034236908,0.3317610025405884,0.3018769919872284,0.3039279878139496,139967066
2021-12-02,0.3337419927120209,0.338034987449646,0.29941800236701965,0.31337299942970276,156167106
2021-12-03,0.31289198994636536,0.36458098888397217,0.3043679893016815,0.33261099457740784,238332043
2021-12-04,0.27415400743484497,0.3143030107021332,0.2338539958000183,0.31395500898361206,186277530
2021-12-05,0.2442609965801239,0.28019899129867554,0.23856499791145325,0.27368399500846863,121974993
2021-12-06,0.2599700093269348,0.26921799778938293,0.2062229961156845,0.2447270005941391,179696582
2021-12-07,0.2552509903907776,0.27847298979759216,0.24616999924182892,0.2602660059928894,125477643
2021-12-08,0.26447001099586487,0.27407601475715637,0.23508700728416443,0.25475600361824036,129386691
2021-12-09,0.2410929948091507,0.26674801111221313,0.23403300344944,0.26427900791168213,102712099
2021-12-10,0.233241006731987,0.25335800647735596,0.2308579981327057,0.2409670054912567,91967141
2021-12-11,0.26253101229667664,0.27482399344444275,0.2311609983444214,0.23399700224399567,120842444
2021-12-12,0.29665398597717285,0.31566399335861206,0.25798699259757996,0.2621319890022278,194874533
2021-12-13,0.27216199040412903,0.34359899163246155,0.2590569853782654,0.29698899388313293,304112155
2021-12-14,0.26167699694633484,0.31340500712394714,0.26030901074409485,0.2730169892311096,197426136
2021-12-15,0.2730970084667206,0.2823219895362854,0.25060901045799255,0.2767060101032257,149573906
2021-12-16,0.2597210109233856,0.28529098629951477,0.2592979967594147,0.27388298511505127,110956468
2021-12-17,0.2533079981803894,0.2679240107536316,0.24508699774742126,0.2598330080509186,109115443
2021-12-18,0.2624950110912323,0.26916399598121643,0.2445259988307953,0.2535730004310608,87418556
2021-12-19,0.2626760005950928,0.27654901146888733,0.2565929889678955,0.26240798830986023,87318260
2021-12-20,0.2512330114841461,0.26499098539352417,0.2404720038175583,0.26264598965644836,100934649
2021-12-21,0.2613379955291748,0.2647309899330139,0.2426539957523346,0.25140100717544556,85045373
2021-12-22,0.2699199914932251,0.2858560085296631,0.2587049901485443,0.2618339955806732,106988851
2021-12-23,0.31731098890304565,0.329257994890213,0.2671949863433838,0.27004900574684143,221616552
2021-12-24,0.304394006729126,0.32983601093292236,0.3001590073108673,0.3176310062408447,120742300
2021-12-25,0.34180599451065063,0.35455000400543213,0.30420199036598206,0.30445700883865356,166440279
2021-12-26,0.36832600831985474,0.3789930045604706,0.31405898928642273,0.34178999066352844,264625648
2021-12-27,0.34134700894355774,0.3858279883861542,0.341060996055603,0.368135005235672,169781323
2021-12-28,0.34116101264953613,0.36847901344299316,0.3283959925174713,0.34141600131988525,188671762
2021-12-29,0.37635499238967896,0.404446005821228,0.3411230146884918,0.3411230146884918,352355876
2021-12-30,0.41350600123405457,0.4296570122241974,0.3622640073299408,0.3776269853115082,300395278
2021-12-31,0.4298050105571747,0.4430469870567322,0.39319199323654175,0.4135259985923767,286004014
2022-01-01,0.4462909996509552,0.45403799414634705,0.42700400948524475,0.429639995098114,224758502
2022-01-02,0.41582998633384705,0.44676798582077026,0.4070650041103363,0.4461889863014221,172826156
2022-01-03,0.4259229898452759,0.4395500123500824,0.3908360004425049,0.41585901379585266,269186452
2022-01-04,0.4023370146751404,0.4456849992275238,0.40154099464416504,0.4259060025215149,197899876
2022-01-05,0.3848859965801239,0.42491498589515686,0.3429589867591858,0.4023570120334625,254892223
2022-01-06,0.39783599972724915,0.4062129855155945,0.35714200139045715,0.3844529986381531,298513008
2022-01-07,0.35738998651504517,0.3978079855442047,0.3522469997406006,0.3978079855442047,234995249
2022-01-08,0.3446410000324249,0.3851569890975952,0.33373600244522095,0.3574270009994507,215628212
2022-01-09,0.33836299180984497,0.34777599573135376,0.3202719986438751,0.34464699029922485,192538112
2022-01-10,0.3612309992313385,0.36739400029182434,0.30450600385665894,0.338360995054245,281614188
2022-01-11,0.4468590021133423,0.4496000111103058,0.36118799448013306,0.36118799448013306,593005954
2022-01-12,0.5192559957504272,0.5345590114593506,0.44432300329208374,0.4470210075378418,797394124
2022-01-13,0.4957059919834137,0.535385012626648,0.4776569902896881,0.5192409753799438,435996418
2022-01-14,0.5678859949111938,0.5789480209350586,0.47893399000167847,0.4955720007419586,522495092
2022-01-15,0.5658280253410339,0.5963580012321472,0.5559520125389099,0.567816972732544,376868384
2022-01-16,0.5205349922180176,0.566881000995636,0.5179629921913147,0.5657560229301453,319003919
2022-01-17,0.49856001138687134,0.5472390055656433,0.4860430061817169,0.5208280086517334,411864226
2022-01-18,0.48223501443862915,0.5324850082397461,0.4606640040874481,0.4986859858036041,376723333
2022-01-19,0.454926997423172,0.513670027256012,0.45472100377082825,0.4821619987487793,336833394
2022-01-20,0.41866499185562134,0.4824349880218506,0.411967009305954,0.4549340009689331,104592404
2022-01-21,0.36656200885772705,0.4329400062561035,0.3558659851551056,0.41909900307655334,382363511
2022-01-22,0.3062649965286255,0.3846510052680969,0.2834480106830597,0.3670240044593811,411709203
2022-01-23,0.35230299830436707,0.36892399191856384,0.3059239983558655,0.30657899379730225,343761664
2022-01-24,0.3254159986972809,0.35221898555755615,0.28902098536491394,0.35221898555755615,381211941
2022-01-25,0.3180750012397766,0.33818700909614563,0.3023200035095215,0.3256640136241913,279989530
2022-01-26,0.3149999976158142,0.35531100630760193,0.3041659891605377,0.3180060088634491,332530191
2022-01-27,0.311383992433548,0.3256640136241913,0.2965719997882843,0.31481999158859253,185021662
2022-01-28,0.3109549880027771,0.31529700756073,0.2912609875202179,0.3115270137786865,169027757
2022-01-29,0.32498401403427124,0.3411079943180084,0.30864301323890686,0.3109869956970215,174058622
2022-01-30,0.3141779899597168,0.33152899146080017,0.30859699845314026,0.32515600323677063,103248260
2022-01-31,0.3228279948234558,0.327237993478775,0.29811298847198486,0.3142490088939667,130106255
2022-02-01,0.32712098956108093,0.341729998588562,0.3218739926815033,0.3227919936180115,131320708
2022-02-02,0.3283419907093048,0.3540720045566559,0.3238849937915802,0.3270690143108368,206880229
2022-02-03,0.3335449993610382,0.3335449993610382,0.30935999751091003,0.328125,149380879
2022-02-04,0.35497400164604187,0.35704100131988525,0.3235880136489868,0.3336850106716156,219487871
2022-02-05,0.34953001141548157,0.37453100085258484,0.3462350070476532,0.3552109897136688,189174851
2022-02-06,0.36504000425338745,0.3669770061969757,0.34434300661087036,0.3495689928531647,151101777
2022-02-07,0.38260000944137573,0.39548200368881226,0.35348600149154663,0.36515799164772034,235550866
2022-02-08,0.3655659854412079,0.38838300108909607,0.35519400238990784,0.3826979994773865,182990951
2022-02-09,0.3761720061302185,0.3844510018825531,0.3575440049171448,0.3653950095176697,146064072
2022-02-10,0.3447380065917969,0.3776560127735138,0.3426179885864258,0.37610799074172974,254518347
2022-02-11,0.3171580135822296,0.35137999057769775,0.3097879886627197,0.3447369933128357,205843719
2022-02-12,0.31232699751853943,0.32523900270462036,0.301147997379303,0.3172059953212738,162999292
2022-02-13,0.2921859920024872,0.31877899169921875,0.28827500343322754,0.312267005443573,151196699
2022-02-14,0.2924709916114807,0.29916200041770935,0.27809199690818787,0.29179999232292175,162461503
2022-02-15,0.31816598773002625,0.31962600350379944,0.2924259901046753,0.29252099990844727,195655875
2022-02-16,0.30831199884414673,0.32150399684906006,0.30004701018333435,0.31824201345443726,146731777
2022-02-17,0.28751400113105774,0.3146530091762543,0.2814280092716217,0.3082990050315857,179214553
2022-02-18,0.26865899562835693,0.2962520122528076,0.26556000113487244,0.2877289950847626,139187228
2022-02-19,0.2640959918498993,0.272938996553421,0.2551569938659668,0.26867198944091797,136206920
2022-02-20,0.24455800652503967,0.2641730010509491,0.23896099627017975,0.26409199833869934,126554005
2022-02-21,0.22367599606513977,0.2632870078086853,0.22271999716758728,0.2445099949836731,212531886
2022-02-22,0.23072800040245056,0.23159000277519226,0.21264800429344177,0.22372399270534515,186175262
2022-02-23,0.22253000736236572,0.24619799852371216,0.22250500321388245,0.23058000206947327,165622718
2022-02-24,0.21367600560188293,0.22248899936676025,0.18259300291538239,0.22205300629138947,319201648
2022-02-25,0.22623300552368164,0.23121100664138794,0.2070849984884262,0.2138269990682602,191928107
2022-02-26,0.22946199774742126,0.2420710027217865,0.2246360033750534,0.22628100216388702,153686459
2022-02-27,0.21422000229358673,0.2394530028104782,0.2124509960412979,0.22928500175476074,150077929
2022-02-28,0.25727200508117676,0.26225900650024414,0.21027399599552155,0.21416500210762024,273649678
2022-03-01,0.2579129934310913,0.27340298891067505,0.2516379952430725,0.25735101103782654,274645463
2022-03-02,0.2632859945297241,0.27109798789024353,0.25286298990249634,0.2579819858074188,216404927
2022-03-03,0.2504580020904541,0.27154698967933655,0.24315199255943298,0.2632960081100464,196473438
2022-03-04,0.23705700039863586,0.25085699558258057,0.23151199519634247,0.25051000714302063,131861650
2022-03-05,0.2431900054216385,0.24659200012683868,0.23190900683403015,0.23720499873161316,79365944
2022-03-06,0.23394399881362915,0.24902600049972534,0.23300999402999878,0.2432049959897995,94660578
2022-03-07,0.21823500096797943,0.23646999895572662,0.215256005525589,0.2339940071105957,125038526
2022-03-08,0.2223079949617386,0.22347800433635712,0.21344000101089478,0.21816200017929077,114542764
2022-03-09,0.23977699875831604,0.24820099771022797,0.22208799421787262,0.22242699563503265,176958373
2022-03-10,0.2268349975347519,0.2451860010623932,0.220210999250412,0.23974299430847168,138639739
2022-03-11,0.21674099564552307,0.2294600009918213,0.21660099923610687,0.22690799832344055,114356627
2022-03-12,0.21767599880695343,0.22430500388145447,0.21667000651359558,0.21681100130081177,61242330
2022-03-13,0.2136719971895218,0.2221270054578781,0.21106399595737457,0.2175939977169037,63267055
2022-03-14,0.21436400711536407,0.2172510027885437,0.20594100654125214,0.2134760022163391,78840705
2022-03-15,0.20986099541187286,0.21446000039577484,0.20285199582576752,0.21438999474048615,69774406
2022-03-16,0.22853800654411316,0.23000499606132507,0.20676900446414948,0.20979399979114532,131515751
2022-03-17,0.22614599764347076,0.22951899468898773,0.22246800363063812,0.2284729927778244,78555628
2022-03-18,0.22940599918365479,0.230321004986763,0.21849800646305084,0.2261359989643097,87229223
2022-03-19,0.24724699556827545,0.25288400053977966,0.2290389984846115,0.22940200567245483,137360532
2022-03-20,0.2317029982805252,0.24841700494289398,0.22848999500274658,0.2473369985818863,100636898
2022-03-21,0.23894000053405762,0.24226300418376923,0.22544699907302856,0.2317660003900528,105728074
2022-03-22,0.25264599919319153,0.2750050127506256,0.23666700720787048,0.23892700672149658,235367421
2022-03-23,0.26526200771331787,0.2707099914550781,0.2495339959859848,0.25268399715423584,160283563
2022-03-24,0.2659449875354767,0.27104800939559937,0.2617669999599457,0.2652760148048401,106253813
2022-03-25,0.2610599994659424,0.279244989156723,0.25766101479530334,0.2659449875354767,86617934
2022-03-26,0.2648540139198303,0.2662999927997589,0.259676992893219,0.2610900104045868,41598995
2022-03-27,0.28781598806381226,0.29301899671554565,0.26159900426864624,0.26480498909950256,99044127
2022-03-28,0.27049198746681213,0.2907150089740753,0.2678999900817871,0.2878569960594177,104941768
2022-03-29,0.27366799116134644,0.2850619852542877,0.26579800248146057,0.27031901478767395,97239083
2022-03-30,0.28405600786209106,0.2986510097980499,0.271016001701355,0.2735480070114136,136350936
2022-03-31,0.2704310119152069,0.2941100001335144,0.2684729993343353,0.28405600786209106,100368964
2022-04-01,0.27736300230026245,0.28182700276374817,0.25837600231170654,0.2706669867038727,92132931
2022-04-02,0.2682099938392639,0.2872009873390198,0.2681789994239807,0.2773750126361847,90148125
2022-04-03,0.3042440116405487,0.3124549984931946,0.2656269967556,0.2684459984302521,167050211
2022-04-04,0.309349000453949,0.31613099575042725,0.28728601336479187,0.3044010102748871,228873621
2022-04-05,0.29860401153564453,0.33019399642944336,0.2974959909915924,0.3093309998512268,179410741
2022-04-06,0.2383670061826706,0.3205290138721466,0.23794400691986084,0.29862600564956665,201002904
2022-04-07,0.25778400897979736,0.2631019949913025,0.238646999001503,0.23907099664211273,163502166
2022-04-08,0.2530829906463623,0.2752699851989746,0.25016701221466064,0.25779199600219727,161850086
2022-04-09,0.26406100392341614,0.2699669897556305,0.25303399562835693,0.25303399562835693,85044380
2022-04-10,0.2537739872932434,0.26527100801467896,0.2531000077724457,0.2641279995441437,65056056
2022-04-11,0.22581300139427185,0.2551639974117279,0.22265200316905975,0.2535859942436218,89710652
2022-04-12,0.23193399608135223,0.24446900188922882,0.22090399265289307,0.2259259968996048,78983110
2022-04-13,0.24062800407409668,0.24166500568389893,0.22807499766349792,0.2318979948759079,67785165
2022-04-14,0.23159000277519226,0.24976299703121185,0.22878499329090118,0.2406100034713745,68343880
2022-04-15,0.23233799636363983,0.23516200482845306,0.22904999554157257,0.2315939962863922,31769657
2022-04-16,0.23222200572490692,0.23382499814033508,0.2272779941558838,0.232355996966362,27065978
2022-04-17,0.2218959927558899,0.2329079955816269,0.2208230048418045,0.23217999935150146,31147751
2022-04-18,0.2310580015182495,0.23135000467300415,0.21262599527835846,0.2219730019569397,56865542
2022-04-19,0.237746000289917,0.23953500390052795,0.22835500538349152,0.2310740053653717,55441863
2022-04-20,0.22921499609947205,0.24121400713920593,0.22318300604820251,0.2377060055732727,78515083
2022-04-21,0.21834500133991241,0.23264800012111664,0.2134850025177002,0.22919000685214996,55855418
2022-04-22,0.21814699470996857,0.22431999444961548,0.21648000180721283,0.2183160036802292,41697958
2022-04-23,0.21908000111579895,0.2220969945192337,0.21646800637245178,0.21815699338912964,32482392
2022-04-24,0.21571899950504303,0.2212730050086975,0.21456800401210785,0.21901699900627136,29162477
2022-04-25,0.23186899721622467,0.24595199525356293,0.19942599534988403,0.21581700444221497,179181058
2022-04-26,0.2117220014333725,0.2467000037431717,0.20741599798202515,0.23192599415779114,167425722
2022-04-27,0.21897900104522705,0.23128999769687653,0.21129700541496277,0.2117599993944168,104242524
2022-04-28,0.21457399427890778,0.22241400182247162,0.21188700199127197,0.21898099780082703,65695547
2022-04-29,0.19721299409866333,0.21540600061416626,0.19441699981689453,0.21447600424289703,55659665
2022-04-30,0.16727399826049805,0.19905699789524078,0.15484899282455444,0.19720299541950226,74219240
2022-05-01,0.17831100523471832,0.18422700464725494,0.16023799777030945,0.16724300384521484,92860211
2022-05-02,0.1702989935874939,0.18099500238895416,0.16432900726795197,0.17831900715827942,60429349
2022-05-03,0.16841299831867218,0.17628799378871918,0.16558800637722015,0.17057199776172638,47414959
2022-05-04,0.18791000545024872,0.18791000545024872,0.16813500225543976,0.16840499639511108,63747321
2022-05-05,0.1673399955034256,0.18970799446105957,0.16227099299430847,0.1879030019044876,72318886
2022-05-06,0.16169099509716034,0.16840699315071106,0.1570030003786087,0.16732099652290344,50610818
2022-05-07,0.15453900396823883,0.16190500557422638,0.14985300600528717,0.1617330014705658,33317197
2022-05-08,0.149494007229805,0.15554200112819672,0.14916999638080597,0.15455399453639984,49740242
2022-05-09,0.12281999737024307,0.15209299325942993,0.12281999737024307,0.14951500296592712,76766889
2022-05-10,0.12843400239944458,0.1415559947490692,0.11564700305461884,0.12251099944114685,102664371
2022-05-11,0.07826399803161621,0.13149799406528473,0.0758650004863739,0.12838299572467804,113048426
2022-05-12,0.0654740035533905,0.08348499983549118,0.05519599840044975,0.07824400067329407,114292104
2022-05-13,0.07042299956083298,0.08273900300264359,0.06445799767971039,0.0654359981417656,70959780
2022-05-14,0.07413099706172943,0.07465899735689163,0.06346700340509415,0.07046300172805786,47523432
2022-05-15,0.08628299832344055,0.08677399903535843,0.07038400322198868,0.07412999868392944,57613353
2022-05-16,0.07649599760770798,0.08628399670124054,0.07544399797916412,0.08628399670124054,63102639
2022-05-17,0.08447100222110748,0.08728499710559845,0.07649800181388855,0.07650899887084961,68839871
2022-05-18,0.06842400133609772,0.08642499893903732,0.06842400133609772,0.084477998316288,69860507
2022-05-19,0.07020699977874756,0.07272899895906448,0.06480400264263153,0.06840299814939499,84399070
2022-05-20,0.06627000123262405,0.07143799960613251,0.06334900110960007,0.07019899785518646,68232601
2022-05-21,0.06781399995088577,0.06904900074005127,0.06496100127696991,0.06624600291252136,60540983
2022-05-22,0.06863400340080261,0.0697920024394989,0.065700002014637,0.06785299628973007,43752161
2022-05-23,0.06589800119400024,0.07214300334453583,0.06484100222587585,0.06863000243902206,75654484
2022-05-24,0.06900999695062637,0.06915699690580368,0.06195700168609619,0.06591100245714188,61698897
2022-05-25,0.06928600370883942,0.07110899686813354,0.06657499819993973,0.06900600343942642,70503558
2022-05-26,0.06353600323200226,0.07551000267267227,0.06168200075626373,0.06932099908590317,104888896
2022-05-27,0.06101499870419502,0.06456000357866287,0.05975800007581711,0.06352400034666061,57258338
2022-05-28,0.06234399974346161,0.06285099685192108,0.06043599918484688,0.062185999006032944,32251308
2022-05-29,0.06560099869966507,0.06573300063610077,0.06092999875545502,0.06240500137209892,35653964
2022-05-30,0.0724639967083931,0.0731000006198883,0.06456500291824341,0.06556999683380127,81128595
2022-05-31,0.07915399968624115,0.07930000126361847,0.07003600150346756,0.07245399802923203,120744703
2022-06-01,0.06780300289392471,0.0792670026421547,0.0660799965262413,0.07918400317430496,112093806
2022-06-02,0.06864999979734421,0.06918799877166748,0.06592600047588348,0.06774400174617767,71943536
2022-06-03,0.06633400171995163,0.06870300322771072,0.06350100040435791,0.06865199655294418,57526779
2022-06-04,0.06828799843788147,0.06917999684810638,0.06501299887895584,0.06633900105953217,48319794
2022-06-05,0.06660100072622299,0.06873299926519394,0.06634999811649323,0.06829600036144257,37935466
2022-06-06,0.06842199712991714,0.0716409981250763,0.06650599837303162,0.06662300229072571,78009167
2022-06-07,0.06938599795103073,0.07121600210666656,0.06259500235319138,0.06836199760437012,97777494
2022-06-08,0.06609900295734406,0.0710040032863617,0.06515000015497208,0.06940700113773346,58176956
2022-06-09,0.06599400192499161,0.06808900088071823,0.06505399942398071,0.0660960003733635,55389283
2022-06-10,0.06241999939084053,0.06736200302839279,0.061625998467206955,0.06611300259828568,55686648
2022-06-11,0.057649001479148865,0.06362500041723251,0.05700099840760231,0.062424998730421066,43329546
2022-06-12,0.053631000220775604,0.05904899910092354,0.05256199836730957,0.057673998177051544,56806894
2022-06-13,0.04878399893641472,0.0536470003426075,0.04358899965882301,0.05352399870753288,104186716
2022-06-14,0.05093400180339813,0.053335998207330704,0.045719001442193985,0.04876499995589256,81564482
2022-06-15,0.054106999188661575,0.05412999913096428,0.046000998467206955,0.05091800168156624,77033363
2022-06-16,0.04711899906396866,0.05463600158691406,0.04605700075626373,0.05412000045180321,45368314
2022-06-17,0.047821998596191406,0.04961400106549263,0.04692000150680542,0.0471160002052784,30218564
2022-06-18,0.04481799900531769,0.048700001090765,0.04188400134444237,0.04782500118017197,43905333
2022-06-19,0.047616999596357346,0.04818899929523468,0.042406000196933746,0.044794999063014984,40578394
2022-06-20,0.048183999955654144,0.049531999975442886,0.04522499814629555,0.04760900139808655,38775866
2022-06-21,0.05300699919462204,0.05428500100970268,0.04731899872422218,0.04817600175738335,73132203
2022-06-22,0.05044599995017052,0.0554950013756752,0.050144001841545105,0.05306300148367882,83360783
2022-06-23,0.05336099863052368,0.05387699976563454,0.05044800043106079,0.05044800043106079,48484408
2022-06-24,0.055257998406887054,0.05653399974107742,0.05315599963068962,0.05333099886775017,49699052
2022-06-25,0.05530200153589249,0.05663200095295906,0.05253500118851662,0.055257998406887054,48490649
2022-06-26,0.05086199939250946,0.05653500184416771,0.05084099993109703,0.055222999304533005,42304895
2022-06-27,0.05178099870681763,0.05384400114417076,0.05019799992442131,0.050884000957012177,38259609
2022-06-28,0.05047199875116348,0.053752999752759933,0.04987400025129318,0.05177399888634682,35899043
2022-06-29,0.05072199925780296,0.05159199982881546,0.04907400161027908,0.05048000067472458,33302678
2022-06-30,0.04870599880814552,0.050815001130104065,0.045864999294281006,0.050735000520944595,35604277
2022-07-01,0.048760998994112015,0.050457000732421875,0.047276001423597336,0.04875599965453148,39917830
2022-07-02,0.048958998173475266,0.049564000219106674,0.04749999940395355,0.0488240011036396,27962385
2022-07-03,0.04813100025057793,0.04907400161027908,0.046734001487493515,0.04899799823760986,27012278
2022-07-04,0.05130700021982193,0.0514799989759922,0.04734800010919571,0.04812699928879738,29927044
2022-07-05,0.049678001552820206,0.05159899964928627,0.04889800027012825,0.051288001239299774,31549887
2022-07-06,0.05153200030326843,0.0520780012011528,0.04870200157165527,0.049710001796483994,28453078
2022-07-07,0.05268999934196472,0.05342099815607071,0.05121200159192085,0.05153699964284897,31003150
2022-07-08,0.05103899911046028,0.05400799959897995,0.05034099891781807,0.05269100144505501,35759835
2022-07-09,0.053254999220371246,0.054117001593112946,0.05087000131607056,0.05100100114941597,26949673
2022-07-10,0.0511230006814003,0.053957998752593994,0.05090299993753433,0.05325299873948097,22766763
2022-07-11,0.04670900106430054,0.05113400146365166,0.04659299924969673,0.0511230006814003,25194089
2022-07-12,0.04716600105166435,0.04830700159072876,0.046441998332738876,0.04672100022435188,22602014
2022-07-13,0.049483999609947205,0.049483999609947205,0.04555099830031395,0.04719899967312813,32892231
2022-07-14,0.04946799948811531,0.050241000950336456,0.04747200012207031,0.0494999997317791,29507823
2022-07-15,0.050645001232624054,0.05212000012397766,0.04900500178337097,0.049483999609947205,34828923
2022-07-16,0.051920998841524124,0.05289899930357933,0.04975099861621857,0.05064599961042404,25602789
2022-07-17,0.05180799961090088,0.053606998175382614,0.05104399845004082,0.05193600058555603,31834442
2022-07-18,0.05718600004911423,0.05821600183844566,0.05181699991226196,0.05181699991226196,56456743
2022-07-19,0.06019299849867821,0.06142500042915344,0.05476199835538864,0.0570949986577034,63142200
2022-07-20,0.05600399896502495,0.06269100308418274,0.05563800036907196,0.06015999987721443,48291409
2022-07-21,0.05589799955487251,0.05677599832415581,0.05292699858546257,0.055991001427173615,40274249
2022-07-22,0.05386799946427345,0.058166999369859695,0.05278699845075607,0.0558990016579628,37768656
2022-07-23,0.054023001343011856,0.05543699860572815,0.05221199989318848,0.05384400114417076,28611287
2022-07-24,0.05278899893164635,0.055980999022722244,0.052427999675273895,0.054009001702070236,33898064
2022-07-25,0.047919999808073044,0.05332700163125992,0.04791399836540222,0.05279200151562691,36451402
2022-07-26,0.04902299866080284,0.04902299866080284,0.04667999967932701,0.04792200028896332,28379061
2022-07-27,0.05288200080394745,0.05289100110530853,0.047603998333215714,0.049017999321222305,35082211
2022-07-28,0.07154899835586548,0.0726189985871315,0.05177199840545654,0.0529169999063015,195520797
2022-07-29,0.07986100018024445,0.08420900255441666,0.06751400232315063,0.07190299779176712,278797841
2022-07-30,0.08487299829721451,0.08774799853563309,0.07279399782419205,0.07983999699354172,199549626
2022-07-31,0.0840430036187172,0.09491900354623795,0.08204299956560135,0.08485600352287292,225223117
2022-08-01,0.08079300075769424,0.09238799661397934,0.07792600244283676,0.0840189978480339,121443366
2022-08-02,0.08606699854135513,0.08908899873495102,0.07625000178813934,0.08076199889183044,106450926
2022-08-03,0.0810910016298294,0.08779100328683853,0.08026300370693207,0.08610600233078003,76654869
2022-08-04,0.08102600276470184,0.08452700078487396,0.07769100368022919,0.08110000193119049,56941070
2022-08-05,0.08335399627685547,0.08489199727773666,0.08039599657058716,0.08101700246334076,67024305
2022-08-06,0.08569499850273132,0.09024299681186676,0.08277100324630737,0.0833749994635582,87607791
2022-08-07,0.10672400146722794,0.1084199994802475,0.08364199846982956,0.08570999652147293,215663967
2022-08-08,0.11192400008440018,0.11305099725723267,0.10245099663734436,0.10673800110816956,191901499
2022-08-09,0.10296300053596497,0.11512800306081772,0.09922099858522415,0.11239100247621536,142317275
2022-08-10,0.10419700294733047,0.1091269999742508,0.09738299995660782,0.10295599699020386,114017442
2022-08-11,0.09831000119447708,0.1052900031208992,0.09771999716758728,0.10418999940156937,69845640
2022-08-12,0.10036300122737885,0.1012519970536232,0.09594699740409851,0.09831800311803818,48464819
2022-08-13,0.09682700037956238,0.10304699838161469,0.09635599702596664,0.10038600116968155,46854354
2022-08-14,0.09306599944829941,0.10109200328588486,0.09097400307655334,0.09686700254678726,53056205
2022-08-15,0.09527000039815903,0.09829899668693542,0.09124799817800522,0.09307000041007996,57534240
2022-08-16,0.09003400057554245,0.09579899907112122,0.08974599838256836,0.09521199762821198,56140794
2022-08-17,0.08568400144577026,0.09371200203895569,0.08484899997711182,0.09003599733114243,59524640
2022-08-18,0.07706599682569504,0.08759400248527527,0.07471200078725815,0.0857589989900589,47005992
2022-08-19,0.07202599942684174,0.07768899947404861,0.06988999992609024,0.0770770013332367,81149100
2022-08-20,0.0684249997138977,0.07347500324249268,0.06631100177764893,0.07200100272893906,54878745
2022-08-21,0.06859199702739716,0.07058099657297134,0.0674080029129982,0.06839299947023392,36340774
2022-08-22,0.06842300295829773,0.06880500167608261,0.06373299658298492,0.06859099864959717,39369963
2022-08-23,0.07298800349235535,0.07346899807453156,0.06708800047636032,0.06840000301599503,75867949
2022-08-24,0.07099699974060059,0.07426200062036514,0.06992200016975403,0.07294099777936935,45984342
2022-08-25,0.06987500190734863,0.07338500022888184,0.069022998213768,0.07101300358772278,44497949
2022-08-26,0.06310500204563141,0.07041499763727188,0.06255599856376648,0.06986699998378754,57823274
2022-08-27,0.06440400332212448,0.06582999974489212,0.0627639964222908,0.06312599778175354,31418379
2022-08-28,0.06232399865984917,0.06617700308561325,0.06232399865984917,0.06440500169992447,23650030
2022-08-29,0.06639199703931808,0.06645499914884567,0.0608149990439415,0.06234699860215187,37221150
2022-08-30,0.06319800019264221,0.06748799979686737,0.061625998467206955,0.06641200184822083,42292290
2022-08-31,0.062139999121427536,0.065761998295784,0.06181199848651886,0.06323599815368652,32393895
2022-09-01,0.06425900012254715,0.06435099989175797,0.060398999601602554,0.062144000083208084,34299616
2022-09-02,0.06492500007152557,0.06689000129699707,0.06316599994897842,0.06425199657678604,42375579
2022-09-03,0.06286200135946274,0.06593699753284454,0.061845000833272934,0.06497299671173096,26115328
2022-09-04,0.06471899896860123,0.06473399698734283,0.062268998473882675,0.06286299973726273,20500773
2022-09-05,0.06398499757051468,0.06527499854564667,0.06252700090408325,0.06471899896860123,24151117
2022-09-06,0.057691000401973724,0.06551100313663483,0.05767200142145157,0.06402900069952011,48117185
2022-09-07,0.06022199988365173,0.061365000903606415,0.05628599971532822,0.05766800045967102,39894787
2022-09-08,0.06038599833846092,0.06076199933886528,0.05886099860072136,0.060214001685380936,30453118
2022-09-09,0.06954199820756912,0.06954199820756912,0.06034599989652634,0.060408998280763626,60193813
2022-09-10,0.0659250020980835,0.06970799714326859,0.0649849995970726,0.06942100077867508,55839595
2022-09-11,0.06520599871873856,0.0673229992389679,0.0638199970126152,0.06591500341892242,36914650
2022-09-12,0.06464499980211258,0.06788700073957443,0.06329700350761414,0.06520099937915802,53875442
2022-09-13,0.06048300117254257,0.0653579980134964,0.05899700149893761,0.06463800370693207,56238397
2022-09-14,0.060586001724004745,0.06093500182032585,0.05849900096654892,0.05959499999880791,30187019
2022-09-15,0.05909299850463867,0.06136300042271614,0.05836600065231323,0.06057700142264366,36925686
2022-09-16,0.06098899990320206,0.0617079995572567,0.05852700024843216,0.05909999832510948,30599433
2022-09-17,0.062415000051259995,0.06242600083351135,0.06099399924278259,0.06099399924278259,17100761
2022-09-18,0.05714999884366989,0.06250400096178055,0.05535700172185898,0.062362998723983765,27789510
2022-09-19,0.05818700045347214,0.05853400006890297,0.05548899993300438,0.057151999324560165,32229564
2022-09-20,0.0568309985101223,0.05889499932527542,0.05652400106191635,0.05819899961352348,27090899
2022-09-21,0.05490599945187569,0.05915199965238571,0.05358700081706047,0.05684499815106392,44993285
2022-09-22,0.05847899988293648,0.058935001492500305,0.05451999977231026,0.05482599884271622,27060888
2022-09-23,0.06485100090503693,0.06610900163650513,0.05665900185704231,0.058479998260736465,66144516
2022-09-24,0.06106099858880043,0.06634599715471268,0.06055700033903122,0.06483100354671478,54288659
2022-09-25,0.06089099869132042,0.062081001698970795,0.059358999133110046,0.061048999428749084,26897759
2022-09-26,0.0619020015001297,0.06310500204563141,0.060506001114845276,0.06090100109577179,39210214
2022-09-27,0.06053699925541878,0.06332200020551682,0.059730999171733856,0.06190299987792969,40734322
2022-09-28,0.060864999890327454,0.06195500120520592,0.057792000472545624,0.06052500009536743,31807406
2022-09-29,0.06205499917268753,0.06256400048732758,0.06049399822950363,0.06085899844765663,35060710
2022-09-30,0.06100200116634369,0.06228199973702431,0.06049700081348419,0.0620650015771389,28664664
2022-10-01,0.060524001717567444,0.06151600182056427,0.06045300140976906,0.06100299954414368,11199155
2022-10-02,0.05836699903011322,0.06095299869775772,0.05821099877357483,0.06052599847316742,18206469
2022-10-03,0.060228001326322556,0.060332998633384705,0.05793499946594238,0.0583610013127327,22112342
2022-10-04,0.061129000037908554,0.06179099902510643,0.059765998274087906,0.06021999940276146,23952223
2022-10-05,0.06069499999284744,0.06142599880695343,0.05937200039625168,0.061121001839637756,20219094
2022-10-06,0.05925999954342842,0.06111399829387665,0.059101998805999756,0.060679998248815536,22688844
2022-10-07,0.05898800119757652,0.059773001819849014,0.058469001203775406,0.0592770017683506,17668000
2022-10-08,0.058451998978853226,0.059140000492334366,0.058031998574733734,0.059000998735427856,9848678
2022-10-09,0.05911500006914139,0.05943800136446953,0.0583919994533062,0.058494001626968384,10142741
2022-10-10,0.057071998715400696,0.059856001287698746,0.057071998715400696,0.05912100151181221,15543104
2022-10-11,0.05584099888801575,0.057057999074459076,0.05521500110626221,0.057057999074459076,28533298
2022-10-12,0.05598499998450279,0.0565899983048439,0.055730998516082764,0.05584900081157684,12410658
2022-10-13,0.05515899881720543,0.056203000247478485,0.05056000128388405,0.05606900155544281,47752010
2022-10-14,0.0543459989130497,0.05684899911284447,0.05380300059914589,0.05516500025987625,25079587
2022-10-15,0.05476199835538864,0.0556039996445179,0.054016999900341034,0.05435299873352051,13552718
2022-10-16,0.056053999811410904,0.056843001395463943,0.054770998656749725,0.054770998656749725,12976348
2022-10-17,0.05816499888896942,0.058281999081373215,0.055507998913526535,0.056056998670101166,20141637
2022-10-18,0.057036999613046646,0.05872400104999542,0.05629799887537956,0.05816100165247917,22918964
2022-10-19,0.057684000581502914,0.0596579983830452,0.05639300122857094,0.05704199895262718,32976369
2022-10-20,0.056122999638319016,0.05864199995994568,0.05546899884939194,0.05768299847841263,25998344
2022-10-21,0.05767599865794182,0.057847000658512115,0.05437900125980377,0.056122999638319016,20947557
2022-10-22,0.05842899903655052,0.0589900016784668,0.05715499818325043,0.057673998177051544,23612868
2022-10-23,0.060068000108003616,0.06044499948620796,0.057920001447200775,0.058435000479221344,24058021
2022-10-24,0.05933700129389763,0.06057000160217285,0.05854500085115433,0.060068998485803604,22141480
2022-10-25,0.0607060007750988,0.061914000660181046,0.05820100009441376,0.05934799835085869,30059996
2022-10-26,0.06335499882698059,0.06533200293779373,0.06040100008249283,0.06069000065326691,54360909
2022-10-27,0.06190099939703941,0.06613200157880783,0.0609470009803772,0.06335899978876114,41719393
2022-10-28,0.06287900358438492,0.06382600218057632,0.06075799837708473,0.061903998255729675,27648036
2022-10-29,0.0639370009303093,0.06547100096940994,0.06275399774312973,0.06287500262260437,32968942
2022-10-30,0.06204500049352646,0.06567300111055374,0.061319999396800995,0.06392999738454819,29213603
2022-10-31,0.060690999031066895,0.06255099922418594,0.06019800156354904,0.062036000192165375,26679050
2022-11-01,0.05996999889612198,0.061539001762866974,0.05973700061440468,0.0606830008327961,19034983
2022-11-02,0.058164000511169434,0.060531001538038254,0.05686400085687637,0.06007299944758415,34906643
2022-11-03,0.06156200170516968,0.06354700028896332,0.05814199894666672,0.05814399942755699,45487269
2022-11-04,0.07190600037574768,0.07236400246620178,0.06132100149989128,0.06155499815940857,78252028
2022-11-05,0.0683870017528534,0.0720909982919693,0.06756400316953659,0.07197699695825577,51390461
2022-11-06,0.06444200128316879,0.06981900334358215,0.06441400200128555,0.06837800145149231,37218065
2022-11-07,0.06707199662923813,0.06948299705982208,0.06338199973106384,0.06442999839782715,45893649
2022-11-08,0.05666999891400337,0.06843400001525879,0.051603998988866806,0.06706199795007706,91165087
2022-11-09,0.046564001590013504,0.056742001324892044,0.04492500051856041,0.05670199915766716,71363052
2022-11-10,0.05242300033569336,0.05423799902200699,0.046091001480817795,0.04657600075006485,53528194
2022-11-11,0.049316998571157455,0.053033001720905304,0.04768500104546547,0.05240900069475174,31471724
2022-11-12,0.046587999910116196,0.04946799948811531,0.04608999937772751,0.049400001764297485,18299918
2022-11-13,0.046107999980449677,0.04811999946832657,0.045267000794410706,0.046592000871896744,19193932
2022-11-14,0.04604800045490265,0.04769999906420708,0.04320000112056732,0.04611000046133995,27611856
2022-11-15,0.04690900072455406,0.04873500019311905,0.04565799981355667,0.0461140014231205,21269235
2022-11-16,0.04660499840974808,0.04773499816656113,0.04523700103163719,0.046914998441934586,18732649
2022-11-17,0.04663600027561188,0.047106001526117325,0.045876000076532364,0.04671600088477135,13851026
2022-11-18,0.04693499952554703,0.04789000004529953,0.046351999044418335,0.04662400111556053,15746018
2022-11-19,0.04649899899959564,0.046939000487327576,0.04559500142931938,0.046939000487327576,12696048
2022-11-20,0.04372499883174896,0.046619001775979996,0.04356300085783005,0.0465020015835762,16862318
2022-11-21,0.04393300041556358,0.04454600065946579,0.04218199849128723,0.04372600093483925,22938089
2022-11-22,0.04591500014066696,0.046560000628232956,0.042791999876499176,0.043921999633312225,22067881
2022-11-23,0.046939998865127563,0.04700300097465515,0.04562000185251236,0.045931000262498856,23089944
2022-11-24,0.046372998505830765,0.047106001526117325,0.04586400091648102,0.04696099832653999,22575168
2022-11-25,0.04528599977493286,0.04640499874949455,0.04455000162124634,0.04640499874949455,21662147
2022-11-26,0.04563499987125397,0.04697699844837189,0.045072998851537704,0.045285001397132874,14386478
2022-11-27,0.046264998614788055,0.0480090007185936,0.04554799944162369,0.045600999146699905,20692062
2022-11-28,0.04537799954414368,0.04721200093626976,0.0443589985370636,0.046247001737356186,15924556
2022-11-29,0.04570699855685234,0.04642200097441673,0.04490699991583824,0.04537099972367287,11771322
2022-11-30,0.04762199893593788,0.04778800159692764,0.04570100083947182,0.04570100083947182,17150610
2022-12-01,0.04669100046157837,0.04790399968624115,0.04645400121808052,0.04759800061583519,13598783
2022-12-02,0.047864001244306564,0.048006001859903336,0.04587800055742264,0.04670500010251999,15271969
2022-12-03,0.046445999294519424,0.04798100143671036,0.046445999294519424,0.047853998839855194,10151056
2022-12-04,0.04717300087213516,0.047557998448610306,0.04646800085902214,0.04646899923682213,11610688
2022-12-05,0.04631299898028374,0.048232000321149826,0.04606499895453453,0.047161001712083817,14615295
2022-12-06,0.046087998896837234,0.046567000448703766,0.045687999576330185,0.04630599915981293,11423308
2022-12-07,0.043914999812841415,0.04621199890971184,0.043692998588085175,0.046084001660346985,16700745
2022-12-08,0.04456299915909767,0.0448249988257885,0.04344499856233597,0.04391400143504143,14163123
2022-12-09,0.044449999928474426,0.045278001576662064,0.04417100176215172,0.04456299915909767,9833856
2022-12-10,0.04493499919772148,0.04526299983263016,0.04443800076842308,0.044449999928474426,7783982
2022-12-11,0.04452899843454361,0.045545998960733414,0.044411998242139816,0.0449410006403923,8200078
2022-12-12,0.04352099820971489,0.04540000110864639,0.04288699850440025,0.04450500011444092,28793789
2022-12-13,0.044578999280929565,0.044794999063014984,0.04219000041484833,0.043512001633644104,30204064
2022-12-14,0.04387899860739708,0.045159000903367996,0.04368700087070465,0.044596001505851746,15222378
2022-12-15,0.042167000472545624,0.043974000960588455,0.042034000158309937,0.04387599974870682,12770812
2022-12-16,0.037470001727342606,0.04307999834418297,0.03704499825835228,0.042167000472545624,23269944
2022-12-17,0.03824999928474426,0.038467999547719955,0.03678999841213226,0.03747599944472313,13761138
2022-12-18,0.0382159985601902,0.038888998329639435,0.03767000138759613,0.038252998143434525,8089318
2022-12-19,0.035666998475790024,0.03872000053524971,0.035193998366594315,0.0382240004837513,13411654
2022-12-20,0.03657300025224686,0.037050001323223114,0.035606998950242996,0.035672999918460846,12115542
2022-12-21,0.03449000045657158,0.03657500073313713,0.034060001373291016,0.03657500073313713,13967511
2022-12-22,0.03466299921274185,0.03482000157237053,0.03349500149488449,0.03449099883437157,12818964
2022-12-23,0.034449998289346695,0.0354669988155365,0.03435400128364563,0.03466299921274185,10811992
2022-12-24,0.03534400090575218,0.03537699952721596,0.03432599827647209,0.03444800153374672,6886221
2022-12-25,0.035332001745700836,0.03540299832820892,0.03466099873185158,0.03535100072622299,7995561
2022-12-26,0.036414001137018204,0.03643700107932091,0.03503299877047539,0.03533099964261055,8414541
2022-12-27,0.03620700165629387,0.03666900098323822,0.035836998373270035,0.03641799837350845,9880767
2022-12-28,0.035638999193906784,0.036302000284194946,0.03437900170683861,0.036215998232364655,12887046
2022-12-29,0.03454999998211861,0.03600199893116951,0.03379900008440018,0.03564000129699707,10930670
2022-12-30,0.03393999859690666,0.03463200107216835,0.03353700041770935,0.03454799950122833,11494595
2022-12-31,0.03418000042438507,0.03457599878311157,0.033932000398635864,0.033932000398635864,6245006
2023-01-01,0.034853000193834305,0.0348690003156662,0.03405100107192993,0.034175001084804535,6911087
2023-01-02,0.03577800095081329,0.036056999117136,0.03446999937295914,0.03484499827027321,10671558
2023-01-03,0.03571600094437599,0.03611600026488304,0.03505999967455864,0.03579099848866463,8157995
2023-01-04,0.036692000925540924,0.03705799952149391,0.03557199984788895,0.03571400046348572,14284627
2023-01-05,0.03624099865555763,0.03703799843788147,0.036070000380277634,0.03671500086784363,10585081
2023-01-06,0.03714599832892418,0.037220001220703125,0.03529899939894676,0.03622699901461601,10639651
2023-01-07,0.037151999771595,0.037390999495983124,0.03675200045108795,0.037140000611543655,7521233
2023-01-08,0.0399480015039444,0.04032599925994873,0.036664001643657684,0.037144001573324203,26474484
2023-01-09,0.040042001754045486,0.04168599843978882,0.03953000158071518,0.039965998381376266,27360996
2023-01-10,0.04021399840712547,0.040640998631715775,0.03906799852848053,0.040029000490903854,16243935
2023-01-11,0.04100299999117851,0.04100799933075905,0.03827299922704697,0.040206000208854675,17466996
2023-01-12,0.04219700023531914,0.043327998369932175,0.03994400054216385,0.041416000574827194,36328791
2023-01-13,0.0452830009162426,0.0452830009162426,0.04171599820256233,0.0421999990940094,25998062
2023-01-14,0.04784199967980385,0.04885200038552284,0.0449570007622242,0.04527899995446205,52385119
2023-01-15,0.04940500110387802,0.050884999334812164,0.04598899930715561,0.04784499853849411,46397037
2023-01-16,0.04811999946832657,0.050345998257398605,0.04697500169277191,0.049407001584768295,32124425
2023-01-17,0.04801199957728386,0.05132799968123436,0.04740599915385246,0.048149000853300095,36086027
2023-01-18,0.04483500123023987,0.04937700182199478,0.044707998633384705,0.0480009987950325,48062876
2023-01-19,0.04536600038409233,0.04541800171136856,0.043143000453710556,0.04482100158929825,26416756
2023-01-20,0.049313001334667206,0.04932599887251854,0.044544998556375504,0.04536600038409233,30720239
2023-01-21,0.051020000129938126,0.05295199900865555,0.048976000398397446,0.049313001334667206,58022968
2023-01-22,0.05394800007343292,0.05739099904894829,0.050891000777482986,0.0510220006108284,74776378
2023-01-23,0.055105000734329224,0.0558600015938282,0.05353200063109398,0.05392200127243996,41225208
2023-01-24,0.05112399905920029,0.056478001177310944,0.05046600103378296,0.05507500097155571,34039773
2023-01-25,0.05513300001621246,0.05649099871516228,0.04978900030255318,0.05112700164318085,45266853
2023-01-26,0.055077001452445984,0.05789100006222725,0.05422100052237511,0.05522200092673302,36962921
2023-01-27,0.05570400133728981,0.05581200122833252,0.053419001400470734,0.05506499856710434,29556370
2023-01-28,0.05803700163960457,0.06030099838972092,0.05570400133728981,0.05570400133728981,60633372
2023-01-29,0.05874500051140785,0.05888700112700462,0.05684899911284447,0.05784900113940239,34110740
2023-01-30,0.0523810014128685,0.05910399928689003,0.051405999809503555,0.05873800069093704,43353871
2023-01-31,0.05347299948334694,0.05393899977207184,0.052278999239206314,0.052382998168468475,23767952
2023-02-01,0.056359000504016876,0.05684399977326393,0.05029800161719322,0.05344599857926369,40459003
2023-02-02,0.05460200086236,0.05873899906873703,0.054326001554727554,0.05635799840092659,37065401
2023-02-03,0.056363001465797424,0.056439001113176346,0.054044999182224274,0.05455600097775459,27234372
2023-02-04,0.05621600151062012,0.057204000651836395,0.054864998906850815,0.05635799840092659,20178924
2023-02-05,0.053507000207901,0.056814998388290405,0.052581001073122025,0.05621900036931038,29065072
2023-02-06,0.05378099903464317,0.05560699850320816,0.05330900102853775,0.05350000038743019,24348034
2023-02-07,0.06368699669837952,0.06503000110387802,0.053647998720407486,0.053773000836372375,103322381
2023-02-08,0.07182200253009796,0.07646799832582474,0.06319600343704224,0.06369800120592117,241883132
2023-02-09,0.06357499957084656,0.07318899780511856,0.062279000878334045,0.07192900031805038,130358866
2023-02-10,0.06216700002551079,0.06461100280284882,0.058692000806331635,0.06363099813461304,69960890
2023-02-11,0.0694350004196167,0.07189299911260605,0.06094999983906746,0.06215300038456917,127013563
2023-02-12,0.07572100311517715,0.08087500184774399,0.0689999982714653,0.0694350004196167,235150187
2023-02-13,0.07085800170898438,0.07762899994850159,0.06705600023269653,0.07570900022983551,142287813
2023-02-14,0.08184199780225754,0.08334899693727493,0.06665100157260895,0.07084699720144272,177325329
2023-02-15,0.08434300124645233,0.08478599786758423,0.0771230012178421,0.08182399719953537,192507737
2023-02-16,0.07448799908161163,0.08515399694442749,0.07416199892759323,0.08432000130414963,123675938
2023-02-17,0.07755199819803238,0.0792670026421547,0.07452099770307541,0.07452099770307541,80624351
2023-02-18,0.07600200176239014,0.0788939967751503,0.0751509964466095,0.07755900174379349,52922965
2023-02-19,0.07344000041484833,0.07812599837779999,0.07337699830532074,0.07598699629306793,65980165
2023-02-20,0.07554899901151657,0.07630699872970581,0.07188700139522552,0.07353299856185913,56721986
2023-02-21,0.07413399964570999,0.08262500166893005,0.07341299951076508,0.07558900117874146,127783384
2023-02-22,0.07290799915790558,0.07466199994087219,0.0686039999127388,0.07411099970340729,63528716
2023-02-23,0.07183100283145905,0.0753910019993782,0.07129400223493576,0.07291299849748611,44620772
2023-02-24,0.06762800365686417,0.07211700081825256,0.066430002450943,0.0718500018119812,49406864
2023-02-25,0.06582500040531158,0.06788100302219391,0.06313300132751465,0.06764700263738632,25062496
2023-02-26,0.06812000274658203,0.06909699738025665,0.06556499749422073,0.06581699848175049,26248342
2023-02-27,0.06684400141239166,0.06957799941301346,0.06565199792385101,0.06811899691820145,27727149
2023-02-28,0.06349500268697739,0.0681769996881485,0.06328199803829193,0.06684999912977219,23076142
2023-03-01,0.06646899878978729,0.06716600060462952,0.06343500316143036,0.06349799782037735,22187241
2023-03-02,0.06526400148868561,0.06647899746894836,0.0632070004940033,0.06647200137376785,18093599
2023-03-03,0.0596110001206398,0.06521700322628021,0.05641699954867363,0.06516300141811371,44583605
2023-03-04,0.05676800012588501,0.06031300127506256,0.055493999272584915,0.05960699915885925,20224857
2023-03-05,0.05754999816417694,0.059154998511075974,0.056612998247146606,0.056777000427246094,19733383
2023-03-06,0.05821499973535538,0.05866000056266785,0.056269001215696335,0.05755100026726723,20714493
2023-03-07,0.05594500154256821,0.059140000492334366,0.05454099923372269,0.058198001235723495,27825146
2023-03-08,0.05212999880313873,0.056237999349832535,0.0516589991748333,0.05594300106167793,26886158
2023-03-09,0.049084000289440155,0.05451900139451027,0.048496998846530914,0.05213399976491928,40950131
2023-03-10,0.04989200085401535,0.05042999982833862,0.04632899910211563,0.04908899962902069,41741649
2023-03-11,0.049199000000953674,0.05103199928998947,0.04639900103211403,0.049883000552654266,27172797
2023-03-12,0.054134998470544815,0.054134998470544815,0.04833900183439255,0.049199000000953674,33186972
2023-03-13,0.05977199971675873,0.059877000749111176,0.053481001406908035,0.05414000153541565,60448318
2023-03-14,0.0661730021238327,0.06867200136184692,0.05953799933195114,0.05982999876141548,88149416
2023-03-15,0.059432998299598694,0.06716900318861008,0.057415999472141266,0.06617899984121323,71681471
2023-03-16,0.05796800181269646,0.06034500151872635,0.05674099922180176,0.059432998299598694,52633576
2023-03-17,0.06514900177717209,0.06514900177717209,0.05719900131225586,0.05796299874782562,54815478
2023-03-18,0.06068800017237663,0.06638400256633759,0.06042100116610527,0.06515000015497208,50603018
2023-03-19,0.0635249987244606,0.06539899855852127,0.06056499853730202,0.06069999933242798,37809663
2023-03-20,0.05918300151824951,0.06405799835920334,0.05903499945998192,0.06351500004529953,36294118
2023-03-21,0.06116599962115288,0.0622280016541481,0.05703499913215637,0.05921399965882301,42440843
2023-03-22,0.05684800073504448,0.061163999140262604,0.05494699999690056,0.061163999140262604,48452451
2023-03-23,0.05953799933195114,0.05990700051188469,0.05635499954223633,0.05684100091457367,31839501
2023-03-24,0.056891001760959625,0.05986500158905983,0.05611100047826767,0.05953399837017059,24929121
2023-03-25,0.05618299916386604,0.0578170008957386,0.05511699989438057,0.056891001760959625,16002374
2023-03-26,0.05707300081849098,0.05764500051736832,0.05531400069594383,0.05618099868297577,16207467
2023-03-27,0.05378999933600426,0.057374998927116394,0.05286300182342529,0.05707399919629097,26141777
2023-03-28,0.05582699924707413,0.056519001722335815,0.05290000140666962,0.05378999933600426,21142812
2023-03-29,0.05850699916481972,0.05893100053071976,0.055636998265981674,0.05581500008702278,24570469
2023-03-30,0.05825600028038025,0.05942000076174736,0.05636100098490715,0.05851399898529053,25658416
2023-03-31,0.060972001403570175,0.0617079995572567,0.05680700019001961,0.058267999440431595,39599175
2023-04-01,0.060189999639987946,0.06168400123715401,0.06002499908208847,0.06096100062131882,21307449
2023-04-02,0.058800000697374344,0.06168400123715401,0.05807099863886833,0.06143900007009506,21564071
2023-04-03,0.05959799885749817,0.06095600128173828,0.056818000972270966,0.058807000517845154,38513552
2023-04-04,0.05964300036430359,0.06012599915266037,0.05845800042152405,0.05958100035786629,22186725
2023-04-05,0.061216000467538834,0.06344600021839142,0.05932600051164627,0.05964599922299385,42983406
2023-04-06,0.060107000172138214,0.06166800111532211,0.059300001710653305,0.061230000108480453,21772233
2023-04-07,0.05900700017809868,0.060791999101638794,0.05833299830555916,0.060106001794338226,16738187
2023-04-08,0.05862100049853325,0.06000800058245659,0.058010999113321304,0.05899500101804733,15571647
2023-04-09,0.059762999415397644,0.06028199940919876,0.057718001306056976,0.05860999971628189,15119076
2023-04-10,0.06190299987792969,0.06210000067949295,0.05940200015902519,0.059758998453617096,25267403
2023-04-11,0.061657000333070755,0.06253200024366379,0.0615059994161129,0.06189500167965889,23788034
2023-04-12,0.061368998140096664,0.062088001519441605,0.05896199867129326,0.06166199967265129,25708795
2023-04-13,0.06594300270080566,0.06599099934101105,0.06114000082015991,0.06184900179505348,34856009
2023-04-14,0.07119199633598328,0.07125300168991089,0.06540299952030182,0.06593099981546402,63582972
2023-04-15,0.07248800247907639,0.07585100084543228,0.06862799823284149,0.07120800018310547,81994886
2023-04-16,0.07701200246810913,0.07876800000667572,0.07208900153636932,0.07249800115823746,63621556
2023-04-17,0.07323600351810455,0.07724200189113617,0.07218199968338013,0.07699400186538696,47711747
2023-04-18,0.07916399836540222,0.08127699792385101,0.07197199761867523,0.07323499768972397,91103645
2023-04-19,0.06945399940013885,0.07913599908351898,0.0686739981174469,0.07913599908351898,72402555
2023-04-20,0.06732200086116791,0.07099899649620056,0.06669999659061432,0.0694509968161583,42539925
2023-04-21,0.061413999646902084,0.06816499680280685,0.06107499822974205,0.06731600314378738,41321233
2023-04-22,0.06567800045013428,0.06567800045013428,0.06078600138425827,0.06141100078821182,31057836
2023-04-23,0.06175300106406212,0.0656680017709732,0.060297999531030655,0.0656680017709732,29721484
2023-04-24,0.06158199906349182,0.06357699632644653,0.06016099825501442,0.06174200028181076,29191854
2023-04-25,0.06337299942970276,0.06400799751281738,0.05937099829316139,0.061581000685691833,37626270
2023-04-26,0.060795001685619354,0.06539800018072128,0.05731299892067909,0.06337399780750275,54810461
2023-04-27,0.06321500241756439,0.06470099836587906,0.06056800112128258,0.060729000717401505,40458433
2023-04-28,0.061875998973846436,0.06350699812173843,0.06112699955701828,0.06321500241756439,20714606
2023-04-29,0.06257399916648865,0.06346099823713303,0.06152600049972534,0.0618709996342659,17342121
2023-04-30,0.06082899868488312,0.06307300180196762,0.0606359988451004,0.06257499754428864,17431597
2023-05-01,0.05900000035762787,0.06119599938392639,0.057822998613119125,0.060805000364780426,21653944
2023-05-02,0.060256000608205795,0.06078699976205826,0.05829799920320511,0.05900700017809868,16646664
2023-05-03,0.062251001596450806,0.06291099637746811,0.057774998247623444,0.0602479986846447,23852246
2023-05-04,0.05980699881911278,0.06238799914717674,0.0590209998190403,0.062240999191999435,17940992
2023-05-05,0.060130998492240906,0.060805000364780426,0.059091001749038696,0.059804998338222504,19323397
2023-05-06,0.0585240013897419,0.06058099865913391,0.05714699998497963,0.060106001794338226,18649903
2023-05-07,0.05575599893927574,0.05860999971628189,0.05572599917650223,0.058515001088380814,16231933
2023-05-08,0.05016100034117699,0.05618000030517578,0.049063000828027725,0.0557279996573925,45958435
2023-05-09,0.0523889996111393,0.05243999883532524,0.049688998609781265,0.05015899986028671,21338004
2023-05-10,0.05533900111913681,0.056478001177310944,0.051364000886678696,0.05238699913024902,37719479
2023-05-11,0.05213899910449982,0.0553399994969368,0.05113999918103218,0.0553399994969368,22770387
2023-05-12,0.0534450002014637,0.05350000038743019,0.05014599859714508,0.05213399976491928,23743598
2023-05-13,0.05263200029730797,0.05355599895119667,0.052039001137018204,0.05346300080418587,9486471
2023-05-14,0.05313999950885773,0.05348199978470802,0.05170600116252899,0.05264199897646904,9520839
2023-05-15,0.05335399881005287,0.05476599931716919,0.052312999963760376,0.053141999989748,12533579
2023-05-16,0.054076001048088074,0.05456800013780594,0.05244600027799606,0.05335899814963341,10063644
2023-05-17,0.05446700006723404,0.05515800043940544,0.052115000784397125,0.05405599996447563,16521187
2023-05-18,0.053394999355077744,0.05494999885559082,0.05229699984192848,0.05447100102901459,16700332
2023-05-19,0.052866000682115555,0.05407499894499779,0.05283299833536148,0.053380001336336136,12687261
2023-05-20,0.05311499908566475,0.053560998290777206,0.05209000036120415,0.052873000502586365,7878405
2023-05-21,0.051621001213788986,0.05335099995136261,0.051382001489400864,0.05312100052833557,8269596
2023-05-22,0.05202699825167656,0.052521001547575,0.05079500004649162,0.051614999771118164,9127797
2023-05-23,0.05243400111794472,0.05346500128507614,0.05174800008535385,0.052028000354766846,8943901
2023-05-24,0.05080699920654297,0.05297499895095825,0.05014900118112564,0.0524430014193058,15128881
2023-05-25,0.0509210005402565,0.05141500011086464,0.04956899955868721,0.05079900100827217,11193549
2023-05-26,0.05112700164318085,0.051681999117136,0.05040799826383591,0.0509289987385273,10233209
2023-05-27,0.05182399973273277,0.05202699825167656,0.05072300136089325,0.051217999309301376,11688752
2023-05-28,0.053307000547647476,0.05372999981045723,0.051621999591588974,0.051830001175403595,14945274
2023-05-29,0.05256799980998039,0.053877998143434525,0.052041999995708466,0.05330299958586693,8670585
2023-05-30,0.053867001086473465,0.054200999438762665,0.05218999832868576,0.05256199836730957,13504689
2023-05-31,0.052069999277591705,0.05440400168299675,0.05110299959778786,0.05385800078511238,12080352
2023-06-01,0.052740998566150665,0.05344000086188316,0.051061000674963,0.05206599831581116,11287862
2023-06-02,0.053943000733852386,0.054255999624729156,0.05217200145125389,0.05273900181055069,12361177
2023-06-03,0.05455699935555458,0.05560300126671791,0.05352500081062317,0.0539419986307621,13243722
2023-06-04,0.056977998465299606,0.05807799845933914,0.054315000772476196,0.05455600097775459,24628772
2023-06-05,0.05214399844408035,0.05735800042748451,0.049518998712301254,0.05698300153017044,35702796
2023-06-06,0.05405399948358536,0.055011000484228134,0.051447998732328415,0.05215400084853172,22090578
2023-06-07,0.04986700043082237,0.05404699966311455,0.049382999539375305,0.05404699966311455,22336879
2023-06-08,0.049970999360084534,0.05119499936699867,0.048106998205184937,0.049695998430252075,14645405
2023-06-09,0.05000700056552887,0.050912998616695404,0.04915300011634827,0.04997900128364563,9903730
2023-06-10,0.04432300105690956,0.05006000027060509,0.04207500070333481,0.0499889999628067,39475982
2023-06-11,0.04362599924206734,0.044707998633384705,0.04237800091505051,0.044346000999212265,14444386
2023-06-12,0.04399299994111061,0.04466399922966957,0.04188700020313263,0.04361699894070625,13278580
2023-06-13,0.045024000108242035,0.04677800089120865,0.043839000165462494,0.043995000422000885,16107473
2023-06-14,0.04432300105690956,0.04642599821090698,0.04363600164651871,0.045024000108242035,11078705
2023-06-15,0.044711001217365265,0.04551500082015991,0.0430929996073246,0.04432100057601929,11220256
2023-06-16,0.04503199830651283,0.04549799859523773,0.04370899870991707,0.044711001217365265,9369152
2023-06-17,0.04635100066661835,0.04704099893569946,0.044847000390291214,0.04503700137138367,7926966
2023-06-18,0.045795999467372894,0.047453999519348145,0.04573899880051613,0.04634999856352806,10897479
2023-06-19,0.047501999884843826,0.0479619987308979,0.045340001583099365,0.045802000910043716,10544694
2023-06-20,0.049963999539613724,0.04999300092458725,0.04589200019836426,0.047508999705314636,13627973
2023-06-21,0.051617998629808426,0.05226200073957443,0.049522001296281815,0.049938999116420746,20875747
2023-06-22,0.04974599927663803,0.05313299968838692,0.0496940016746521,0.05160199850797653,18124652
2023-06-23,0.05129300057888031,0.0530179999768734,0.04969999939203262,0.049734000116586685,16315748
2023-06-24,0.05109500139951706,0.05180700123310089,0.049810998141765594,0.051426999270915985,11626844
2023-06-25,0.05109500139951706,0.05223099887371063,0.05016100034117699,0.05110099911689758,29336422
2023-06-26,0.0489640012383461,0.0515500009059906,0.04830000177025795,0.05109100043773651,18884718
2023-06-27,0.05004600062966347,0.05046600103378296,0.048636000603437424,0.04895799979567528,12173627
2023-06-28,0.04619399830698967,0.05003700032830238,0.04581499844789505,0.05003700032830238,15181814
2023-06-29,0.04638399928808212,0.04806699976325035,0.04608700051903725,0.046206001192331314,11046301
2023-06-30,0.04948899894952774,0.04967999830842018,0.04490499943494797,0.04639999940991402,27511866
2023-07-01,0.05155099928379059,0.051663000136613846,0.049042001366615295,0.049501001834869385,15608021
2023-07-02,0.05089300125837326,0.05168899893760681,0.05003799870610237,0.05144499987363815,11573487
2023-07-03,0.052515000104904175,0.05268999934196472,0.05051499977707863,0.0508899986743927,14294304
2023-07-04,0.051628001034259796,0.0529399998486042,0.0510919988155365,0.05251999944448471,12958098
2023-07-05,0.049529001116752625,0.05285099893808365,0.048858001828193665,0.051642000675201416,14845955
2023-07-06,0.0477369986474514,0.05120300129055977,0.04767800122499466,0.0495229996740818,18237015
2023-07-07,0.047839000821113586,0.04837299883365631,0.04719199985265732,0.04772699996829033,7762887
2023-07-08,0.047717999666929245,0.048587001860141754,0.04676999896764755,0.047843001782894135,8100920
2023-07-09,0.046831000596284866,0.04831299930810928,0.046776000410318375,0.047717999666929245,6165089
2023-07-10,0.048131998628377914,0.048983000218868256,0.045823998749256134,0.04683699831366539,9932172
2023-07-11,0.04809600114822388,0.049042001366615295,0.04762599989771843,0.04811599850654602,6663264
2023-07-12,0.04877299815416336,0.049187999218702316,0.04785099998116493,0.048089999705553055,8453908
2023-07-13,0.05274900048971176,0.05274900048971176,0.04810100048780441,0.04878100007772446,21301424
2023-07-14,0.05167299881577492,0.05459799990057945,0.05037200078368187,0.05273900181055069,26379100
2023-07-15,0.05145199969410896,0.052372999489307404,0.05077400058507919,0.05167200043797493,9436156
2023-07-16,0.049959998577833176,0.05164799839258194,0.0498029999434948,0.05145400017499924,6896736
2023-07-17,0.050971999764442444,0.051405999809503555,0.049348000437021255,0.049995001405477524,12986737
2023-07-18,0.04979899898171425,0.05139400064945221,0.04918999969959259,0.05097299814224243,10648980
2023-07-19,0.0498340018093586,0.05077100172638893,0.04959600046277046,0.04980099946260452,9307286
2023-07-20,0.05064399912953377,0.051148999482393265,0.0497019998729229,0.04982899874448776,14844047
2023-07-21,0.05124099925160408,0.051566001027822495,0.05027800053358078,0.05065000057220459,11328992
2023-07-22,0.051201000809669495,0.052003998309373856,0.05084099993109703,0.051229000091552734,11403721
2023-07-23,0.05315899848937988,0.05449799820780754,0.05092199891805649,0.0512159988284111,26430204
2023-07-24,0.05051099881529808,0.053612999618053436,0.04988899827003479,0.05317499861121178,20343321
2023-07-25,0.05032400041818619,0.05080400034785271,0.04994799941778183,0.050512999296188354,8137880
2023-07-26,0.051006998866796494,0.05177199840545654,0.04977500066161156,0.05032400041818619,11970971
2023-07-27,0.049747999757528305,0.05160300061106682,0.049400001764297485,0.050999000668525696,10939928
2023-07-28,0.05013100057840347,0.050627999007701874,0.04944600164890289,0.04974700137972832,7436534
2023-07-29,0.05029800161719322,0.050501998513936996,0.049963001161813736,0.05012400075793266,4403424
2023-07-30,0.04890099912881851,0.05048900097608566,0.04805599898099899,0.05029499903321266,9271501
2023-07-31,0.047745998948812485,0.049341000616550446,0.04719400033354759,0.0489020012319088,11773794
2023-08-01,0.04843999817967415,0.04853399842977524,0.0465410016477108,0.047738999128341675,10595259
2023-08-02,0.04699299857020378,0.04885900020599365,0.04680800065398216,0.04853599891066551,9966661
2023-08-03,0.047001998871564865,0.04758000001311302,0.04682200029492378,0.04699400067329407,6909309
2023-08-04,0.04678799957036972,0.047648001462221146,0.04639900103211403,0.046994999051094055,7552714
2023-08-05,0.047575000673532486,0.04767199978232384,0.04645000025629997,0.04678700119256973,7067736
2023-08-06,0.0473099984228611,0.04790300130844116,0.046973999589681625,0.047568000853061676,6112737
2023-08-07,0.0464709997177124,0.04769999906420708,0.045882999897003174,0.047311000525951385,9654134
2023-08-08,0.0470380000770092,0.047547001391649246,0.045896001160144806,0.046470001339912415,11133628
2023-08-09,0.04696099832653999,0.04767100140452385,0.04643800109624863,0.04703100025653839,9580251
2023-08-10,0.0471160002052784,0.04733999818563461,0.04657699912786484,0.046966999769210815,5538679
2023-08-11,0.047527000308036804,0.04761800169944763,0.046828001737594604,0.047116998583078384,5552932
2023-08-12,0.04746900126338005,0.048013001680374146,0.047235000878572464,0.047527000308036804,5578652
2023-08-13,0.04726500064134598,0.04789400100708008,0.04709000140428543,0.0474650003015995,5931753
2023-08-14,0.04788000136613846,0.048496998846530914,0.04705800116062164,0.04726500064134598,10482526
2023-08-15,0.04581800103187561,0.047961000353097916,0.04525899887084961,0.04780400171875954,11581870
2023-08-16,0.04279400035738945,0.0459819994866848,0.04170700162649155,0.04582099989056587,18011826
2023-08-17,0.040633998811244965,0.04342300072312355,0.03796499967575073,0.0427899993956089,23622151
2023-08-18,0.041147999465465546,0.04190399870276451,0.040511999279260635,0.04062400013208389,14755521
2023-08-19,0.04149100184440613,0.041767001152038574,0.04085899889469147,0.04114900156855583,6439599
2023-08-20,0.04151200130581856,0.04209800064563751,0.04123999923467636,0.041492998600006104,4615003
2023-08-21,0.04022600129246712,0.04178899899125099,0.039746999740600586,0.04151099920272827,7982850
2023-08-22,0.039969999343156815,0.04055299982428551,0.03880300000309944,0.040226999670267105,9700677
2023-08-23,0.04131000116467476,0.04172400012612343,0.03995700180530548,0.039969999343156815,11963356
2023-08-24,0.040415000170469284,0.04161100089550018,0.039639998227357864,0.04131300002336502,10879157
2023-08-25,0.04016299918293953,0.04041299968957901,0.03929600119590759,0.04021500051021576,8488735
2023-08-26,0.04011699929833412,0.04087899997830391,0.04009300097823143,0.0401649996638298,4497936
2023-08-27,0.04021700099110603,0.040415000170469284,0.03986499831080437,0.040116000920534134,4781666
2023-08-28,0.040633998811244965,0.0408330000936985,0.03963200002908707,0.04021599888801575,8608647
2023-08-29,0.042472999542951584,0.043170999735593796,0.039771001785993576,0.040637001395225525,20275984
2023-08-30,0.04141800105571747,0.042500998824834824,0.04122700169682503,0.04241500049829483,8526792
2023-08-31,0.039698000997304916,0.041471000760793686,0.03943600133061409,0.04141800105571747,15870080
2023-09-01,0.0389229990541935,0.0399480015039444,0.03847000002861023,0.039698999375104904,13105852
2023-09-02,0.039712999016046524,0.039889998733997345,0.03886900097131729,0.03892200067639351,7762467
2023-09-03,0.039650000631809235,0.039990998804569244,0.039229001849889755,0.039712000638246536,6115618
2023-09-04,0.039990998804569244,0.04067299887537956,0.03954099863767624,0.03965200111269951,9147186
2023-09-05,0.04073699936270714,0.04090400040149689,0.03956500068306923,0.03998899832367897,10898842
2023-09-06,0.04018300026655197,0.04104899987578392,0.03959399834275246,0.040741998702287674,9513746
2023-09-07,0.04042299836874008,0.04071100056171417,0.039771001785993576,0.04017199948430061,9073296
2023-09-08,0.04044000059366226,0.040741998702287674,0.03978800028562546,0.04043800011277199,9480899
2023-09-09,0.040049001574516296,0.040442001074552536,0.039965998381376266,0.040442001074552536,6720067
2023-09-10,0.038704998791217804,0.040084000676870346,0.03843500092625618,0.04005799815058708,9460360
2023-09-11,0.03752699866890907,0.03883500024676323,0.03688399866223335,0.038708001375198364,13937834
2023-09-12,0.038086000829935074,0.03891399875283241,0.03751499950885773,0.037526000291109085,10434760
2023-09-13,0.039326999336481094,0.0394739992916584,0.037964001297950745,0.03808699920773506,8683382
2023-09-14,0.039854999631643295,0.04027500003576279,0.03897399827837944,0.03933899849653244,12321359
2023-09-15,0.040883999317884445,0.04117099940776825,0.03976599872112274,0.03985700011253357,8350642
2023-09-16,0.04062600061297417,0.041728001087903976,0.04044000059366226,0.040883999317884445,6857724
2023-09-17,0.040011998265981674,0.04085199907422066,0.03941499814391136,0.04062400013208389,6002620
2023-09-18,0.04170000180602074,0.042899999767541885,0.03974200040102005,0.0400100015103817,23533412
2023-09-19,0.04325199872255325,0.044089000672101974,0.04157799854874611,0.04170000180602074,13243391
2023-09-20,0.043404001742601395,0.04428400099277496,0.04272500053048134,0.04325199872255325,9873379
2023-09-21,0.042886000126600266,0.04468800127506256,0.04225999861955643,0.04340200126171112,9685189
2023-09-22,0.04280399903655052,0.04330899938941002,0.042431000620126724,0.04288500174880028,5679618
2023-09-23,0.042047999799251556,0.04315200075507164,0.041916001588106155,0.04280500113964081,4265294
2023-09-24,0.04128900170326233,0.042238999158144,0.04118699952960014,0.042047999799251556,4700871
2023-09-25,0.0410350002348423,0.04191499948501587,0.040832001715898514,0.04128300026059151,5749525
2023-09-26,0.04135100170969963,0.04161300137639046,0.0407399982213974,0.04103200137615204,6802989
2023-09-27,0.04120900109410286,0.04199200123548508,0.04026700183749199,0.04135400056838989,9475910
2023-09-28,0.04162300005555153,0.04190700128674507,0.041120998561382294,0.0412059985101223,6997306
2023-09-29,0.041916001588106155,0.04198399931192398,0.0412059985101223,0.0416250005364418,5856048
2023-09-30,0.0416949987411499,0.042573001235723495,0.041572000831365585,0.041836999356746674,6001217
2023-10-01,0.04379799962043762,0.044123999774456024,0.04158699885010719,0.04168200120329857,9052898
2023-10-02,0.04175899922847748,0.0440329983830452,0.04140700027346611,0.043793998658657074,10120524
2023-10-03,0.04127199947834015,0.04240399971604347,0.04112499952316284,0.041763000190258026,6304979
2023-10-04,0.04130500182509422,0.04159700125455856,0.04005499929189682,0.04127100110054016,7132858
2023-10-05,0.040876999497413635,0.04163999855518341,0.04061799868941307,0.04131300002336502,5619938
2023-10-06,0.041218001395463943,0.04164800047874451,0.04066700115799904,0.04087600111961365,5175061
2023-10-07,0.04129600152373314,0.04155899956822395,0.04093199968338013,0.041218001395463943,3862126
2023-10-08,0.04137599840760231,0.04157999902963638,0.04074399918317795,0.04129699990153313,4570021
2023-10-09,0.04025899991393089,0.04178199917078018,0.039517998695373535,0.04137200117111206,8433750
2023-10-10,0.04006500169634819,0.04041900113224983,0.03974900022149086,0.04025200009346008,5212378
2023-10-11,0.040355999022722244,0.04051100090146065,0.03940900042653084,0.04006500169634819,6484572
2023-10-12,0.0399399995803833,0.040394000709056854,0.03968299925327301,0.04035099968314171,6965447
2023-10-13,0.040286000818014145,0.04070200026035309,0.039900001138448715,0.03993799909949303,5791048
2023-10-14,0.0401730015873909,0.04068100079894066,0.04016600176692009,0.04027099907398224,3305813
2023-10-15,0.04067600145936012,0.04087600111961365,0.04011499881744385,0.04019699990749359,3807514
2023-10-16,0.042107000946998596,0.04270999878644943,0.04067299887537956,0.04067299887537956,10725995
2023-10-17,0.04035000130534172,0.04224700108170509,0.040111999958753586,0.04210900142788887,7455817
2023-10-18,0.04029500111937523,0.040773000568151474,0.03992199897766113,0.04035000130534172,7479758
2023-10-19,0.04012199863791466,0.040438998490571976,0.039845000952482224,0.04029799997806549,6421726
2023-10-20,0.04075799882411957,0.041478000581264496,0.040088001638650894,0.04012500122189522,7631337
2023-10-21,0.04213999956846237,0.04255799949169159,0.0407009981572628,0.04075700044631958,8012815
2023-10-22,0.042135000228881836,0.04272200167179108,0.0412760004401207,0.042139001190662384,7196833
2023-10-23,0.04493999853730202,0.04517799988389015,0.04219700023531914,0.0423940010368824,16909136
2023-10-24,0.04775099828839302,0.04921700060367584,0.04486599937081337,0.04495500028133392,32897251
2023-10-25,0.05106800049543381,0.051100000739097595,0.046785999089479446,0.047759998589754105,27180389
2023-10-26,0.05100199952721596,0.05341799929738045,0.04939499869942665,0.05106600001454353,24057052
2023-10-27,0.050845999270677567,0.05232900008559227,0.04970100149512291,0.05101099982857704,12229964
2023-10-28,0.05146000161767006,0.05230100080370903,0.05077800154685974,0.05084399878978729,9887720
2023-10-29,0.05245399847626686,0.05328100174665451,0.05072300136089325,0.051458001136779785,10210509
2023-10-30,0.05173400044441223,0.05413400009274483,0.05148199945688248,0.05245700106024742,15062170
2023-10-31,0.05075899884104729,0.05265500023961067,0.04906899854540825,0.051732998341321945,17045851
2023-11-01,0.05770700052380562,0.05770700052380562,0.04920300096273422,0.05076200142502785,32888502
2023-11-02,0.056832000613212585,0.060162998735904694,0.055532000958919525,0.057704001665115356,46131380
2023-11-03,0.06381700187921524,0.0644799992442131,0.05523400008678436,0.05682000145316124,48285307
2023-11-04,0.06983199715614319,0.07188799977302551,0.06296800076961517,0.06382600218057632,67510245
2023-11-05,0.06834100186824799,0.07025600224733353,0.06607600301504135,0.06984400004148483,29333836
2023-11-06,0.07097399979829788,0.07225300371646881,0.06675700098276138,0.06834100186824799,32104107
2023-11-07,0.06595499813556671,0.07096599787473679,0.06273200362920761,0.07096599787473679,40027401
2023-11-08,0.0659789964556694,0.0664059966802597,0.06405600160360336,0.06594999879598618,21772977
2023-11-09,0.06854400038719177,0.0718659982085228,0.06405200064182281,0.06592600047588348,55420521
2023-11-10,0.07439299672842026,0.07494200021028519,0.06835799664258957,0.06855600327253342,51954390
2023-11-11,0.07531599700450897,0.0763700008392334,0.07105299830436707,0.07438000291585922,40758410
2023-11-12,0.07475800067186356,0.07771500200033188,0.07210399955511093,0.07531599700450897,30741198
2023-11-13,0.06896399706602097,0.07629700005054474,0.06862299889326096,0.0747700035572052,37755723
2023-11-14,0.0691789984703064,0.07467299699783325,0.06663200259208679,0.0689140036702156,43091622
2023-11-15,0.07210899889469147,0.07294200360774994,0.06915000081062317,0.06918399780988693,31650419
2023-11-16,0.06701699644327164,0.07352700084447861,0.06636500358581543,0.07210899889469147,42427235
2023-11-17,0.0660260021686554,0.06917700171470642,0.063509002327919,0.06701800227165222,33092965
2023-11-18,0.0678350031375885,0.06879699975252151,0.06262899935245514,0.06604599952697754,29247147
2023-11-19,0.07399699836969376,0.0741180032491684,0.06650999933481216,0.06784100085496902,38999603
2023-11-20,0.07048600167036057,0.07522200047969818,0.0703430026769638,0.07399299740791321,38783853
2023-11-21,0.0641459971666336,0.07243400067090988,0.06391999870538712,0.07048200070858002,45839781
2023-11-22,0.0711200013756752,0.07121600210666656,0.06387999653816223,0.0640610009431839,36216158
2023-11-23,0.07097899913787842,0.07207000255584717,0.06884799897670746,0.07112299650907516,16132197
2023-11-24,0.07363700121641159,0.07559199631214142,0.07096300274133682,0.07097700238227844,28895392
2023-11-25,0.07789500057697296,0.0779770016670227,0.07294800132513046,0.07363899797201157,21833581
2023-11-26,0.08095899969339371,0.08257400244474411,0.07780200242996216,0.07789699733257294,74965036
2023-11-27,0.08192099630832672,0.08360300213098526,0.07696899771690369,0.08094500005245209,41637058
2023-11-28,0.0852390006184578,0.08694600313901901,0.07981500029563904,0.0819379985332489,48596747
2023-11-29,0.08523499965667725,0.08792900294065475,0.0833820030093193,0.0852390006184578,27289488
2023-11-30,0.08744499832391739,0.08878400176763535,0.08444000035524368,0.0850759968161583,22678687
2023-12-01,0.08303199708461761,0.08867199718952179,0.0827770009636879,0.08744200319051743,27641684
2023-12-02,0.08640100061893463,0.08733399957418442,0.08213599771261215,0.08303800225257874,30287823
2023-12-03,0.08450599759817123,0.08774500340223312,0.08377200365066528,0.08643099665641785,22302043
2023-12-04,0.08323000371456146,0.08857499808073044,0.08099400252103806,0.08449500054121017,38338208
2023-12-05,0.08202199637889862,0.08406200259923935,0.0803999975323677,0.0832509994506836,31103567
2023-12-06,0.07956899702548981,0.08323299884796143,0.07853499799966812,0.0820159986615181,39090592
2023-12-07,0.0819220021367073,0.08308199793100357,0.07856599986553192,0.07959999889135361,28273698
2023-12-08,0.08557400107383728,0.08618099987506866,0.08141200244426727,0.0819220021367073,34580768
2023-12-09,0.08478400111198425,0.08931200206279755,0.0843999981880188,0.08555500209331512,35484597
2023-12-10,0.0849820002913475,0.08711999654769897,0.08339300006628036,0.0847959965467453,25361257
2023-12-11,0.07994099706411362,0.08519800007343292,0.0776050016283989,0.08503100275993347,49426099
2023-12-12,0.08134099841117859,0.08275000005960464,0.07861900329589844,0.07993700355291367,33623197
2023-12-13,0.08266899734735489,0.0831810012459755,0.07731500267982483,0.08133900165557861,40641122
2023-12-14,0.0932139977812767,0.0944719985127449,0.08266600221395493,0.08269800245761871,78682040
2023-12-15,0.0873429998755455,0.09744200110435486,0.08720199763774872,0.09322500228881836,81440202
2023-12-16,0.0903640016913414,0.09547500312328339,0.08587899804115295,0.08735000342130661,45979390
2023-12-17,0.08944500237703323,0.09206999838352203,0.08721499890089035,0.09041699767112732,30428268
2023-12-18,0.08893799781799316,0.09085000306367874,0.08104600012302399,0.08941199630498886,47383174
2023-12-19,0.09643100202083588,0.09790799766778946,0.08771400153636932,0.0889429971575737,88070594
2023-12-20,0.09285899996757507,0.10363499820232391,0.09202899783849716,0.09645199775695801,104347035
2023-12-21,0.10981199890375137,0.11169599741697311,0.09260900318622589,0.09287600219249725,100153127
2023-12-22,0.11932100355625153,0.12374900281429291,0.10896799713373184,0.10980299860239029,158382420
2023-12-23,0.115215003490448,0.12176399677991867,0.11386500298976898,0.11936099827289581,67928607
2023-12-24,0.13409799337387085,0.14073599874973297,0.1131569966673851,0.11516600102186203,132637245
2023-12-25,0.13340799510478973,0.1396539956331253,0.12767300009727478,0.13404199481010437,117149481
2023-12-26,0.1376039981842041,0.14899100363254547,0.1277180016040802,0.13339999318122864,139540187
2023-12-27,0.1321289986371994,0.1377750039100647,0.1281220018863678,0.13752999901771545,67957730
2023-12-28,0.1271200031042099,0.13625699281692505,0.12383799999952316,0.13217400014400482,66104997
2023-12-29,0.12836900353431702,0.1343660056591034,0.12374900281429291,0.12711599469184875,59770465
2023-12-30,0.12912599742412567,0.13539999723434448,0.12678900361061096,0.12836499512195587,48402890
2023-12-31,0.13731999695301056,0.14631199836730957,0.1289920061826706,0.12910600006580353,86241779
2024-01-01,0.13966000080108643,0.1435689926147461,0.13283899426460266,0.13724899291992188,56219858
2024-01-02,0.13522900640964508,0.14557400345802307,0.13484500348567963,0.13962799310684204,65232954
2024-01-03,0.12459100037813187,0.1365399956703186,0.11013499647378922,0.13520200550556183,106880433
2024-01-04,0.12869100272655487,0.13572800159454346,0.12230200320482254,0.12456999719142914,55593616
2024-01-05,0.1234159991145134,0.1302109956741333,0.11855799704790115,0.1286730021238327,50619849
2024-01-06,0.12027999758720398,0.1261560022830963,0.11389099806547165,0.12343200296163559,49220820
2024-01-07,0.11345899850130081,0.12381000071763992,0.11263199895620346,0.12027499824762344,29142941
2024-01-08,0.12361600250005722,0.1252100020647049,0.10705400258302689,0.11348100006580353,50414908
2024-01-09,0.11677899956703186,0.12613900005817413,0.11263400316238403,0.12365700304508209,45989518
2024-01-10,0.1284170001745224,0.1320900022983551,0.1134520024061203,0.11674699932336807,58480290
2024-01-11,0.12595100700855255,0.13339099287986755,0.12399400025606155,0.12844499945640564,53264646
2024-01-12,0.11537899821996689,0.12802700698375702,0.11108600348234177,0.12587399780750275,50723630
2024-01-13,0.11361400038003922,0.11576300114393234,0.1113089993596077,0.11536599695682526,30460824
2024-01-14,0.1106949970126152,0.11635000258684158,0.11055999994277954,0.11361899971961975,25379914
2024-01-15,0.1145860031247139,0.11646600067615509,0.11063899844884872,0.11068800091743469,25633538
2024-01-16,0.11771800369024277,0.12048500031232834,0.11446499824523926,0.11458700150251389,31071642
2024-01-17,0.11714299768209457,0.11979600042104721,0.11547599732875824,0.11771800369024277,23790475
2024-01-18,0.10650800168514252,0.11778999865055084,0.10504200309515,0.11714699864387512,54393074
2024-01-19,0.10297700017690659,0.10695700347423553,0.09657099843025208,0.10650999844074249,56688022
2024-01-20,0.1027820035815239,0.10322500020265579,0.0994419977068901,0.10297700017690659,23304541
2024-01-21,0.10002700239419937,0.10434599965810776,0.10001999884843826,0.10277699679136276,16759208
2024-01-22,0.09403900057077408,0.10093600302934647,0.09313400089740753,0.10007700324058533,46657335
2024-01-23,0.0963589996099472,0.09659399837255478,0.0882669985294342,0.09403900057077408,52061371
2024-01-24,0.0996439978480339,0.100272998213768,0.09413900226354599,0.09635599702596664,35366861
2024-01-25,0.09830000251531601,0.10036300122737885,0.09561099857091904,0.09964700043201447,27369526
2024-01-26,0.1034960001707077,0.10551899671554565,0.09741199761629105,0.09829600155353546,31619292
2024-01-27,0.10661199688911438,0.10744799673557281,0.10260400176048279,0.1034960001707077,15863951
2024-01-28,0.10646899789571762,0.10986000299453735,0.10510899871587753,0.10661099851131439,22440387
2024-01-29,0.10903300344944,0.10967200249433517,0.10352899879217148,0.10646399855613708,29868787
2024-01-30,0.1081250011920929,0.11202900111675262,0.10751699656248093,0.10903300344944,32579202
2024-01-31,0.10023199766874313,0.10831800103187561,0.09861099720001221,0.10812699794769287,51211770
2024-02-01,0.10210999846458435,0.10265599936246872,0.09891799837350845,0.10023599863052368,21892298
2024-02-02,0.115215003490448,0.11685200035572052,0.10197000205516815,0.1021139994263649,72734145
2024-02-03,0.1174900010228157,0.12321899831295013,0.11528100073337555,0.11528100073337555,90567748
2024-02-04,0.11498600244522095,0.12584200501441956,0.11443299800157547,0.11744900047779083,71168323
2024-02-05,0.11205799877643585,0.1167529970407486,0.11152199655771255,0.11497899889945984,56352199
2024-02-06,0.11138699948787689,0.1136069968342781,0.10953299701213837,0.11207800358533859,40216802
2024-02-07,0.11809500306844711,0.12273599952459335,0.11026699841022491,0.11137700080871582,60652859
2024-02-08,0.11542300134897232,0.11902599781751633,0.11486800014972687,0.11804699897766113,53161277
2024-02-09,0.12060099840164185,0.12338200211524963,0.11541599780321121,0.11541599780321121,65861698
2024-02-10,0.12335000187158585,0.12461599707603455,0.11967600136995316,0.12060300260782242,48070016
2024-02-11,0.1193619966506958,0.12408699840307236,0.11839699745178223,0.12331999838352203,50702415
2024-02-12,0.12382800132036209,0.12485300004482269,0.11638300120830536,0.11938100308179855,69661197
2024-02-13,0.12538500130176544,0.12752799689769745,0.12035500258207321,0.12378499656915665,92702585
2024-02-14,0.12723100185394287,0.1305519938468933,0.12405599653720856,0.12539300322532654,79986903
2024-02-15,0.1239439994096756,0.1299239993095398,0.12201099842786789,0.1272139996290207,86988233
2024-02-16,0.12041399627923965,0.12717099487781525,0.11814700067043304,0.12394099682569504,88733273
2024-02-17,0.12019199877977371,0.12178099900484085,0.11510399729013443,0.12042900174856186,57307054
2024-02-18,0.12438800185918808,0.1267540007829666,0.12019000202417374,0.1201929971575737,93362573
2024-02-19,0.12764500081539154,0.12967699766159058,0.12397400289773941,0.12438800185918808,127533936
2024-02-20,0.11984500288963318,0.12846900522708893,0.11553499847650528,0.12763899564743042,138232778
2024-02-21,0.11740099638700485,0.12028300017118454,0.11286500096321106,0.11983799934387207,77152836
2024-02-22,0.12010899931192398,0.12444499880075455,0.1152229979634285,0.11742199957370758,61541054
2024-02-23,0.11866600066423416,0.12235499918460846,0.11568400263786316,0.12009800225496292,40497514
2024-02-24,0.12224999815225601,0.12283899635076523,0.11699900031089783,0.11867000162601471,29622128
2024-02-25,0.12167800217866898,0.12322500348091125,0.11878900229930878,0.12225200235843658,28826672
2024-02-26,0.13022300601005554,0.1313289999961853,0.11913900077342987,0.12167300283908844,66629435
2024-02-27,0.13475599884986877,0.14263400435447693,0.1281149983406067,0.13022300601005554,116998853
2024-02-28,0.13891500234603882,0.14487400650978088,0.12666599452495575,0.13477200269699097,122098390
2024-02-29,0.15017099678516388,0.15997500717639923,0.1372620016336441,0.1389019936323166,145697051
2024-03-01,0.1620199978351593,0.16383099555969238,0.14808300137519836,0.15013399720191956,111120271
2024-03-02,0.16002599895000458,0.1676200032234192,0.15538500249385834,0.16201800107955933,74509471
2024-03-03,0.1606059968471527,0.16729100048542023,0.15515300631523132,0.16007100045681,85777196
2024-03-04,0.15811699628829956,0.17124399542808533,0.15384599566459656,0.16063900291919708,111680432
2024-03-05,0.1529259979724884,0.1634110063314438,0.12817099690437317,0.15813300013542175,129803643
2024-03-06,0.16370999813079834,0.16508899629116058,0.14466199278831482,0.15292400121688843,98513786
2024-03-07,0.17210499942302704,0.17679600417613983,0.16304799914360046,0.16370999813079834,128532493
2024-03-08,0.16986200213432312,0.17466700077056885,0.16331900656223297,0.17210400104522705,81698296
2024-03-09,0.1824450045824051,0.1837480068206787,0.16944800317287445,0.16986200213432312,85155591
2024-03-10,0.1766359955072403,0.18534499406814575,0.17158100008964539,0.1824450045824051,65968612
2024-03-11,0.179748997092247,0.18338100612163544,0.1710750013589859,0.1766359955072403,66720664
2024-03-12,0.17692899703979492,0.18141600489616394,0.1664469987154007,0.179748997092247,69630845
2024-03-13,0.1708029955625534,0.17846600711345673,0.16841499507427216,0.17692899703979492,49440230
2024-03-14,0.16736799478530884,0.17244599759578705,0.15707699954509735,0.17081600427627563,60522305
2024-03-15,0.1589920073747635,0.1686609983444214,0.14826300740242004,0.16736799478530884,72017465
2024-03-16,0.1487549990415573,0.16533300280570984,0.14510999619960785,0.1589920073747635,55341379
2024-03-17,0.1558160036802292,0.15879599750041962,0.14062699675559998,0.1487549990415573,49908567
2024-03-18,0.14205700159072876,0.15352100133895874,0.13961400091648102,0.15351100265979767,49466289
2024-03-19,0.1308639943599701,0.14345699548721313,0.1260720044374466,0.14205700159072876,69733372
2024-03-20,0.14636799693107605,0.1470949947834015,0.1264919936656952,0.1308639943599701,55190256
2024-03-21,0.14326800405979156,0.1492460072040558,0.14039799571037292,0.14636699855327606,38097346
2024-03-22,0.137703999876976,0.1461630016565323,0.13373300433158875,0.14326100051403046,31508509
2024-03-23,0.1385290026664734,0.1434829980134964,0.13694700598716736,0.137703999876976,26068906
2024-03-24,0.14706699550151825,0.14812900125980377,0.1367180049419403,0.1385290026664734,29439156
2024-03-25,0.15023300051689148,0.15470699965953827,0.145004004240036,0.14706699550151825,38260935
2024-03-26,0.14918799698352814,0.15311099588871002,0.14563900232315063,0.15023300051689148,65467870
2024-03-27,0.14056000113487244,0.1535249948501587,0.13885700702667236,0.14918799698352814,62457720
2024-03-28,0.14214999973773956,0.143218994140625,0.13814599812030792,0.1405699998140335,36766560
2024-03-29,0.13928499817848206,0.1435070037841797,0.1367429941892624,0.14214999973773956,28390046
2024-03-30,0.13434399664402008,0.14092500507831573,0.13298499584197998,0.1392890065908432,24053403
2024-03-31,0.13756200671195984,0.13800400495529175,0.1337680071592331,0.13434399664402008,20069012
2024-04-01,0.1304280012845993,0.13839499652385712,0.1270959973335266,0.13756200671195984,43177244
2024-04-02,0.12188500165939331,0.13043099641799927,0.11825200170278549,0.1304280012845993,43637571
2024-04-03,0.12640999257564545,0.1293109953403473,0.117808997631073,0.12190700322389603,35898499
2024-04-04,0.13003799319267273,0.13220199942588806,0.12396500259637833,0.12640999257564545,30666608
2024-04-05,0.12808600068092346,0.1304360032081604,0.12244600057601929,0.13001899421215057,25152663
2024-04-06,0.12907199561595917,0.1303430050611496,0.1265459954738617,0.1280820071697235,12257838
2024-04-07,0.1287669986486435,0.13090400397777557,0.12709000706672668,0.12907199561595917,20263545
2024-04-08,0.13367199897766113,0.1352979987859726,0.12456800043582916,0.1287669986486435,40949291
2024-04-09,0.127018004655838,0.13522100448608398,0.12649300694465637,0.13367199897766113,36564638
2024-04-10,0.12309200316667557,0.12776100635528564,0.11988899856805801,0.127018004655838,39183030
2024-04-11,0.12499000132083893,0.12612099945545197,0.1208299994468689,0.12309200316667557,27274853
2024-04-12,0.10102400183677673,0.1303279995918274,0.09249400347471237,0.12499000132083893,81798848
2024-04-13,0.08802799880504608,0.10358600318431854,0.0749489963054657,0.10102400183677673,80290578
2024-04-14,0.0950080007314682,0.0962349995970726,0.08400800079107285,0.08802799880504608,49794106
2024-04-15,0.09212800115346909,0.10240299999713898,0.08852499723434448,0.0950080007314682,43210468
2024-04-16,0.09242500364780426,0.09769300371408463,0.08723500370979309,0.09212800115346909,40771908
2024-04-17,0.09072799980640411,0.09474100172519684,0.08668699860572815,0.09242500364780426,31134863
2024-04-18,0.09553799778223038,0.09610199928283691,0.08822199702262878,0.09072799980640411,25334521
2024-04-19,0.09855499863624573,0.10249300301074982,0.08802899718284607,0.09553799778223038,38277263
2024-04-20,0.10563699901103973,0.10747800022363663,0.09678100049495697,0.09855499863624573,21516833
2024-04-21,0.10246100276708603,0.10683800280094147,0.10065700113773346,0.10563699901103973,18078708
2024-04-22,0.1041719987988472,0.10659199953079224,0.10188499838113785,0.10245999693870544,23282719
2024-04-23,0.10275500267744064,0.10540600121021271,0.1013140007853508,0.1041719987988472,18932029
2024-04-24,0.09925899654626846,0.10980699956417084,0.097461998462677,0.10275500267744064,40333343
2024-04-25,0.10121999680995941,0.10360900312662125,0.09735400229692459,0.09926100075244904,23840991
2024-04-26,0.09788800030946732,0.10159499943256378,0.09737300127744675,0.10121999680995941,19216038
2024-04-27,0.09888599812984467,0.10089799761772156,0.0945969969034195,0.09788800030946732,18620603
2024-04-28,0.09529799968004227,0.10118400305509567,0.09489300101995468,0.09888599812984467,16822266
2024-04-29,0.09523499757051468,0.09633100032806396,0.0919639989733696,0.09529799968004227,16849304
2024-04-30,0.08996699750423431,0.0963670015335083,0.08491399884223938,0.09523499757051468,29053618
2024-05-01,0.09088999778032303,0.09230899810791016,0.08253099769353867,0.08996699750423431,26864514
2024-05-02,0.09230799973011017,0.09367299824953079,0.08778800070285797,0.09088999778032303,16243624
2024-05-03,0.09628599882125854,0.09745699912309647,0.09013999998569489,0.09230799973011017,15999110
2024-05-04,0.09556099772453308,0.09766300022602081,0.09525399655103683,0.09628599882125854,11495795
2024-05-05,0.09827599674463272,0.100040003657341,0.09416399896144867,0.09556099772453308,16616887
2024-05-06,0.09703800082206726,0.10321199893951416,0.09677600115537643,0.09827599674463272,19931237
2024-05-07,0.09201700240373611,0.09813600033521652,0.09200099855661392,0.09703999757766724,18125354
2024-05-08,0.08900199830532074,0.09221799671649933,0.08760199695825577,0.09201700240373611,20830788
2024-05-09,0.09047400206327438,0.09139599651098251,0.08681000024080276,0.08900199830532074,19980570
2024-05-10,0.08650899678468704,0.09241600334644318,0.08494199812412262,0.09047500044107437,23761175
2024-05-11,0.08532200008630753,0.0880960002541542,0.0852229967713356,0.08650899678468704,10451366
2024-05-12,0.08339399844408035,0.0861010029911995,0.08291900157928467,0.08532200008630753,11558190
2024-05-13,0.0839959979057312,0.0869079977273941,0.08044400066137314,0.08339399844408035,19196437
2024-05-14,0.08116500079631805,0.08479800075292587,0.08067700266838074,0.0839959979057312,14894527
2024-05-15,0.08751200139522552,0.08802799880504608,0.08067300170660019,0.08116500079631805,18632674
2024-05-16,0.08659099787473679,0.08972000330686569,0.08482799679040909,0.08751899749040604,16099355
2024-05-17,0.09286600351333618,0.09345199912786484,0.08628500252962112,0.08659099787473679,18159432
2024-05-18,0.09283000230789185,0.0951709970831871,0.09194900095462799,0.09286600351333618,12725465
2024-05-19,0.08810199797153473,0.09366200119256973,0.08769699931144714,0.09283000230789185,11769036
2024-05-20,0.09676600247621536,0.09730300307273865,0.08641699701547623,0.08810199797153473,27408858
2024-05-21,0.09272400289773941,0.09768400341272354,0.09136699885129929,0.09676499664783478,32245054
2024-05-22,0.09199900180101395,0.09499300271272659,0.09066099673509598,0.09272400289773941,19138290
2024-05-23,0.08827300369739532,0.09287899732589722,0.08378200232982635,0.09199900180101395,25848900
2024-05-24,0.0877240002155304,0.09022600203752518,0.08555500209331512,0.08827300369739532,13269548
2024-05-25,0.0886249989271164,0.09007199853658676,0.08759299665689468,0.0877240002155304,9447883
2024-05-26,0.08671200275421143,0.08903899788856506,0.08590099960565567,0.0886249989271164,10003525
2024-05-27,0.09279599785804749,0.09443800151348114,0.08669199794530869,0.08671200275421143,20529067
2024-05-28,0.0919559970498085,0.09422499686479568,0.08904500305652618,0.09279599785804749,22995925
2024-05-29,0.09200900048017502,0.09719400107860565,0.0913809984922409,0.0919559970498085,24482540
2024-05-30,0.09957099705934525,0.10099299997091293,0.08989900350570679,0.09200900048017502,45832165
2024-05-31,0.10215199738740921,0.10479699820280075,0.09770599752664566,0.09957099705934525,51250346
2024-06-01,0.10070600360631943,0.10234799981117249,0.09747099876403809,0.10215199738740921,19205467
2024-06-02,0.09762100130319595,0.1028909981250763,0.09669999778270721,0.10070600360631943,16553608
2024-06-03,0.10731799900531769,0.10752099752426147,0.09655000269412994,0.09762100130319595,27990226
2024-06-04,0.11641000211238861,0.12018399685621262,0.10542900115251541,0.10731799900531769,75415131
2024-06-05,0.11641799658536911,0.11764500290155411,0.11322499811649323,0.11641000211238861,24534119
2024-06-06,0.11596199870109558,0.12353599816560745,0.11417800188064575,0.11641799658536911,36062061
2024-06-07,0.10834699869155884,0.11853999644517899,0.10465600341558456,0.1159610003232956,32342225
2024-06-08,0.10362999886274338,0.11037500202655792,0.100941002368927,0.10832499712705612,19732387
2024-06-09,0.11756599694490433,0.11782599985599518,0.10355599969625473,0.10362900048494339,32570160
2024-06-10,0.12460500001907349,0.12460500001907349,0.11363600194454193,0.11755400151014328,78130857
2024-06-11,0.12073799967765808,0.12763500213623047,0.10915999859571457,0.12461300194263458,92551035
2024-06-12,0.1294430047273636,0.13613800704479218,0.11990299820899963,0.12073200196027756,104020477
2024-06-13,0.1207749992609024,0.1322229951620102,0.11777599900960922,0.12948699295520782,62170709
2024-06-14,0.11604200303554535,0.13333900272846222,0.11399500072002411,0.12076299637556076,70284751
2024-06-15,0.12044700235128403,0.12646199762821198,0.11478299647569656,0.11603199690580368,44860317
2024-06-16,0.11731000244617462,0.12382599711418152,0.11594200134277344,0.12044800072908401,32080045
2024-06-17,0.10158900171518326,0.11785999685525894,0.10103599727153778,0.1173119992017746,46422695
2024-06-18,0.09636899828910828,0.10208400338888168,0.0906200036406517,0.10155899822711945,43085286
2024-06-19,0.09612199664115906,0.09968700259923935,0.09517300128936768,0.09634499996900558,25331112
2024-06-20,0.09405999630689621,0.10209999978542328,0.09259700030088425,0.09612199664115906,35052014
2024-06-21,0.09186899662017822,0.09541399776935577,0.09138400107622147,0.09404399991035461,19677241
2024-06-22,0.09119100123643875,0.09314200282096863,0.0899209976196289,0.09186500310897827,11226427
2024-06-23,0.08985000103712082,0.09284000098705292,0.08826199918985367,0.09119799733161926,12442652
2024-06-24,0.09184599667787552,0.09221599996089935,0.08490400016307831,0.08984699845314026,24975114
2024-06-25,0.09281100332736969,0.09417399764060974,0.09012199938297272,0.09183599799871445,16456478
2024-06-26,0.09224600344896317,0.09380999952554703,0.08833099901676178,0.09280099719762802,26237656
2024-06-27,0.09721799939870834,0.09790000319480896,0.09006699919700623,0.09224499762058258,21156478
2024-06-28,0.09670700132846832,0.1007080003619194,0.09621000289916992,0.0972059965133667,20348425
2024-06-29,0.09542399644851685,0.09810099750757217,0.09505099803209305,0.09670700132846832,11046937
2024-06-30,0.09935600310564041,0.10033900290727615,0.09423000365495682,0.09543299674987793,16486772
2024-07-01,0.09758400171995163,0.1025639995932579,0.09741800278425217,0.09936399757862091,28678484
2024-07-02,0.10201600193977356,0.1023700013756752,0.09579899907112122,0.09758099913597107,16265313
2024-07-03,0.09262699633836746,0.10339900106191635,0.09223199635744095,0.10206499695777893,25338931
2024-07-04,0.08381500095129013,0.09315299987792969,0.08327499777078629,0.09261299669742584,25097220
2024-07-05,0.08209700137376785,0.0859069973230362,0.07377900183200836,0.08380399644374847,32775316
2024-07-06,0.0855100005865097,0.08676300197839737,0.08094500005245209,0.08209999650716782,16362317
2024-07-07,0.07799199968576431,0.08549900352954865,0.07750999927520752,0.08549900352954865,14168188
2024-07-08,0.07893700152635574,0.08245699852705002,0.07473299652338028,0.07798899710178375,19154545
2024-07-09,0.0808039978146553,0.08159299939870834,0.07857000082731247,0.0789330005645752,13678431
2024-07-10,0.08145000040531158,0.08344999700784683,0.07965700328350067,0.0807960033416748,11021370
2024-07-11,0.07791399955749512,0.08487600088119507,0.07728499919176102,0.08144599944353104,17707076
2024-07-12,0.07859200239181519,0.07933299988508224,0.07643000036478043,0.07789500057697296,15483138
2024-07-13,0.08134999871253967,0.08259300142526627,0.07856699824333191,0.07861699908971786,20175850
2024-07-14,0.08464299887418747,0.08495800197124481,0.08111000061035156,0.08134999871253967,9749896
2024-07-15,0.09244599938392639,0.0928020030260086,0.08458799868822098,0.0846410021185875,19607864
2024-07-16,0.09203100204467773,0.09420599788427353,0.08772099763154984,0.0924220010638237,31153764
2024-07-17,0.0902549996972084,0.09505199640989304,0.0898829996585846,0.09205099940299988,18554322
2024-07-18,0.09176400303840637,0.09284000098705292,0.08784099668264389,0.09029500186443329,19380160
2024-07-19,0.09414499998092651,0.09471499919891357,0.08918300271034241,0.09175699949264526,19907496
2024-07-20,0.09503299742937088,0.09560500085353851,0.09202100336551666,0.09414499998092651,11434782
2024-07-21,0.09705699980258942,0.09831199795007706,0.09053199738264084,0.09503299742937088,17045701
2024-07-22,0.0922430008649826,0.0980369970202446,0.09146200120449066,0.09703899919986725,26360019
2024-07-23,0.0884609967470169,0.09443800151348114,0.08663100004196167,0.0922430008649826,16013233
2024-07-24,0.08736299723386765,0.09189599752426147,0.08659400045871735,0.08846200257539749,12873488
2024-07-25,0.0850289985537529,0.08787299692630768,0.08196199685335159,0.0873590037226677,13303043
2024-07-26,0.08841799944639206,0.08960399776697159,0.08419299870729446,0.0850289985537529,9667567
2024-07-27,0.08744700253009796,0.09013400226831436,0.08561500161886215,0.0884149968624115,10308880
2024-07-28,0.08518800139427185,0.08762700110673904,0.08433400094509125,0.08744999766349792,5975236
2024-07-29,0.0828000009059906,0.08877699822187424,0.08237800002098083,0.08518999814987183,11365713
2024-07-30,0.08216600120067596,0.0865359976887703,0.08125600218772888,0.08280199766159058,11940552
2024-07-31,0.08122500032186508,0.08343800157308578,0.08021599799394608,0.08217599987983704,12453427
2024-08-01,0.07885999977588654,0.08179999887943268,0.07289700210094452,0.0812230035662651,19797454
2024-08-02,0.07148200273513794,0.0788709968328476,0.07077199965715408,0.07885999977588654,14877451
2024-08-03,0.06717099994421005,0.07228200137615204,0.06540100276470184,0.07148200273513794,14089408
2024-08-04,0.06441400200128555,0.06887999922037125,0.06162099912762642,0.06717099994421005,15742359
2024-08-05,0.05694200098514557,0.06480900198221207,0.04964800179004669,0.06441400200128555,48682040
2024-08-06,0.05992500111460686,0.06245899945497513,0.05694200098514557,0.05694200098514557,14984358
2024-08-07,0.057020001113414764,0.06242299824953079,0.05660900101065636,0.059925999492406845,14405879
2024-08-08,0.06454099714756012,0.06513799726963043,0.05627899989485741,0.05702099949121475,12686479
2024-08-09,0.06317000091075897,0.0647749975323677,0.0616770014166832,0.06454099714756012,9715598
2024-08-10,0.06394600123167038,0.06460600346326828,0.06247299909591675,0.06317000091075897,7287596
2024-08-11,0.05942299962043762,0.06617800146341324,0.05900900065898895,0.06394600123167038,8719310
2024-08-12,0.06187500059604645,0.06333000212907791,0.05887399986386299,0.05942299962043762,15451796
2024-08-13,0.06204099953174591,0.06297499686479568,0.05951299890875816,0.06187500059604645,9275023
2024-08-14,0.05969500169157982,0.062369998544454575,0.05933399870991707,0.06204099953174591,11520524
2024-08-15,0.05764999985694885,0.06043500080704689,0.056703999638557434,0.05969500169157982,9984428
2024-08-16,0.05689999833703041,0.05827999860048294,0.05506100133061409,0.05764999985694885,9920158
2024-08-17,0.057328999042510986,0.05790499970316887,0.05620900169014931,0.05689999833703041,6586576
2024-08-18,0.05773499980568886,0.059519000351428986,0.056258998811244965,0.057328999042510986,9207417
2024-08-19,0.05870699882507324,0.058708999305963516,0.05651199817657471,0.05773499980568886,8272182
2024-08-20,0.05933700129389763,0.0606129989027977,0.058086998760700226,0.05870699882507324,10035867
2024-08-21,0.06054700165987015,0.061618998646736145,0.05822300165891647,0.05901699885725975,11411823
2024-08-22,0.06064099818468094,0.062189001590013504,0.059790998697280884,0.06054700165987015,10581186
2024-08-23,0.06496600061655045,0.06601999700069427,0.06063200160861015,0.06064099818468094,20367462
2024-08-24,0.06762400269508362,0.06985799968242645,0.06492000073194504,0.06496600061655045,20282357
2024-08-25,0.0654589980840683,0.0678270012140274,0.06418800354003906,0.06762400269508362,12482191
2024-08-26,0.0605660006403923,0.06610699743032455,0.060339998453855515,0.06546200066804886,16042187
2024-08-27,0.05754299834370613,0.06205800175666809,0.05600599944591522,0.0605660006403923,14563547
2024-08-28,0.05571100115776062,0.05882599949836731,0.0545709989964962,0.05754299834370613,13626607
2024-08-29,0.056081000715494156,0.059606000781059265,0.055052999407052994,0.05571100115776062,15141874
2024-08-30,0.056014999747276306,0.05638499930500984,0.05289300158619881,0.056081000715494156,10219679
2024-08-31,0.05596600100398064,0.056306999176740646,0.054958999156951904,0.056014999747276306,5344327
2024-09-01,0.052935000509023666,0.05596800148487091,0.052657999098300934,0.05596600100398064,7956959
2024-09-02,0.05519599840044975,0.05588399991393089,0.05254099890589714,0.052935000509023666,6723676
2024-09-03,0.05240799859166145,0.05584099888801575,0.052407000213861465,0.05519599840044975,6436798
2024-09-04,0.05368899926543236,0.054767001420259476,0.0503849983215332,0.05240799859166145,10588716
2024-09-05,0.05176899954676628,0.054051999002695084,0.05140300095081329,0.05368899926543236,7004520
2024-09-06,0.04948800057172775,0.053328000009059906,0.04854299873113632,0.05176899954676628,12411103
2024-09-07,0.04959600046277046,0.05077800154685974,0.04928300157189369,0.04948800057172775,8825999
2024-09-08,0.05037600174546242,0.05111699923872948,0.04915300011634827,0.04959600046277046,7404289
2024-09-09,0.05352099984884262,0.05425100028514862,0.049904000014066696,0.05037600174546242,16909570
2024-09-10,0.05577699840068817,0.05667300149798393,0.05302000045776367,0.05352099984884262,15592296
2024-09-11,0.054520998150110245,0.05618400126695633,0.0523420013487339,0.05577699840068817,16878501
2024-09-12,0.056683000177145004,0.05728700011968613,0.05383399873971939,0.054520998150110245,11646821
2024-09-13,0.06083200126886368,0.061719998717308044,0.05437000095844269,0.056683000177145004,26182657
2024-09-14,0.06120799854397774,0.06324400007724762,0.06014600023627281,0.060844000428915024,47660831
2024-09-15,0.059794001281261444,0.0623599998652935,0.05869099870324135,0.06120799854397774,18849418
2024-09-16,0.05856800079345703,0.0605509988963604,0.057117998600006104,0.059794001281261444,17160913
2024-09-17,0.0602400004863739,0.06112999841570854,0.05782699957489967,0.05856800079345703,19892139
2024-09-18,0.061611998826265335,0.06214600056409836,0.05707100033760071,0.0602400004863739,18760955
2024-09-19,0.06411000341176987,0.06605499982833862,0.061546001583337784,0.061611998826265335,24870570
2024-09-20,0.0665540024638176,0.06867600232362747,0.06371299922466278,0.06411000341176987,25257968
2024-09-21,0.07478000223636627,0.07635200023651123,0.06520500034093857,0.0665540024638176,46476672
2024-09-22,0.07190900295972824,0.0747859999537468,0.06952399760484695,0.07477299869060516,31162863
2024-09-23,0.07324700057506561,0.07446499913930893,0.07031100243330002,0.07190900295972824,25327476
2024-09-24,0.07605099678039551,0.07762899994850159,0.07137700170278549,0.07324700057506561,34933543
2024-09-25,0.07305599749088287,0.07664000242948532,0.07248199731111526,0.07605099678039551,20749996
2024-09-26,0.07587199658155441,0.07770200073719025,0.07173199951648712,0.07305599749088287,27243524
2024-09-27,0.07847300171852112,0.07972099632024765,0.07463899999856949,0.07587199658155441,25484192
2024-09-28,0.07651899755001068,0.08157499879598618,0.07503999769687653,0.07850100100040436,21376676
2024-09-29,0.08076199889183044,0.08380000293254852,0.07398699969053268,0.07651899755001068,33194470
2024-09-30,0.07722800225019455,0.08185599744319916,0.076494000852108,0.0807579979300499,32812657
2024-10-01,0.06900399923324585,0.08112599700689316,0.06844200193881989,0.07722800225019455,39860872
2024-10-02,0.06920900195837021,0.07539000362157822,0.06727000325918198,0.06900700181722641,24862589
2024-10-03,0.06631200015544891,0.07010400295257568,0.06503400206565857,0.06920900195837021,20424862
2024-10-04,0.06994500011205673,0.07201500236988068,0.06574500352144241,0.06631200015544891,22962046
2024-10-05,0.06706400215625763,0.0701799988746643,0.065870001912117,0.06994500011205673,17030160
2024-10-06,0.07077199965715408,0.07094600051641464,0.06635099649429321,0.06706400215625763,20191248
2024-10-07,0.06836699694395065,0.07290200144052505,0.06802800297737122,0.07077199965715408,30629241
2024-10-08,0.06719200313091278,0.0706000030040741,0.06647100299596786,0.06836699694395065,22945926
2024-10-09,0.0649150013923645,0.06871599704027176,0.06443999707698822,0.06719200313091278,20550212
2024-10-10,0.0646739974617958,0.0669810026884079,0.06270600110292435,0.0649150013923645,20409422
2024-10-11,0.06893900036811829,0.06941500306129456,0.0643090009689331,0.0646739974617958,19279036
2024-10-12,0.07118099927902222,0.07343299686908722,0.0689380019903183,0.06893900036811829,28016406
2024-10-13,0.07063999772071838,0.07200200110673904,0.0685650035738945,0.07118099927902222,21430714
2024-10-14,0.07608000189065933,0.07693500071763992,0.06956399977207184,0.07063999772071838,43572846
2024-10-15,0.07385300099849701,0.07673999667167664,0.07105600088834763,0.07608000189065933,35027169
2024-10-16,0.0720829963684082,0.07575000077486038,0.07157400250434875,0.07385300099849701,21068537
2024-10-17,0.06900200247764587,0.07287999987602234,0.0680840015411377,0.0720829963684082,15606138
2024-10-18,0.071601003408432,0.07206500321626663,0.06893400102853775,0.06900200247764587,17295491
2024-10-19,0.07091999799013138,0.07320500165224075,0.07056000083684921,0.071601003408432,11814024
2024-10-20,0.07546599954366684,0.0762690007686615,0.06994300335645676,0.07091999799013138,23378789
2024-10-21,0.07289300113916397,0.07584399729967117,0.0721530020236969,0.07546599954366684,20285846
2024-10-22,0.07334499806165695,0.07756700366735458,0.07184600085020065,0.07289300113916397,32884469
2024-10-23,0.06940700113773346,0.07402999699115753,0.0674929991364479,0.07334499806165695,21527898
2024-10-24,0.06897100061178207,0.07103200256824493,0.0686350017786026,0.0695670023560524,18819567
2024-10-25,0.06378000229597092,0.06924699991941452,0.06191499903798103,0.06897100061178207,25999601
2024-10-26,0.06460800021886826,0.06500200182199478,0.06205600127577782,0.06378000229597092,15135682
2024-10-27,0.06441500037908554,0.06526300311088562,0.06338000297546387,0.06460800021886826,8314862
2024-10-28,0.06677000224590302,0.0670270025730133,0.06193900108337402,0.06441500037908554,21099161
2024-10-29,0.06972800195217133,0.07150299847126007,0.0662589967250824,0.06677000224590302,34268681
2024-10-30,0.06741400063037872,0.06991399824619293,0.06740699708461761,0.06972800195217133,20907603
2024-10-31,0.06488099694252014,0.06770399957895279,0.0644339993596077,0.06741400063037872,20033463
2024-11-01,0.0640529990196228,0.06583999842405319,0.06233000010251999,0.06488099694252014,21379397
2024-11-02,0.06251399964094162,0.06470999866724014,0.06187399849295616,0.0640529990196228,8852217
2024-11-03,0.05958599969744682,0.06267700344324112,0.05687100067734718,0.06251399964094162,19965124
2024-11-04,0.057565998286008835,0.06067899987101555,0.05623500049114227,0.05958599969744682,13746360
2024-11-05,0.06119700148701668,0.06229899823665619,0.05755700170993805,0.057565998286008835,19356900
2024-11-06,0.06848800182342529,0.06863199919462204,0.06115499883890152,0.06119700148701668,38379583
2024-11-07,0.07776600122451782,0.08182000368833542,0.06812900304794312,0.06848800182342529,110839205
2024-11-08,0.07623100280761719,0.07978899776935577,0.07520800083875656,0.07776600122451782,56669814
2024-11-09,0.07969500124454498,0.08085799962282181,0.0758650004863739,0.07623100280761719,34589472
2024-11-10,0.081836998462677,0.08633100241422653,0.07735499739646912,0.07969500124454498,59005868
2024-11-11,0.08721300214529037,0.08781100064516068,0.07980100065469742,0.08184000104665756,87983260
2024-11-12,0.0820159986615181,0.09026800096035004,0.07799900323152542,0.08721300214529037,110560500
2024-11-13,0.07885800302028656,0.08361999690532684,0.0738150030374527,0.0820159986615181,87954862
2024-11-14,0.07552800327539444,0.08300799876451492,0.07466500252485275,0.07885800302028656,64011265
2024-11-15,0.07900899648666382,0.07953300327062607,0.07212500274181366,0.07552800327539444,53648763
2024-11-16,0.08513099700212479,0.08610499650239944,0.0780550017952919,0.07816600054502487,75251478
2024-11-17,0.07960300147533417,0.08555199950933456,0.07772299647331238,0.08513099700212479,57055950
2024-11-18,0.08564600348472595,0.08833400160074234,0.07907699793577194,0.07960300147533417,88929832
2024-11-19,0.08303699642419815,0.08697400242090225,0.08057700097560883,0.08564600348472595,62958230
2024-11-20,0.0769990012049675,0.08303800225257874,0.07458899915218353,0.08303699642419815,68010064
2024-11-21,0.08252400159835815,0.08383599668741226,0.07513400167226791,0.0769990012049675,67410515
2024-11-22,0.09316299855709076,0.09393200278282166,0.08003699779510498,0.08252199739217758,111773981
2024-11-23,0.09808699786663055,0.1009719967842102,0.09147699922323227,0.09316299855709076,143263142
2024-11-24,0.0971129983663559,0.10460799932479858,0.08985599875450134,0.09808699786663055,114632292
2024-11-25,0.09069900214672089,0.09882800281047821,0.08804000169038773,0.0971129983663559,96010570
2024-11-26,0.09111999720335007,0.0949769988656044,0.08600100129842758,0.09064199775457382,90045221
2024-11-27,0.09696599841117859,0.09841000288724899,0.0894709974527359,0.09111999720335007,90121781
2024-11-28,0.09783799946308136,0.09909199923276901,0.09230700135231018,0.09696599841117859,79236250
2024-11-29,0.10127200186252594,0.10214400291442871,0.09493099898099899,0.09783799946308136,84183259
2024-11-30,0.10723599791526794,0.10894100368022919,0.1000170037150383,0.10127799957990646,104277927
2024-12-01,0.1050809994339943,0.108754001557827,0.10211999714374542,0.10723599791526794,93420764
2024-12-02,0.1232450008392334,0.12331900000572205,0.10094600170850754,0.1050809994339943,202423128
2024-12-03,0.13458000123500824,0.13503600656986237,0.11763899773359299,0.1232450008392334,241729521
2024-12-04,0.13136300444602966,0.13856400549411774,0.12635700404644012,0.13458000123500824,166620632
2024-12-05,0.12797799706459045,0.13391199707984924,0.12509900331497192,0.13136300444602966,148160115
2024-12-06,0.1388390064239502,0.14127199351787567,0.1270820051431656,0.12817899882793427,135317816
2024-12-07,0.13383400440216064,0.1426839977502823,0.13222700357437134,0.1388390064239502,102930258
2024-12-08,0.1328199952840805,0.13436800241470337,0.1295810043811798,0.13422299921512604,68494461
2024-12-09,0.10937000066041946,0.1335729956626892,0.09814999997615814,0.1335729956626892,164325420
2024-12-10,0.1075659990310669,0.1118210032582283,0.09756100177764893,0.10937000066041946,138133900
2024-12-11,0.11558400094509125,0.11789699643850327,0.10258399695158005,0.10757700353860855,97492988
2024-12-12,0.11367099732160568,0.12159799784421921,0.11278499662876129,0.11558400094509125,101355186
2024-12-13,0.11472500115633011,0.11529800295829773,0.10971000045537949,0.11367099732160568,81952502
2024-12-14,0.1083270013332367,0.1156340017914772,0.10513699799776077,0.11472500115633011,57383172
2024-12-15,0.11202000081539154,0.11282999813556671,0.1049249991774559,0.1083270013332367,65552166
2024-12-16,0.10780300199985504,0.11567600071430206,0.1045679971575737,0.11202000081539154,81088282
2024-12-17,0.10104099661111832,0.1083419993519783,0.09990700334310532,0.10780300199985504,76908043
2024-12-18,0.09248799830675125,0.1022690013051033,0.09224999696016312,0.10103899985551834,103800816
2024-12-19,0.08358799666166306,0.09372399747371674,0.08024899661540985,0.09248799830675125,119613173
2024-12-20,0.08526899665594101,0.08645100146532059,0.07168400287628174,0.08358500152826309,128076584
2024-12-21,0.08011099696159363,0.09090299904346466,0.0788009986281395,0.08526899665594101,91892309
2024-12-22,0.07977399975061417,0.08262600004673004,0.07683999836444855,0.08011099696159363,62761683
2024-12-23,0.08693200349807739,0.08857599645853043,0.07787899672985077,0.07977800071239471,69344885
2024-12-24,0.08877900242805481,0.09105200320482254,0.08449800312519073,0.08693200349807739,57267838
2024-12-25,0.0865740031003952,0.08917699754238129,0.08556599915027618,0.08877900242805481,44786099
2024-12-26,0.08090099692344666,0.0874290019273758,0.07963400334119797,0.0865740031003952,45236680
2024-12-27,0.08165299892425537,0.08558099716901779,0.08040200173854828,0.0809049978852272,52735268
2024-12-28,0.09540899842977524,0.09547299891710281,0.08097799867391586,0.08165299892425537,178707613
2024-12-29,0.08991599828004837,0.09588900208473206,0.08774600178003311,0.0953880026936531,86446409
2024-12-30,0.08557199686765671,0.09449899941682816,0.08339899778366089,0.08991599828004837,78174048
2024-12-31,0.0801749974489212,0.08558300137519836,0.0798569992184639,0.08558300137519836,116208781
2025-01-01,0.0825909972190857,0.08339899778366089,0.07874199748039246,0.0801749974489212,63943438
2025-01-02,0.08561699837446213,0.08680800348520279,0.08244899660348892,0.0825909972190857,63895442
2025-01-03,0.0902239978313446,0.0914430022239685,0.08323100209236145,0.08561699837446213,70046690
2025-01-04,0.09007400274276733,0.0916529968380928,0.08850599825382233,0.0902239978313446,59637730
2025-01-05,0.09208399802446365,0.09327799826860428,0.08764699846506119,0.09007400274276733,69454453
2025-01-06,0.09374099969863892,0.09586899727582932,0.08994600176811218,0.09208399802446365,77621008
2025-01-07,0.08280199766159058,0.09375400096178055,0.08238700032234192,0.09374099969863892,76600649
2025-01-08,0.07892999798059464,0.08388599753379822,0.07425300031900406,0.08280199766159058,77443569
2025-01-09,0.0742729976773262,0.07965700328350067,0.0720599964261055,0.07893399894237518,57142138
2025-01-10,0.07626699656248093,0.07807300239801407,0.07302500307559967,0.0742729976773262,58112301
2025-01-11,0.07585500180721283,0.07743299752473831,0.07411299645900726,0.07626699656248093,42093980
2025-01-12,0.07431299984455109,0.07643800228834152,0.07304400205612183,0.07585500180721283,35347891
2025-01-13,0.07255899906158447,0.07637199759483337,0.06694299727678299,0.07431100308895111,65062467
2025-01-14,0.07606899738311768,0.07669500261545181,0.07213100045919418,0.07255899906158447,28039019
2025-01-15,0.0810910016298294,0.0813170000910759,0.0736280009150505,0.07606899738311768,40499578
2025-01-16,0.08021499961614609,0.08261799812316895,0.0780550017952919,0.0810910016298294,45340027
2025-01-17,0.08496599644422531,0.08604200184345245,0.08014299720525742,0.08021499961614609,51225586
2025-01-18,0.07828100025653839,0.08575499802827835,0.0762069970369339,0.08496599644422531,42189972
2025-01-19,0.06862500309944153,0.08005300164222717,0.06776600331068039,0.07827199995517731,73757246
2025-01-20,0.06820400059223175,0.07583799958229065,0.06607899814844131,0.06863400340080261,70860240
2025-01-21,0.06860200315713882,0.07078299671411514,0.06419900059700012,0.06820400059223175,44233041
2025-01-22,0.06650300323963165,0.06939099729061127,0.06608899682760239,0.06860200315713882,42387427
2025-01-23,0.06672900170087814,0.06740999966859818,0.06382499635219574,0.06650199741125107,40305718
2025-01-24,0.06343600153923035,0.06737799942493439,0.06313300132751465,0.06672900170087814,30877263
2025-01-25,0.06361600011587143,0.06461799889802933,0.06224599853157997,0.06344100087881088,26648809
2025-01-26,0.06361199915409088,0.06663700193166733,0.0633540004491806,0.06361600011587143,28639150
2025-01-27,0.061539001762866974,0.06365299969911575,0.056717000901699066,0.0636100023984909,47205632
2025-01-28,0.05692499876022339,0.06212899833917618,0.05622899904847145,0.061539001762866974,29145345
2025-01-29,0.05808499827980995,0.060453999787569046,0.0564350001513958,0.05692499876022339,30257883
2025-01-30,0.06125999987125397,0.06276900321245193,0.05769899860024452,0.05808800086379051,34293666
2025-01-31,0.06183899939060211,0.0647749975323677,0.06046300008893013,0.06126200035214424,28104702
2025-02-01,0.056442998349666595,0.06286799907684326,0.05592700093984604,0.06183899939060211,24664141
2025-02-02,0.04758799821138382,0.05752500146627426,0.04579799994826317,0.056442998349666595,48127400
2025-02-03,0.04836999997496605,0.049267999827861786,0.035346001386642456,0.047589000314474106,85156726
2025-02-04,0.0442969985306263,0.048868000507354736,0.04228600114583969,0.04836999997496605,37355816
2025-02-05,0.04215399920940399,0.04433500021696091,0.04125899821519852,0.0442969985306263,27006197
2025-02-06,0.03973200172185898,0.042973000556230545,0.0392099991440773,0.042148999869823456,28388144
2025-02-07,0.040355999022722244,0.04388999938964844,0.039076998829841614,0.03973200172185898,28505261
2025-02-08,0.04280799999833107,0.04325700178742409,0.03972899913787842,0.040355999022722244,20870840
2025-02-09,0.04323099926114082,0.04510800167918205,0.041092000901699066,0.04280799999833107,22968904
2025-02-10,0.04522499814629555,0.045972999185323715,0.04159599915146828,0.04323099926114082,24598219
2025-02-11,0.04361199960112572,0.0473719984292984,0.042830999940633774,0.045233000069856644,24903297
2025-02-12,0.046199001371860504,0.04688899964094162,0.04217600077390671,0.04361100122332573,32445566
2025-02-13,0.04365000128746033,0.04658399894833565,0.0430620014667511,0.046199001371860504,24726578
2025-02-14,0.04507799819111824,0.046163998544216156,0.043501000851392746,0.04365300014615059,20307391
2025-02-15,0.04392300173640251,0.0454070009291172,0.04302100092172623,0.04507799819111824,13759349
2025-02-16,0.04315900057554245,0.04466100037097931,0.042865999042987823,0.04392300173640251,12841201
2025-02-17,0.04258999973535538,0.04484599828720093,0.04143400117754936,0.043161001056432724,16397225
2025-02-18,0.041092999279499054,0.042892999947071075,0.039322998374700546,0.04258999973535538,18032269
2025-02-19,0.04158800095319748,0.04195199906826019,0.04030900076031685,0.041092999279499054,15535147
2025-02-20,0.04565099999308586,0.046167001128196716,0.04158800095319748,0.04158800095319748,26902723
2025-02-21,0.04169100150465965,0.046842001378536224,0.04115099832415581,0.04564899951219559,29941994
2025-02-22,0.04320399835705757,0.043765000998973846,0.04155899956822395,0.04169100150465965,19825134
2025-02-23,0.04258599877357483,0.043505001813173294,0.04167599976062775,0.04320399835705757,14700097
2025-02-24,0.03666200116276741,0.04283500090241432,0.0363520011305809,0.04258599877357483,22238613
2025-02-25,0.03822899982333183,0.038763001561164856,0.03502799943089485,0.03666200116276741,30442338
2025-02-26,0.03893600031733513,0.03973900154232979,0.037337999790906906,0.03822899982333183,21318329
2025-02-27,0.03932199999690056,0.04069500043988228,0.03835900127887726,0.03893600031733513,17675398
2025-02-28,0.039333000779151917,0.03986800089478493,0.036180999130010605,0.03932199999690056,25287246
2025-03-01,0.03923200070858002,0.04010700061917305,0.03785799816250801,0.039333000779151917,13757367
2025-03-02,0.04297399893403053,0.04322599992156029,0.038006000220775604,0.03923200070858002,25590174
2025-03-03,0.03658600151538849,0.04313100129365921,0.035934001207351685,0.04297399893403053,26502569
2025-03-04,0.035284001380205154,0.03665899857878685,0.032590001821517944,0.03658600151538849,27416151
2025-03-05,0.03651700168848038,0.036990001797676086,0.03476699814200401,0.035284001380205154,16410306
2025-03-06,0.035944998264312744,0.037679001688957214,0.035617001354694366,0.036518000066280365,17485353
2025-03-07,0.03568200021982193,0.037477001547813416,0.033969998359680176,0.035944998264312744,20675315
2025-03-08,0.03519900143146515,0.035969000309705734,0.03476699814200401,0.03568200021982193,12495945
2025-03-09,0.031134000048041344,0.0353659987449646,0.030786000192165375,0.03519900143146515,18280120
2025-03-10,0.028754999861121178,0.03356799855828285,0.028164999559521675,0.031134000048041344,21065142
2025-03-11,0.030386999249458313,0.031502000987529755,0.026646999642252922,0.02875700034201145,22508846
2025-03-12,0.03161400184035301,0.03218400105834007,0.029707999899983406,0.030386999249458313,16396056
2025-03-13,0.030944999307394028,0.0322830006480217,0.03023100085556507,0.03161400184035301,15365734
2025-03-14,0.03162499889731407,0.03241400048136711,0.030706999823451042,0.030944999307394028,13543834
2025-03-15,0.03292100131511688,0.03312499821186066,0.03135500103235245,0.03162499889731407,12525038
2025-03-16,0.03114200010895729,0.032993000000715256,0.030926000326871872,0.03292100131511688,12797095
2025-03-17,0.03319599851965904,0.03368699923157692,0.03110400028526783,0.03114200010895729,15670000
2025-03-18,0.032565999776124954,0.03319599851965904,0.031498998403549194,0.03319599851965904,13490574
2025-03-19,0.0341619998216629,0.034212999045848846,0.03236300125718117,0.032565999776124954,15489573
2025-03-20,0.03218099847435951,0.03419199958443642,0.03185899928212166,0.0341619998216629,12788344
2025-03-21,0.031626999378204346,0.032391998916864395,0.031241999939084053,0.03218099847435951,12412568
2025-03-22,0.032221000641584396,0.03279399871826172,0.03162600100040436,0.031626999378204346,10580929
2025-03-23,0.033066000789403915,0.03339799866080284,0.03216199949383736,0.032221000641584396,12122480
2025-03-24,0.03427800163626671,0.03453800082206726,0.03246099874377251,0.033066000789403915,16947627
2025-03-25,0.03483600169420242,0.034935999661684036,0.03366199880838394,0.03427800163626671,14133765
2025-03-26,0.033410001546144485,0.03497600182890892,0.032889001071453094,0.03483600169420242,15952340
2025-03-27,0.03303999826312065,0.03410699963569641,0.03280699998140335,0.033410001546144485,11428082
2025-03-28,0.03013700060546398,0.03320800140500069,0.029472999274730682,0.03303999826312065,14751772
2025-03-29,0.02847900055348873,0.03039499931037426,0.028057999908924103,0.03013700060546398,10454804
2025-03-30,0.028232000768184662,0.02926900051534176,0.027885999530553818,0.02847900055348873,8616700
2025-03-31,0.028378000482916832,0.028829000890254974,0.027587000280618668,0.028232000768184662,11202024
2025-04-01,0.028944000601768494,0.03014099970459938,0.02810399979352951,0.028378000482916832,14670190
2025-04-02,0.025652000680565834,0.02894599922001362,0.025140000507235527,0.028944000601768494,20557834
2025-04-03,0.024778999388217926,0.026799000799655914,0.023879000917077065,0.025652000680565834,22093846
2025-04-04,0.024004999548196793,0.02507999911904335,0.023303000256419182,0.024778999388217926,19865807
2025-04-05,0.024090999737381935,0.024949999526143074,0.02367199957370758,0.02400599978864193,12172887
2025-04-06,0.02120799943804741,0.024094000458717346,0.020654000341892242,0.024090999737381935,20231425
2025-04-07,0.02217799983918667,0.02296300046145916,0.019432000815868378,0.02120799943804741,26447029
2025-04-08,0.021018000319600105,0.022908000275492668,0.02095000073313713,0.02218100056052208,14224011
2025-04-09,0.023591000586748123,0.023817000910639763,0.02026900090277195,0.021018000319600105,19859481
2025-04-10,0.022732999175786972,0.023639999330043793,0.02223699912428856,0.023591000586748123,11511301
2025-04-11,0.023905999958515167,0.02446099929511547,0.022640999406576157,0.022732999175786972,13354275
2025-04-12,0.025103000923991203,0.025374000892043114,0.02376200072467327,0.023905999958515167,9363061
2025-04-13,0.02365499921143055,0.025171000510454178,0.02337699942290783,0.025103000923991203,9756993
2025-04-14,0.023917999118566513,0.024443000555038452,0.02350199967622757,0.02365499921143055,11071534
2025-04-15,0.023545000702142715,0.024543000385165215,0.023428000509738922,0.023917999118566513,9397810
2025-04-16,0.023240000009536743,0.02389100007712841,0.022874999791383743,0.023545000702142715,12268257
2025-04-17,0.024204999208450317,0.024833999574184418,0.022796999663114548,0.023240000009536743,11937556
2025-04-18,0.024826999753713608,0.0255769994109869,0.02408899925649166,0.024204999208450317,13801019
2025-04-19,0.025539999827742577,0.025870999321341515,0.02480500005185604,0.024826999753713608,9885420
2025-04-20,0.026047000661492348,0.026504000648856163,0.02510100044310093,0.025539999827742577,11716224
2025-04-21,0.026350999251008034,0.02755099907517433,0.026027999818325043,0.026047000661492348,12616002
2025-04-22,0.02795800007879734,0.028036000207066536,0.025578999891877174,0.026350999251008034,12621081
2025-04-23,0.028649000450968742,0.029789000749588013,0.027735000476241112,0.02795800007879734,16275058
2025-04-24,0.02882399968802929,0.028914999216794968,0.027109000831842422,0.028649000450968742,15047496
2025-04-25,0.028408000245690346,0.029247000813484192,0.027962999418377876,0.02882399968802929,16869960
2025-04-26,0.031081000342965126,0.03143300116062164,0.028369000181555748,0.028415000066161156,26488792
2025-04-27,0.02941799908876419,0.03142499923706055,0.029277000576257706,0.031081000342965126,14307150
2025-04-28,0.02990500070154667,0.030448999255895615,0.02797500044107437,0.029418999329209328,14636189
2025-04-29,0.02940800040960312,0.030388999730348587,0.029051000252366066,0.02990500070154667,13931845
2025-04-30,0.029451999813318253,0.029836000874638557,0.028164999559521675,0.02940800040960312,10754930
2025-05-01,0.0299919992685318,0.030731000006198883,0.02941099926829338,0.02944899909198284,11633125
2025-05-02,0.032294001430273056,0.032600998878479004,0.0299919992685318,0.0299919992685318,20547790
2025-05-03,0.029208999127149582,0.03229900076985359,0.02900799922645092,0.032294001430273056,12235190
2025-05-04,0.027806999161839485,0.029210999608039856,0.027682000771164894,0.029208999127149582,10554698
2025-05-05,0.027760999277234077,0.028769999742507935,0.027278000488877296,0.027800999581813812,9197280
2025-05-06,0.026903999969363213,0.028012000024318695,0.02566000074148178,0.027760999277234077,10278785
2025-05-07,0.027340000495314598,0.027563000097870827,0.02627200074493885,0.026903999969363213,9792989
2025-05-08,0.03139499947428703,0.03163500130176544,0.02729799970984459,0.027341999113559723,20213258
2025-05-09,0.034547001123428345,0.0351950004696846,0.03134100139141083,0.03139499947428703,20667314
2025-05-10,0.04027999937534332,0.04041599854826927,0.03454599902033806,0.034547001123428345,38553293
2025-05-11,0.03833400085568428,0.0402819998562336,0.03684300184249878,0.04027999937534332,21831809
2025-05-12,0.041839998215436935,0.04400499910116196,0.03752100095152855,0.03833400085568428,51932998
2025-05-13,0.04240100085735321,0.0440480001270771,0.03929299861192703,0.041839998215436935,35831892
2025-05-14,0.04001700133085251,0.04336800053715706,0.039645999670028687,0.04240100085735321,26067445
2025-05-15,0.03548400104045868,0.04025299847126007,0.03445100039243698,0.04001300036907196,27995261
2025-05-16,0.034720998257398605,0.03627299889922142,0.03418499976396561,0.03548600152134895,15189119
2025-05-17,0.03283099830150604,0.03482099995017052,0.03272999823093414,0.034720998257398605,14591944
2025-05-18,0.035436999052762985,0.036545999348163605,0.032412998378276825,0.03283099830150604,16820117
2025-05-19,0.03339499980211258,0.03557499870657921,0.031984999775886536,0.035436999052762985,15103555
2025-05-20,0.03451700136065483,0.03482099995017052,0.03282799944281578,0.03339499980211258,12902566
2025-05-21,0.033383000642061234,0.034922000020742416,0.03245500102639198,0.03451700136065483,19652485
2025-05-22,0.03642600029706955,0.03677299991250038,0.03319200128316879,0.033383000642061234,26209968
2025-05-23,0.032554998993873596,0.037668000906705856,0.03224699944257736,0.03642600029706955,28402711
2025-05-24,0.03247600048780441,0.03358500078320503,0.0323139987885952,0.03255999833345413,12491044
2025-05-25,0.032499998807907104,0.03268500044941902,0.030706999823451042,0.0324769988656044,14270930
2025-05-26,0.0333000011742115,0.034147001802921295,0.03236199915409088,0.032499998807907104,14822518
2025-05-27,0.03417399898171425,0.03501100093126297,0.03228500112891197,0.0333000011742115,18277870
2025-05-28,0.03398200124502182,0.03553599864244461,0.032590001821517944,0.03417399898171425,15939149
2025-05-29,0.032106999307870865,0.035092998296022415,0.03206000104546547,0.03398200124502182,13796997
2025-05-30,0.029162999242544174,0.032363999634981155,0.029162000864744186,0.032106999307870865,18353786
2025-05-31,0.028643999248743057,0.029174000024795532,0.027289999648928642,0.029164999723434448,14447487
2025-06-01,0.02974100038409233,0.029975999146699905,0.028161000460386276,0.02864300087094307,9961370
2025-06-02,0.030042000114917755,0.030347999185323715,0.02831999957561493,0.02974100038409233,9993441
2025-06-03,0.029908999800682068,0.03072500042617321,0.0296580009162426,0.030042000114917755,9331808
2025-06-04,0.02812900021672249,0.030376000329852104,0.028015000745654106,0.029908999800682068,9087496
2025-06-05,0.02646699920296669,0.028960999101400375,0.025918999686837196,0.028130000457167625,12009601
2025-06-06,0.026628000661730766,0.027848999947309494,0.026302000507712364,0.02646699920296669,8606222
2025-06-07,0.027813000604510307,0.027977000921964645,0.02662000060081482,0.026628000661730766,7337316
2025-06-08,0.027515999972820282,0.028137000277638435,0.0270990002900362,0.027813000604510307,7576557
2025-06-09,0.029177000746130943,0.029238000512123108,0.026681000366806984,0.027515999972820282,10687247
2025-06-10,0.03120500035583973,0.03131299838423729,0.028522999957203865,0.029177000746130943,13369395
2025-06-11,0.029066000133752823,0.031289998441934586,0.028832999989390373,0.03120500035583973,12292154
2025-06-12,0.027010999619960785,0.029086999595165253,0.026688000187277794,0.029066000133752823,12679611
2025-06-13,0.026002999395132065,0.027011999860405922,0.02480500005185604,0.027010999619960785,12629919
2025-06-14,0.025404000654816628,0.026133999228477478,0.0248429998755455,0.026002999395132065,7097818
2025-06-15,0.025606999173760414,0.02574699930846691,0.024952000007033348,0.025404000654816628,6839254
2025-06-16,0.02474999986588955,0.026674000546336174,0.02474999986588955,0.025606999173760414,8996415
2025-06-17,0.023862000554800034,0.025118999183177948,0.023302000015974045,0.024747999384999275,10485176
2025-06-18,0.024091999977827072,0.024411000311374664,0.023072000592947006,0.023862000554800034,8983972
2025-06-19,0.02364400029182434,0.024434000253677368,0.023353999480605125,0.024091999977827072,7014852
2025-06-20,0.02320599928498268,0.024264000356197357,0.022600999101996422,0.02364400029182434,9592297
2025-06-21,0.022047000005841255,0.0236239992082119,0.021668000146746635,0.02320599928498268,7851206
2025-06-22,0.020979000255465508,0.022338999435305595,0.019860999658703804,0.022047000005841255,13074409
2025-06-23,0.024244999513030052,0.024277999997138977,0.020865999162197113,0.020979000255465508,13074291
2025-06-24,0.024031000211834908,0.024752000346779823,0.023708000779151917,0.024244999513030052,11391785
2025-06-25,0.023055000230669975,0.02423200011253357,0.02295299991965294,0.024031000211834908,8196490
2025-06-26,0.02271299995481968,0.02375500090420246,0.022397000342607498,0.023055000230669975,9319766
2025-06-27,0.02293200045824051,0.02316500060260296,0.02232399955391884,0.02271299995481968,8551359
2025-06-28,0.023816000670194626,0.02391199953854084,0.02280000038444996,0.02293200045824051,6437177
2025-06-29,0.02604600042104721,0.026391999796032906,0.02346700057387352,0.023816000670194626,8646675
2025-06-30,0.025297999382019043,0.02680400013923645,0.024661999195814133,0.02604600042104721,14790998
2025-07-01,0.023236000910401344,0.025429999455809593,0.022585000842809677,0.025297999382019043,8971810
2025-07-02,0.02520200051367283,0.02534399926662445,0.02287900075316429,0.023236000910401344,10415790
2025-07-03,0.025290999561548233,0.026149999350309372,0.024924999102950096,0.025203000754117966,9713491
2025-07-04,0.02355399914085865,0.02554200030863285,0.02300100028514862,0.025290999561548233,9046864
2025-07-05,0.023560000583529472,0.023964999243617058,0.023088999092578888,0.02355399914085865,3953444
2025-07-06,0.02383900061249733,0.024373000487685204,0.023187000304460526,0.023560000583529472,4986637
2025-07-07,0.02359900064766407,0.024291999638080597,0.023228000849485397,0.02383900061249733,6688018
2025-07-08,0.024588000029325485,0.024961000308394432,0.02320300042629242,0.02359900064766407,8369289
2025-07-09,0.02601199969649315,0.02628299966454506,0.024428000673651695,0.024588000029325485,15349038
2025-07-10,0.028433000668883324,0.028624000027775764,0.025729000568389893,0.02601199969649315,16462739
2025-07-11,0.028835000470280647,0.030399000272154808,0.02798200026154518,0.028433000668883324,25364939
2025-07-12,0.028080999851226807,0.02927500009536743,0.027298999950289726,0.028835000470280647,12059968
2025-07-13,0.02855999954044819,0.02942200005054474,0.027734000235795975,0.028080999851226807,11688040
2025-07-14,0.0278290007263422,0.029916999861598015,0.02718600071966648,0.02855999954044819,17985261
2025-07-15,0.028718000277876854,0.028881000354886055,0.02641800045967102,0.0278290007263422,19100242
2025-07-16,0.02901500090956688,0.03036700002849102,0.027820000424981117,0.028718000277876854,24537090
2025-07-17,0.029131000861525536,0.029694000259041786,0.02782200090587139,0.02901500090956688,16286710
2025-07-18,0.03138799965381622,0.03343300148844719,0.028819000348448753,0.029131000861525536,33703953
2025-07-19,0.03209200128912926,0.03217799961566925,0.030274000018835068,0.031387001276016235,9810999
2025-07-20,0.033080000430345535,0.034053999930620193,0.031564000993967056,0.03209400177001953,14403152
2025-07-21,0.03283099830150604,0.034313999116420746,0.03206900134682655,0.033080000430345535,14837065
2025-07-22,0.03243200108408928,0.03284100070595741,0.03053000010550022,0.03283099830150604,15830414
2025-07-23,0.02856599912047386,0.032489001750946045,0.027759000658988953,0.03243200108408928,19431144
2025-07-24,0.02674099989235401,0.028909999877214432,0.02531999908387661,0.028568999841809273,17665757
2025-07-25,0.027347000315785408,0.027439000084996223,0.025853000581264496,0.02674099989235401,11502374
2025-07-26,0.027612999081611633,0.028207000344991684,0.027226999402046204,0.027347000315785408,8109778
2025-07-27,0.02902499958872795,0.02902499958872795,0.027607999742031097,0.027612999081611633,9938455
2025-07-28,0.027141999453306198,0.030686000362038612,0.027058999985456467,0.02902499958872795,15637477
2025-07-29,0.026838000863790512,0.028214000165462494,0.026281999424099922,0.027141999453306198,10948037
2025-07-30,0.026326000690460205,0.026906000450253487,0.024947000667452812,0.026838000863790512,8974557
2025-07-31,0.024675000458955765,0.027171000838279724,0.024555999785661697,0.026326000690460205,7887821
2025-08-01,0.02382900007069111,0.024675000458955765,0.023260999470949173,0.024675000458955765,12158667
2025-08-02,0.023291999474167824,0.024248000234365463,0.022748999297618866,0.02382900007069111,6370142
2025-08-03,0.024643000215291977,0.024819999933242798,0.0230919998139143,0.023291999474167824,5013402
2025-08-04,0.025855999439954758,0.025985000655055046,0.024609999731183052,0.024643000215291977,6756159
2025-08-05,0.024607999250292778,0.02602599933743477,0.024150000885128975,0.025855999439954758,7946168
2025-08-06,0.025263000279664993,0.025568999350070953,0.024007000029087067,0.024607999250292778,6068092
2025-08-07,0.027161000296473503,0.027256999164819717,0.02506900019943714,0.025265000760555267,10120475
2025-08-08,0.028269000351428986,0.028481999412178993,0.02701600082218647,0.027161000296473503,13640690
2025-08-09,0.029989000409841537,0.030625000596046448,0.028251999989151955,0.028269000351428986,11343266
2025-08-10,0.02968199923634529,0.030969999730587006,0.02869899943470955,0.029989000409841537,12897646
2025-08-11,0.027118999511003494,0.030424999073147774,0.026991000398993492,0.02968199923634529,12525742
2025-08-12,0.02876099944114685,0.029241999611258507,0.02661599963903427,0.027118999511003494,10503755
2025-08-13,0.03190699964761734,0.032290998846292496,0.028397999703884125,0.02876099944114685,19374786
2025-08-14,0.02753099985420704,0.032150998711586,0.02678699977695942,0.03190699964761734,22011570
2025-08-15,0.027536999434232712,0.02962700091302395,0.02672000043094158,0.02753099985420704,12101742
2025-08-16,0.028790000826120377,0.029051000252366066,0.027511000633239746,0.027536999434232712,9318168
2025-08-17,0.02928600087761879,0.030337000265717506,0.028675999492406845,0.028790000826120377,11449696
2025-08-18,0.027483999729156494,0.02932099997997284,0.026878999546170235,0.02928600087761879,12295925
2025-08-19,0.02644200064241886,0.027936000376939774,0.026101000607013702,0.027483999729156494,11305414
2025-08-20,0.027874000370502472,0.028108999133110046,0.026403000578284264,0.02644200064241886,10235891
2025-08-21,0.026662999764084816,0.028248000890016556,0.026523999869823456,0.027874000370502472,7853517
2025-08-22,0.029051000252366066,0.029343999922275543,0.025464000180363655,0.026673000305891037,15162889
2025-08-23,0.02820100076496601,0.02912900038063526,0.027803000062704086,0.029051000252366066,7565675
2025-08-24,0.027442999184131622,0.028653999790549278,0.02674099989235401,0.02820100076496601,10898771
2025-08-25,0.024806000292301178,0.02758299931883812,0.02433199994266033,0.027442999184131622,12781698
2025-08-26,0.026041999459266663,0.0264040008187294,0.02454400062561035,0.024806000292301178,7752191
2025-08-27,0.02539600059390068,0.02611600048840046,0.02519099973142147,0.0260390006005764,6742168
2025-08-28,0.026538999751210213,0.02662299945950508,0.025185000151395798,0.02539600059390068,7801441
2025-08-29,0.024901999160647392,0.026572000235319138,0.02433899976313114,0.026537999510765076,7670311
2025-08-30,0.02483700029551983,0.025328999385237694,0.02436099946498871,0.02489900030195713,5008684
2025-08-31,0.024365000426769257,0.025759000331163406,0.024362999945878983,0.02483700029551983,4484751
2025-09-01,0.023553000763058662,0.024653999134898186,0.02296699956059456,0.024365000426769257,7811829
2025-09-02,0.024057000875473022,0.02430500090122223,0.023420000448822975,0.023553000763058662,4905944
2025-09-03,0.024442000314593315,0.02479499951004982,0.023778999224305153,0.024057000875473022,5822872
2025-09-04,0.023601999506354332,0.024575000628829002,0.02328599989414215,0.024442000314593315,5595777
2025-09-05,0.02411399967968464,0.024658000096678734,0.02358200028538704,0.023601999506354332,5608411
2025-09-06,0.023874999955296516,0.02424599975347519,0.023600000888109207,0.02411399967968464,4022220
2025-09-07,0.024418000131845474,0.024653000757098198,0.023850999772548676,0.023874999955296516,4092450
2025-09-08,0.025892000645399094,0.02645299956202507,0.024320000782608986,0.024418000131845474,15387402
2025-09-09,0.02773899957537651,0.029291000217199326,0.02548299916088581,0.025892000645399094,40044483
2025-09-10,0.027681000530719757,0.028311999514698982,0.026698999106884003,0.02773899957537651,20776335
2025-09-11,0.027931999415159225,0.02825300022959709,0.027062000706791878,0.027681000530719757,11707660
2025-09-12,0.03029800020158291,0.030838999897241592,0.02710000053048134,0.027931999415159225,26128569
2025-09-13,0.029905999079346657,0.03061000071465969,0.029078999534249306,0.03029800020158291,16133723
2025-09-14,0.029395999386906624,0.030347000807523727,0.028132999315857887,0.029905999079346657,21213905
2025-09-15,0.028043000027537346,0.030215000733733177,0.027400000020861626,0.029402999207377434,13843109
2025-09-16,0.02843100018799305,0.028516000136733055,0.027383999899029732,0.028043000027537346,8861125
2025-09-17,0.029973000288009644,0.030393999069929123,0.02739899978041649,0.02843100018799305,22153464
2025-09-18,0.03180199861526489,0.032005999237298965,0.029684999957680702,0.029973000288009644,27512834
2025-09-19,0.030105000361800194,0.03213600069284439,0.0293940007686615,0.03180199861526489,15748950
2025-09-20,0.029884999617934227,0.03096099942922592,0.029726000502705574,0.030105000361800194,9093453
2025-09-21,0.02962700091302395,0.030525000765919685,0.029116999357938766,0.029884999617934227,9529631
2025-09-22,0.0267340000718832,0.02969999983906746,0.02594600059092045,0.02962600067257881,14613439
2025-09-23,0.026403000578284264,0.027654999867081642,0.02583100087940693,0.0267340000718832,10185140
2025-09-24,0.02601500041782856,0.026799999177455902,0.02586499974131584,0.026403000578284264,7979616
2025-09-25,0.024075999855995178,0.02601500041782856,0.02382799983024597,0.02601500041782856,11049911
2025-09-26,0.025603000074625015,0.026055999100208282,0.024075999855995178,0.024075999855995178,7572024
2025-09-27,0.02552100084722042,0.02583399973809719,0.025265000760555267,0.025603000074625015,3535614
2025-09-28,0.02608500048518181,0.026141999289393425,0.02485699951648712,0.02552100084722042,4396086
2025-09-29,0.025307999923825264,0.026086000725626945,0.025049999356269836,0.02608500048518181,5426935
2025-09-30,0.024674000218510628,0.0253090001642704,0.02420799992978573,0.025307999923825264,5247230
2025-10-01,0.026497000828385353,0.027109000831842422,0.024582000449299812,0.024674000218510628,10024183
2025-10-02,0.027143999934196472,0.02742299996316433,0.026277000084519386,0.026497000828385353,8364754
2025-10-03,0.027400000020861626,0.027840999886393547,0.02645999938249588,0.027143999934196472,7952214
2025-10-04,0.02595599927008152,0.027418000623583794,0.02547300048172474,0.027400000020861626,8092991
2025-10-05,0.025913000106811523,0.027344999834895134,0.02562900073826313,0.02595599927008152,8893846
2025-10-06,0.026917999610304832,0.02751299925148487,0.025774000212550163,0.025913000106811523,8649416
2025-10-07,0.025366999208927155,0.02710999920964241,0.025167999789118767,0.026917999610304832,9226599
2025-10-08,0.026030000299215317,0.026479000225663185,0.025107000023126602,0.025366999208927155,7412029
2025-10-09,0.025227999314665794,0.026114000007510185,0.02443699911236763,0.026030000299215317,6540996
2025-10-10,0.01938300020992756,0.02977300062775612,0.011857000179588795,0.025227999314665794,63163357
2025-10-11,0.018734000623226166,0.020704999566078186,0.01790199987590313,0.01938600093126297,24272973
2025-10-12,0.0209330003708601,0.021438999101519585,0.0179820004850626,0.018734000623226166,14504835
2025-10-13,0.021299000829458237,0.021825000643730164,0.020325999706983566,0.0209330003708601,13339181
2025-10-14,0.020316999405622482,0.02138100005686283,0.01897899992763996,0.021299000829458237,11105360
2025-10-15,0.018989000469446182,0.02092999964952469,0.01885399967432022,0.020316999405622482,8203239
2025-10-16,0.01808599941432476,0.019620999693870544,0.017805999144911766,0.018989000469446182,8711194
2025-10-17,0.017580000683665276,0.018572000786662102,0.01629900000989437,0.01808599941432476,9538917
2025-10-18,0.017674999311566353,0.018262000754475594,0.01738700084388256,0.017580000683665276,3672888
2025-10-19,0.018060000613331795,0.018403999507427216,0.01745999976992607,0.017674999311566353,4257839
2025-10-20,0.01809000037610531,0.018660999834537506,0.01761299930512905,0.018060000613331795,5500425
2025-10-21,0.01701599918305874,0.018698999658226967,0.016979999840259552,0.018092000856995583,6842078
2025-10-22,0.016434000805020332,0.017273999750614166,0.015845000743865967,0.01701599918305874,5982642
2025-10-23,0.016517000272870064,0.01697400026023388,0.01640300080180168,0.016434000805020332,3632309
2025-10-24,0.01669199950993061,0.016837000846862793,0.01608400046825409,0.016517000272870064,3828888
2025-10-25,0.016620999202132225,0.01686999946832657,0.01631700061261654,0.01669199950993061,2679197
2025-10-26,0.017389999702572823,0.017635999247431755,0.016405999660491943,0.016620999202132225,3881215
2025-10-27,0.01664399914443493,0.017803000286221504,0.016560999676585197,0.017389999702572823,4802246
2025-10-28,0.01607999950647354,0.017057999968528748,0.015873000025749207,0.01664399914443493,5311642
2025-10-29,0.016220999881625175,0.016697000712156296,0.015778999775648117,0.016068000346422195,6071465
2025-10-30,0.014914999715983868,0.01637900061905384,0.014286000281572342,0.016220999881625175,6599234
2025-10-31,0.014942999929189682,0.015382999554276466,0.014566999860107899,0.014914999715983868,5543019
2025-11-01,0.016958000138401985,0.017426999285817146,0.014921999536454678,0.014937999658286572,15038031
2025-11-02,0.017893999814987183,0.019226999953389168,0.01685200072824955,0.016958000138401985,30797008
2025-11-03,0.015290999785065651,0.01789199933409691,0.014752999879419804,0.017885999754071236,12558021
2025-11-04,0.01656999997794628,0.01828799955546856,0.015235000289976597,0.015290999785065651,34814759
2025-11-05,0.018022000789642334,0.018503999337553978,0.015541000291705132,0.01656999997794628,18493355
2025-11-06,0.021553000435233116,0.02185400016605854,0.017333000898361206,0.018022000789642334,40631800
2025-11-07,0.024418000131845474,0.025981999933719635,0.021364999935030937,0.021554000675678253,86920103
2025-11-08,0.022787999361753464,0.0254100002348423,0.021849999204277992,0.024418000131845474,24511046
2025-11-09,0.022724000737071037,0.02372400090098381,0.021266000345349312,0.022787999361753464,18688092
2025-11-10,0.02209700085222721,0.0236239992082119,0.02116999961435795,0.022724000737071037,20503781
2025-11-11,0.021139999851584435,0.022749999538064003,0.020059999078512192,0.02209700085222721,14838085
2025-11-12,0.019979000091552734,0.022391000762581825,0.019734999164938927,0.021139999851584435,12406690
2025-11-13,0.019027000293135643,0.020522000268101692,0.018441999331116676,0.019979000091552734,12376123
2025-11-14,0.01839599944651127,0.019499000161886215,0.01803700067102909,0.019027000293135643,9327300
2025-11-15,0.020245999097824097,0.020705999806523323,0.01838099956512451,0.01839599944651127,14791872
2025-11-16,0.0187120009213686,0.020245999097824097,0.0182499997317791,0.020245999097824097,11993215
2025-11-17,0.01813800074160099,0.01964700035750866,0.017810000106692314,0.0187120009213686,12895336
2025-11-18,0.018564999103546143,0.01897899992763996,0.017705999314785004,0.01813800074160099,8864216
2025-11-19,0.020136000588536263,0.020378999412059784,0.017853999510407448,0.018564999103546143,18876567
2025-11-20,0.01811699941754341,0.02038400061428547,0.01799199916422367,0.020136000588536263,12912357
2025-11-21,0.016421999782323837,0.01846499927341938,0.015922000631690025,0.018107999116182327,12058905
2025-11-22,0.015758000314235687,0.016586000099778175,0.015623999759554863,0.016421999782323837,4443516
2025-11-23,0.015479999594390392,0.016141999512910843,0.015409000217914581,0.015758000314235687,7085951
2025-11-24,0.015428000129759312,0.016078999266028404,0.015092000365257263,0.015479999594390392,6600030
2025-11-25,0.01514500007033348,0.015552000142633915,0.014755000360310078,0.015428000129759312,5909633
2025-11-26,0.015619000419974327,0.015639999881386757,0.014569999650120735,0.01514500007033348,5752337
2025-11-27,0.014922999776899815,0.01583700068295002,0.014853999949991703,0.015619000419974327,5230664
2025-11-28,0.014720000326633453,0.015251999720931053,0.014577999711036682,0.014922999776899815,4605234
2025-11-29,0.014438999816775322,0.014810999855399132,0.014379999600350857,0.014720000326633453,3106328
2025-11-30,0.014209000393748283,0.014566999860107899,0.014193999581038952,0.014438999816775322,2449194
2025-12-01,0.013240999542176723,0.01421399973332882,0.012922000139951706,0.014209000393748283,5664605
2025-12-02,0.013778000138700008,0.014128999784588814,0.012786000035703182,0.013240999542176723,4622725
2025-12-03,0.014108000323176384,0.014340999536216259,0.013772999867796898,0.013778000138700008,4206138
2025-12-04,0.013674999587237835,0.014174999669194221,0.013438000343739986,0.014108000323176384,2862531
2025-12-05,0.013244000263512135,0.013755000196397305,0.01296200044453144,0.013674999587237835,3322726
2025-12-06,0.013272999785840511,0.013524999842047691,0.013088000006973743,0.013244000263512135,2561237
2025-12-07,0.01297099981456995,0.013431999832391739,0.012733000330626965,0.013272999785840511,2902764
2025-12-08,0.013140000402927399,0.013602999970316887,0.012931999750435352,0.01297099981456995,3511737
2025-12-09,0.013477000407874584,0.01386099960654974,0.012914000079035759,0.013140000402927399,3677786
2025-12-10,0.013036999851465225,0.013620000332593918,0.012883000075817108,0.013477000407874584,3405985
2025-12-11,0.012574000284075737,0.013039999641478062,0.012233000248670578,0.013036999851465225,3647054
2025-12-12,0.012249999679625034,0.012760999612510204,0.01199399959295988,0.012574000284075737,2741230
2025-12-13,0.012399000115692616,0.012500000186264515,0.012198000214993954,0.012249999679625034,1841945
2025-12-14,0.011792999692261219,0.012470000423491001,0.011749000288546085,0.012399000115692616,2354847
2025-12-15,0.011514999903738499,0.012329000048339367,0.011125000193715096,0.011792999692261219,3712134
2025-12-16,0.011675000190734863,0.011789999902248383,0.011292999610304832,0.011514999903738499,4372362
2025-12-17,0.010898999869823456,0.011775000020861626,0.010769999586045742,0.011675000190734863,4000374
2025-12-18,0.010065999813377857,0.01090800017118454,0.009858000092208385,0.010898999869823456,4979520
2025-12-19,0.01040900032967329,0.010588999837636948,0.009937000460922718,0.010065999813377857,3353822
2025-12-20,0.010563000105321407,0.01070099975913763,0.010305999778211117,0.01040900032967329,2229995
2025-12-21,0.010112999938428402,0.010595000348985195,0.009871999733150005,0.010563000105321407,3048197
2025-12-22,0.010336999781429768,0.010564999654889107,0.010003999806940556,0.010112999938428402,6997463
2025-12-23,0.01030299998819828,0.010526999831199646,0.009979000315070152,0.010336999781429768,5868998
2025-12-24,0.010370999574661255,0.01041099987924099,0.009960999712347984,0.01030299998819828,2072413
2025-12-25,0.010347999632358551,0.01093399990350008,0.010329999960958958,0.010371999815106392,2955038
2025-12-26,0.010610999539494514,0.010716999880969524,0.010300000198185444,0.010347999632358551,1860299
2025-12-27,0.011559000238776207,0.011676999740302563,0.01056700013577938,0.010610999539494514,6132651
2025-12-28,0.011226999573409557,0.01165900006890297,0.011119999922811985,0.01155999954789877,2554134
2025-12-29,0.010972999967634678,0.011411000043153763,0.010928000323474407,0.011226999573409557,2395994
2025-12-30,0.01064400002360344,0.011020000092685223,0.010522999800741673,0.010972999967634678,2418953
2025-12-31,0.010160000063478947,0.010735999792814255,0.010127999819815159,0.01064400002360344,3037832
2026-01-01,0.011096999980509281,0.011164999566972256,0.010084000416100025,0.010160000063478947,4513684
2026-01-02,0.01153900008648634,0.011579000391066074,0.01091300044208765,0.011096999980509281,7068027
2026-01-03,0.011487999930977821,0.011710000224411488,0.011212999932467937,0.011541999876499176,5342705
2026-01-04,0.012540999799966812,0.013106999918818474,0.011466999538242817,0.011487999930977821,12204756
2026-01-05,0.012640999630093575,0.012920999899506569,0.012211999855935574,0.012540999799966812,8366830
2026-01-06,0.012729000300168991,0.012990999966859818,0.012137000449001789,0.012640999630093575,6260500
2026-01-07,0.012137999758124352,0.012791000306606293,0.011996000073850155,0.012729000300168991,3314532
2026-01-08,0.01203600037842989,0.0123089998960495,0.01158399973064661,0.012137999758124352,2659786
2026-01-09,0.01194700039923191,0.012234999798238277,0.011783000081777573,0.01203600037842989,2373054
2026-01-10,0.011890999972820282,0.012184999883174896,0.01168499980121851,0.01194700039923191,1922355
2026-01-11,0.011652999557554722,0.011970000341534615,0.011516000144183636,0.011890999972820282,1573787
2026-01-12,0.011908999644219875,0.012244000099599361,0.011487999930977821,0.011652999557554722,4922051
2026-01-13,0.013206000439822674,0.013731000013649464,0.011908000335097313,0.011908999644219875,17457418
2026-01-14,0.013872000388801098,0.015064000152051449,0.013093000277876854,0.013206000439822674,14219794
2026-01-15,0.013341999612748623,0.014787999913096428,0.013202999718487263,0.013872000388801098,10066874
2026-01-16,0.014375000260770321,0.014529000036418438,0.013247000053524971,0.013341999612748623,7606549
2026-01-17,0.01374099962413311,0.014693999662995338,0.013701999559998512,0.014375000260770321,5915529
2026-01-18,0.014088000170886517,0.015452999621629715,0.013683999888598919,0.013740000315010548,14173595
2026-01-19,0.019646000117063522,0.020145999267697334,0.012539000250399113,0.014088000170886517,128897939
2026-01-20,0.01654599979519844,0.019857000559568405,0.015665000304579735,0.019648000597953796,64020050
2026-01-21,0.021348999813199043,0.022494999691843987,0.01603900082409382,0.01654599979519844,124079625
2026-01-22,0.018831999972462654,0.021939000114798546,0.018642999231815338,0.021345999091863632,69918014
2026-01-23,0.017116999253630638,0.020111000165343285,0.01679999940097332,0.018831999972462654,48947136
2026-01-24,0.01616000011563301,0.01714099943637848,0.01614600047469139,0.017116999253630638,19533372
2026-01-25,0.01824199967086315,0.018964000046253204,0.01608099974691868,0.01616000011563301,76089099
2026-01-26,0.01854800060391426,0.020096000283956528,0.017544999718666077,0.018240999430418015,67295572
2026-01-27,0.02149599976837635,0.021539999172091484,0.01730000041425228,0.018549999222159386,45802065
2026-01-28,0.019375000149011612,0.022381000220775604,0.019122999161481857,0.021498000249266624,52917798
2026-01-29,0.021182000637054443,0.021323999390006065,0.018755000084638596,0.019375000149011612,56871687
2026-01-30,0.02029399946331978,0.02256700024008751,0.019982999190688133,0.021181000396609306,58693466
2026-01-31,0.01752999983727932,0.020312000066041946,0.01670200005173683,0.02029399946331978,52170512
2026-02-01,0.017746999859809875,0.018750999122858047,0.016989000141620636,0.01753300055861473,31132024
2026-02-02,0.01685200072824955,0.018238000571727753,0.016134999692440033,0.017748000100255013,24435653
2026-02-03,0.016246000304818153,0.01812100037932396,0.01587199978530407,0.01685200072824955,33821208
2026-02-04,0.015261000022292137,0.01696000061929226,0.0152580002322793,0.016248000785708427,17750317
2026-02-05,0.013011000119149685,0.015600999817252159,0.012767000123858452,0.015261000022292137,28332331
2026-02-06,0.013976999558508396,0.01447299961000681,0.012009999714791775,0.013011000119149685,21635473
2026-02-07,0.012953000143170357,0.014120999723672867,0.012927999719977379,0.013976999558508396,13428292
2026-02-08,0.01447100006043911,0.01510700024664402,0.012361999601125717,0.012953000143170357,43383721
2026-02-09,0.013446000404655933,0.014498000033199787,0.013124000281095505,0.01447100006043911,21102016
2026-02-10,0.012788999825716019,0.013787000440061092,0.012558000162243843,0.013446000404655933,13268054
2026-02-11,0.012462000362575054,0.013578999787569046,0.012423000298440456,0.012788999825716019,15910400
2026-02-12,0.012764000333845615,0.013313000090420246,0.012463999912142754,0.012463999912142754,16516379
2026-02-13,0.01243900042027235,0.013039999641478062,0.01215600036084652,0.012764999642968178,12049697
2026-02-14,0.013333999551832676,0.013470999896526337,0.012400000356137753,0.012439999729394913,15924137
2026-02-15,0.01229500025510788,0.013465999625623226,0.012094000354409218,0.013333999551832676,11605156
2026-02-16,0.012443999759852886,0.012555999681353569,0.01194899994879961,0.012294000014662743,9086877
2026-02-17,0.012687000446021557,0.012927999719977379,0.012276999652385712,0.012443999759852886,9989947
2026-02-18,0.013491000048816204,0.01438200008124113,0.012562000192701817,0.01268799975514412,23557038
2026-02-19,0.012350000441074371,0.013732999563217163,0.012171999551355839,0.013492000289261341,11676332
2026-02-20,0.013198000378906727,0.013256999664008617,0.012350000441074371,0.012350000441074371,12063584
2026-02-21,0.013269999995827675,0.01398099958896637,0.01311499997973442,0.013198000378906727,10650652
2026-02-22,0.012760000303387642,0.013617999851703644,0.012601000256836414,0.013269999995827675,7115655
2026-02-23,0.012241000309586525,0.012760999612510204,0.011801999993622303,0.012760000303387642,9040374
2026-02-24,0.012443999759852886,0.01287699956446886,0.01181500032544136,0.012241000309586525,8451247
2026-02-25,0.012842000462114811,0.013392000459134579,0.012368000112473965,0.012443999759852886,11845056
2026-02-26,0.012798000127077103,0.013117999769747257,0.012341000139713287,0.01284400001168251,8718052
2026-02-27,0.012392999604344368,0.013485999777913094,0.01218899991363287,0.012798000127077103,9922366
2026-02-28,0.01178400032222271,0.012396999634802341,0.010951000265777111,0.012392999604344368,13052924
2026-03-01,0.011026999913156033,0.01218899991363287,0.010881000198423862,0.01178400032222271,9551215
2026-03-02,0.011645999737083912,0.011870999820530415,0.010874000377953053,0.011026999913156033,9558424
2026-03-03,0.01203100010752678,0.012060999870300293,0.011363999918103218,0.011645999737083912,9151675
2026-03-04,0.012245000340044498,0.012419999577105045,0.011783000081777573,0.01203100010752678,12726062
2026-03-05,0.011965000070631504,0.012411000207066536,0.011827000416815281,0.012245000340044498,6729001
2026-03-06,0.01179299782961607,0.01209968514740467,0.011789820156991482,0.011963862925767899,6109641
